run_id,site_id,issued_at,target_time,horizon_step,lead_hours,model_version,weather_version,quality_flag,prediction,forecast_id,forecast_origin,target_time_local
forecast-3bd7a5659d75a23ee6b9aea4,turbine_1,2026-01-31T18:00:00Z,2026-01-31T19:00:00Z,1,1,ml-9ffc3398a6c80f479aed4063,gfs-8e9ba8aecc67611f65bf768c,verified_object_version,0.01351445575923585,forecast-3bd7a5659d75a23ee6b9aea4,2026-01-31T18:00:00Z,2026-02-01T00:00:00+05:00
forecast-3bd7a5659d75a23ee6b9aea4,turbine_1,2026-01-31T18:00:00Z,2026-01-31T20:00:00Z,2,2,ml-9ffc3398a6c80f479aed4063,gfs-8e9ba8aecc67611f65bf768c,verified_object_version,0.023617524969333947,forecast-3bd7a5659d75a23ee6b9aea4,2026-01-31T18:00:00Z,2026-02-01T01:00:00+05:00
forecast-3bd7a5659d75a23ee6b9aea4,turbine_1,2026-01-31T18:00:00Z,2026-01-31T21:00:00Z,3,3,ml-9ffc3398a6c80f479aed4063,gfs-8e9ba8aecc67611f65bf768c,verified_object_version,0.031130449952401634,forecast-3bd7a5659d75a23ee6b9aea4,2026-01-31T18:00:00Z,2026-02-01T02:00:00+05:00
forecast-3bd7a5659d75a23ee6b9aea4,turbine_1,2026-01-31T18:00:00Z,2026-01-31T22:00:00Z,4,4,ml-9ffc3398a6c80f479aed4063,gfs-8e9ba8aecc67611f65bf768c,verified_object_version,0.04153423867448516,forecast-3bd7a5659d75a23ee6b9aea4,2026-01-31T18:00:00Z,2026-02-01T03:00:00+05:00
forecast-3bd7a5659d75a23ee6b9aea4,turbine_1,2026-01-31T18:00:00Z,2026-01-31T23:00:00Z,5,5,ml-9ffc3398a6c80f479aed4063,gfs-8e9ba8aecc67611f65bf768c,verified_object_version,0.0981232329939068,forecast-3bd7a5659d75a23ee6b9aea4,2026-01-31T18:00:00Z,2026-02-01T04:00:00+05:00
forecast-3bd7a5659d75a23ee6b9aea4,turbine_1,2026-01-31T18:00:00Z,2026-02-01T00:00:00Z,6,6,ml-9ffc3398a6c80f479aed4063,gfs-8e9ba8aecc67611f65bf768c,verified_object_version,0.3336718115138883,forecast-3bd7a5659d75a23ee6b9aea4,2026-01-31T18:00:00Z,2026-02-01T05:00:00+05:00
forecast-3bd7a5659d75a23ee6b9aea4,turbine_1,2026-01-31T18:00:00Z,2026-02-01T01:00:00Z,7,7,ml-9ffc3398a6c80f479aed4063,gfs-8e9ba8aecc67611f65bf768c,verified_object_version,0.3754118595029203,forecast-3bd7a5659d75a23ee6b9aea4,2026-01-31T18:00:00Z,2026-02-01T06:00:00+05:00
forecast-3bd7a5659d75a23ee6b9aea4,turbine_1,2026-01-31T18:00:00Z,2026-02-01T02:00:00Z,8,8,ml-9ffc3398a6c80f479aed4063,gfs-8e9ba8aecc67611f65bf768c,verified_object_version,0.3111449930892582,forecast-3bd7a5659d75a23ee6b9aea4,2026-01-31T18:00:00Z,2026-02-01T07:00:00+05:00
forecast-3bd7a5659d75a23ee6b9aea4,turbine_1,2026-01-31T18:00:00Z,2026-02-01T03:00:00Z,9,9,ml-9ffc3398a6c80f479aed4063,gfs-8e9ba8aecc67611f65bf768c,verified_object_version,0.19045727545942565,forecast-3bd7a5659d75a23ee6b9aea4,2026-01-31T18:00:00Z,2026-02-01T08:00:00+05:00
forecast-3bd7a5659d75a23ee6b9aea4,turbine_1,2026-01-31T18:00:00Z,2026-02-01T04:00:00Z,10,10,ml-9ffc3398a6c80f479aed4063,gfs-8e9ba8aecc67611f65bf768c,verified_object_version,0.41667781184930597,forecast-3bd7a5659d75a23ee6b9aea4,2026-01-31T18:00:00Z,2026-02-01T09:00:00+05:00
forecast-3bd7a5659d75a23ee6b9aea4,turbine_1,2026-01-31T18:00:00Z,2026-02-01T05:00:00Z,11,11,ml-9ffc3398a6c80f479aed4063,gfs-8e9ba8aecc67611f65bf768c,verified_object_version,0.5777485943009704,forecast-3bd7a5659d75a23ee6b9aea4,2026-01-31T18:00:00Z,2026-02-01T10:00:00+05:00
forecast-3bd7a5659d75a23ee6b9aea4,turbine_1,2026-01-31T18:00:00Z,2026-02-01T06:00:00Z,12,12,ml-9ffc3398a6c80f479aed4063,gfs-8e9ba8aecc67611f65bf768c,verified_object_version,0.7727282241420671,forecast-3bd7a5659d75a23ee6b9aea4,2026-01-31T18:00:00Z,2026-02-01T11:00:00+05:00
forecast-3bd7a5659d75a23ee6b9aea4,turbine_1,2026-01-31T18:00:00Z,2026-02-01T07:00:00Z,13,13,ml-9ffc3398a6c80f479aed4063,gfs-8e9ba8aecc67611f65bf768c,verified_object_version,0.7507585629716703,forecast-3bd7a5659d75a23ee6b9aea4,2026-01-31T18:00:00Z,2026-02-01T12:00:00+05:00
forecast-3bd7a5659d75a23ee6b9aea4,turbine_1,2026-01-31T18:00:00Z,2026-02-01T08:00:00Z,14,14,ml-9ffc3398a6c80f479aed4063,gfs-8e9ba8aecc67611f65bf768c,verified_object_version,0.7364069763074577,forecast-3bd7a5659d75a23ee6b9aea4,2026-01-31T18:00:00Z,2026-02-01T13:00:00+05:00
forecast-3bd7a5659d75a23ee6b9aea4,turbine_1,2026-01-31T18:00:00Z,2026-02-01T09:00:00Z,15,15,ml-9ffc3398a6c80f479aed4063,gfs-8e9ba8aecc67611f65bf768c,verified_object_version,0.749081176938006,forecast-3bd7a5659d75a23ee6b9aea4,2026-01-31T18:00:00Z,2026-02-01T14:00:00+05:00
forecast-3bd7a5659d75a23ee6b9aea4,turbine_1,2026-01-31T18:00:00Z,2026-02-01T10:00:00Z,16,16,ml-9ffc3398a6c80f479aed4063,gfs-8e9ba8aecc67611f65bf768c,verified_object_version,0.6452443605643626,forecast-3bd7a5659d75a23ee6b9aea4,2026-01-31T18:00:00Z,2026-02-01T15:00:00+05:00
forecast-3bd7a5659d75a23ee6b9aea4,turbine_1,2026-01-31T18:00:00Z,2026-02-01T11:00:00Z,17,17,ml-9ffc3398a6c80f479aed4063,gfs-8e9ba8aecc67611f65bf768c,verified_object_version,0.5595055463467924,forecast-3bd7a5659d75a23ee6b9aea4,2026-01-31T18:00:00Z,2026-02-01T16:00:00+05:00
forecast-3bd7a5659d75a23ee6b9aea4,turbine_1,2026-01-31T18:00:00Z,2026-02-01T12:00:00Z,18,18,ml-9ffc3398a6c80f479aed4063,gfs-8e9ba8aecc67611f65bf768c,verified_object_version,0.5428790668435375,forecast-3bd7a5659d75a23ee6b9aea4,2026-01-31T18:00:00Z,2026-02-01T17:00:00+05:00
forecast-3bd7a5659d75a23ee6b9aea4,turbine_1,2026-01-31T18:00:00Z,2026-02-01T13:00:00Z,19,19,ml-9ffc3398a6c80f479aed4063,gfs-8e9ba8aecc67611f65bf768c,verified_object_version,0.5173207252321899,forecast-3bd7a5659d75a23ee6b9aea4,2026-01-31T18:00:00Z,2026-02-01T18:00:00+05:00
forecast-3bd7a5659d75a23ee6b9aea4,turbine_1,2026-01-31T18:00:00Z,2026-02-01T14:00:00Z,20,20,ml-9ffc3398a6c80f479aed4063,gfs-8e9ba8aecc67611f65bf768c,verified_object_version,0.4362748035819544,forecast-3bd7a5659d75a23ee6b9aea4,2026-01-31T18:00:00Z,2026-02-01T19:00:00+05:00
forecast-3bd7a5659d75a23ee6b9aea4,turbine_1,2026-01-31T18:00:00Z,2026-02-01T15:00:00Z,21,21,ml-9ffc3398a6c80f479aed4063,gfs-8e9ba8aecc67611f65bf768c,verified_object_version,0.4346618325566147,forecast-3bd7a5659d75a23ee6b9aea4,2026-01-31T18:00:00Z,2026-02-01T20:00:00+05:00
forecast-3bd7a5659d75a23ee6b9aea4,turbine_1,2026-01-31T18:00:00Z,2026-02-01T16:00:00Z,22,22,ml-9ffc3398a6c80f479aed4063,gfs-8e9ba8aecc67611f65bf768c,verified_object_version,0.4272388420184181,forecast-3bd7a5659d75a23ee6b9aea4,2026-01-31T18:00:00Z,2026-02-01T21:00:00+05:00
forecast-3bd7a5659d75a23ee6b9aea4,turbine_1,2026-01-31T18:00:00Z,2026-02-01T17:00:00Z,23,23,ml-9ffc3398a6c80f479aed4063,gfs-8e9ba8aecc67611f65bf768c,verified_object_version,0.39624000680279947,forecast-3bd7a5659d75a23ee6b9aea4,2026-01-31T18:00:00Z,2026-02-01T22:00:00+05:00
forecast-3bd7a5659d75a23ee6b9aea4,turbine_1,2026-01-31T18:00:00Z,2026-02-01T18:00:00Z,24,24,ml-9ffc3398a6c80f479aed4063,gfs-8e9ba8aecc67611f65bf768c,verified_object_version,0.3728734221750357,forecast-3bd7a5659d75a23ee6b9aea4,2026-01-31T18:00:00Z,2026-02-01T23:00:00+05:00
forecast-9a6e82a781a5b8b4e6f00d46,turbine_1,2026-02-01T18:00:00Z,2026-02-01T19:00:00Z,1,1,ml-9ffc3398a6c80f479aed4063,gfs-40a2674a5bc6b9cbe2414c84,verified_object_version,0.4117961053458115,forecast-9a6e82a781a5b8b4e6f00d46,2026-02-01T18:00:00Z,2026-02-02T00:00:00+05:00
forecast-9a6e82a781a5b8b4e6f00d46,turbine_1,2026-02-01T18:00:00Z,2026-02-01T20:00:00Z,2,2,ml-9ffc3398a6c80f479aed4063,gfs-40a2674a5bc6b9cbe2414c84,verified_object_version,0.3885544531933184,forecast-9a6e82a781a5b8b4e6f00d46,2026-02-01T18:00:00Z,2026-02-02T01:00:00+05:00
forecast-9a6e82a781a5b8b4e6f00d46,turbine_1,2026-02-01T18:00:00Z,2026-02-01T21:00:00Z,3,3,ml-9ffc3398a6c80f479aed4063,gfs-40a2674a5bc6b9cbe2414c84,verified_object_version,0.413542511844938,forecast-9a6e82a781a5b8b4e6f00d46,2026-02-01T18:00:00Z,2026-02-02T02:00:00+05:00
forecast-9a6e82a781a5b8b4e6f00d46,turbine_1,2026-02-01T18:00:00Z,2026-02-01T22:00:00Z,4,4,ml-9ffc3398a6c80f479aed4063,gfs-40a2674a5bc6b9cbe2414c84,verified_object_version,0.4383058647076963,forecast-9a6e82a781a5b8b4e6f00d46,2026-02-01T18:00:00Z,2026-02-02T03:00:00+05:00
forecast-9a6e82a781a5b8b4e6f00d46,turbine_1,2026-02-01T18:00:00Z,2026-02-01T23:00:00Z,5,5,ml-9ffc3398a6c80f479aed4063,gfs-40a2674a5bc6b9cbe2414c84,verified_object_version,0.6539212240156922,forecast-9a6e82a781a5b8b4e6f00d46,2026-02-01T18:00:00Z,2026-02-02T04:00:00+05:00
forecast-9a6e82a781a5b8b4e6f00d46,turbine_1,2026-02-01T18:00:00Z,2026-02-02T00:00:00Z,6,6,ml-9ffc3398a6c80f479aed4063,gfs-40a2674a5bc6b9cbe2414c84,verified_object_version,0.6312968598177491,forecast-9a6e82a781a5b8b4e6f00d46,2026-02-01T18:00:00Z,2026-02-02T05:00:00+05:00
forecast-9a6e82a781a5b8b4e6f00d46,turbine_1,2026-02-01T18:00:00Z,2026-02-02T01:00:00Z,7,7,ml-9ffc3398a6c80f479aed4063,gfs-40a2674a5bc6b9cbe2414c84,verified_object_version,0.6340518440029229,forecast-9a6e82a781a5b8b4e6f00d46,2026-02-01T18:00:00Z,2026-02-02T06:00:00+05:00
forecast-9a6e82a781a5b8b4e6f00d46,turbine_1,2026-02-01T18:00:00Z,2026-02-02T02:00:00Z,8,8,ml-9ffc3398a6c80f479aed4063,gfs-40a2674a5bc6b9cbe2414c84,verified_object_version,0.6498115935059432,forecast-9a6e82a781a5b8b4e6f00d46,2026-02-01T18:00:00Z,2026-02-02T07:00:00+05:00
forecast-9a6e82a781a5b8b4e6f00d46,turbine_1,2026-02-01T18:00:00Z,2026-02-02T03:00:00Z,9,9,ml-9ffc3398a6c80f479aed4063,gfs-40a2674a5bc6b9cbe2414c84,verified_object_version,0.7289836522742837,forecast-9a6e82a781a5b8b4e6f00d46,2026-02-01T18:00:00Z,2026-02-02T08:00:00+05:00
forecast-9a6e82a781a5b8b4e6f00d46,turbine_1,2026-02-01T18:00:00Z,2026-02-02T04:00:00Z,10,10,ml-9ffc3398a6c80f479aed4063,gfs-40a2674a5bc6b9cbe2414c84,verified_object_version,0.7897956187728907,forecast-9a6e82a781a5b8b4e6f00d46,2026-02-01T18:00:00Z,2026-02-02T09:00:00+05:00
forecast-9a6e82a781a5b8b4e6f00d46,turbine_1,2026-02-01T18:00:00Z,2026-02-02T05:00:00Z,11,11,ml-9ffc3398a6c80f479aed4063,gfs-40a2674a5bc6b9cbe2414c84,verified_object_version,0.9343495261518051,forecast-9a6e82a781a5b8b4e6f00d46,2026-02-01T18:00:00Z,2026-02-02T10:00:00+05:00
forecast-9a6e82a781a5b8b4e6f00d46,turbine_1,2026-02-01T18:00:00Z,2026-02-02T06:00:00Z,12,12,ml-9ffc3398a6c80f479aed4063,gfs-40a2674a5bc6b9cbe2414c84,verified_object_version,0.9778952890522847,forecast-9a6e82a781a5b8b4e6f00d46,2026-02-01T18:00:00Z,2026-02-02T11:00:00+05:00
forecast-9a6e82a781a5b8b4e6f00d46,turbine_1,2026-02-01T18:00:00Z,2026-02-02T07:00:00Z,13,13,ml-9ffc3398a6c80f479aed4063,gfs-40a2674a5bc6b9cbe2414c84,verified_object_version,0.9801156960565444,forecast-9a6e82a781a5b8b4e6f00d46,2026-02-01T18:00:00Z,2026-02-02T12:00:00+05:00
forecast-9a6e82a781a5b8b4e6f00d46,turbine_1,2026-02-01T18:00:00Z,2026-02-02T08:00:00Z,14,14,ml-9ffc3398a6c80f479aed4063,gfs-40a2674a5bc6b9cbe2414c84,verified_object_version,0.9840930920300742,forecast-9a6e82a781a5b8b4e6f00d46,2026-02-01T18:00:00Z,2026-02-02T13:00:00+05:00
forecast-9a6e82a781a5b8b4e6f00d46,turbine_1,2026-02-01T18:00:00Z,2026-02-02T09:00:00Z,15,15,ml-9ffc3398a6c80f479aed4063,gfs-40a2674a5bc6b9cbe2414c84,verified_object_version,0.9950543704943748,forecast-9a6e82a781a5b8b4e6f00d46,2026-02-01T18:00:00Z,2026-02-02T14:00:00+05:00
forecast-9a6e82a781a5b8b4e6f00d46,turbine_1,2026-02-01T18:00:00Z,2026-02-02T10:00:00Z,16,16,ml-9ffc3398a6c80f479aed4063,gfs-40a2674a5bc6b9cbe2414c84,verified_object_version,0.8828171692281096,forecast-9a6e82a781a5b8b4e6f00d46,2026-02-01T18:00:00Z,2026-02-02T15:00:00+05:00
forecast-9a6e82a781a5b8b4e6f00d46,turbine_1,2026-02-01T18:00:00Z,2026-02-02T11:00:00Z,17,17,ml-9ffc3398a6c80f479aed4063,gfs-40a2674a5bc6b9cbe2414c84,verified_object_version,0.4555810157416657,forecast-9a6e82a781a5b8b4e6f00d46,2026-02-01T18:00:00Z,2026-02-02T16:00:00+05:00
forecast-9a6e82a781a5b8b4e6f00d46,turbine_1,2026-02-01T18:00:00Z,2026-02-02T12:00:00Z,18,18,ml-9ffc3398a6c80f479aed4063,gfs-40a2674a5bc6b9cbe2414c84,verified_object_version,0.19672824720557283,forecast-9a6e82a781a5b8b4e6f00d46,2026-02-01T18:00:00Z,2026-02-02T17:00:00+05:00
forecast-9a6e82a781a5b8b4e6f00d46,turbine_1,2026-02-01T18:00:00Z,2026-02-02T13:00:00Z,19,19,ml-9ffc3398a6c80f479aed4063,gfs-40a2674a5bc6b9cbe2414c84,verified_object_version,0.08873425694141154,forecast-9a6e82a781a5b8b4e6f00d46,2026-02-01T18:00:00Z,2026-02-02T18:00:00+05:00
forecast-9a6e82a781a5b8b4e6f00d46,turbine_1,2026-02-01T18:00:00Z,2026-02-02T14:00:00Z,20,20,ml-9ffc3398a6c80f479aed4063,gfs-40a2674a5bc6b9cbe2414c84,verified_object_version,0.07810543717769422,forecast-9a6e82a781a5b8b4e6f00d46,2026-02-01T18:00:00Z,2026-02-02T19:00:00+05:00
forecast-9a6e82a781a5b8b4e6f00d46,turbine_1,2026-02-01T18:00:00Z,2026-02-02T15:00:00Z,21,21,ml-9ffc3398a6c80f479aed4063,gfs-40a2674a5bc6b9cbe2414c84,verified_object_version,0.0737386857249093,forecast-9a6e82a781a5b8b4e6f00d46,2026-02-01T18:00:00Z,2026-02-02T20:00:00+05:00
forecast-9a6e82a781a5b8b4e6f00d46,turbine_1,2026-02-01T18:00:00Z,2026-02-02T16:00:00Z,22,22,ml-9ffc3398a6c80f479aed4063,gfs-40a2674a5bc6b9cbe2414c84,verified_object_version,0.06625777090893334,forecast-9a6e82a781a5b8b4e6f00d46,2026-02-01T18:00:00Z,2026-02-02T21:00:00+05:00
forecast-9a6e82a781a5b8b4e6f00d46,turbine_1,2026-02-01T18:00:00Z,2026-02-02T17:00:00Z,23,23,ml-9ffc3398a6c80f479aed4063,gfs-40a2674a5bc6b9cbe2414c84,verified_object_version,0.0882096165286834,forecast-9a6e82a781a5b8b4e6f00d46,2026-02-01T18:00:00Z,2026-02-02T22:00:00+05:00
forecast-9a6e82a781a5b8b4e6f00d46,turbine_1,2026-02-01T18:00:00Z,2026-02-02T18:00:00Z,24,24,ml-9ffc3398a6c80f479aed4063,gfs-40a2674a5bc6b9cbe2414c84,verified_object_version,0.12289253612470417,forecast-9a6e82a781a5b8b4e6f00d46,2026-02-01T18:00:00Z,2026-02-02T23:00:00+05:00
forecast-54c0371c19e2b7e7d2e7ec7a,turbine_1,2026-02-02T18:00:00Z,2026-02-02T19:00:00Z,1,1,ml-9ffc3398a6c80f479aed4063,gfs-c8b3ddf3d8764019d569b37f,verified_object_version,0.1404880618686361,forecast-54c0371c19e2b7e7d2e7ec7a,2026-02-02T18:00:00Z,2026-02-03T00:00:00+05:00
forecast-54c0371c19e2b7e7d2e7ec7a,turbine_1,2026-02-02T18:00:00Z,2026-02-02T20:00:00Z,2,2,ml-9ffc3398a6c80f479aed4063,gfs-c8b3ddf3d8764019d569b37f,verified_object_version,0.19556734878378715,forecast-54c0371c19e2b7e7d2e7ec7a,2026-02-02T18:00:00Z,2026-02-03T01:00:00+05:00
forecast-54c0371c19e2b7e7d2e7ec7a,turbine_1,2026-02-02T18:00:00Z,2026-02-02T21:00:00Z,3,3,ml-9ffc3398a6c80f479aed4063,gfs-c8b3ddf3d8764019d569b37f,verified_object_version,0.22061384822760408,forecast-54c0371c19e2b7e7d2e7ec7a,2026-02-02T18:00:00Z,2026-02-03T02:00:00+05:00
forecast-54c0371c19e2b7e7d2e7ec7a,turbine_1,2026-02-02T18:00:00Z,2026-02-02T22:00:00Z,4,4,ml-9ffc3398a6c80f479aed4063,gfs-c8b3ddf3d8764019d569b37f,verified_object_version,0.3790349347042423,forecast-54c0371c19e2b7e7d2e7ec7a,2026-02-02T18:00:00Z,2026-02-03T03:00:00+05:00
forecast-54c0371c19e2b7e7d2e7ec7a,turbine_1,2026-02-02T18:00:00Z,2026-02-02T23:00:00Z,5,5,ml-9ffc3398a6c80f479aed4063,gfs-c8b3ddf3d8764019d569b37f,verified_object_version,0.38566031441476434,forecast-54c0371c19e2b7e7d2e7ec7a,2026-02-02T18:00:00Z,2026-02-03T04:00:00+05:00
forecast-54c0371c19e2b7e7d2e7ec7a,turbine_1,2026-02-02T18:00:00Z,2026-02-03T00:00:00Z,6,6,ml-9ffc3398a6c80f479aed4063,gfs-c8b3ddf3d8764019d569b37f,verified_object_version,0.331628471011867,forecast-54c0371c19e2b7e7d2e7ec7a,2026-02-02T18:00:00Z,2026-02-03T05:00:00+05:00
forecast-54c0371c19e2b7e7d2e7ec7a,turbine_1,2026-02-02T18:00:00Z,2026-02-03T01:00:00Z,7,7,ml-9ffc3398a6c80f479aed4063,gfs-c8b3ddf3d8764019d569b37f,verified_object_version,0.17860203753219947,forecast-54c0371c19e2b7e7d2e7ec7a,2026-02-02T18:00:00Z,2026-02-03T06:00:00+05:00
forecast-54c0371c19e2b7e7d2e7ec7a,turbine_1,2026-02-02T18:00:00Z,2026-02-03T02:00:00Z,8,8,ml-9ffc3398a6c80f479aed4063,gfs-c8b3ddf3d8764019d569b37f,verified_object_version,0.0680808953827732,forecast-54c0371c19e2b7e7d2e7ec7a,2026-02-02T18:00:00Z,2026-02-03T07:00:00+05:00
forecast-54c0371c19e2b7e7d2e7ec7a,turbine_1,2026-02-02T18:00:00Z,2026-02-03T03:00:00Z,9,9,ml-9ffc3398a6c80f479aed4063,gfs-c8b3ddf3d8764019d569b37f,verified_object_version,0.05628908270661076,forecast-54c0371c19e2b7e7d2e7ec7a,2026-02-02T18:00:00Z,2026-02-03T08:00:00+05:00
forecast-54c0371c19e2b7e7d2e7ec7a,turbine_1,2026-02-02T18:00:00Z,2026-02-03T04:00:00Z,10,10,ml-9ffc3398a6c80f479aed4063,gfs-c8b3ddf3d8764019d569b37f,verified_object_version,0.08511145502360631,forecast-54c0371c19e2b7e7d2e7ec7a,2026-02-02T18:00:00Z,2026-02-03T09:00:00+05:00
forecast-54c0371c19e2b7e7d2e7ec7a,turbine_1,2026-02-02T18:00:00Z,2026-02-03T05:00:00Z,11,11,ml-9ffc3398a6c80f479aed4063,gfs-c8b3ddf3d8764019d569b37f,verified_object_version,0.06180663148985596,forecast-54c0371c19e2b7e7d2e7ec7a,2026-02-02T18:00:00Z,2026-02-03T10:00:00+05:00
forecast-54c0371c19e2b7e7d2e7ec7a,turbine_1,2026-02-02T18:00:00Z,2026-02-03T06:00:00Z,12,12,ml-9ffc3398a6c80f479aed4063,gfs-c8b3ddf3d8764019d569b37f,verified_object_version,0.04989348665401663,forecast-54c0371c19e2b7e7d2e7ec7a,2026-02-02T18:00:00Z,2026-02-03T11:00:00+05:00
forecast-54c0371c19e2b7e7d2e7ec7a,turbine_1,2026-02-02T18:00:00Z,2026-02-03T07:00:00Z,13,13,ml-9ffc3398a6c80f479aed4063,gfs-c8b3ddf3d8764019d569b37f,verified_object_version,0.0626510625772409,forecast-54c0371c19e2b7e7d2e7ec7a,2026-02-02T18:00:00Z,2026-02-03T12:00:00+05:00
forecast-54c0371c19e2b7e7d2e7ec7a,turbine_1,2026-02-02T18:00:00Z,2026-02-03T08:00:00Z,14,14,ml-9ffc3398a6c80f479aed4063,gfs-c8b3ddf3d8764019d569b37f,verified_object_version,0.04015141746236994,forecast-54c0371c19e2b7e7d2e7ec7a,2026-02-02T18:00:00Z,2026-02-03T13:00:00+05:00
forecast-54c0371c19e2b7e7d2e7ec7a,turbine_1,2026-02-02T18:00:00Z,2026-02-03T09:00:00Z,15,15,ml-9ffc3398a6c80f479aed4063,gfs-c8b3ddf3d8764019d569b37f,verified_object_version,0.03125660904209468,forecast-54c0371c19e2b7e7d2e7ec7a,2026-02-02T18:00:00Z,2026-02-03T14:00:00+05:00
forecast-54c0371c19e2b7e7d2e7ec7a,turbine_1,2026-02-02T18:00:00Z,2026-02-03T10:00:00Z,16,16,ml-9ffc3398a6c80f479aed4063,gfs-c8b3ddf3d8764019d569b37f,verified_object_version,0.03657839631434734,forecast-54c0371c19e2b7e7d2e7ec7a,2026-02-02T18:00:00Z,2026-02-03T15:00:00+05:00
forecast-54c0371c19e2b7e7d2e7ec7a,turbine_1,2026-02-02T18:00:00Z,2026-02-03T11:00:00Z,17,17,ml-9ffc3398a6c80f479aed4063,gfs-c8b3ddf3d8764019d569b37f,verified_object_version,0.03787772341012152,forecast-54c0371c19e2b7e7d2e7ec7a,2026-02-02T18:00:00Z,2026-02-03T16:00:00+05:00
forecast-54c0371c19e2b7e7d2e7ec7a,turbine_1,2026-02-02T18:00:00Z,2026-02-03T12:00:00Z,18,18,ml-9ffc3398a6c80f479aed4063,gfs-c8b3ddf3d8764019d569b37f,verified_object_version,0.045766879722548504,forecast-54c0371c19e2b7e7d2e7ec7a,2026-02-02T18:00:00Z,2026-02-03T17:00:00+05:00
forecast-54c0371c19e2b7e7d2e7ec7a,turbine_1,2026-02-02T18:00:00Z,2026-02-03T13:00:00Z,19,19,ml-9ffc3398a6c80f479aed4063,gfs-c8b3ddf3d8764019d569b37f,verified_object_version,0.06641461847853888,forecast-54c0371c19e2b7e7d2e7ec7a,2026-02-02T18:00:00Z,2026-02-03T18:00:00+05:00
forecast-54c0371c19e2b7e7d2e7ec7a,turbine_1,2026-02-02T18:00:00Z,2026-02-03T14:00:00Z,20,20,ml-9ffc3398a6c80f479aed4063,gfs-c8b3ddf3d8764019d569b37f,verified_object_version,0.0750151168070905,forecast-54c0371c19e2b7e7d2e7ec7a,2026-02-02T18:00:00Z,2026-02-03T19:00:00+05:00
forecast-54c0371c19e2b7e7d2e7ec7a,turbine_1,2026-02-02T18:00:00Z,2026-02-03T15:00:00Z,21,21,ml-9ffc3398a6c80f479aed4063,gfs-c8b3ddf3d8764019d569b37f,verified_object_version,0.11312805752533059,forecast-54c0371c19e2b7e7d2e7ec7a,2026-02-02T18:00:00Z,2026-02-03T20:00:00+05:00
forecast-54c0371c19e2b7e7d2e7ec7a,turbine_1,2026-02-02T18:00:00Z,2026-02-03T16:00:00Z,22,22,ml-9ffc3398a6c80f479aed4063,gfs-c8b3ddf3d8764019d569b37f,verified_object_version,0.1268916111234969,forecast-54c0371c19e2b7e7d2e7ec7a,2026-02-02T18:00:00Z,2026-02-03T21:00:00+05:00
forecast-54c0371c19e2b7e7d2e7ec7a,turbine_1,2026-02-02T18:00:00Z,2026-02-03T17:00:00Z,23,23,ml-9ffc3398a6c80f479aed4063,gfs-c8b3ddf3d8764019d569b37f,verified_object_version,0.14248313457443762,forecast-54c0371c19e2b7e7d2e7ec7a,2026-02-02T18:00:00Z,2026-02-03T22:00:00+05:00
forecast-54c0371c19e2b7e7d2e7ec7a,turbine_1,2026-02-02T18:00:00Z,2026-02-03T18:00:00Z,24,24,ml-9ffc3398a6c80f479aed4063,gfs-c8b3ddf3d8764019d569b37f,verified_object_version,0.1359556640756825,forecast-54c0371c19e2b7e7d2e7ec7a,2026-02-02T18:00:00Z,2026-02-03T23:00:00+05:00
forecast-4c8b42ac49529cf2b25eec29,turbine_1,2026-02-03T18:00:00Z,2026-02-03T19:00:00Z,1,1,ml-9ffc3398a6c80f479aed4063,gfs-b4d00e6266f5ff6c7fa4ac5d,verified_object_version,0.2690396746570233,forecast-4c8b42ac49529cf2b25eec29,2026-02-03T18:00:00Z,2026-02-04T00:00:00+05:00
forecast-4c8b42ac49529cf2b25eec29,turbine_1,2026-02-03T18:00:00Z,2026-02-03T20:00:00Z,2,2,ml-9ffc3398a6c80f479aed4063,gfs-b4d00e6266f5ff6c7fa4ac5d,verified_object_version,0.25295017390713725,forecast-4c8b42ac49529cf2b25eec29,2026-02-03T18:00:00Z,2026-02-04T01:00:00+05:00
forecast-4c8b42ac49529cf2b25eec29,turbine_1,2026-02-03T18:00:00Z,2026-02-03T21:00:00Z,3,3,ml-9ffc3398a6c80f479aed4063,gfs-b4d00e6266f5ff6c7fa4ac5d,verified_object_version,0.26203812512808844,forecast-4c8b42ac49529cf2b25eec29,2026-02-03T18:00:00Z,2026-02-04T02:00:00+05:00
forecast-4c8b42ac49529cf2b25eec29,turbine_1,2026-02-03T18:00:00Z,2026-02-03T22:00:00Z,4,4,ml-9ffc3398a6c80f479aed4063,gfs-b4d00e6266f5ff6c7fa4ac5d,verified_object_version,0.21217287153446107,forecast-4c8b42ac49529cf2b25eec29,2026-02-03T18:00:00Z,2026-02-04T03:00:00+05:00
forecast-4c8b42ac49529cf2b25eec29,turbine_1,2026-02-03T18:00:00Z,2026-02-03T23:00:00Z,5,5,ml-9ffc3398a6c80f479aed4063,gfs-b4d00e6266f5ff6c7fa4ac5d,verified_object_version,0.2203286786894643,forecast-4c8b42ac49529cf2b25eec29,2026-02-03T18:00:00Z,2026-02-04T04:00:00+05:00
forecast-4c8b42ac49529cf2b25eec29,turbine_1,2026-02-03T18:00:00Z,2026-02-04T00:00:00Z,6,6,ml-9ffc3398a6c80f479aed4063,gfs-b4d00e6266f5ff6c7fa4ac5d,verified_object_version,0.4366380757648597,forecast-4c8b42ac49529cf2b25eec29,2026-02-03T18:00:00Z,2026-02-04T05:00:00+05:00
forecast-4c8b42ac49529cf2b25eec29,turbine_1,2026-02-03T18:00:00Z,2026-02-04T01:00:00Z,7,7,ml-9ffc3398a6c80f479aed4063,gfs-b4d00e6266f5ff6c7fa4ac5d,verified_object_version,0.2262463836164387,forecast-4c8b42ac49529cf2b25eec29,2026-02-03T18:00:00Z,2026-02-04T06:00:00+05:00
forecast-4c8b42ac49529cf2b25eec29,turbine_1,2026-02-03T18:00:00Z,2026-02-04T02:00:00Z,8,8,ml-9ffc3398a6c80f479aed4063,gfs-b4d00e6266f5ff6c7fa4ac5d,verified_object_version,0.11523739365963823,forecast-4c8b42ac49529cf2b25eec29,2026-02-03T18:00:00Z,2026-02-04T07:00:00+05:00
forecast-4c8b42ac49529cf2b25eec29,turbine_1,2026-02-03T18:00:00Z,2026-02-04T03:00:00Z,9,9,ml-9ffc3398a6c80f479aed4063,gfs-b4d00e6266f5ff6c7fa4ac5d,verified_object_version,0.08500672321758729,forecast-4c8b42ac49529cf2b25eec29,2026-02-03T18:00:00Z,2026-02-04T08:00:00+05:00
forecast-4c8b42ac49529cf2b25eec29,turbine_1,2026-02-03T18:00:00Z,2026-02-04T04:00:00Z,10,10,ml-9ffc3398a6c80f479aed4063,gfs-b4d00e6266f5ff6c7fa4ac5d,verified_object_version,0.043451120262058246,forecast-4c8b42ac49529cf2b25eec29,2026-02-03T18:00:00Z,2026-02-04T09:00:00+05:00
forecast-4c8b42ac49529cf2b25eec29,turbine_1,2026-02-03T18:00:00Z,2026-02-04T05:00:00Z,11,11,ml-9ffc3398a6c80f479aed4063,gfs-b4d00e6266f5ff6c7fa4ac5d,verified_object_version,0.0146681957896789,forecast-4c8b42ac49529cf2b25eec29,2026-02-03T18:00:00Z,2026-02-04T10:00:00+05:00
forecast-4c8b42ac49529cf2b25eec29,turbine_1,2026-02-03T18:00:00Z,2026-02-04T06:00:00Z,12,12,ml-9ffc3398a6c80f479aed4063,gfs-b4d00e6266f5ff6c7fa4ac5d,verified_object_version,0.03519675385249388,forecast-4c8b42ac49529cf2b25eec29,2026-02-03T18:00:00Z,2026-02-04T11:00:00+05:00
forecast-4c8b42ac49529cf2b25eec29,turbine_1,2026-02-03T18:00:00Z,2026-02-04T07:00:00Z,13,13,ml-9ffc3398a6c80f479aed4063,gfs-b4d00e6266f5ff6c7fa4ac5d,verified_object_version,0.08104556753676093,forecast-4c8b42ac49529cf2b25eec29,2026-02-03T18:00:00Z,2026-02-04T12:00:00+05:00
forecast-4c8b42ac49529cf2b25eec29,turbine_1,2026-02-03T18:00:00Z,2026-02-04T08:00:00Z,14,14,ml-9ffc3398a6c80f479aed4063,gfs-b4d00e6266f5ff6c7fa4ac5d,verified_object_version,0.11066975541228782,forecast-4c8b42ac49529cf2b25eec29,2026-02-03T18:00:00Z,2026-02-04T13:00:00+05:00
forecast-4c8b42ac49529cf2b25eec29,turbine_1,2026-02-03T18:00:00Z,2026-02-04T09:00:00Z,15,15,ml-9ffc3398a6c80f479aed4063,gfs-b4d00e6266f5ff6c7fa4ac5d,verified_object_version,0.14255293228025975,forecast-4c8b42ac49529cf2b25eec29,2026-02-03T18:00:00Z,2026-02-04T14:00:00+05:00
forecast-4c8b42ac49529cf2b25eec29,turbine_1,2026-02-03T18:00:00Z,2026-02-04T10:00:00Z,16,16,ml-9ffc3398a6c80f479aed4063,gfs-b4d00e6266f5ff6c7fa4ac5d,verified_object_version,0.16131433343825585,forecast-4c8b42ac49529cf2b25eec29,2026-02-03T18:00:00Z,2026-02-04T15:00:00+05:00
forecast-4c8b42ac49529cf2b25eec29,turbine_1,2026-02-03T18:00:00Z,2026-02-04T11:00:00Z,17,17,ml-9ffc3398a6c80f479aed4063,gfs-b4d00e6266f5ff6c7fa4ac5d,verified_object_version,0.09450847449893443,forecast-4c8b42ac49529cf2b25eec29,2026-02-03T18:00:00Z,2026-02-04T16:00:00+05:00
forecast-4c8b42ac49529cf2b25eec29,turbine_1,2026-02-03T18:00:00Z,2026-02-04T12:00:00Z,18,18,ml-9ffc3398a6c80f479aed4063,gfs-b4d00e6266f5ff6c7fa4ac5d,verified_object_version,0.04345138722567815,forecast-4c8b42ac49529cf2b25eec29,2026-02-03T18:00:00Z,2026-02-04T17:00:00+05:00
forecast-4c8b42ac49529cf2b25eec29,turbine_1,2026-02-03T18:00:00Z,2026-02-04T13:00:00Z,19,19,ml-9ffc3398a6c80f479aed4063,gfs-b4d00e6266f5ff6c7fa4ac5d,verified_object_version,0.03249976764691331,forecast-4c8b42ac49529cf2b25eec29,2026-02-03T18:00:00Z,2026-02-04T18:00:00+05:00
forecast-4c8b42ac49529cf2b25eec29,turbine_1,2026-02-03T18:00:00Z,2026-02-04T14:00:00Z,20,20,ml-9ffc3398a6c80f479aed4063,gfs-b4d00e6266f5ff6c7fa4ac5d,verified_object_version,0.03366891705568814,forecast-4c8b42ac49529cf2b25eec29,2026-02-03T18:00:00Z,2026-02-04T19:00:00+05:00
forecast-4c8b42ac49529cf2b25eec29,turbine_1,2026-02-03T18:00:00Z,2026-02-04T15:00:00Z,21,21,ml-9ffc3398a6c80f479aed4063,gfs-b4d00e6266f5ff6c7fa4ac5d,verified_object_version,0.10137588214298882,forecast-4c8b42ac49529cf2b25eec29,2026-02-03T18:00:00Z,2026-02-04T20:00:00+05:00
forecast-4c8b42ac49529cf2b25eec29,turbine_1,2026-02-03T18:00:00Z,2026-02-04T16:00:00Z,22,22,ml-9ffc3398a6c80f479aed4063,gfs-b4d00e6266f5ff6c7fa4ac5d,verified_object_version,0.24344838118993847,forecast-4c8b42ac49529cf2b25eec29,2026-02-03T18:00:00Z,2026-02-04T21:00:00+05:00
forecast-4c8b42ac49529cf2b25eec29,turbine_1,2026-02-03T18:00:00Z,2026-02-04T17:00:00Z,23,23,ml-9ffc3398a6c80f479aed4063,gfs-b4d00e6266f5ff6c7fa4ac5d,verified_object_version,0.3913613570062695,forecast-4c8b42ac49529cf2b25eec29,2026-02-03T18:00:00Z,2026-02-04T22:00:00+05:00
forecast-4c8b42ac49529cf2b25eec29,turbine_1,2026-02-03T18:00:00Z,2026-02-04T18:00:00Z,24,24,ml-9ffc3398a6c80f479aed4063,gfs-b4d00e6266f5ff6c7fa4ac5d,verified_object_version,0.352626935519186,forecast-4c8b42ac49529cf2b25eec29,2026-02-03T18:00:00Z,2026-02-04T23:00:00+05:00
forecast-a2f02120d12b698d569181c9,turbine_1,2026-02-04T18:00:00Z,2026-02-04T19:00:00Z,1,1,ml-9ffc3398a6c80f479aed4063,gfs-47f1ea7d21a24887b153a8ed,verified_object_version,0.8928308459517791,forecast-a2f02120d12b698d569181c9,2026-02-04T18:00:00Z,2026-02-05T00:00:00+05:00
forecast-a2f02120d12b698d569181c9,turbine_1,2026-02-04T18:00:00Z,2026-02-04T20:00:00Z,2,2,ml-9ffc3398a6c80f479aed4063,gfs-47f1ea7d21a24887b153a8ed,verified_object_version,0.8809818555751278,forecast-a2f02120d12b698d569181c9,2026-02-04T18:00:00Z,2026-02-05T01:00:00+05:00
forecast-a2f02120d12b698d569181c9,turbine_1,2026-02-04T18:00:00Z,2026-02-04T21:00:00Z,3,3,ml-9ffc3398a6c80f479aed4063,gfs-47f1ea7d21a24887b153a8ed,verified_object_version,0.9401402529796369,forecast-a2f02120d12b698d569181c9,2026-02-04T18:00:00Z,2026-02-05T02:00:00+05:00
forecast-a2f02120d12b698d569181c9,turbine_1,2026-02-04T18:00:00Z,2026-02-04T22:00:00Z,4,4,ml-9ffc3398a6c80f479aed4063,gfs-47f1ea7d21a24887b153a8ed,verified_object_version,0.9595207799787308,forecast-a2f02120d12b698d569181c9,2026-02-04T18:00:00Z,2026-02-05T03:00:00+05:00
forecast-a2f02120d12b698d569181c9,turbine_1,2026-02-04T18:00:00Z,2026-02-04T23:00:00Z,5,5,ml-9ffc3398a6c80f479aed4063,gfs-47f1ea7d21a24887b153a8ed,verified_object_version,0.9568880001251964,forecast-a2f02120d12b698d569181c9,2026-02-04T18:00:00Z,2026-02-05T04:00:00+05:00
forecast-a2f02120d12b698d569181c9,turbine_1,2026-02-04T18:00:00Z,2026-02-05T00:00:00Z,6,6,ml-9ffc3398a6c80f479aed4063,gfs-47f1ea7d21a24887b153a8ed,verified_object_version,0.9568047700606371,forecast-a2f02120d12b698d569181c9,2026-02-04T18:00:00Z,2026-02-05T05:00:00+05:00
forecast-a2f02120d12b698d569181c9,turbine_1,2026-02-04T18:00:00Z,2026-02-05T01:00:00Z,7,7,ml-9ffc3398a6c80f479aed4063,gfs-47f1ea7d21a24887b153a8ed,verified_object_version,0.9568047700606371,forecast-a2f02120d12b698d569181c9,2026-02-04T18:00:00Z,2026-02-05T06:00:00+05:00
forecast-a2f02120d12b698d569181c9,turbine_1,2026-02-04T18:00:00Z,2026-02-05T02:00:00Z,8,8,ml-9ffc3398a6c80f479aed4063,gfs-47f1ea7d21a24887b153a8ed,verified_object_version,0.9539088699691693,forecast-a2f02120d12b698d569181c9,2026-02-04T18:00:00Z,2026-02-05T07:00:00+05:00
forecast-a2f02120d12b698d569181c9,turbine_1,2026-02-04T18:00:00Z,2026-02-05T03:00:00Z,9,9,ml-9ffc3398a6c80f479aed4063,gfs-47f1ea7d21a24887b153a8ed,verified_object_version,0.9520236308130536,forecast-a2f02120d12b698d569181c9,2026-02-04T18:00:00Z,2026-02-05T08:00:00+05:00
forecast-a2f02120d12b698d569181c9,turbine_1,2026-02-04T18:00:00Z,2026-02-05T04:00:00Z,10,10,ml-9ffc3398a6c80f479aed4063,gfs-47f1ea7d21a24887b153a8ed,verified_object_version,0.9600372923652448,forecast-a2f02120d12b698d569181c9,2026-02-04T18:00:00Z,2026-02-05T09:00:00+05:00
forecast-a2f02120d12b698d569181c9,turbine_1,2026-02-04T18:00:00Z,2026-02-05T05:00:00Z,11,11,ml-9ffc3398a6c80f479aed4063,gfs-47f1ea7d21a24887b153a8ed,verified_object_version,0.976510714973187,forecast-a2f02120d12b698d569181c9,2026-02-04T18:00:00Z,2026-02-05T10:00:00+05:00
forecast-a2f02120d12b698d569181c9,turbine_1,2026-02-04T18:00:00Z,2026-02-05T06:00:00Z,12,12,ml-9ffc3398a6c80f479aed4063,gfs-47f1ea7d21a24887b153a8ed,verified_object_version,0.977079465109812,forecast-a2f02120d12b698d569181c9,2026-02-04T18:00:00Z,2026-02-05T11:00:00+05:00
forecast-a2f02120d12b698d569181c9,turbine_1,2026-02-04T18:00:00Z,2026-02-05T07:00:00Z,13,13,ml-9ffc3398a6c80f479aed4063,gfs-47f1ea7d21a24887b153a8ed,verified_object_version,0.9801484319931429,forecast-a2f02120d12b698d569181c9,2026-02-04T18:00:00Z,2026-02-05T12:00:00+05:00
forecast-a2f02120d12b698d569181c9,turbine_1,2026-02-04T18:00:00Z,2026-02-05T08:00:00Z,14,14,ml-9ffc3398a6c80f479aed4063,gfs-47f1ea7d21a24887b153a8ed,verified_object_version,0.9840766925335946,forecast-a2f02120d12b698d569181c9,2026-02-04T18:00:00Z,2026-02-05T13:00:00+05:00
forecast-a2f02120d12b698d569181c9,turbine_1,2026-02-04T18:00:00Z,2026-02-05T09:00:00Z,15,15,ml-9ffc3398a6c80f479aed4063,gfs-47f1ea7d21a24887b153a8ed,verified_object_version,0.9929497054208792,forecast-a2f02120d12b698d569181c9,2026-02-04T18:00:00Z,2026-02-05T14:00:00+05:00
forecast-a2f02120d12b698d569181c9,turbine_1,2026-02-04T18:00:00Z,2026-02-05T10:00:00Z,16,16,ml-9ffc3398a6c80f479aed4063,gfs-47f1ea7d21a24887b153a8ed,verified_object_version,0.9915180365005237,forecast-a2f02120d12b698d569181c9,2026-02-04T18:00:00Z,2026-02-05T15:00:00+05:00
forecast-a2f02120d12b698d569181c9,turbine_1,2026-02-04T18:00:00Z,2026-02-05T11:00:00Z,17,17,ml-9ffc3398a6c80f479aed4063,gfs-47f1ea7d21a24887b153a8ed,verified_object_version,0.9802489169972624,forecast-a2f02120d12b698d569181c9,2026-02-04T18:00:00Z,2026-02-05T16:00:00+05:00
forecast-a2f02120d12b698d569181c9,turbine_1,2026-02-04T18:00:00Z,2026-02-05T12:00:00Z,18,18,ml-9ffc3398a6c80f479aed4063,gfs-47f1ea7d21a24887b153a8ed,verified_object_version,0.9888560281061839,forecast-a2f02120d12b698d569181c9,2026-02-04T18:00:00Z,2026-02-05T17:00:00+05:00
forecast-a2f02120d12b698d569181c9,turbine_1,2026-02-04T18:00:00Z,2026-02-05T13:00:00Z,19,19,ml-9ffc3398a6c80f479aed4063,gfs-47f1ea7d21a24887b153a8ed,verified_object_version,0.9422250481052636,forecast-a2f02120d12b698d569181c9,2026-02-04T18:00:00Z,2026-02-05T18:00:00+05:00
forecast-a2f02120d12b698d569181c9,turbine_1,2026-02-04T18:00:00Z,2026-02-05T14:00:00Z,20,20,ml-9ffc3398a6c80f479aed4063,gfs-47f1ea7d21a24887b153a8ed,verified_object_version,0.9037910254030388,forecast-a2f02120d12b698d569181c9,2026-02-04T18:00:00Z,2026-02-05T19:00:00+05:00
forecast-a2f02120d12b698d569181c9,turbine_1,2026-02-04T18:00:00Z,2026-02-05T15:00:00Z,21,21,ml-9ffc3398a6c80f479aed4063,gfs-47f1ea7d21a24887b153a8ed,verified_object_version,0.7952573829679935,forecast-a2f02120d12b698d569181c9,2026-02-04T18:00:00Z,2026-02-05T20:00:00+05:00
forecast-a2f02120d12b698d569181c9,turbine_1,2026-02-04T18:00:00Z,2026-02-05T16:00:00Z,22,22,ml-9ffc3398a6c80f479aed4063,gfs-47f1ea7d21a24887b153a8ed,verified_object_version,0.7593637117482451,forecast-a2f02120d12b698d569181c9,2026-02-04T18:00:00Z,2026-02-05T21:00:00+05:00
forecast-a2f02120d12b698d569181c9,turbine_1,2026-02-04T18:00:00Z,2026-02-05T17:00:00Z,23,23,ml-9ffc3398a6c80f479aed4063,gfs-47f1ea7d21a24887b153a8ed,verified_object_version,0.6909270351856973,forecast-a2f02120d12b698d569181c9,2026-02-04T18:00:00Z,2026-02-05T22:00:00+05:00
forecast-a2f02120d12b698d569181c9,turbine_1,2026-02-04T18:00:00Z,2026-02-05T18:00:00Z,24,24,ml-9ffc3398a6c80f479aed4063,gfs-47f1ea7d21a24887b153a8ed,verified_object_version,0.5097645791015619,forecast-a2f02120d12b698d569181c9,2026-02-04T18:00:00Z,2026-02-05T23:00:00+05:00
forecast-59c63f150c1d2635b16c1f15,turbine_1,2026-02-05T18:00:00Z,2026-02-05T19:00:00Z,1,1,ml-9ffc3398a6c80f479aed4063,gfs-de975058bbbe0c5099edf51a,verified_object_version,0.4041411131132655,forecast-59c63f150c1d2635b16c1f15,2026-02-05T18:00:00Z,2026-02-06T00:00:00+05:00
forecast-59c63f150c1d2635b16c1f15,turbine_1,2026-02-05T18:00:00Z,2026-02-05T20:00:00Z,2,2,ml-9ffc3398a6c80f479aed4063,gfs-de975058bbbe0c5099edf51a,verified_object_version,0.2434545218494186,forecast-59c63f150c1d2635b16c1f15,2026-02-05T18:00:00Z,2026-02-06T01:00:00+05:00
forecast-59c63f150c1d2635b16c1f15,turbine_1,2026-02-05T18:00:00Z,2026-02-05T21:00:00Z,3,3,ml-9ffc3398a6c80f479aed4063,gfs-de975058bbbe0c5099edf51a,verified_object_version,0.16946089503960177,forecast-59c63f150c1d2635b16c1f15,2026-02-05T18:00:00Z,2026-02-06T02:00:00+05:00
forecast-59c63f150c1d2635b16c1f15,turbine_1,2026-02-05T18:00:00Z,2026-02-05T22:00:00Z,4,4,ml-9ffc3398a6c80f479aed4063,gfs-de975058bbbe0c5099edf51a,verified_object_version,0.15766590961804594,forecast-59c63f150c1d2635b16c1f15,2026-02-05T18:00:00Z,2026-02-06T03:00:00+05:00
forecast-59c63f150c1d2635b16c1f15,turbine_1,2026-02-05T18:00:00Z,2026-02-05T23:00:00Z,5,5,ml-9ffc3398a6c80f479aed4063,gfs-de975058bbbe0c5099edf51a,verified_object_version,0.18867915267350538,forecast-59c63f150c1d2635b16c1f15,2026-02-05T18:00:00Z,2026-02-06T04:00:00+05:00
forecast-59c63f150c1d2635b16c1f15,turbine_1,2026-02-05T18:00:00Z,2026-02-06T00:00:00Z,6,6,ml-9ffc3398a6c80f479aed4063,gfs-de975058bbbe0c5099edf51a,verified_object_version,0.1579489829403967,forecast-59c63f150c1d2635b16c1f15,2026-02-05T18:00:00Z,2026-02-06T05:00:00+05:00
forecast-59c63f150c1d2635b16c1f15,turbine_1,2026-02-05T18:00:00Z,2026-02-06T01:00:00Z,7,7,ml-9ffc3398a6c80f479aed4063,gfs-de975058bbbe0c5099edf51a,verified_object_version,0.11364387826294155,forecast-59c63f150c1d2635b16c1f15,2026-02-05T18:00:00Z,2026-02-06T06:00:00+05:00
forecast-59c63f150c1d2635b16c1f15,turbine_1,2026-02-05T18:00:00Z,2026-02-06T02:00:00Z,8,8,ml-9ffc3398a6c80f479aed4063,gfs-de975058bbbe0c5099edf51a,verified_object_version,0.038357748428621996,forecast-59c63f150c1d2635b16c1f15,2026-02-05T18:00:00Z,2026-02-06T07:00:00+05:00
forecast-59c63f150c1d2635b16c1f15,turbine_1,2026-02-05T18:00:00Z,2026-02-06T03:00:00Z,9,9,ml-9ffc3398a6c80f479aed4063,gfs-de975058bbbe0c5099edf51a,verified_object_version,0.025462778092792487,forecast-59c63f150c1d2635b16c1f15,2026-02-05T18:00:00Z,2026-02-06T08:00:00+05:00
forecast-59c63f150c1d2635b16c1f15,turbine_1,2026-02-05T18:00:00Z,2026-02-06T04:00:00Z,10,10,ml-9ffc3398a6c80f479aed4063,gfs-de975058bbbe0c5099edf51a,verified_object_version,0.015378622804643416,forecast-59c63f150c1d2635b16c1f15,2026-02-05T18:00:00Z,2026-02-06T09:00:00+05:00
forecast-59c63f150c1d2635b16c1f15,turbine_1,2026-02-05T18:00:00Z,2026-02-06T05:00:00Z,11,11,ml-9ffc3398a6c80f479aed4063,gfs-de975058bbbe0c5099edf51a,verified_object_version,0.01471090475347106,forecast-59c63f150c1d2635b16c1f15,2026-02-05T18:00:00Z,2026-02-06T10:00:00+05:00
forecast-59c63f150c1d2635b16c1f15,turbine_1,2026-02-05T18:00:00Z,2026-02-06T06:00:00Z,12,12,ml-9ffc3398a6c80f479aed4063,gfs-de975058bbbe0c5099edf51a,verified_object_version,0.01635963868262441,forecast-59c63f150c1d2635b16c1f15,2026-02-05T18:00:00Z,2026-02-06T11:00:00+05:00
forecast-59c63f150c1d2635b16c1f15,turbine_1,2026-02-05T18:00:00Z,2026-02-06T07:00:00Z,13,13,ml-9ffc3398a6c80f479aed4063,gfs-de975058bbbe0c5099edf51a,verified_object_version,0.14217323661277026,forecast-59c63f150c1d2635b16c1f15,2026-02-05T18:00:00Z,2026-02-06T12:00:00+05:00
forecast-59c63f150c1d2635b16c1f15,turbine_1,2026-02-05T18:00:00Z,2026-02-06T08:00:00Z,14,14,ml-9ffc3398a6c80f479aed4063,gfs-de975058bbbe0c5099edf51a,verified_object_version,0.37779140307053005,forecast-59c63f150c1d2635b16c1f15,2026-02-05T18:00:00Z,2026-02-06T13:00:00+05:00
forecast-59c63f150c1d2635b16c1f15,turbine_1,2026-02-05T18:00:00Z,2026-02-06T09:00:00Z,15,15,ml-9ffc3398a6c80f479aed4063,gfs-de975058bbbe0c5099edf51a,verified_object_version,0.6846853273371448,forecast-59c63f150c1d2635b16c1f15,2026-02-05T18:00:00Z,2026-02-06T14:00:00+05:00
forecast-59c63f150c1d2635b16c1f15,turbine_1,2026-02-05T18:00:00Z,2026-02-06T10:00:00Z,16,16,ml-9ffc3398a6c80f479aed4063,gfs-de975058bbbe0c5099edf51a,verified_object_version,0.9550793233430732,forecast-59c63f150c1d2635b16c1f15,2026-02-05T18:00:00Z,2026-02-06T15:00:00+05:00
forecast-59c63f150c1d2635b16c1f15,turbine_1,2026-02-05T18:00:00Z,2026-02-06T11:00:00Z,17,17,ml-9ffc3398a6c80f479aed4063,gfs-de975058bbbe0c5099edf51a,verified_object_version,0.9691365942228523,forecast-59c63f150c1d2635b16c1f15,2026-02-05T18:00:00Z,2026-02-06T16:00:00+05:00
forecast-59c63f150c1d2635b16c1f15,turbine_1,2026-02-05T18:00:00Z,2026-02-06T12:00:00Z,18,18,ml-9ffc3398a6c80f479aed4063,gfs-de975058bbbe0c5099edf51a,verified_object_version,0.9649395644840233,forecast-59c63f150c1d2635b16c1f15,2026-02-05T18:00:00Z,2026-02-06T17:00:00+05:00
forecast-59c63f150c1d2635b16c1f15,turbine_1,2026-02-05T18:00:00Z,2026-02-06T13:00:00Z,19,19,ml-9ffc3398a6c80f479aed4063,gfs-de975058bbbe0c5099edf51a,verified_object_version,0.9690267774995462,forecast-59c63f150c1d2635b16c1f15,2026-02-05T18:00:00Z,2026-02-06T18:00:00+05:00
forecast-59c63f150c1d2635b16c1f15,turbine_1,2026-02-05T18:00:00Z,2026-02-06T14:00:00Z,20,20,ml-9ffc3398a6c80f479aed4063,gfs-de975058bbbe0c5099edf51a,verified_object_version,0.9687481973066439,forecast-59c63f150c1d2635b16c1f15,2026-02-05T18:00:00Z,2026-02-06T19:00:00+05:00
forecast-59c63f150c1d2635b16c1f15,turbine_1,2026-02-05T18:00:00Z,2026-02-06T15:00:00Z,21,21,ml-9ffc3398a6c80f479aed4063,gfs-de975058bbbe0c5099edf51a,verified_object_version,0.97229591939742,forecast-59c63f150c1d2635b16c1f15,2026-02-05T18:00:00Z,2026-02-06T20:00:00+05:00
forecast-59c63f150c1d2635b16c1f15,turbine_1,2026-02-05T18:00:00Z,2026-02-06T16:00:00Z,22,22,ml-9ffc3398a6c80f479aed4063,gfs-de975058bbbe0c5099edf51a,verified_object_version,0.959112933464921,forecast-59c63f150c1d2635b16c1f15,2026-02-05T18:00:00Z,2026-02-06T21:00:00+05:00
forecast-59c63f150c1d2635b16c1f15,turbine_1,2026-02-05T18:00:00Z,2026-02-06T17:00:00Z,23,23,ml-9ffc3398a6c80f479aed4063,gfs-de975058bbbe0c5099edf51a,verified_object_version,0.9524255147260765,forecast-59c63f150c1d2635b16c1f15,2026-02-05T18:00:00Z,2026-02-06T22:00:00+05:00
forecast-59c63f150c1d2635b16c1f15,turbine_1,2026-02-05T18:00:00Z,2026-02-06T18:00:00Z,24,24,ml-9ffc3398a6c80f479aed4063,gfs-de975058bbbe0c5099edf51a,verified_object_version,0.9405498822544294,forecast-59c63f150c1d2635b16c1f15,2026-02-05T18:00:00Z,2026-02-06T23:00:00+05:00
forecast-cd488e560d8c571ae2670c39,turbine_1,2026-02-06T18:00:00Z,2026-02-06T19:00:00Z,1,1,ml-9ffc3398a6c80f479aed4063,gfs-1ac70e20a72b04f3645a192a,verified_object_version,0.9141377428064114,forecast-cd488e560d8c571ae2670c39,2026-02-06T18:00:00Z,2026-02-07T00:00:00+05:00
forecast-cd488e560d8c571ae2670c39,turbine_1,2026-02-06T18:00:00Z,2026-02-06T20:00:00Z,2,2,ml-9ffc3398a6c80f479aed4063,gfs-1ac70e20a72b04f3645a192a,verified_object_version,0.7557950936831458,forecast-cd488e560d8c571ae2670c39,2026-02-06T18:00:00Z,2026-02-07T01:00:00+05:00
forecast-cd488e560d8c571ae2670c39,turbine_1,2026-02-06T18:00:00Z,2026-02-06T21:00:00Z,3,3,ml-9ffc3398a6c80f479aed4063,gfs-1ac70e20a72b04f3645a192a,verified_object_version,0.5196742376917115,forecast-cd488e560d8c571ae2670c39,2026-02-06T18:00:00Z,2026-02-07T02:00:00+05:00
forecast-cd488e560d8c571ae2670c39,turbine_1,2026-02-06T18:00:00Z,2026-02-06T22:00:00Z,4,4,ml-9ffc3398a6c80f479aed4063,gfs-1ac70e20a72b04f3645a192a,verified_object_version,0.28130518072960253,forecast-cd488e560d8c571ae2670c39,2026-02-06T18:00:00Z,2026-02-07T03:00:00+05:00
forecast-cd488e560d8c571ae2670c39,turbine_1,2026-02-06T18:00:00Z,2026-02-06T23:00:00Z,5,5,ml-9ffc3398a6c80f479aed4063,gfs-1ac70e20a72b04f3645a192a,verified_object_version,0.10944812771606054,forecast-cd488e560d8c571ae2670c39,2026-02-06T18:00:00Z,2026-02-07T04:00:00+05:00
forecast-cd488e560d8c571ae2670c39,turbine_1,2026-02-06T18:00:00Z,2026-02-07T00:00:00Z,6,6,ml-9ffc3398a6c80f479aed4063,gfs-1ac70e20a72b04f3645a192a,verified_object_version,0.07906472409478693,forecast-cd488e560d8c571ae2670c39,2026-02-06T18:00:00Z,2026-02-07T05:00:00+05:00
forecast-cd488e560d8c571ae2670c39,turbine_1,2026-02-06T18:00:00Z,2026-02-07T01:00:00Z,7,7,ml-9ffc3398a6c80f479aed4063,gfs-1ac70e20a72b04f3645a192a,verified_object_version,0.02046490497979922,forecast-cd488e560d8c571ae2670c39,2026-02-06T18:00:00Z,2026-02-07T06:00:00+05:00
forecast-cd488e560d8c571ae2670c39,turbine_1,2026-02-06T18:00:00Z,2026-02-07T02:00:00Z,8,8,ml-9ffc3398a6c80f479aed4063,gfs-1ac70e20a72b04f3645a192a,verified_object_version,0.011528235099287243,forecast-cd488e560d8c571ae2670c39,2026-02-06T18:00:00Z,2026-02-07T07:00:00+05:00
forecast-cd488e560d8c571ae2670c39,turbine_1,2026-02-06T18:00:00Z,2026-02-07T03:00:00Z,9,9,ml-9ffc3398a6c80f479aed4063,gfs-1ac70e20a72b04f3645a192a,verified_object_version,0.014463870709277488,forecast-cd488e560d8c571ae2670c39,2026-02-06T18:00:00Z,2026-02-07T08:00:00+05:00
forecast-cd488e560d8c571ae2670c39,turbine_1,2026-02-06T18:00:00Z,2026-02-07T04:00:00Z,10,10,ml-9ffc3398a6c80f479aed4063,gfs-1ac70e20a72b04f3645a192a,verified_object_version,0.035551794035021705,forecast-cd488e560d8c571ae2670c39,2026-02-06T18:00:00Z,2026-02-07T09:00:00+05:00
forecast-cd488e560d8c571ae2670c39,turbine_1,2026-02-06T18:00:00Z,2026-02-07T05:00:00Z,11,11,ml-9ffc3398a6c80f479aed4063,gfs-1ac70e20a72b04f3645a192a,verified_object_version,0.21386543085545265,forecast-cd488e560d8c571ae2670c39,2026-02-06T18:00:00Z,2026-02-07T10:00:00+05:00
forecast-cd488e560d8c571ae2670c39,turbine_1,2026-02-06T18:00:00Z,2026-02-07T06:00:00Z,12,12,ml-9ffc3398a6c80f479aed4063,gfs-1ac70e20a72b04f3645a192a,verified_object_version,0.6569324436482058,forecast-cd488e560d8c571ae2670c39,2026-02-06T18:00:00Z,2026-02-07T11:00:00+05:00
forecast-cd488e560d8c571ae2670c39,turbine_1,2026-02-06T18:00:00Z,2026-02-07T07:00:00Z,13,13,ml-9ffc3398a6c80f479aed4063,gfs-1ac70e20a72b04f3645a192a,verified_object_version,0.4205572393047377,forecast-cd488e560d8c571ae2670c39,2026-02-06T18:00:00Z,2026-02-07T12:00:00+05:00
forecast-cd488e560d8c571ae2670c39,turbine_1,2026-02-06T18:00:00Z,2026-02-07T08:00:00Z,14,14,ml-9ffc3398a6c80f479aed4063,gfs-1ac70e20a72b04f3645a192a,verified_object_version,0.2737202459683936,forecast-cd488e560d8c571ae2670c39,2026-02-06T18:00:00Z,2026-02-07T13:00:00+05:00
forecast-cd488e560d8c571ae2670c39,turbine_1,2026-02-06T18:00:00Z,2026-02-07T09:00:00Z,15,15,ml-9ffc3398a6c80f479aed4063,gfs-1ac70e20a72b04f3645a192a,verified_object_version,0.13835133030631483,forecast-cd488e560d8c571ae2670c39,2026-02-06T18:00:00Z,2026-02-07T14:00:00+05:00
forecast-cd488e560d8c571ae2670c39,turbine_1,2026-02-06T18:00:00Z,2026-02-07T10:00:00Z,16,16,ml-9ffc3398a6c80f479aed4063,gfs-1ac70e20a72b04f3645a192a,verified_object_version,0.08882651964764307,forecast-cd488e560d8c571ae2670c39,2026-02-06T18:00:00Z,2026-02-07T15:00:00+05:00
forecast-cd488e560d8c571ae2670c39,turbine_1,2026-02-06T18:00:00Z,2026-02-07T11:00:00Z,17,17,ml-9ffc3398a6c80f479aed4063,gfs-1ac70e20a72b04f3645a192a,verified_object_version,0.07084008163143796,forecast-cd488e560d8c571ae2670c39,2026-02-06T18:00:00Z,2026-02-07T16:00:00+05:00
forecast-cd488e560d8c571ae2670c39,turbine_1,2026-02-06T18:00:00Z,2026-02-07T12:00:00Z,18,18,ml-9ffc3398a6c80f479aed4063,gfs-1ac70e20a72b04f3645a192a,verified_object_version,0.044990479154191465,forecast-cd488e560d8c571ae2670c39,2026-02-06T18:00:00Z,2026-02-07T17:00:00+05:00
forecast-cd488e560d8c571ae2670c39,turbine_1,2026-02-06T18:00:00Z,2026-02-07T13:00:00Z,19,19,ml-9ffc3398a6c80f479aed4063,gfs-1ac70e20a72b04f3645a192a,verified_object_version,0.033204756477925895,forecast-cd488e560d8c571ae2670c39,2026-02-06T18:00:00Z,2026-02-07T18:00:00+05:00
forecast-cd488e560d8c571ae2670c39,turbine_1,2026-02-06T18:00:00Z,2026-02-07T14:00:00Z,20,20,ml-9ffc3398a6c80f479aed4063,gfs-1ac70e20a72b04f3645a192a,verified_object_version,0.03816712060638866,forecast-cd488e560d8c571ae2670c39,2026-02-06T18:00:00Z,2026-02-07T19:00:00+05:00
forecast-cd488e560d8c571ae2670c39,turbine_1,2026-02-06T18:00:00Z,2026-02-07T15:00:00Z,21,21,ml-9ffc3398a6c80f479aed4063,gfs-1ac70e20a72b04f3645a192a,verified_object_version,0.1285362265004193,forecast-cd488e560d8c571ae2670c39,2026-02-06T18:00:00Z,2026-02-07T20:00:00+05:00
forecast-cd488e560d8c571ae2670c39,turbine_1,2026-02-06T18:00:00Z,2026-02-07T16:00:00Z,22,22,ml-9ffc3398a6c80f479aed4063,gfs-1ac70e20a72b04f3645a192a,verified_object_version,0.18974619309603868,forecast-cd488e560d8c571ae2670c39,2026-02-06T18:00:00Z,2026-02-07T21:00:00+05:00
forecast-cd488e560d8c571ae2670c39,turbine_1,2026-02-06T18:00:00Z,2026-02-07T17:00:00Z,23,23,ml-9ffc3398a6c80f479aed4063,gfs-1ac70e20a72b04f3645a192a,verified_object_version,0.19165587356056943,forecast-cd488e560d8c571ae2670c39,2026-02-06T18:00:00Z,2026-02-07T22:00:00+05:00
forecast-cd488e560d8c571ae2670c39,turbine_1,2026-02-06T18:00:00Z,2026-02-07T18:00:00Z,24,24,ml-9ffc3398a6c80f479aed4063,gfs-1ac70e20a72b04f3645a192a,verified_object_version,0.1610754756424137,forecast-cd488e560d8c571ae2670c39,2026-02-06T18:00:00Z,2026-02-07T23:00:00+05:00
forecast-8cd582df56ae88dcc835e7b9,turbine_1,2026-02-07T18:00:00Z,2026-02-07T19:00:00Z,1,1,ml-9ffc3398a6c80f479aed4063,gfs-eb0b3b8d72d276806abaec84,verified_object_version,0.8701478757144526,forecast-8cd582df56ae88dcc835e7b9,2026-02-07T18:00:00Z,2026-02-08T00:00:00+05:00
forecast-8cd582df56ae88dcc835e7b9,turbine_1,2026-02-07T18:00:00Z,2026-02-07T20:00:00Z,2,2,ml-9ffc3398a6c80f479aed4063,gfs-eb0b3b8d72d276806abaec84,verified_object_version,0.9177139350045296,forecast-8cd582df56ae88dcc835e7b9,2026-02-07T18:00:00Z,2026-02-08T01:00:00+05:00
forecast-8cd582df56ae88dcc835e7b9,turbine_1,2026-02-07T18:00:00Z,2026-02-07T21:00:00Z,3,3,ml-9ffc3398a6c80f479aed4063,gfs-eb0b3b8d72d276806abaec84,verified_object_version,0.9161704114240448,forecast-8cd582df56ae88dcc835e7b9,2026-02-07T18:00:00Z,2026-02-08T02:00:00+05:00
forecast-8cd582df56ae88dcc835e7b9,turbine_1,2026-02-07T18:00:00Z,2026-02-07T22:00:00Z,4,4,ml-9ffc3398a6c80f479aed4063,gfs-eb0b3b8d72d276806abaec84,verified_object_version,0.8409866144731933,forecast-8cd582df56ae88dcc835e7b9,2026-02-07T18:00:00Z,2026-02-08T03:00:00+05:00
forecast-8cd582df56ae88dcc835e7b9,turbine_1,2026-02-07T18:00:00Z,2026-02-07T23:00:00Z,5,5,ml-9ffc3398a6c80f479aed4063,gfs-eb0b3b8d72d276806abaec84,verified_object_version,0.568292186735764,forecast-8cd582df56ae88dcc835e7b9,2026-02-07T18:00:00Z,2026-02-08T04:00:00+05:00
forecast-8cd582df56ae88dcc835e7b9,turbine_1,2026-02-07T18:00:00Z,2026-02-08T00:00:00Z,6,6,ml-9ffc3398a6c80f479aed4063,gfs-eb0b3b8d72d276806abaec84,verified_object_version,0.5044448385867758,forecast-8cd582df56ae88dcc835e7b9,2026-02-07T18:00:00Z,2026-02-08T05:00:00+05:00
forecast-8cd582df56ae88dcc835e7b9,turbine_1,2026-02-07T18:00:00Z,2026-02-08T01:00:00Z,7,7,ml-9ffc3398a6c80f479aed4063,gfs-eb0b3b8d72d276806abaec84,verified_object_version,0.299347474464441,forecast-8cd582df56ae88dcc835e7b9,2026-02-07T18:00:00Z,2026-02-08T06:00:00+05:00
forecast-8cd582df56ae88dcc835e7b9,turbine_1,2026-02-07T18:00:00Z,2026-02-08T02:00:00Z,8,8,ml-9ffc3398a6c80f479aed4063,gfs-eb0b3b8d72d276806abaec84,verified_object_version,0.20734477838601373,forecast-8cd582df56ae88dcc835e7b9,2026-02-07T18:00:00Z,2026-02-08T07:00:00+05:00
forecast-8cd582df56ae88dcc835e7b9,turbine_1,2026-02-07T18:00:00Z,2026-02-08T03:00:00Z,9,9,ml-9ffc3398a6c80f479aed4063,gfs-eb0b3b8d72d276806abaec84,verified_object_version,0.14381226171930686,forecast-8cd582df56ae88dcc835e7b9,2026-02-07T18:00:00Z,2026-02-08T08:00:00+05:00
forecast-8cd582df56ae88dcc835e7b9,turbine_1,2026-02-07T18:00:00Z,2026-02-08T04:00:00Z,10,10,ml-9ffc3398a6c80f479aed4063,gfs-eb0b3b8d72d276806abaec84,verified_object_version,0.10832021287100496,forecast-8cd582df56ae88dcc835e7b9,2026-02-07T18:00:00Z,2026-02-08T09:00:00+05:00
forecast-8cd582df56ae88dcc835e7b9,turbine_1,2026-02-07T18:00:00Z,2026-02-08T05:00:00Z,11,11,ml-9ffc3398a6c80f479aed4063,gfs-eb0b3b8d72d276806abaec84,verified_object_version,0.08996859912928687,forecast-8cd582df56ae88dcc835e7b9,2026-02-07T18:00:00Z,2026-02-08T10:00:00+05:00
forecast-8cd582df56ae88dcc835e7b9,turbine_1,2026-02-07T18:00:00Z,2026-02-08T06:00:00Z,12,12,ml-9ffc3398a6c80f479aed4063,gfs-eb0b3b8d72d276806abaec84,verified_object_version,0.03111286974988295,forecast-8cd582df56ae88dcc835e7b9,2026-02-07T18:00:00Z,2026-02-08T11:00:00+05:00
forecast-8cd582df56ae88dcc835e7b9,turbine_1,2026-02-07T18:00:00Z,2026-02-08T07:00:00Z,13,13,ml-9ffc3398a6c80f479aed4063,gfs-eb0b3b8d72d276806abaec84,verified_object_version,0.019877442983302268,forecast-8cd582df56ae88dcc835e7b9,2026-02-07T18:00:00Z,2026-02-08T12:00:00+05:00
forecast-8cd582df56ae88dcc835e7b9,turbine_1,2026-02-07T18:00:00Z,2026-02-08T08:00:00Z,14,14,ml-9ffc3398a6c80f479aed4063,gfs-eb0b3b8d72d276806abaec84,verified_object_version,0.025800953460971915,forecast-8cd582df56ae88dcc835e7b9,2026-02-07T18:00:00Z,2026-02-08T13:00:00+05:00
forecast-8cd582df56ae88dcc835e7b9,turbine_1,2026-02-07T18:00:00Z,2026-02-08T09:00:00Z,15,15,ml-9ffc3398a6c80f479aed4063,gfs-eb0b3b8d72d276806abaec84,verified_object_version,0.05676193772861621,forecast-8cd582df56ae88dcc835e7b9,2026-02-07T18:00:00Z,2026-02-08T14:00:00+05:00
forecast-8cd582df56ae88dcc835e7b9,turbine_1,2026-02-07T18:00:00Z,2026-02-08T10:00:00Z,16,16,ml-9ffc3398a6c80f479aed4063,gfs-eb0b3b8d72d276806abaec84,verified_object_version,0.276761556191363,forecast-8cd582df56ae88dcc835e7b9,2026-02-07T18:00:00Z,2026-02-08T15:00:00+05:00
forecast-8cd582df56ae88dcc835e7b9,turbine_1,2026-02-07T18:00:00Z,2026-02-08T11:00:00Z,17,17,ml-9ffc3398a6c80f479aed4063,gfs-eb0b3b8d72d276806abaec84,verified_object_version,0.9276630935147798,forecast-8cd582df56ae88dcc835e7b9,2026-02-07T18:00:00Z,2026-02-08T16:00:00+05:00
forecast-8cd582df56ae88dcc835e7b9,turbine_1,2026-02-07T18:00:00Z,2026-02-08T12:00:00Z,18,18,ml-9ffc3398a6c80f479aed4063,gfs-eb0b3b8d72d276806abaec84,verified_object_version,0.9860066186429826,forecast-8cd582df56ae88dcc835e7b9,2026-02-07T18:00:00Z,2026-02-08T17:00:00+05:00
forecast-8cd582df56ae88dcc835e7b9,turbine_1,2026-02-07T18:00:00Z,2026-02-08T13:00:00Z,19,19,ml-9ffc3398a6c80f479aed4063,gfs-eb0b3b8d72d276806abaec84,verified_object_version,0.9890749196306629,forecast-8cd582df56ae88dcc835e7b9,2026-02-07T18:00:00Z,2026-02-08T18:00:00+05:00
forecast-8cd582df56ae88dcc835e7b9,turbine_1,2026-02-07T18:00:00Z,2026-02-08T14:00:00Z,20,20,ml-9ffc3398a6c80f479aed4063,gfs-eb0b3b8d72d276806abaec84,verified_object_version,0.990154795063808,forecast-8cd582df56ae88dcc835e7b9,2026-02-07T18:00:00Z,2026-02-08T19:00:00+05:00
forecast-8cd582df56ae88dcc835e7b9,turbine_1,2026-02-07T18:00:00Z,2026-02-08T15:00:00Z,21,21,ml-9ffc3398a6c80f479aed4063,gfs-eb0b3b8d72d276806abaec84,verified_object_version,0.9926589557288457,forecast-8cd582df56ae88dcc835e7b9,2026-02-07T18:00:00Z,2026-02-08T20:00:00+05:00
forecast-8cd582df56ae88dcc835e7b9,turbine_1,2026-02-07T18:00:00Z,2026-02-08T16:00:00Z,22,22,ml-9ffc3398a6c80f479aed4063,gfs-eb0b3b8d72d276806abaec84,verified_object_version,0.993373405044579,forecast-8cd582df56ae88dcc835e7b9,2026-02-07T18:00:00Z,2026-02-08T21:00:00+05:00
forecast-8cd582df56ae88dcc835e7b9,turbine_1,2026-02-07T18:00:00Z,2026-02-08T17:00:00Z,23,23,ml-9ffc3398a6c80f479aed4063,gfs-eb0b3b8d72d276806abaec84,verified_object_version,0.9956925717487595,forecast-8cd582df56ae88dcc835e7b9,2026-02-07T18:00:00Z,2026-02-08T22:00:00+05:00
forecast-8cd582df56ae88dcc835e7b9,turbine_1,2026-02-07T18:00:00Z,2026-02-08T18:00:00Z,24,24,ml-9ffc3398a6c80f479aed4063,gfs-eb0b3b8d72d276806abaec84,verified_object_version,0.9776260256010101,forecast-8cd582df56ae88dcc835e7b9,2026-02-07T18:00:00Z,2026-02-08T23:00:00+05:00
forecast-0e2973b22866fc6154b2192e,turbine_1,2026-02-08T18:00:00Z,2026-02-08T19:00:00Z,1,1,ml-9ffc3398a6c80f479aed4063,gfs-15849efe12ca8a2194ecd248,verified_object_version,0.9757610955171849,forecast-0e2973b22866fc6154b2192e,2026-02-08T18:00:00Z,2026-02-09T00:00:00+05:00
forecast-0e2973b22866fc6154b2192e,turbine_1,2026-02-08T18:00:00Z,2026-02-08T20:00:00Z,2,2,ml-9ffc3398a6c80f479aed4063,gfs-15849efe12ca8a2194ecd248,verified_object_version,0.9545820422004867,forecast-0e2973b22866fc6154b2192e,2026-02-08T18:00:00Z,2026-02-09T01:00:00+05:00
forecast-0e2973b22866fc6154b2192e,turbine_1,2026-02-08T18:00:00Z,2026-02-08T21:00:00Z,3,3,ml-9ffc3398a6c80f479aed4063,gfs-15849efe12ca8a2194ecd248,verified_object_version,0.9502272988719117,forecast-0e2973b22866fc6154b2192e,2026-02-08T18:00:00Z,2026-02-09T02:00:00+05:00
forecast-0e2973b22866fc6154b2192e,turbine_1,2026-02-08T18:00:00Z,2026-02-08T22:00:00Z,4,4,ml-9ffc3398a6c80f479aed4063,gfs-15849efe12ca8a2194ecd248,verified_object_version,0.9444059747850323,forecast-0e2973b22866fc6154b2192e,2026-02-08T18:00:00Z,2026-02-09T03:00:00+05:00
forecast-0e2973b22866fc6154b2192e,turbine_1,2026-02-08T18:00:00Z,2026-02-08T23:00:00Z,5,5,ml-9ffc3398a6c80f479aed4063,gfs-15849efe12ca8a2194ecd248,verified_object_version,0.943549073951755,forecast-0e2973b22866fc6154b2192e,2026-02-08T18:00:00Z,2026-02-09T04:00:00+05:00
forecast-0e2973b22866fc6154b2192e,turbine_1,2026-02-08T18:00:00Z,2026-02-09T00:00:00Z,6,6,ml-9ffc3398a6c80f479aed4063,gfs-15849efe12ca8a2194ecd248,verified_object_version,0.9437393398969554,forecast-0e2973b22866fc6154b2192e,2026-02-08T18:00:00Z,2026-02-09T05:00:00+05:00
forecast-0e2973b22866fc6154b2192e,turbine_1,2026-02-08T18:00:00Z,2026-02-09T01:00:00Z,7,7,ml-9ffc3398a6c80f479aed4063,gfs-15849efe12ca8a2194ecd248,verified_object_version,0.9438484081621356,forecast-0e2973b22866fc6154b2192e,2026-02-08T18:00:00Z,2026-02-09T06:00:00+05:00
forecast-0e2973b22866fc6154b2192e,turbine_1,2026-02-08T18:00:00Z,2026-02-09T02:00:00Z,8,8,ml-9ffc3398a6c80f479aed4063,gfs-15849efe12ca8a2194ecd248,verified_object_version,0.9226514744761928,forecast-0e2973b22866fc6154b2192e,2026-02-08T18:00:00Z,2026-02-09T07:00:00+05:00
forecast-0e2973b22866fc6154b2192e,turbine_1,2026-02-08T18:00:00Z,2026-02-09T03:00:00Z,9,9,ml-9ffc3398a6c80f479aed4063,gfs-15849efe12ca8a2194ecd248,verified_object_version,0.957338210934861,forecast-0e2973b22866fc6154b2192e,2026-02-08T18:00:00Z,2026-02-09T08:00:00+05:00
forecast-0e2973b22866fc6154b2192e,turbine_1,2026-02-08T18:00:00Z,2026-02-09T04:00:00Z,10,10,ml-9ffc3398a6c80f479aed4063,gfs-15849efe12ca8a2194ecd248,verified_object_version,0.9513883667987739,forecast-0e2973b22866fc6154b2192e,2026-02-08T18:00:00Z,2026-02-09T09:00:00+05:00
forecast-0e2973b22866fc6154b2192e,turbine_1,2026-02-08T18:00:00Z,2026-02-09T05:00:00Z,11,11,ml-9ffc3398a6c80f479aed4063,gfs-15849efe12ca8a2194ecd248,verified_object_version,0.9554065290262805,forecast-0e2973b22866fc6154b2192e,2026-02-08T18:00:00Z,2026-02-09T10:00:00+05:00
forecast-0e2973b22866fc6154b2192e,turbine_1,2026-02-08T18:00:00Z,2026-02-09T06:00:00Z,12,12,ml-9ffc3398a6c80f479aed4063,gfs-15849efe12ca8a2194ecd248,verified_object_version,0.9813159966866847,forecast-0e2973b22866fc6154b2192e,2026-02-08T18:00:00Z,2026-02-09T11:00:00+05:00
forecast-0e2973b22866fc6154b2192e,turbine_1,2026-02-08T18:00:00Z,2026-02-09T07:00:00Z,13,13,ml-9ffc3398a6c80f479aed4063,gfs-15849efe12ca8a2194ecd248,verified_object_version,0.9795973738715893,forecast-0e2973b22866fc6154b2192e,2026-02-08T18:00:00Z,2026-02-09T12:00:00+05:00
forecast-0e2973b22866fc6154b2192e,turbine_1,2026-02-08T18:00:00Z,2026-02-09T08:00:00Z,14,14,ml-9ffc3398a6c80f479aed4063,gfs-15849efe12ca8a2194ecd248,verified_object_version,0.9845789562956853,forecast-0e2973b22866fc6154b2192e,2026-02-08T18:00:00Z,2026-02-09T13:00:00+05:00
forecast-0e2973b22866fc6154b2192e,turbine_1,2026-02-08T18:00:00Z,2026-02-09T09:00:00Z,15,15,ml-9ffc3398a6c80f479aed4063,gfs-15849efe12ca8a2194ecd248,verified_object_version,0.9926036802023566,forecast-0e2973b22866fc6154b2192e,2026-02-08T18:00:00Z,2026-02-09T14:00:00+05:00
forecast-0e2973b22866fc6154b2192e,turbine_1,2026-02-08T18:00:00Z,2026-02-09T10:00:00Z,16,16,ml-9ffc3398a6c80f479aed4063,gfs-15849efe12ca8a2194ecd248,verified_object_version,0.9913560467954995,forecast-0e2973b22866fc6154b2192e,2026-02-08T18:00:00Z,2026-02-09T15:00:00+05:00
forecast-0e2973b22866fc6154b2192e,turbine_1,2026-02-08T18:00:00Z,2026-02-09T11:00:00Z,17,17,ml-9ffc3398a6c80f479aed4063,gfs-15849efe12ca8a2194ecd248,verified_object_version,0.9929125059810767,forecast-0e2973b22866fc6154b2192e,2026-02-08T18:00:00Z,2026-02-09T16:00:00+05:00
forecast-0e2973b22866fc6154b2192e,turbine_1,2026-02-08T18:00:00Z,2026-02-09T12:00:00Z,18,18,ml-9ffc3398a6c80f479aed4063,gfs-15849efe12ca8a2194ecd248,verified_object_version,0.8409606957408169,forecast-0e2973b22866fc6154b2192e,2026-02-08T18:00:00Z,2026-02-09T17:00:00+05:00
forecast-0e2973b22866fc6154b2192e,turbine_1,2026-02-08T18:00:00Z,2026-02-09T13:00:00Z,19,19,ml-9ffc3398a6c80f479aed4063,gfs-15849efe12ca8a2194ecd248,verified_object_version,0.2213029169226048,forecast-0e2973b22866fc6154b2192e,2026-02-08T18:00:00Z,2026-02-09T18:00:00+05:00
forecast-0e2973b22866fc6154b2192e,turbine_1,2026-02-08T18:00:00Z,2026-02-09T14:00:00Z,20,20,ml-9ffc3398a6c80f479aed4063,gfs-15849efe12ca8a2194ecd248,verified_object_version,0.12143241798991938,forecast-0e2973b22866fc6154b2192e,2026-02-08T18:00:00Z,2026-02-09T19:00:00+05:00
forecast-0e2973b22866fc6154b2192e,turbine_1,2026-02-08T18:00:00Z,2026-02-09T15:00:00Z,21,21,ml-9ffc3398a6c80f479aed4063,gfs-15849efe12ca8a2194ecd248,verified_object_version,0.0737386857249093,forecast-0e2973b22866fc6154b2192e,2026-02-08T18:00:00Z,2026-02-09T20:00:00+05:00
forecast-0e2973b22866fc6154b2192e,turbine_1,2026-02-08T18:00:00Z,2026-02-09T16:00:00Z,22,22,ml-9ffc3398a6c80f479aed4063,gfs-15849efe12ca8a2194ecd248,verified_object_version,0.05049872753469978,forecast-0e2973b22866fc6154b2192e,2026-02-08T18:00:00Z,2026-02-09T21:00:00+05:00
forecast-0e2973b22866fc6154b2192e,turbine_1,2026-02-08T18:00:00Z,2026-02-09T17:00:00Z,23,23,ml-9ffc3398a6c80f479aed4063,gfs-15849efe12ca8a2194ecd248,verified_object_version,0.026729916322498132,forecast-0e2973b22866fc6154b2192e,2026-02-08T18:00:00Z,2026-02-09T22:00:00+05:00
forecast-0e2973b22866fc6154b2192e,turbine_1,2026-02-08T18:00:00Z,2026-02-09T18:00:00Z,24,24,ml-9ffc3398a6c80f479aed4063,gfs-15849efe12ca8a2194ecd248,verified_object_version,0.02358268656035034,forecast-0e2973b22866fc6154b2192e,2026-02-08T18:00:00Z,2026-02-09T23:00:00+05:00
forecast-a91f91e2d3b1e5caf41153af,turbine_1,2026-02-09T18:00:00Z,2026-02-09T19:00:00Z,1,1,ml-9ffc3398a6c80f479aed4063,gfs-cda9569b4eadd2d5a7b12740,verified_object_version,0.0281116609206081,forecast-a91f91e2d3b1e5caf41153af,2026-02-09T18:00:00Z,2026-02-10T00:00:00+05:00
forecast-a91f91e2d3b1e5caf41153af,turbine_1,2026-02-09T18:00:00Z,2026-02-09T20:00:00Z,2,2,ml-9ffc3398a6c80f479aed4063,gfs-cda9569b4eadd2d5a7b12740,verified_object_version,0.015418070712560517,forecast-a91f91e2d3b1e5caf41153af,2026-02-09T18:00:00Z,2026-02-10T01:00:00+05:00
forecast-a91f91e2d3b1e5caf41153af,turbine_1,2026-02-09T18:00:00Z,2026-02-09T21:00:00Z,3,3,ml-9ffc3398a6c80f479aed4063,gfs-cda9569b4eadd2d5a7b12740,verified_object_version,0.015514612962501534,forecast-a91f91e2d3b1e5caf41153af,2026-02-09T18:00:00Z,2026-02-10T02:00:00+05:00
forecast-a91f91e2d3b1e5caf41153af,turbine_1,2026-02-09T18:00:00Z,2026-02-09T22:00:00Z,4,4,ml-9ffc3398a6c80f479aed4063,gfs-cda9569b4eadd2d5a7b12740,verified_object_version,0.028661690664845474,forecast-a91f91e2d3b1e5caf41153af,2026-02-09T18:00:00Z,2026-02-10T03:00:00+05:00
forecast-a91f91e2d3b1e5caf41153af,turbine_1,2026-02-09T18:00:00Z,2026-02-09T23:00:00Z,5,5,ml-9ffc3398a6c80f479aed4063,gfs-cda9569b4eadd2d5a7b12740,verified_object_version,0.04444051414342229,forecast-a91f91e2d3b1e5caf41153af,2026-02-09T18:00:00Z,2026-02-10T04:00:00+05:00
forecast-a91f91e2d3b1e5caf41153af,turbine_1,2026-02-09T18:00:00Z,2026-02-10T00:00:00Z,6,6,ml-9ffc3398a6c80f479aed4063,gfs-cda9569b4eadd2d5a7b12740,verified_object_version,0.2307718509985435,forecast-a91f91e2d3b1e5caf41153af,2026-02-09T18:00:00Z,2026-02-10T05:00:00+05:00
forecast-a91f91e2d3b1e5caf41153af,turbine_1,2026-02-09T18:00:00Z,2026-02-10T01:00:00Z,7,7,ml-9ffc3398a6c80f479aed4063,gfs-cda9569b4eadd2d5a7b12740,verified_object_version,0.24018604466485272,forecast-a91f91e2d3b1e5caf41153af,2026-02-09T18:00:00Z,2026-02-10T06:00:00+05:00
forecast-a91f91e2d3b1e5caf41153af,turbine_1,2026-02-09T18:00:00Z,2026-02-10T02:00:00Z,8,8,ml-9ffc3398a6c80f479aed4063,gfs-cda9569b4eadd2d5a7b12740,verified_object_version,0.35339416322797934,forecast-a91f91e2d3b1e5caf41153af,2026-02-09T18:00:00Z,2026-02-10T07:00:00+05:00
forecast-a91f91e2d3b1e5caf41153af,turbine_1,2026-02-09T18:00:00Z,2026-02-10T03:00:00Z,9,9,ml-9ffc3398a6c80f479aed4063,gfs-cda9569b4eadd2d5a7b12740,verified_object_version,0.36779779844993943,forecast-a91f91e2d3b1e5caf41153af,2026-02-09T18:00:00Z,2026-02-10T08:00:00+05:00
forecast-a91f91e2d3b1e5caf41153af,turbine_1,2026-02-09T18:00:00Z,2026-02-10T04:00:00Z,10,10,ml-9ffc3398a6c80f479aed4063,gfs-cda9569b4eadd2d5a7b12740,verified_object_version,0.1909718517630662,forecast-a91f91e2d3b1e5caf41153af,2026-02-09T18:00:00Z,2026-02-10T09:00:00+05:00
forecast-a91f91e2d3b1e5caf41153af,turbine_1,2026-02-09T18:00:00Z,2026-02-10T05:00:00Z,11,11,ml-9ffc3398a6c80f479aed4063,gfs-cda9569b4eadd2d5a7b12740,verified_object_version,0.5362040793956937,forecast-a91f91e2d3b1e5caf41153af,2026-02-09T18:00:00Z,2026-02-10T10:00:00+05:00
forecast-a91f91e2d3b1e5caf41153af,turbine_1,2026-02-09T18:00:00Z,2026-02-10T06:00:00Z,12,12,ml-9ffc3398a6c80f479aed4063,gfs-cda9569b4eadd2d5a7b12740,verified_object_version,0.48204042340391723,forecast-a91f91e2d3b1e5caf41153af,2026-02-09T18:00:00Z,2026-02-10T11:00:00+05:00
forecast-a91f91e2d3b1e5caf41153af,turbine_1,2026-02-09T18:00:00Z,2026-02-10T07:00:00Z,13,13,ml-9ffc3398a6c80f479aed4063,gfs-cda9569b4eadd2d5a7b12740,verified_object_version,0.15834337207272342,forecast-a91f91e2d3b1e5caf41153af,2026-02-09T18:00:00Z,2026-02-10T12:00:00+05:00
forecast-a91f91e2d3b1e5caf41153af,turbine_1,2026-02-09T18:00:00Z,2026-02-10T08:00:00Z,14,14,ml-9ffc3398a6c80f479aed4063,gfs-cda9569b4eadd2d5a7b12740,verified_object_version,0.16943170239982655,forecast-a91f91e2d3b1e5caf41153af,2026-02-09T18:00:00Z,2026-02-10T13:00:00+05:00
forecast-a91f91e2d3b1e5caf41153af,turbine_1,2026-02-09T18:00:00Z,2026-02-10T09:00:00Z,15,15,ml-9ffc3398a6c80f479aed4063,gfs-cda9569b4eadd2d5a7b12740,verified_object_version,0.054098112644047985,forecast-a91f91e2d3b1e5caf41153af,2026-02-09T18:00:00Z,2026-02-10T14:00:00+05:00
forecast-a91f91e2d3b1e5caf41153af,turbine_1,2026-02-09T18:00:00Z,2026-02-10T10:00:00Z,16,16,ml-9ffc3398a6c80f479aed4063,gfs-cda9569b4eadd2d5a7b12740,verified_object_version,0.05310193355375781,forecast-a91f91e2d3b1e5caf41153af,2026-02-09T18:00:00Z,2026-02-10T15:00:00+05:00
forecast-a91f91e2d3b1e5caf41153af,turbine_1,2026-02-09T18:00:00Z,2026-02-10T11:00:00Z,17,17,ml-9ffc3398a6c80f479aed4063,gfs-cda9569b4eadd2d5a7b12740,verified_object_version,0.08726584575004992,forecast-a91f91e2d3b1e5caf41153af,2026-02-09T18:00:00Z,2026-02-10T16:00:00+05:00
forecast-a91f91e2d3b1e5caf41153af,turbine_1,2026-02-09T18:00:00Z,2026-02-10T12:00:00Z,18,18,ml-9ffc3398a6c80f479aed4063,gfs-cda9569b4eadd2d5a7b12740,verified_object_version,0.07527787930728297,forecast-a91f91e2d3b1e5caf41153af,2026-02-09T18:00:00Z,2026-02-10T17:00:00+05:00
forecast-a91f91e2d3b1e5caf41153af,turbine_1,2026-02-09T18:00:00Z,2026-02-10T13:00:00Z,19,19,ml-9ffc3398a6c80f479aed4063,gfs-cda9569b4eadd2d5a7b12740,verified_object_version,0.17753363701125108,forecast-a91f91e2d3b1e5caf41153af,2026-02-09T18:00:00Z,2026-02-10T18:00:00+05:00
forecast-a91f91e2d3b1e5caf41153af,turbine_1,2026-02-09T18:00:00Z,2026-02-10T14:00:00Z,20,20,ml-9ffc3398a6c80f479aed4063,gfs-cda9569b4eadd2d5a7b12740,verified_object_version,0.34165681596080355,forecast-a91f91e2d3b1e5caf41153af,2026-02-09T18:00:00Z,2026-02-10T19:00:00+05:00
forecast-a91f91e2d3b1e5caf41153af,turbine_1,2026-02-09T18:00:00Z,2026-02-10T15:00:00Z,21,21,ml-9ffc3398a6c80f479aed4063,gfs-cda9569b4eadd2d5a7b12740,verified_object_version,0.4779140306497235,forecast-a91f91e2d3b1e5caf41153af,2026-02-09T18:00:00Z,2026-02-10T20:00:00+05:00
forecast-a91f91e2d3b1e5caf41153af,turbine_1,2026-02-09T18:00:00Z,2026-02-10T16:00:00Z,22,22,ml-9ffc3398a6c80f479aed4063,gfs-cda9569b4eadd2d5a7b12740,verified_object_version,0.5648792292528966,forecast-a91f91e2d3b1e5caf41153af,2026-02-09T18:00:00Z,2026-02-10T21:00:00+05:00
forecast-a91f91e2d3b1e5caf41153af,turbine_1,2026-02-09T18:00:00Z,2026-02-10T17:00:00Z,23,23,ml-9ffc3398a6c80f479aed4063,gfs-cda9569b4eadd2d5a7b12740,verified_object_version,0.5952344053989178,forecast-a91f91e2d3b1e5caf41153af,2026-02-09T18:00:00Z,2026-02-10T22:00:00+05:00
forecast-a91f91e2d3b1e5caf41153af,turbine_1,2026-02-09T18:00:00Z,2026-02-10T18:00:00Z,24,24,ml-9ffc3398a6c80f479aed4063,gfs-cda9569b4eadd2d5a7b12740,verified_object_version,0.7230249199897693,forecast-a91f91e2d3b1e5caf41153af,2026-02-09T18:00:00Z,2026-02-10T23:00:00+05:00
forecast-38ccdbfdcca32631c4857e6d,turbine_1,2026-02-10T18:00:00Z,2026-02-10T19:00:00Z,1,1,ml-9ffc3398a6c80f479aed4063,gfs-d76e6f2e71fc35ebbc931307,verified_object_version,0.9810826983060743,forecast-38ccdbfdcca32631c4857e6d,2026-02-10T18:00:00Z,2026-02-11T00:00:00+05:00
forecast-38ccdbfdcca32631c4857e6d,turbine_1,2026-02-10T18:00:00Z,2026-02-10T20:00:00Z,2,2,ml-9ffc3398a6c80f479aed4063,gfs-d76e6f2e71fc35ebbc931307,verified_object_version,0.9637264942715937,forecast-38ccdbfdcca32631c4857e6d,2026-02-10T18:00:00Z,2026-02-11T01:00:00+05:00
forecast-38ccdbfdcca32631c4857e6d,turbine_1,2026-02-10T18:00:00Z,2026-02-10T21:00:00Z,3,3,ml-9ffc3398a6c80f479aed4063,gfs-d76e6f2e71fc35ebbc931307,verified_object_version,0.9615975936581327,forecast-38ccdbfdcca32631c4857e6d,2026-02-10T18:00:00Z,2026-02-11T02:00:00+05:00
forecast-38ccdbfdcca32631c4857e6d,turbine_1,2026-02-10T18:00:00Z,2026-02-10T22:00:00Z,4,4,ml-9ffc3398a6c80f479aed4063,gfs-d76e6f2e71fc35ebbc931307,verified_object_version,0.8209936598884121,forecast-38ccdbfdcca32631c4857e6d,2026-02-10T18:00:00Z,2026-02-11T03:00:00+05:00
forecast-38ccdbfdcca32631c4857e6d,turbine_1,2026-02-10T18:00:00Z,2026-02-10T23:00:00Z,5,5,ml-9ffc3398a6c80f479aed4063,gfs-d76e6f2e71fc35ebbc931307,verified_object_version,0.5143800963856178,forecast-38ccdbfdcca32631c4857e6d,2026-02-10T18:00:00Z,2026-02-11T04:00:00+05:00
forecast-38ccdbfdcca32631c4857e6d,turbine_1,2026-02-10T18:00:00Z,2026-02-11T00:00:00Z,6,6,ml-9ffc3398a6c80f479aed4063,gfs-d76e6f2e71fc35ebbc931307,verified_object_version,0.1397084748106015,forecast-38ccdbfdcca32631c4857e6d,2026-02-10T18:00:00Z,2026-02-11T05:00:00+05:00
forecast-38ccdbfdcca32631c4857e6d,turbine_1,2026-02-10T18:00:00Z,2026-02-11T01:00:00Z,7,7,ml-9ffc3398a6c80f479aed4063,gfs-d76e6f2e71fc35ebbc931307,verified_object_version,0.03689552770358159,forecast-38ccdbfdcca32631c4857e6d,2026-02-10T18:00:00Z,2026-02-11T06:00:00+05:00
forecast-38ccdbfdcca32631c4857e6d,turbine_1,2026-02-10T18:00:00Z,2026-02-11T02:00:00Z,8,8,ml-9ffc3398a6c80f479aed4063,gfs-d76e6f2e71fc35ebbc931307,verified_object_version,0.04176365273704391,forecast-38ccdbfdcca32631c4857e6d,2026-02-10T18:00:00Z,2026-02-11T07:00:00+05:00
forecast-38ccdbfdcca32631c4857e6d,turbine_1,2026-02-10T18:00:00Z,2026-02-11T03:00:00Z,9,9,ml-9ffc3398a6c80f479aed4063,gfs-d76e6f2e71fc35ebbc931307,verified_object_version,0.324078095785279,forecast-38ccdbfdcca32631c4857e6d,2026-02-10T18:00:00Z,2026-02-11T08:00:00+05:00
forecast-38ccdbfdcca32631c4857e6d,turbine_1,2026-02-10T18:00:00Z,2026-02-11T04:00:00Z,10,10,ml-9ffc3398a6c80f479aed4063,gfs-d76e6f2e71fc35ebbc931307,verified_object_version,0.19794444735166045,forecast-38ccdbfdcca32631c4857e6d,2026-02-10T18:00:00Z,2026-02-11T09:00:00+05:00
forecast-38ccdbfdcca32631c4857e6d,turbine_1,2026-02-10T18:00:00Z,2026-02-11T05:00:00Z,11,11,ml-9ffc3398a6c80f479aed4063,gfs-d76e6f2e71fc35ebbc931307,verified_object_version,0.4755844043350386,forecast-38ccdbfdcca32631c4857e6d,2026-02-10T18:00:00Z,2026-02-11T10:00:00+05:00
forecast-38ccdbfdcca32631c4857e6d,turbine_1,2026-02-10T18:00:00Z,2026-02-11T06:00:00Z,12,12,ml-9ffc3398a6c80f479aed4063,gfs-d76e6f2e71fc35ebbc931307,verified_object_version,0.9804462541256309,forecast-38ccdbfdcca32631c4857e6d,2026-02-10T18:00:00Z,2026-02-11T11:00:00+05:00
forecast-38ccdbfdcca32631c4857e6d,turbine_1,2026-02-10T18:00:00Z,2026-02-11T07:00:00Z,13,13,ml-9ffc3398a6c80f479aed4063,gfs-d76e6f2e71fc35ebbc931307,verified_object_version,0.9827357285660263,forecast-38ccdbfdcca32631c4857e6d,2026-02-10T18:00:00Z,2026-02-11T12:00:00+05:00
forecast-38ccdbfdcca32631c4857e6d,turbine_1,2026-02-10T18:00:00Z,2026-02-11T08:00:00Z,14,14,ml-9ffc3398a6c80f479aed4063,gfs-d76e6f2e71fc35ebbc931307,verified_object_version,0.9874199799964221,forecast-38ccdbfdcca32631c4857e6d,2026-02-10T18:00:00Z,2026-02-11T13:00:00+05:00
forecast-38ccdbfdcca32631c4857e6d,turbine_1,2026-02-10T18:00:00Z,2026-02-11T09:00:00Z,15,15,ml-9ffc3398a6c80f479aed4063,gfs-d76e6f2e71fc35ebbc931307,verified_object_version,0.7723985807365362,forecast-38ccdbfdcca32631c4857e6d,2026-02-10T18:00:00Z,2026-02-11T14:00:00+05:00
forecast-38ccdbfdcca32631c4857e6d,turbine_1,2026-02-10T18:00:00Z,2026-02-11T10:00:00Z,16,16,ml-9ffc3398a6c80f479aed4063,gfs-d76e6f2e71fc35ebbc931307,verified_object_version,0.1777385586743473,forecast-38ccdbfdcca32631c4857e6d,2026-02-10T18:00:00Z,2026-02-11T15:00:00+05:00
forecast-38ccdbfdcca32631c4857e6d,turbine_1,2026-02-10T18:00:00Z,2026-02-11T11:00:00Z,17,17,ml-9ffc3398a6c80f479aed4063,gfs-d76e6f2e71fc35ebbc931307,verified_object_version,0.8896133713783896,forecast-38ccdbfdcca32631c4857e6d,2026-02-10T18:00:00Z,2026-02-11T16:00:00+05:00
forecast-38ccdbfdcca32631c4857e6d,turbine_1,2026-02-10T18:00:00Z,2026-02-11T12:00:00Z,18,18,ml-9ffc3398a6c80f479aed4063,gfs-d76e6f2e71fc35ebbc931307,verified_object_version,0.9150078141840015,forecast-38ccdbfdcca32631c4857e6d,2026-02-10T18:00:00Z,2026-02-11T17:00:00+05:00
forecast-38ccdbfdcca32631c4857e6d,turbine_1,2026-02-10T18:00:00Z,2026-02-11T13:00:00Z,19,19,ml-9ffc3398a6c80f479aed4063,gfs-d76e6f2e71fc35ebbc931307,verified_object_version,0.9288869318470523,forecast-38ccdbfdcca32631c4857e6d,2026-02-10T18:00:00Z,2026-02-11T18:00:00+05:00
forecast-38ccdbfdcca32631c4857e6d,turbine_1,2026-02-10T18:00:00Z,2026-02-11T14:00:00Z,20,20,ml-9ffc3398a6c80f479aed4063,gfs-d76e6f2e71fc35ebbc931307,verified_object_version,0.968150853005415,forecast-38ccdbfdcca32631c4857e6d,2026-02-10T18:00:00Z,2026-02-11T19:00:00+05:00
forecast-38ccdbfdcca32631c4857e6d,turbine_1,2026-02-10T18:00:00Z,2026-02-11T15:00:00Z,21,21,ml-9ffc3398a6c80f479aed4063,gfs-d76e6f2e71fc35ebbc931307,verified_object_version,0.9532318858774257,forecast-38ccdbfdcca32631c4857e6d,2026-02-10T18:00:00Z,2026-02-11T20:00:00+05:00
forecast-38ccdbfdcca32631c4857e6d,turbine_1,2026-02-10T18:00:00Z,2026-02-11T16:00:00Z,22,22,ml-9ffc3398a6c80f479aed4063,gfs-d76e6f2e71fc35ebbc931307,verified_object_version,0.9105959330039027,forecast-38ccdbfdcca32631c4857e6d,2026-02-10T18:00:00Z,2026-02-11T21:00:00+05:00
forecast-38ccdbfdcca32631c4857e6d,turbine_1,2026-02-10T18:00:00Z,2026-02-11T17:00:00Z,23,23,ml-9ffc3398a6c80f479aed4063,gfs-d76e6f2e71fc35ebbc931307,verified_object_version,0.6514268550100504,forecast-38ccdbfdcca32631c4857e6d,2026-02-10T18:00:00Z,2026-02-11T22:00:00+05:00
forecast-38ccdbfdcca32631c4857e6d,turbine_1,2026-02-10T18:00:00Z,2026-02-11T18:00:00Z,24,24,ml-9ffc3398a6c80f479aed4063,gfs-d76e6f2e71fc35ebbc931307,verified_object_version,0.6855539616868912,forecast-38ccdbfdcca32631c4857e6d,2026-02-10T18:00:00Z,2026-02-11T23:00:00+05:00
forecast-8f55577d9b6a4920938b07b8,turbine_1,2026-02-11T18:00:00Z,2026-02-11T19:00:00Z,1,1,ml-9ffc3398a6c80f479aed4063,gfs-8a845cee915dcf4cb2c1002b,verified_object_version,0.48248419613041194,forecast-8f55577d9b6a4920938b07b8,2026-02-11T18:00:00Z,2026-02-12T00:00:00+05:00
forecast-8f55577d9b6a4920938b07b8,turbine_1,2026-02-11T18:00:00Z,2026-02-11T20:00:00Z,2,2,ml-9ffc3398a6c80f479aed4063,gfs-8a845cee915dcf4cb2c1002b,verified_object_version,0.6583091407216309,forecast-8f55577d9b6a4920938b07b8,2026-02-11T18:00:00Z,2026-02-12T01:00:00+05:00
forecast-8f55577d9b6a4920938b07b8,turbine_1,2026-02-11T18:00:00Z,2026-02-11T21:00:00Z,3,3,ml-9ffc3398a6c80f479aed4063,gfs-8a845cee915dcf4cb2c1002b,verified_object_version,0.602968640518485,forecast-8f55577d9b6a4920938b07b8,2026-02-11T18:00:00Z,2026-02-12T02:00:00+05:00
forecast-8f55577d9b6a4920938b07b8,turbine_1,2026-02-11T18:00:00Z,2026-02-11T22:00:00Z,4,4,ml-9ffc3398a6c80f479aed4063,gfs-8a845cee915dcf4cb2c1002b,verified_object_version,0.3483135293977211,forecast-8f55577d9b6a4920938b07b8,2026-02-11T18:00:00Z,2026-02-12T03:00:00+05:00
forecast-8f55577d9b6a4920938b07b8,turbine_1,2026-02-11T18:00:00Z,2026-02-11T23:00:00Z,5,5,ml-9ffc3398a6c80f479aed4063,gfs-8a845cee915dcf4cb2c1002b,verified_object_version,0.11524642718024607,forecast-8f55577d9b6a4920938b07b8,2026-02-11T18:00:00Z,2026-02-12T04:00:00+05:00
forecast-8f55577d9b6a4920938b07b8,turbine_1,2026-02-11T18:00:00Z,2026-02-12T00:00:00Z,6,6,ml-9ffc3398a6c80f479aed4063,gfs-8a845cee915dcf4cb2c1002b,verified_object_version,0.11015924474793083,forecast-8f55577d9b6a4920938b07b8,2026-02-11T18:00:00Z,2026-02-12T05:00:00+05:00
forecast-8f55577d9b6a4920938b07b8,turbine_1,2026-02-11T18:00:00Z,2026-02-12T01:00:00Z,7,7,ml-9ffc3398a6c80f479aed4063,gfs-8a845cee915dcf4cb2c1002b,verified_object_version,0.1167468145643424,forecast-8f55577d9b6a4920938b07b8,2026-02-11T18:00:00Z,2026-02-12T06:00:00+05:00
forecast-8f55577d9b6a4920938b07b8,turbine_1,2026-02-11T18:00:00Z,2026-02-12T02:00:00Z,8,8,ml-9ffc3398a6c80f479aed4063,gfs-8a845cee915dcf4cb2c1002b,verified_object_version,0.07714090941735749,forecast-8f55577d9b6a4920938b07b8,2026-02-11T18:00:00Z,2026-02-12T07:00:00+05:00
forecast-8f55577d9b6a4920938b07b8,turbine_1,2026-02-11T18:00:00Z,2026-02-12T03:00:00Z,9,9,ml-9ffc3398a6c80f479aed4063,gfs-8a845cee915dcf4cb2c1002b,verified_object_version,0.08566450426046715,forecast-8f55577d9b6a4920938b07b8,2026-02-11T18:00:00Z,2026-02-12T08:00:00+05:00
forecast-8f55577d9b6a4920938b07b8,turbine_1,2026-02-11T18:00:00Z,2026-02-12T04:00:00Z,10,10,ml-9ffc3398a6c80f479aed4063,gfs-8a845cee915dcf4cb2c1002b,verified_object_version,0.01436803255667568,forecast-8f55577d9b6a4920938b07b8,2026-02-11T18:00:00Z,2026-02-12T09:00:00+05:00
forecast-8f55577d9b6a4920938b07b8,turbine_1,2026-02-11T18:00:00Z,2026-02-12T05:00:00Z,11,11,ml-9ffc3398a6c80f479aed4063,gfs-8a845cee915dcf4cb2c1002b,verified_object_version,0.014029059225481672,forecast-8f55577d9b6a4920938b07b8,2026-02-11T18:00:00Z,2026-02-12T10:00:00+05:00
forecast-8f55577d9b6a4920938b07b8,turbine_1,2026-02-11T18:00:00Z,2026-02-12T06:00:00Z,12,12,ml-9ffc3398a6c80f479aed4063,gfs-8a845cee915dcf4cb2c1002b,verified_object_version,0.014600818418823991,forecast-8f55577d9b6a4920938b07b8,2026-02-11T18:00:00Z,2026-02-12T11:00:00+05:00
forecast-8f55577d9b6a4920938b07b8,turbine_1,2026-02-11T18:00:00Z,2026-02-12T07:00:00Z,13,13,ml-9ffc3398a6c80f479aed4063,gfs-8a845cee915dcf4cb2c1002b,verified_object_version,0.019669083395985137,forecast-8f55577d9b6a4920938b07b8,2026-02-11T18:00:00Z,2026-02-12T12:00:00+05:00
forecast-8f55577d9b6a4920938b07b8,turbine_1,2026-02-11T18:00:00Z,2026-02-12T08:00:00Z,14,14,ml-9ffc3398a6c80f479aed4063,gfs-8a845cee915dcf4cb2c1002b,verified_object_version,0.024989410505759008,forecast-8f55577d9b6a4920938b07b8,2026-02-11T18:00:00Z,2026-02-12T13:00:00+05:00
forecast-8f55577d9b6a4920938b07b8,turbine_1,2026-02-11T18:00:00Z,2026-02-12T09:00:00Z,15,15,ml-9ffc3398a6c80f479aed4063,gfs-8a845cee915dcf4cb2c1002b,verified_object_version,0.07174696434779015,forecast-8f55577d9b6a4920938b07b8,2026-02-11T18:00:00Z,2026-02-12T14:00:00+05:00
forecast-8f55577d9b6a4920938b07b8,turbine_1,2026-02-11T18:00:00Z,2026-02-12T10:00:00Z,16,16,ml-9ffc3398a6c80f479aed4063,gfs-8a845cee915dcf4cb2c1002b,verified_object_version,0.08242705312896578,forecast-8f55577d9b6a4920938b07b8,2026-02-11T18:00:00Z,2026-02-12T15:00:00+05:00
forecast-8f55577d9b6a4920938b07b8,turbine_1,2026-02-11T18:00:00Z,2026-02-12T11:00:00Z,17,17,ml-9ffc3398a6c80f479aed4063,gfs-8a845cee915dcf4cb2c1002b,verified_object_version,0.07844232235558796,forecast-8f55577d9b6a4920938b07b8,2026-02-11T18:00:00Z,2026-02-12T16:00:00+05:00
forecast-8f55577d9b6a4920938b07b8,turbine_1,2026-02-11T18:00:00Z,2026-02-12T12:00:00Z,18,18,ml-9ffc3398a6c80f479aed4063,gfs-8a845cee915dcf4cb2c1002b,verified_object_version,0.0320394612778343,forecast-8f55577d9b6a4920938b07b8,2026-02-11T18:00:00Z,2026-02-12T17:00:00+05:00
forecast-8f55577d9b6a4920938b07b8,turbine_1,2026-02-11T18:00:00Z,2026-02-12T13:00:00Z,19,19,ml-9ffc3398a6c80f479aed4063,gfs-8a845cee915dcf4cb2c1002b,verified_object_version,0.032115247816454445,forecast-8f55577d9b6a4920938b07b8,2026-02-11T18:00:00Z,2026-02-12T18:00:00+05:00
forecast-8f55577d9b6a4920938b07b8,turbine_1,2026-02-11T18:00:00Z,2026-02-12T14:00:00Z,20,20,ml-9ffc3398a6c80f479aed4063,gfs-8a845cee915dcf4cb2c1002b,verified_object_version,0.03212230947684944,forecast-8f55577d9b6a4920938b07b8,2026-02-11T18:00:00Z,2026-02-12T19:00:00+05:00
forecast-8f55577d9b6a4920938b07b8,turbine_1,2026-02-11T18:00:00Z,2026-02-12T15:00:00Z,21,21,ml-9ffc3398a6c80f479aed4063,gfs-8a845cee915dcf4cb2c1002b,verified_object_version,0.07226170409563482,forecast-8f55577d9b6a4920938b07b8,2026-02-11T18:00:00Z,2026-02-12T20:00:00+05:00
forecast-8f55577d9b6a4920938b07b8,turbine_1,2026-02-11T18:00:00Z,2026-02-12T16:00:00Z,22,22,ml-9ffc3398a6c80f479aed4063,gfs-8a845cee915dcf4cb2c1002b,verified_object_version,0.1509108656266532,forecast-8f55577d9b6a4920938b07b8,2026-02-11T18:00:00Z,2026-02-12T21:00:00+05:00
forecast-8f55577d9b6a4920938b07b8,turbine_1,2026-02-11T18:00:00Z,2026-02-12T17:00:00Z,23,23,ml-9ffc3398a6c80f479aed4063,gfs-8a845cee915dcf4cb2c1002b,verified_object_version,0.10558844748782956,forecast-8f55577d9b6a4920938b07b8,2026-02-11T18:00:00Z,2026-02-12T22:00:00+05:00
forecast-8f55577d9b6a4920938b07b8,turbine_1,2026-02-11T18:00:00Z,2026-02-12T18:00:00Z,24,24,ml-9ffc3398a6c80f479aed4063,gfs-8a845cee915dcf4cb2c1002b,verified_object_version,0.045681205541554054,forecast-8f55577d9b6a4920938b07b8,2026-02-11T18:00:00Z,2026-02-12T23:00:00+05:00
forecast-403ee871c82a7f7d30384fb0,turbine_1,2026-02-12T18:00:00Z,2026-02-12T19:00:00Z,1,1,ml-9ffc3398a6c80f479aed4063,gfs-380504a5a9b2bd88e1f3432a,verified_object_version,0.02185014089165266,forecast-403ee871c82a7f7d30384fb0,2026-02-12T18:00:00Z,2026-02-13T00:00:00+05:00
forecast-403ee871c82a7f7d30384fb0,turbine_1,2026-02-12T18:00:00Z,2026-02-12T20:00:00Z,2,2,ml-9ffc3398a6c80f479aed4063,gfs-380504a5a9b2bd88e1f3432a,verified_object_version,0.014862666301299315,forecast-403ee871c82a7f7d30384fb0,2026-02-12T18:00:00Z,2026-02-13T01:00:00+05:00
forecast-403ee871c82a7f7d30384fb0,turbine_1,2026-02-12T18:00:00Z,2026-02-12T21:00:00Z,3,3,ml-9ffc3398a6c80f479aed4063,gfs-380504a5a9b2bd88e1f3432a,verified_object_version,0.013677353369906053,forecast-403ee871c82a7f7d30384fb0,2026-02-12T18:00:00Z,2026-02-13T02:00:00+05:00
forecast-403ee871c82a7f7d30384fb0,turbine_1,2026-02-12T18:00:00Z,2026-02-12T22:00:00Z,4,4,ml-9ffc3398a6c80f479aed4063,gfs-380504a5a9b2bd88e1f3432a,verified_object_version,0.013477724000533486,forecast-403ee871c82a7f7d30384fb0,2026-02-12T18:00:00Z,2026-02-13T03:00:00+05:00
forecast-403ee871c82a7f7d30384fb0,turbine_1,2026-02-12T18:00:00Z,2026-02-12T23:00:00Z,5,5,ml-9ffc3398a6c80f479aed4063,gfs-380504a5a9b2bd88e1f3432a,verified_object_version,0.01405561935244845,forecast-403ee871c82a7f7d30384fb0,2026-02-12T18:00:00Z,2026-02-13T04:00:00+05:00
forecast-403ee871c82a7f7d30384fb0,turbine_1,2026-02-12T18:00:00Z,2026-02-13T00:00:00Z,6,6,ml-9ffc3398a6c80f479aed4063,gfs-380504a5a9b2bd88e1f3432a,verified_object_version,0.01419691755502342,forecast-403ee871c82a7f7d30384fb0,2026-02-12T18:00:00Z,2026-02-13T05:00:00+05:00
forecast-403ee871c82a7f7d30384fb0,turbine_1,2026-02-12T18:00:00Z,2026-02-13T01:00:00Z,7,7,ml-9ffc3398a6c80f479aed4063,gfs-380504a5a9b2bd88e1f3432a,verified_object_version,0.0264247713576575,forecast-403ee871c82a7f7d30384fb0,2026-02-12T18:00:00Z,2026-02-13T06:00:00+05:00
forecast-403ee871c82a7f7d30384fb0,turbine_1,2026-02-12T18:00:00Z,2026-02-13T02:00:00Z,8,8,ml-9ffc3398a6c80f479aed4063,gfs-380504a5a9b2bd88e1f3432a,verified_object_version,0.034818377927319955,forecast-403ee871c82a7f7d30384fb0,2026-02-12T18:00:00Z,2026-02-13T07:00:00+05:00
forecast-403ee871c82a7f7d30384fb0,turbine_1,2026-02-12T18:00:00Z,2026-02-13T03:00:00Z,9,9,ml-9ffc3398a6c80f479aed4063,gfs-380504a5a9b2bd88e1f3432a,verified_object_version,0.019537774396512858,forecast-403ee871c82a7f7d30384fb0,2026-02-12T18:00:00Z,2026-02-13T08:00:00+05:00
forecast-403ee871c82a7f7d30384fb0,turbine_1,2026-02-12T18:00:00Z,2026-02-13T04:00:00Z,10,10,ml-9ffc3398a6c80f479aed4063,gfs-380504a5a9b2bd88e1f3432a,verified_object_version,0.016906898957973537,forecast-403ee871c82a7f7d30384fb0,2026-02-12T18:00:00Z,2026-02-13T09:00:00+05:00
forecast-403ee871c82a7f7d30384fb0,turbine_1,2026-02-12T18:00:00Z,2026-02-13T05:00:00Z,11,11,ml-9ffc3398a6c80f479aed4063,gfs-380504a5a9b2bd88e1f3432a,verified_object_version,0.017150076517564256,forecast-403ee871c82a7f7d30384fb0,2026-02-12T18:00:00Z,2026-02-13T10:00:00+05:00
forecast-403ee871c82a7f7d30384fb0,turbine_1,2026-02-12T18:00:00Z,2026-02-13T06:00:00Z,12,12,ml-9ffc3398a6c80f479aed4063,gfs-380504a5a9b2bd88e1f3432a,verified_object_version,0.016562919209072824,forecast-403ee871c82a7f7d30384fb0,2026-02-12T18:00:00Z,2026-02-13T11:00:00+05:00
forecast-403ee871c82a7f7d30384fb0,turbine_1,2026-02-12T18:00:00Z,2026-02-13T07:00:00Z,13,13,ml-9ffc3398a6c80f479aed4063,gfs-380504a5a9b2bd88e1f3432a,verified_object_version,0.023576097604376678,forecast-403ee871c82a7f7d30384fb0,2026-02-12T18:00:00Z,2026-02-13T12:00:00+05:00
forecast-403ee871c82a7f7d30384fb0,turbine_1,2026-02-12T18:00:00Z,2026-02-13T08:00:00Z,14,14,ml-9ffc3398a6c80f479aed4063,gfs-380504a5a9b2bd88e1f3432a,verified_object_version,0.03518645635833137,forecast-403ee871c82a7f7d30384fb0,2026-02-12T18:00:00Z,2026-02-13T13:00:00+05:00
forecast-403ee871c82a7f7d30384fb0,turbine_1,2026-02-12T18:00:00Z,2026-02-13T09:00:00Z,15,15,ml-9ffc3398a6c80f479aed4063,gfs-380504a5a9b2bd88e1f3432a,verified_object_version,0.02571667167709632,forecast-403ee871c82a7f7d30384fb0,2026-02-12T18:00:00Z,2026-02-13T14:00:00+05:00
forecast-403ee871c82a7f7d30384fb0,turbine_1,2026-02-12T18:00:00Z,2026-02-13T10:00:00Z,16,16,ml-9ffc3398a6c80f479aed4063,gfs-380504a5a9b2bd88e1f3432a,verified_object_version,0.02997778504220991,forecast-403ee871c82a7f7d30384fb0,2026-02-12T18:00:00Z,2026-02-13T15:00:00+05:00
forecast-403ee871c82a7f7d30384fb0,turbine_1,2026-02-12T18:00:00Z,2026-02-13T11:00:00Z,17,17,ml-9ffc3398a6c80f479aed4063,gfs-380504a5a9b2bd88e1f3432a,verified_object_version,0.031054545009211176,forecast-403ee871c82a7f7d30384fb0,2026-02-12T18:00:00Z,2026-02-13T16:00:00+05:00
forecast-403ee871c82a7f7d30384fb0,turbine_1,2026-02-12T18:00:00Z,2026-02-13T12:00:00Z,18,18,ml-9ffc3398a6c80f479aed4063,gfs-380504a5a9b2bd88e1f3432a,verified_object_version,0.031205491655595274,forecast-403ee871c82a7f7d30384fb0,2026-02-12T18:00:00Z,2026-02-13T17:00:00+05:00
forecast-403ee871c82a7f7d30384fb0,turbine_1,2026-02-12T18:00:00Z,2026-02-13T13:00:00Z,19,19,ml-9ffc3398a6c80f479aed4063,gfs-380504a5a9b2bd88e1f3432a,verified_object_version,0.03204778243561493,forecast-403ee871c82a7f7d30384fb0,2026-02-12T18:00:00Z,2026-02-13T18:00:00+05:00
forecast-403ee871c82a7f7d30384fb0,turbine_1,2026-02-12T18:00:00Z,2026-02-13T14:00:00Z,20,20,ml-9ffc3398a6c80f479aed4063,gfs-380504a5a9b2bd88e1f3432a,verified_object_version,0.033291458885624264,forecast-403ee871c82a7f7d30384fb0,2026-02-12T18:00:00Z,2026-02-13T19:00:00+05:00
forecast-403ee871c82a7f7d30384fb0,turbine_1,2026-02-12T18:00:00Z,2026-02-13T15:00:00Z,21,21,ml-9ffc3398a6c80f479aed4063,gfs-380504a5a9b2bd88e1f3432a,verified_object_version,0.051504698771874496,forecast-403ee871c82a7f7d30384fb0,2026-02-12T18:00:00Z,2026-02-13T20:00:00+05:00
forecast-403ee871c82a7f7d30384fb0,turbine_1,2026-02-12T18:00:00Z,2026-02-13T16:00:00Z,22,22,ml-9ffc3398a6c80f479aed4063,gfs-380504a5a9b2bd88e1f3432a,verified_object_version,0.09173657610439037,forecast-403ee871c82a7f7d30384fb0,2026-02-12T18:00:00Z,2026-02-13T21:00:00+05:00
forecast-403ee871c82a7f7d30384fb0,turbine_1,2026-02-12T18:00:00Z,2026-02-13T17:00:00Z,23,23,ml-9ffc3398a6c80f479aed4063,gfs-380504a5a9b2bd88e1f3432a,verified_object_version,0.13608944055105202,forecast-403ee871c82a7f7d30384fb0,2026-02-12T18:00:00Z,2026-02-13T22:00:00+05:00
forecast-403ee871c82a7f7d30384fb0,turbine_1,2026-02-12T18:00:00Z,2026-02-13T18:00:00Z,24,24,ml-9ffc3398a6c80f479aed4063,gfs-380504a5a9b2bd88e1f3432a,verified_object_version,0.2562014681135478,forecast-403ee871c82a7f7d30384fb0,2026-02-12T18:00:00Z,2026-02-13T23:00:00+05:00
forecast-42b84f290eae97b71201c953,turbine_1,2026-02-13T18:00:00Z,2026-02-13T19:00:00Z,1,1,ml-9ffc3398a6c80f479aed4063,gfs-77399ca6ad434f7f84072593,verified_object_version,0.44655995816043415,forecast-42b84f290eae97b71201c953,2026-02-13T18:00:00Z,2026-02-14T00:00:00+05:00
forecast-42b84f290eae97b71201c953,turbine_1,2026-02-13T18:00:00Z,2026-02-13T20:00:00Z,2,2,ml-9ffc3398a6c80f479aed4063,gfs-77399ca6ad434f7f84072593,verified_object_version,0.5756352466415872,forecast-42b84f290eae97b71201c953,2026-02-13T18:00:00Z,2026-02-14T01:00:00+05:00
forecast-42b84f290eae97b71201c953,turbine_1,2026-02-13T18:00:00Z,2026-02-13T21:00:00Z,3,3,ml-9ffc3398a6c80f479aed4063,gfs-77399ca6ad434f7f84072593,verified_object_version,0.49444981304294605,forecast-42b84f290eae97b71201c953,2026-02-13T18:00:00Z,2026-02-14T02:00:00+05:00
forecast-42b84f290eae97b71201c953,turbine_1,2026-02-13T18:00:00Z,2026-02-13T22:00:00Z,4,4,ml-9ffc3398a6c80f479aed4063,gfs-77399ca6ad434f7f84072593,verified_object_version,0.5398526807172577,forecast-42b84f290eae97b71201c953,2026-02-13T18:00:00Z,2026-02-14T03:00:00+05:00
forecast-42b84f290eae97b71201c953,turbine_1,2026-02-13T18:00:00Z,2026-02-13T23:00:00Z,5,5,ml-9ffc3398a6c80f479aed4063,gfs-77399ca6ad434f7f84072593,verified_object_version,0.5219542528093565,forecast-42b84f290eae97b71201c953,2026-02-13T18:00:00Z,2026-02-14T04:00:00+05:00
forecast-42b84f290eae97b71201c953,turbine_1,2026-02-13T18:00:00Z,2026-02-14T00:00:00Z,6,6,ml-9ffc3398a6c80f479aed4063,gfs-77399ca6ad434f7f84072593,verified_object_version,0.4055560274514872,forecast-42b84f290eae97b71201c953,2026-02-13T18:00:00Z,2026-02-14T05:00:00+05:00
forecast-42b84f290eae97b71201c953,turbine_1,2026-02-13T18:00:00Z,2026-02-14T01:00:00Z,7,7,ml-9ffc3398a6c80f479aed4063,gfs-77399ca6ad434f7f84072593,verified_object_version,0.2966159771843006,forecast-42b84f290eae97b71201c953,2026-02-13T18:00:00Z,2026-02-14T06:00:00+05:00
forecast-42b84f290eae97b71201c953,turbine_1,2026-02-13T18:00:00Z,2026-02-14T02:00:00Z,8,8,ml-9ffc3398a6c80f479aed4063,gfs-77399ca6ad434f7f84072593,verified_object_version,0.18908006444581668,forecast-42b84f290eae97b71201c953,2026-02-13T18:00:00Z,2026-02-14T07:00:00+05:00
forecast-42b84f290eae97b71201c953,turbine_1,2026-02-13T18:00:00Z,2026-02-14T03:00:00Z,9,9,ml-9ffc3398a6c80f479aed4063,gfs-77399ca6ad434f7f84072593,verified_object_version,0.23263593689082906,forecast-42b84f290eae97b71201c953,2026-02-13T18:00:00Z,2026-02-14T08:00:00+05:00
forecast-42b84f290eae97b71201c953,turbine_1,2026-02-13T18:00:00Z,2026-02-14T04:00:00Z,10,10,ml-9ffc3398a6c80f479aed4063,gfs-77399ca6ad434f7f84072593,verified_object_version,0.184030498971041,forecast-42b84f290eae97b71201c953,2026-02-13T18:00:00Z,2026-02-14T09:00:00+05:00
forecast-42b84f290eae97b71201c953,turbine_1,2026-02-13T18:00:00Z,2026-02-14T05:00:00Z,11,11,ml-9ffc3398a6c80f479aed4063,gfs-77399ca6ad434f7f84072593,verified_object_version,0.29532483360846995,forecast-42b84f290eae97b71201c953,2026-02-13T18:00:00Z,2026-02-14T10:00:00+05:00
forecast-42b84f290eae97b71201c953,turbine_1,2026-02-13T18:00:00Z,2026-02-14T06:00:00Z,12,12,ml-9ffc3398a6c80f479aed4063,gfs-77399ca6ad434f7f84072593,verified_object_version,0.42523638003258013,forecast-42b84f290eae97b71201c953,2026-02-13T18:00:00Z,2026-02-14T11:00:00+05:00
forecast-42b84f290eae97b71201c953,turbine_1,2026-02-13T18:00:00Z,2026-02-14T07:00:00Z,13,13,ml-9ffc3398a6c80f479aed4063,gfs-77399ca6ad434f7f84072593,verified_object_version,0.3101301749830744,forecast-42b84f290eae97b71201c953,2026-02-13T18:00:00Z,2026-02-14T12:00:00+05:00
forecast-42b84f290eae97b71201c953,turbine_1,2026-02-13T18:00:00Z,2026-02-14T08:00:00Z,14,14,ml-9ffc3398a6c80f479aed4063,gfs-77399ca6ad434f7f84072593,verified_object_version,0.2565600359525003,forecast-42b84f290eae97b71201c953,2026-02-13T18:00:00Z,2026-02-14T13:00:00+05:00
forecast-42b84f290eae97b71201c953,turbine_1,2026-02-13T18:00:00Z,2026-02-14T09:00:00Z,15,15,ml-9ffc3398a6c80f479aed4063,gfs-77399ca6ad434f7f84072593,verified_object_version,0.1831278031434422,forecast-42b84f290eae97b71201c953,2026-02-13T18:00:00Z,2026-02-14T14:00:00+05:00
forecast-42b84f290eae97b71201c953,turbine_1,2026-02-13T18:00:00Z,2026-02-14T10:00:00Z,16,16,ml-9ffc3398a6c80f479aed4063,gfs-77399ca6ad434f7f84072593,verified_object_version,0.0562372925384943,forecast-42b84f290eae97b71201c953,2026-02-13T18:00:00Z,2026-02-14T15:00:00+05:00
forecast-42b84f290eae97b71201c953,turbine_1,2026-02-13T18:00:00Z,2026-02-14T11:00:00Z,17,17,ml-9ffc3398a6c80f479aed4063,gfs-77399ca6ad434f7f84072593,verified_object_version,0.04659322128891885,forecast-42b84f290eae97b71201c953,2026-02-13T18:00:00Z,2026-02-14T16:00:00+05:00
forecast-42b84f290eae97b71201c953,turbine_1,2026-02-13T18:00:00Z,2026-02-14T12:00:00Z,18,18,ml-9ffc3398a6c80f479aed4063,gfs-77399ca6ad434f7f84072593,verified_object_version,0.035868300792016694,forecast-42b84f290eae97b71201c953,2026-02-13T18:00:00Z,2026-02-14T17:00:00+05:00
forecast-42b84f290eae97b71201c953,turbine_1,2026-02-13T18:00:00Z,2026-02-14T13:00:00Z,19,19,ml-9ffc3398a6c80f479aed4063,gfs-77399ca6ad434f7f84072593,verified_object_version,0.036546140660079995,forecast-42b84f290eae97b71201c953,2026-02-13T18:00:00Z,2026-02-14T18:00:00+05:00
forecast-42b84f290eae97b71201c953,turbine_1,2026-02-13T18:00:00Z,2026-02-14T14:00:00Z,20,20,ml-9ffc3398a6c80f479aed4063,gfs-77399ca6ad434f7f84072593,verified_object_version,0.08050030154248827,forecast-42b84f290eae97b71201c953,2026-02-13T18:00:00Z,2026-02-14T19:00:00+05:00
forecast-42b84f290eae97b71201c953,turbine_1,2026-02-13T18:00:00Z,2026-02-14T15:00:00Z,21,21,ml-9ffc3398a6c80f479aed4063,gfs-77399ca6ad434f7f84072593,verified_object_version,0.048235212168227876,forecast-42b84f290eae97b71201c953,2026-02-13T18:00:00Z,2026-02-14T20:00:00+05:00
forecast-42b84f290eae97b71201c953,turbine_1,2026-02-13T18:00:00Z,2026-02-14T16:00:00Z,22,22,ml-9ffc3398a6c80f479aed4063,gfs-77399ca6ad434f7f84072593,verified_object_version,0.032933829375280055,forecast-42b84f290eae97b71201c953,2026-02-13T18:00:00Z,2026-02-14T21:00:00+05:00
forecast-42b84f290eae97b71201c953,turbine_1,2026-02-13T18:00:00Z,2026-02-14T17:00:00Z,23,23,ml-9ffc3398a6c80f479aed4063,gfs-77399ca6ad434f7f84072593,verified_object_version,0.02698462841057281,forecast-42b84f290eae97b71201c953,2026-02-13T18:00:00Z,2026-02-14T22:00:00+05:00
forecast-42b84f290eae97b71201c953,turbine_1,2026-02-13T18:00:00Z,2026-02-14T18:00:00Z,24,24,ml-9ffc3398a6c80f479aed4063,gfs-77399ca6ad434f7f84072593,verified_object_version,0.08315521590715275,forecast-42b84f290eae97b71201c953,2026-02-13T18:00:00Z,2026-02-14T23:00:00+05:00
forecast-a23dc87af5ed40d1198d37f4,turbine_1,2026-02-14T18:00:00Z,2026-02-14T19:00:00Z,1,1,ml-9ffc3398a6c80f479aed4063,gfs-777fa5425591e5578f2ab5ea,verified_object_version,0.02306355477666927,forecast-a23dc87af5ed40d1198d37f4,2026-02-14T18:00:00Z,2026-02-15T00:00:00+05:00
forecast-a23dc87af5ed40d1198d37f4,turbine_1,2026-02-14T18:00:00Z,2026-02-14T20:00:00Z,2,2,ml-9ffc3398a6c80f479aed4063,gfs-777fa5425591e5578f2ab5ea,verified_object_version,0.017984315746051166,forecast-a23dc87af5ed40d1198d37f4,2026-02-14T18:00:00Z,2026-02-15T01:00:00+05:00
forecast-a23dc87af5ed40d1198d37f4,turbine_1,2026-02-14T18:00:00Z,2026-02-14T21:00:00Z,3,3,ml-9ffc3398a6c80f479aed4063,gfs-777fa5425591e5578f2ab5ea,verified_object_version,0.03335263071437361,forecast-a23dc87af5ed40d1198d37f4,2026-02-14T18:00:00Z,2026-02-15T02:00:00+05:00
forecast-a23dc87af5ed40d1198d37f4,turbine_1,2026-02-14T18:00:00Z,2026-02-14T22:00:00Z,4,4,ml-9ffc3398a6c80f479aed4063,gfs-777fa5425591e5578f2ab5ea,verified_object_version,0.016573437711178945,forecast-a23dc87af5ed40d1198d37f4,2026-02-14T18:00:00Z,2026-02-15T03:00:00+05:00
forecast-a23dc87af5ed40d1198d37f4,turbine_1,2026-02-14T18:00:00Z,2026-02-14T23:00:00Z,5,5,ml-9ffc3398a6c80f479aed4063,gfs-777fa5425591e5578f2ab5ea,verified_object_version,0.030259116000423608,forecast-a23dc87af5ed40d1198d37f4,2026-02-14T18:00:00Z,2026-02-15T04:00:00+05:00
forecast-a23dc87af5ed40d1198d37f4,turbine_1,2026-02-14T18:00:00Z,2026-02-15T00:00:00Z,6,6,ml-9ffc3398a6c80f479aed4063,gfs-777fa5425591e5578f2ab5ea,verified_object_version,0.07976145798141698,forecast-a23dc87af5ed40d1198d37f4,2026-02-14T18:00:00Z,2026-02-15T05:00:00+05:00
forecast-a23dc87af5ed40d1198d37f4,turbine_1,2026-02-14T18:00:00Z,2026-02-15T01:00:00Z,7,7,ml-9ffc3398a6c80f479aed4063,gfs-777fa5425591e5578f2ab5ea,verified_object_version,0.17239328440101842,forecast-a23dc87af5ed40d1198d37f4,2026-02-14T18:00:00Z,2026-02-15T06:00:00+05:00
forecast-a23dc87af5ed40d1198d37f4,turbine_1,2026-02-14T18:00:00Z,2026-02-15T02:00:00Z,8,8,ml-9ffc3398a6c80f479aed4063,gfs-777fa5425591e5578f2ab5ea,verified_object_version,0.21588964470107297,forecast-a23dc87af5ed40d1198d37f4,2026-02-14T18:00:00Z,2026-02-15T07:00:00+05:00
forecast-a23dc87af5ed40d1198d37f4,turbine_1,2026-02-14T18:00:00Z,2026-02-15T03:00:00Z,9,9,ml-9ffc3398a6c80f479aed4063,gfs-777fa5425591e5578f2ab5ea,verified_object_version,0.2166931652667917,forecast-a23dc87af5ed40d1198d37f4,2026-02-14T18:00:00Z,2026-02-15T08:00:00+05:00
forecast-a23dc87af5ed40d1198d37f4,turbine_1,2026-02-14T18:00:00Z,2026-02-15T04:00:00Z,10,10,ml-9ffc3398a6c80f479aed4063,gfs-777fa5425591e5578f2ab5ea,verified_object_version,0.531392467610619,forecast-a23dc87af5ed40d1198d37f4,2026-02-14T18:00:00Z,2026-02-15T09:00:00+05:00
forecast-a23dc87af5ed40d1198d37f4,turbine_1,2026-02-14T18:00:00Z,2026-02-15T05:00:00Z,11,11,ml-9ffc3398a6c80f479aed4063,gfs-777fa5425591e5578f2ab5ea,verified_object_version,0.8086753025678802,forecast-a23dc87af5ed40d1198d37f4,2026-02-14T18:00:00Z,2026-02-15T10:00:00+05:00
forecast-a23dc87af5ed40d1198d37f4,turbine_1,2026-02-14T18:00:00Z,2026-02-15T06:00:00Z,12,12,ml-9ffc3398a6c80f479aed4063,gfs-777fa5425591e5578f2ab5ea,verified_object_version,0.8846004706449251,forecast-a23dc87af5ed40d1198d37f4,2026-02-14T18:00:00Z,2026-02-15T11:00:00+05:00
forecast-a23dc87af5ed40d1198d37f4,turbine_1,2026-02-14T18:00:00Z,2026-02-15T07:00:00Z,13,13,ml-9ffc3398a6c80f479aed4063,gfs-777fa5425591e5578f2ab5ea,verified_object_version,0.9308744440222378,forecast-a23dc87af5ed40d1198d37f4,2026-02-14T18:00:00Z,2026-02-15T12:00:00+05:00
forecast-a23dc87af5ed40d1198d37f4,turbine_1,2026-02-14T18:00:00Z,2026-02-15T08:00:00Z,14,14,ml-9ffc3398a6c80f479aed4063,gfs-777fa5425591e5578f2ab5ea,verified_object_version,0.9074034952396886,forecast-a23dc87af5ed40d1198d37f4,2026-02-14T18:00:00Z,2026-02-15T13:00:00+05:00
forecast-a23dc87af5ed40d1198d37f4,turbine_1,2026-02-14T18:00:00Z,2026-02-15T09:00:00Z,15,15,ml-9ffc3398a6c80f479aed4063,gfs-777fa5425591e5578f2ab5ea,verified_object_version,0.8459214455379878,forecast-a23dc87af5ed40d1198d37f4,2026-02-14T18:00:00Z,2026-02-15T14:00:00+05:00
forecast-a23dc87af5ed40d1198d37f4,turbine_1,2026-02-14T18:00:00Z,2026-02-15T10:00:00Z,16,16,ml-9ffc3398a6c80f479aed4063,gfs-777fa5425591e5578f2ab5ea,verified_object_version,0.9014871984433644,forecast-a23dc87af5ed40d1198d37f4,2026-02-14T18:00:00Z,2026-02-15T15:00:00+05:00
forecast-a23dc87af5ed40d1198d37f4,turbine_1,2026-02-14T18:00:00Z,2026-02-15T11:00:00Z,17,17,ml-9ffc3398a6c80f479aed4063,gfs-777fa5425591e5578f2ab5ea,verified_object_version,0.8782304794093315,forecast-a23dc87af5ed40d1198d37f4,2026-02-14T18:00:00Z,2026-02-15T16:00:00+05:00
forecast-a23dc87af5ed40d1198d37f4,turbine_1,2026-02-14T18:00:00Z,2026-02-15T12:00:00Z,18,18,ml-9ffc3398a6c80f479aed4063,gfs-777fa5425591e5578f2ab5ea,verified_object_version,0.8613794734026347,forecast-a23dc87af5ed40d1198d37f4,2026-02-14T18:00:00Z,2026-02-15T17:00:00+05:00
forecast-a23dc87af5ed40d1198d37f4,turbine_1,2026-02-14T18:00:00Z,2026-02-15T13:00:00Z,19,19,ml-9ffc3398a6c80f479aed4063,gfs-777fa5425591e5578f2ab5ea,verified_object_version,0.7662604975035129,forecast-a23dc87af5ed40d1198d37f4,2026-02-14T18:00:00Z,2026-02-15T18:00:00+05:00
forecast-a23dc87af5ed40d1198d37f4,turbine_1,2026-02-14T18:00:00Z,2026-02-15T14:00:00Z,20,20,ml-9ffc3398a6c80f479aed4063,gfs-777fa5425591e5578f2ab5ea,verified_object_version,0.7337261567618886,forecast-a23dc87af5ed40d1198d37f4,2026-02-14T18:00:00Z,2026-02-15T19:00:00+05:00
forecast-a23dc87af5ed40d1198d37f4,turbine_1,2026-02-14T18:00:00Z,2026-02-15T15:00:00Z,21,21,ml-9ffc3398a6c80f479aed4063,gfs-777fa5425591e5578f2ab5ea,verified_object_version,0.7481603784686583,forecast-a23dc87af5ed40d1198d37f4,2026-02-14T18:00:00Z,2026-02-15T20:00:00+05:00
forecast-a23dc87af5ed40d1198d37f4,turbine_1,2026-02-14T18:00:00Z,2026-02-15T16:00:00Z,22,22,ml-9ffc3398a6c80f479aed4063,gfs-777fa5425591e5578f2ab5ea,verified_object_version,0.6920938875229597,forecast-a23dc87af5ed40d1198d37f4,2026-02-14T18:00:00Z,2026-02-15T21:00:00+05:00
forecast-a23dc87af5ed40d1198d37f4,turbine_1,2026-02-14T18:00:00Z,2026-02-15T17:00:00Z,23,23,ml-9ffc3398a6c80f479aed4063,gfs-777fa5425591e5578f2ab5ea,verified_object_version,0.6826584489521328,forecast-a23dc87af5ed40d1198d37f4,2026-02-14T18:00:00Z,2026-02-15T22:00:00+05:00
forecast-a23dc87af5ed40d1198d37f4,turbine_1,2026-02-14T18:00:00Z,2026-02-15T18:00:00Z,24,24,ml-9ffc3398a6c80f479aed4063,gfs-777fa5425591e5578f2ab5ea,verified_object_version,0.5668385180652015,forecast-a23dc87af5ed40d1198d37f4,2026-02-14T18:00:00Z,2026-02-15T23:00:00+05:00
forecast-3ca56402d0720765a907701e,turbine_1,2026-02-15T18:00:00Z,2026-02-15T19:00:00Z,1,1,ml-9ffc3398a6c80f479aed4063,gfs-0802cd4406434a3ba48f4526,verified_object_version,0.5317974548396636,forecast-3ca56402d0720765a907701e,2026-02-15T18:00:00Z,2026-02-16T00:00:00+05:00
forecast-3ca56402d0720765a907701e,turbine_1,2026-02-15T18:00:00Z,2026-02-15T20:00:00Z,2,2,ml-9ffc3398a6c80f479aed4063,gfs-0802cd4406434a3ba48f4526,verified_object_version,0.6990401637714939,forecast-3ca56402d0720765a907701e,2026-02-15T18:00:00Z,2026-02-16T01:00:00+05:00
forecast-3ca56402d0720765a907701e,turbine_1,2026-02-15T18:00:00Z,2026-02-15T21:00:00Z,3,3,ml-9ffc3398a6c80f479aed4063,gfs-0802cd4406434a3ba48f4526,verified_object_version,0.44292045063496666,forecast-3ca56402d0720765a907701e,2026-02-15T18:00:00Z,2026-02-16T02:00:00+05:00
forecast-3ca56402d0720765a907701e,turbine_1,2026-02-15T18:00:00Z,2026-02-15T22:00:00Z,4,4,ml-9ffc3398a6c80f479aed4063,gfs-0802cd4406434a3ba48f4526,verified_object_version,0.7371306033918437,forecast-3ca56402d0720765a907701e,2026-02-15T18:00:00Z,2026-02-16T03:00:00+05:00
forecast-3ca56402d0720765a907701e,turbine_1,2026-02-15T18:00:00Z,2026-02-15T23:00:00Z,5,5,ml-9ffc3398a6c80f479aed4063,gfs-0802cd4406434a3ba48f4526,verified_object_version,0.7158143086395508,forecast-3ca56402d0720765a907701e,2026-02-15T18:00:00Z,2026-02-16T04:00:00+05:00
forecast-3ca56402d0720765a907701e,turbine_1,2026-02-15T18:00:00Z,2026-02-16T00:00:00Z,6,6,ml-9ffc3398a6c80f479aed4063,gfs-0802cd4406434a3ba48f4526,verified_object_version,0.564545755500913,forecast-3ca56402d0720765a907701e,2026-02-15T18:00:00Z,2026-02-16T05:00:00+05:00
forecast-3ca56402d0720765a907701e,turbine_1,2026-02-15T18:00:00Z,2026-02-16T01:00:00Z,7,7,ml-9ffc3398a6c80f479aed4063,gfs-0802cd4406434a3ba48f4526,verified_object_version,0.4656947941101556,forecast-3ca56402d0720765a907701e,2026-02-15T18:00:00Z,2026-02-16T06:00:00+05:00
forecast-3ca56402d0720765a907701e,turbine_1,2026-02-15T18:00:00Z,2026-02-16T02:00:00Z,8,8,ml-9ffc3398a6c80f479aed4063,gfs-0802cd4406434a3ba48f4526,verified_object_version,0.2922073306214297,forecast-3ca56402d0720765a907701e,2026-02-15T18:00:00Z,2026-02-16T07:00:00+05:00
forecast-3ca56402d0720765a907701e,turbine_1,2026-02-15T18:00:00Z,2026-02-16T03:00:00Z,9,9,ml-9ffc3398a6c80f479aed4063,gfs-0802cd4406434a3ba48f4526,verified_object_version,0.2719076833970198,forecast-3ca56402d0720765a907701e,2026-02-15T18:00:00Z,2026-02-16T08:00:00+05:00
forecast-3ca56402d0720765a907701e,turbine_1,2026-02-15T18:00:00Z,2026-02-16T04:00:00Z,10,10,ml-9ffc3398a6c80f479aed4063,gfs-0802cd4406434a3ba48f4526,verified_object_version,0.22239674753570526,forecast-3ca56402d0720765a907701e,2026-02-15T18:00:00Z,2026-02-16T09:00:00+05:00
forecast-3ca56402d0720765a907701e,turbine_1,2026-02-15T18:00:00Z,2026-02-16T05:00:00Z,11,11,ml-9ffc3398a6c80f479aed4063,gfs-0802cd4406434a3ba48f4526,verified_object_version,0.2573401105157095,forecast-3ca56402d0720765a907701e,2026-02-15T18:00:00Z,2026-02-16T10:00:00+05:00
forecast-3ca56402d0720765a907701e,turbine_1,2026-02-15T18:00:00Z,2026-02-16T06:00:00Z,12,12,ml-9ffc3398a6c80f479aed4063,gfs-0802cd4406434a3ba48f4526,verified_object_version,0.6395083103643874,forecast-3ca56402d0720765a907701e,2026-02-15T18:00:00Z,2026-02-16T11:00:00+05:00
forecast-3ca56402d0720765a907701e,turbine_1,2026-02-15T18:00:00Z,2026-02-16T07:00:00Z,13,13,ml-9ffc3398a6c80f479aed4063,gfs-0802cd4406434a3ba48f4526,verified_object_version,0.3876402460249855,forecast-3ca56402d0720765a907701e,2026-02-15T18:00:00Z,2026-02-16T12:00:00+05:00
forecast-3ca56402d0720765a907701e,turbine_1,2026-02-15T18:00:00Z,2026-02-16T08:00:00Z,14,14,ml-9ffc3398a6c80f479aed4063,gfs-0802cd4406434a3ba48f4526,verified_object_version,0.7326043087333458,forecast-3ca56402d0720765a907701e,2026-02-15T18:00:00Z,2026-02-16T13:00:00+05:00
forecast-3ca56402d0720765a907701e,turbine_1,2026-02-15T18:00:00Z,2026-02-16T09:00:00Z,15,15,ml-9ffc3398a6c80f479aed4063,gfs-0802cd4406434a3ba48f4526,verified_object_version,0.7819601736676839,forecast-3ca56402d0720765a907701e,2026-02-15T18:00:00Z,2026-02-16T14:00:00+05:00
forecast-3ca56402d0720765a907701e,turbine_1,2026-02-15T18:00:00Z,2026-02-16T10:00:00Z,16,16,ml-9ffc3398a6c80f479aed4063,gfs-0802cd4406434a3ba48f4526,verified_object_version,0.9251800043783732,forecast-3ca56402d0720765a907701e,2026-02-15T18:00:00Z,2026-02-16T15:00:00+05:00
forecast-3ca56402d0720765a907701e,turbine_1,2026-02-15T18:00:00Z,2026-02-16T11:00:00Z,17,17,ml-9ffc3398a6c80f479aed4063,gfs-0802cd4406434a3ba48f4526,verified_object_version,0.9776856396821353,forecast-3ca56402d0720765a907701e,2026-02-15T18:00:00Z,2026-02-16T16:00:00+05:00
forecast-3ca56402d0720765a907701e,turbine_1,2026-02-15T18:00:00Z,2026-02-16T12:00:00Z,18,18,ml-9ffc3398a6c80f479aed4063,gfs-0802cd4406434a3ba48f4526,verified_object_version,0.9717060148881081,forecast-3ca56402d0720765a907701e,2026-02-15T18:00:00Z,2026-02-16T17:00:00+05:00
forecast-3ca56402d0720765a907701e,turbine_1,2026-02-15T18:00:00Z,2026-02-16T13:00:00Z,19,19,ml-9ffc3398a6c80f479aed4063,gfs-0802cd4406434a3ba48f4526,verified_object_version,0.9805580203508594,forecast-3ca56402d0720765a907701e,2026-02-15T18:00:00Z,2026-02-16T18:00:00+05:00
forecast-3ca56402d0720765a907701e,turbine_1,2026-02-15T18:00:00Z,2026-02-16T14:00:00Z,20,20,ml-9ffc3398a6c80f479aed4063,gfs-0802cd4406434a3ba48f4526,verified_object_version,0.9786076164135283,forecast-3ca56402d0720765a907701e,2026-02-15T18:00:00Z,2026-02-16T19:00:00+05:00
forecast-3ca56402d0720765a907701e,turbine_1,2026-02-15T18:00:00Z,2026-02-16T15:00:00Z,21,21,ml-9ffc3398a6c80f479aed4063,gfs-0802cd4406434a3ba48f4526,verified_object_version,0.9825089659163042,forecast-3ca56402d0720765a907701e,2026-02-15T18:00:00Z,2026-02-16T20:00:00+05:00
forecast-3ca56402d0720765a907701e,turbine_1,2026-02-15T18:00:00Z,2026-02-16T16:00:00Z,22,22,ml-9ffc3398a6c80f479aed4063,gfs-0802cd4406434a3ba48f4526,verified_object_version,0.9468308409394006,forecast-3ca56402d0720765a907701e,2026-02-15T18:00:00Z,2026-02-16T21:00:00+05:00
forecast-3ca56402d0720765a907701e,turbine_1,2026-02-15T18:00:00Z,2026-02-16T17:00:00Z,23,23,ml-9ffc3398a6c80f479aed4063,gfs-0802cd4406434a3ba48f4526,verified_object_version,0.9325441112702955,forecast-3ca56402d0720765a907701e,2026-02-15T18:00:00Z,2026-02-16T22:00:00+05:00
forecast-3ca56402d0720765a907701e,turbine_1,2026-02-15T18:00:00Z,2026-02-16T18:00:00Z,24,24,ml-9ffc3398a6c80f479aed4063,gfs-0802cd4406434a3ba48f4526,verified_object_version,0.8495971829978987,forecast-3ca56402d0720765a907701e,2026-02-15T18:00:00Z,2026-02-16T23:00:00+05:00
forecast-78335a92a9dafdcd064c6e31,turbine_1,2026-02-16T18:00:00Z,2026-02-16T19:00:00Z,1,1,ml-9ffc3398a6c80f479aed4063,gfs-9437458179ea5776b1a56442,verified_object_version,0.8130788806382112,forecast-78335a92a9dafdcd064c6e31,2026-02-16T18:00:00Z,2026-02-17T00:00:00+05:00
forecast-78335a92a9dafdcd064c6e31,turbine_1,2026-02-16T18:00:00Z,2026-02-16T20:00:00Z,2,2,ml-9ffc3398a6c80f479aed4063,gfs-9437458179ea5776b1a56442,verified_object_version,0.5291758028271389,forecast-78335a92a9dafdcd064c6e31,2026-02-16T18:00:00Z,2026-02-17T01:00:00+05:00
forecast-78335a92a9dafdcd064c6e31,turbine_1,2026-02-16T18:00:00Z,2026-02-16T21:00:00Z,3,3,ml-9ffc3398a6c80f479aed4063,gfs-9437458179ea5776b1a56442,verified_object_version,0.5028554323577794,forecast-78335a92a9dafdcd064c6e31,2026-02-16T18:00:00Z,2026-02-17T02:00:00+05:00
forecast-78335a92a9dafdcd064c6e31,turbine_1,2026-02-16T18:00:00Z,2026-02-16T22:00:00Z,4,4,ml-9ffc3398a6c80f479aed4063,gfs-9437458179ea5776b1a56442,verified_object_version,0.3783098807376083,forecast-78335a92a9dafdcd064c6e31,2026-02-16T18:00:00Z,2026-02-17T03:00:00+05:00
forecast-78335a92a9dafdcd064c6e31,turbine_1,2026-02-16T18:00:00Z,2026-02-16T23:00:00Z,5,5,ml-9ffc3398a6c80f479aed4063,gfs-9437458179ea5776b1a56442,verified_object_version,0.36202556148305115,forecast-78335a92a9dafdcd064c6e31,2026-02-16T18:00:00Z,2026-02-17T04:00:00+05:00
forecast-78335a92a9dafdcd064c6e31,turbine_1,2026-02-16T18:00:00Z,2026-02-17T00:00:00Z,6,6,ml-9ffc3398a6c80f479aed4063,gfs-9437458179ea5776b1a56442,verified_object_version,0.27135689234895327,forecast-78335a92a9dafdcd064c6e31,2026-02-16T18:00:00Z,2026-02-17T05:00:00+05:00
forecast-78335a92a9dafdcd064c6e31,turbine_1,2026-02-16T18:00:00Z,2026-02-17T01:00:00Z,7,7,ml-9ffc3398a6c80f479aed4063,gfs-9437458179ea5776b1a56442,verified_object_version,0.1745405725812778,forecast-78335a92a9dafdcd064c6e31,2026-02-16T18:00:00Z,2026-02-17T06:00:00+05:00
forecast-78335a92a9dafdcd064c6e31,turbine_1,2026-02-16T18:00:00Z,2026-02-17T02:00:00Z,8,8,ml-9ffc3398a6c80f479aed4063,gfs-9437458179ea5776b1a56442,verified_object_version,0.11347546710031128,forecast-78335a92a9dafdcd064c6e31,2026-02-16T18:00:00Z,2026-02-17T07:00:00+05:00
forecast-78335a92a9dafdcd064c6e31,turbine_1,2026-02-16T18:00:00Z,2026-02-17T03:00:00Z,9,9,ml-9ffc3398a6c80f479aed4063,gfs-9437458179ea5776b1a56442,verified_object_version,0.08092255667684939,forecast-78335a92a9dafdcd064c6e31,2026-02-16T18:00:00Z,2026-02-17T08:00:00+05:00
forecast-78335a92a9dafdcd064c6e31,turbine_1,2026-02-16T18:00:00Z,2026-02-17T04:00:00Z,10,10,ml-9ffc3398a6c80f479aed4063,gfs-9437458179ea5776b1a56442,verified_object_version,0.05559261226203721,forecast-78335a92a9dafdcd064c6e31,2026-02-16T18:00:00Z,2026-02-17T09:00:00+05:00
forecast-78335a92a9dafdcd064c6e31,turbine_1,2026-02-16T18:00:00Z,2026-02-17T05:00:00Z,11,11,ml-9ffc3398a6c80f479aed4063,gfs-9437458179ea5776b1a56442,verified_object_version,0.08694588350394453,forecast-78335a92a9dafdcd064c6e31,2026-02-16T18:00:00Z,2026-02-17T10:00:00+05:00
forecast-78335a92a9dafdcd064c6e31,turbine_1,2026-02-16T18:00:00Z,2026-02-17T06:00:00Z,12,12,ml-9ffc3398a6c80f479aed4063,gfs-9437458179ea5776b1a56442,verified_object_version,0.07178191065631648,forecast-78335a92a9dafdcd064c6e31,2026-02-16T18:00:00Z,2026-02-17T11:00:00+05:00
forecast-78335a92a9dafdcd064c6e31,turbine_1,2026-02-16T18:00:00Z,2026-02-17T07:00:00Z,13,13,ml-9ffc3398a6c80f479aed4063,gfs-9437458179ea5776b1a56442,verified_object_version,0.12379220904361743,forecast-78335a92a9dafdcd064c6e31,2026-02-16T18:00:00Z,2026-02-17T12:00:00+05:00
forecast-78335a92a9dafdcd064c6e31,turbine_1,2026-02-16T18:00:00Z,2026-02-17T08:00:00Z,14,14,ml-9ffc3398a6c80f479aed4063,gfs-9437458179ea5776b1a56442,verified_object_version,0.16759380381152364,forecast-78335a92a9dafdcd064c6e31,2026-02-16T18:00:00Z,2026-02-17T13:00:00+05:00
forecast-78335a92a9dafdcd064c6e31,turbine_1,2026-02-16T18:00:00Z,2026-02-17T09:00:00Z,15,15,ml-9ffc3398a6c80f479aed4063,gfs-9437458179ea5776b1a56442,verified_object_version,0.23340310832591024,forecast-78335a92a9dafdcd064c6e31,2026-02-16T18:00:00Z,2026-02-17T14:00:00+05:00
forecast-78335a92a9dafdcd064c6e31,turbine_1,2026-02-16T18:00:00Z,2026-02-17T10:00:00Z,16,16,ml-9ffc3398a6c80f479aed4063,gfs-9437458179ea5776b1a56442,verified_object_version,0.2730716630079125,forecast-78335a92a9dafdcd064c6e31,2026-02-16T18:00:00Z,2026-02-17T15:00:00+05:00
forecast-78335a92a9dafdcd064c6e31,turbine_1,2026-02-16T18:00:00Z,2026-02-17T11:00:00Z,17,17,ml-9ffc3398a6c80f479aed4063,gfs-9437458179ea5776b1a56442,verified_object_version,0.367261774083945,forecast-78335a92a9dafdcd064c6e31,2026-02-16T18:00:00Z,2026-02-17T16:00:00+05:00
forecast-78335a92a9dafdcd064c6e31,turbine_1,2026-02-16T18:00:00Z,2026-02-17T12:00:00Z,18,18,ml-9ffc3398a6c80f479aed4063,gfs-9437458179ea5776b1a56442,verified_object_version,0.4448819369727687,forecast-78335a92a9dafdcd064c6e31,2026-02-16T18:00:00Z,2026-02-17T17:00:00+05:00
forecast-78335a92a9dafdcd064c6e31,turbine_1,2026-02-16T18:00:00Z,2026-02-17T13:00:00Z,19,19,ml-9ffc3398a6c80f479aed4063,gfs-9437458179ea5776b1a56442,verified_object_version,0.5912060972630968,forecast-78335a92a9dafdcd064c6e31,2026-02-16T18:00:00Z,2026-02-17T18:00:00+05:00
forecast-78335a92a9dafdcd064c6e31,turbine_1,2026-02-16T18:00:00Z,2026-02-17T14:00:00Z,20,20,ml-9ffc3398a6c80f479aed4063,gfs-9437458179ea5776b1a56442,verified_object_version,0.5987613623319968,forecast-78335a92a9dafdcd064c6e31,2026-02-16T18:00:00Z,2026-02-17T19:00:00+05:00
forecast-78335a92a9dafdcd064c6e31,turbine_1,2026-02-16T18:00:00Z,2026-02-17T15:00:00Z,21,21,ml-9ffc3398a6c80f479aed4063,gfs-9437458179ea5776b1a56442,verified_object_version,0.636145090205104,forecast-78335a92a9dafdcd064c6e31,2026-02-16T18:00:00Z,2026-02-17T20:00:00+05:00
forecast-78335a92a9dafdcd064c6e31,turbine_1,2026-02-16T18:00:00Z,2026-02-17T16:00:00Z,22,22,ml-9ffc3398a6c80f479aed4063,gfs-9437458179ea5776b1a56442,verified_object_version,0.7094286232679238,forecast-78335a92a9dafdcd064c6e31,2026-02-16T18:00:00Z,2026-02-17T21:00:00+05:00
forecast-78335a92a9dafdcd064c6e31,turbine_1,2026-02-16T18:00:00Z,2026-02-17T17:00:00Z,23,23,ml-9ffc3398a6c80f479aed4063,gfs-9437458179ea5776b1a56442,verified_object_version,0.6235754021748856,forecast-78335a92a9dafdcd064c6e31,2026-02-16T18:00:00Z,2026-02-17T22:00:00+05:00
forecast-78335a92a9dafdcd064c6e31,turbine_1,2026-02-16T18:00:00Z,2026-02-17T18:00:00Z,24,24,ml-9ffc3398a6c80f479aed4063,gfs-9437458179ea5776b1a56442,verified_object_version,0.6590869051820873,forecast-78335a92a9dafdcd064c6e31,2026-02-16T18:00:00Z,2026-02-17T23:00:00+05:00
forecast-8098dd0a07f3b4f2e21004f7,turbine_1,2026-02-17T18:00:00Z,2026-02-17T19:00:00Z,1,1,ml-9ffc3398a6c80f479aed4063,gfs-2a3e38b40450fa05a15b4ac1,verified_object_version,0.9163074234094019,forecast-8098dd0a07f3b4f2e21004f7,2026-02-17T18:00:00Z,2026-02-18T00:00:00+05:00
forecast-8098dd0a07f3b4f2e21004f7,turbine_1,2026-02-17T18:00:00Z,2026-02-17T20:00:00Z,2,2,ml-9ffc3398a6c80f479aed4063,gfs-2a3e38b40450fa05a15b4ac1,verified_object_version,0.8178550906747308,forecast-8098dd0a07f3b4f2e21004f7,2026-02-17T18:00:00Z,2026-02-18T01:00:00+05:00
forecast-8098dd0a07f3b4f2e21004f7,turbine_1,2026-02-17T18:00:00Z,2026-02-17T21:00:00Z,3,3,ml-9ffc3398a6c80f479aed4063,gfs-2a3e38b40450fa05a15b4ac1,verified_object_version,0.8759171816134316,forecast-8098dd0a07f3b4f2e21004f7,2026-02-17T18:00:00Z,2026-02-18T02:00:00+05:00
forecast-8098dd0a07f3b4f2e21004f7,turbine_1,2026-02-17T18:00:00Z,2026-02-17T22:00:00Z,4,4,ml-9ffc3398a6c80f479aed4063,gfs-2a3e38b40450fa05a15b4ac1,verified_object_version,0.8606573186308495,forecast-8098dd0a07f3b4f2e21004f7,2026-02-17T18:00:00Z,2026-02-18T03:00:00+05:00
forecast-8098dd0a07f3b4f2e21004f7,turbine_1,2026-02-17T18:00:00Z,2026-02-17T23:00:00Z,5,5,ml-9ffc3398a6c80f479aed4063,gfs-2a3e38b40450fa05a15b4ac1,verified_object_version,0.8393280023414929,forecast-8098dd0a07f3b4f2e21004f7,2026-02-17T18:00:00Z,2026-02-18T04:00:00+05:00
forecast-8098dd0a07f3b4f2e21004f7,turbine_1,2026-02-17T18:00:00Z,2026-02-18T00:00:00Z,6,6,ml-9ffc3398a6c80f479aed4063,gfs-2a3e38b40450fa05a15b4ac1,verified_object_version,0.8498214235751199,forecast-8098dd0a07f3b4f2e21004f7,2026-02-17T18:00:00Z,2026-02-18T05:00:00+05:00
forecast-8098dd0a07f3b4f2e21004f7,turbine_1,2026-02-17T18:00:00Z,2026-02-18T01:00:00Z,7,7,ml-9ffc3398a6c80f479aed4063,gfs-2a3e38b40450fa05a15b4ac1,verified_object_version,0.8373682773260637,forecast-8098dd0a07f3b4f2e21004f7,2026-02-17T18:00:00Z,2026-02-18T06:00:00+05:00
forecast-8098dd0a07f3b4f2e21004f7,turbine_1,2026-02-17T18:00:00Z,2026-02-18T02:00:00Z,8,8,ml-9ffc3398a6c80f479aed4063,gfs-2a3e38b40450fa05a15b4ac1,verified_object_version,0.8012763821085496,forecast-8098dd0a07f3b4f2e21004f7,2026-02-17T18:00:00Z,2026-02-18T07:00:00+05:00
forecast-8098dd0a07f3b4f2e21004f7,turbine_1,2026-02-17T18:00:00Z,2026-02-18T03:00:00Z,9,9,ml-9ffc3398a6c80f479aed4063,gfs-2a3e38b40450fa05a15b4ac1,verified_object_version,0.8458255855167677,forecast-8098dd0a07f3b4f2e21004f7,2026-02-17T18:00:00Z,2026-02-18T08:00:00+05:00
forecast-8098dd0a07f3b4f2e21004f7,turbine_1,2026-02-17T18:00:00Z,2026-02-18T04:00:00Z,10,10,ml-9ffc3398a6c80f479aed4063,gfs-2a3e38b40450fa05a15b4ac1,verified_object_version,0.9396823800568007,forecast-8098dd0a07f3b4f2e21004f7,2026-02-17T18:00:00Z,2026-02-18T09:00:00+05:00
forecast-8098dd0a07f3b4f2e21004f7,turbine_1,2026-02-17T18:00:00Z,2026-02-18T05:00:00Z,11,11,ml-9ffc3398a6c80f479aed4063,gfs-2a3e38b40450fa05a15b4ac1,verified_object_version,0.9692470112206736,forecast-8098dd0a07f3b4f2e21004f7,2026-02-17T18:00:00Z,2026-02-18T10:00:00+05:00
forecast-8098dd0a07f3b4f2e21004f7,turbine_1,2026-02-17T18:00:00Z,2026-02-18T06:00:00Z,12,12,ml-9ffc3398a6c80f479aed4063,gfs-2a3e38b40450fa05a15b4ac1,verified_object_version,0.9763963863943002,forecast-8098dd0a07f3b4f2e21004f7,2026-02-17T18:00:00Z,2026-02-18T11:00:00+05:00
forecast-8098dd0a07f3b4f2e21004f7,turbine_1,2026-02-17T18:00:00Z,2026-02-18T07:00:00Z,13,13,ml-9ffc3398a6c80f479aed4063,gfs-2a3e38b40450fa05a15b4ac1,verified_object_version,0.9818439352895927,forecast-8098dd0a07f3b4f2e21004f7,2026-02-17T18:00:00Z,2026-02-18T12:00:00+05:00
forecast-8098dd0a07f3b4f2e21004f7,turbine_1,2026-02-17T18:00:00Z,2026-02-18T08:00:00Z,14,14,ml-9ffc3398a6c80f479aed4063,gfs-2a3e38b40450fa05a15b4ac1,verified_object_version,0.986029396651455,forecast-8098dd0a07f3b4f2e21004f7,2026-02-17T18:00:00Z,2026-02-18T13:00:00+05:00
forecast-8098dd0a07f3b4f2e21004f7,turbine_1,2026-02-17T18:00:00Z,2026-02-18T09:00:00Z,15,15,ml-9ffc3398a6c80f479aed4063,gfs-2a3e38b40450fa05a15b4ac1,verified_object_version,0.9959463151514746,forecast-8098dd0a07f3b4f2e21004f7,2026-02-17T18:00:00Z,2026-02-18T14:00:00+05:00
forecast-8098dd0a07f3b4f2e21004f7,turbine_1,2026-02-17T18:00:00Z,2026-02-18T10:00:00Z,16,16,ml-9ffc3398a6c80f479aed4063,gfs-2a3e38b40450fa05a15b4ac1,verified_object_version,0.9945146462311191,forecast-8098dd0a07f3b4f2e21004f7,2026-02-17T18:00:00Z,2026-02-18T15:00:00+05:00
forecast-8098dd0a07f3b4f2e21004f7,turbine_1,2026-02-17T18:00:00Z,2026-02-18T11:00:00Z,17,17,ml-9ffc3398a6c80f479aed4063,gfs-2a3e38b40450fa05a15b4ac1,verified_object_version,0.9828339924952842,forecast-8098dd0a07f3b4f2e21004f7,2026-02-17T18:00:00Z,2026-02-18T16:00:00+05:00
forecast-8098dd0a07f3b4f2e21004f7,turbine_1,2026-02-17T18:00:00Z,2026-02-18T12:00:00Z,18,18,ml-9ffc3398a6c80f479aed4063,gfs-2a3e38b40450fa05a15b4ac1,verified_object_version,0.9875509386439788,forecast-8098dd0a07f3b4f2e21004f7,2026-02-17T18:00:00Z,2026-02-18T17:00:00+05:00
forecast-8098dd0a07f3b4f2e21004f7,turbine_1,2026-02-17T18:00:00Z,2026-02-18T13:00:00Z,19,19,ml-9ffc3398a6c80f479aed4063,gfs-2a3e38b40450fa05a15b4ac1,verified_object_version,0.6962775343657399,forecast-8098dd0a07f3b4f2e21004f7,2026-02-17T18:00:00Z,2026-02-18T18:00:00+05:00
forecast-8098dd0a07f3b4f2e21004f7,turbine_1,2026-02-17T18:00:00Z,2026-02-18T14:00:00Z,20,20,ml-9ffc3398a6c80f479aed4063,gfs-2a3e38b40450fa05a15b4ac1,verified_object_version,0.7252513206667943,forecast-8098dd0a07f3b4f2e21004f7,2026-02-17T18:00:00Z,2026-02-18T19:00:00+05:00
forecast-8098dd0a07f3b4f2e21004f7,turbine_1,2026-02-17T18:00:00Z,2026-02-18T15:00:00Z,21,21,ml-9ffc3398a6c80f479aed4063,gfs-2a3e38b40450fa05a15b4ac1,verified_object_version,0.6433141620889568,forecast-8098dd0a07f3b4f2e21004f7,2026-02-17T18:00:00Z,2026-02-18T20:00:00+05:00
forecast-8098dd0a07f3b4f2e21004f7,turbine_1,2026-02-17T18:00:00Z,2026-02-18T16:00:00Z,22,22,ml-9ffc3398a6c80f479aed4063,gfs-2a3e38b40450fa05a15b4ac1,verified_object_version,0.6610788284830401,forecast-8098dd0a07f3b4f2e21004f7,2026-02-17T18:00:00Z,2026-02-18T21:00:00+05:00
forecast-8098dd0a07f3b4f2e21004f7,turbine_1,2026-02-17T18:00:00Z,2026-02-18T17:00:00Z,23,23,ml-9ffc3398a6c80f479aed4063,gfs-2a3e38b40450fa05a15b4ac1,verified_object_version,0.8651807688802775,forecast-8098dd0a07f3b4f2e21004f7,2026-02-17T18:00:00Z,2026-02-18T22:00:00+05:00
forecast-8098dd0a07f3b4f2e21004f7,turbine_1,2026-02-17T18:00:00Z,2026-02-18T18:00:00Z,24,24,ml-9ffc3398a6c80f479aed4063,gfs-2a3e38b40450fa05a15b4ac1,verified_object_version,0.8487088205559927,forecast-8098dd0a07f3b4f2e21004f7,2026-02-17T18:00:00Z,2026-02-18T23:00:00+05:00
forecast-bba294c2097942452e7a2721,turbine_1,2026-02-18T18:00:00Z,2026-02-18T19:00:00Z,1,1,ml-9ffc3398a6c80f479aed4063,gfs-a36079ec291be0a114e69375,verified_object_version,0.8225995309752707,forecast-bba294c2097942452e7a2721,2026-02-18T18:00:00Z,2026-02-19T00:00:00+05:00
forecast-bba294c2097942452e7a2721,turbine_1,2026-02-18T18:00:00Z,2026-02-18T20:00:00Z,2,2,ml-9ffc3398a6c80f479aed4063,gfs-a36079ec291be0a114e69375,verified_object_version,0.6933314749233122,forecast-bba294c2097942452e7a2721,2026-02-18T18:00:00Z,2026-02-19T01:00:00+05:00
forecast-bba294c2097942452e7a2721,turbine_1,2026-02-18T18:00:00Z,2026-02-18T21:00:00Z,3,3,ml-9ffc3398a6c80f479aed4063,gfs-a36079ec291be0a114e69375,verified_object_version,0.5296543952561299,forecast-bba294c2097942452e7a2721,2026-02-18T18:00:00Z,2026-02-19T02:00:00+05:00
forecast-bba294c2097942452e7a2721,turbine_1,2026-02-18T18:00:00Z,2026-02-18T22:00:00Z,4,4,ml-9ffc3398a6c80f479aed4063,gfs-a36079ec291be0a114e69375,verified_object_version,0.5930118044751254,forecast-bba294c2097942452e7a2721,2026-02-18T18:00:00Z,2026-02-19T03:00:00+05:00
forecast-bba294c2097942452e7a2721,turbine_1,2026-02-18T18:00:00Z,2026-02-18T23:00:00Z,5,5,ml-9ffc3398a6c80f479aed4063,gfs-a36079ec291be0a114e69375,verified_object_version,0.5037391122850607,forecast-bba294c2097942452e7a2721,2026-02-18T18:00:00Z,2026-02-19T04:00:00+05:00
forecast-bba294c2097942452e7a2721,turbine_1,2026-02-18T18:00:00Z,2026-02-19T00:00:00Z,6,6,ml-9ffc3398a6c80f479aed4063,gfs-a36079ec291be0a114e69375,verified_object_version,0.4789813245869963,forecast-bba294c2097942452e7a2721,2026-02-18T18:00:00Z,2026-02-19T05:00:00+05:00
forecast-bba294c2097942452e7a2721,turbine_1,2026-02-18T18:00:00Z,2026-02-19T01:00:00Z,7,7,ml-9ffc3398a6c80f479aed4063,gfs-a36079ec291be0a114e69375,verified_object_version,0.4469017839973838,forecast-bba294c2097942452e7a2721,2026-02-18T18:00:00Z,2026-02-19T06:00:00+05:00
forecast-bba294c2097942452e7a2721,turbine_1,2026-02-18T18:00:00Z,2026-02-19T02:00:00Z,8,8,ml-9ffc3398a6c80f479aed4063,gfs-a36079ec291be0a114e69375,verified_object_version,0.5536491914134888,forecast-bba294c2097942452e7a2721,2026-02-18T18:00:00Z,2026-02-19T07:00:00+05:00
forecast-bba294c2097942452e7a2721,turbine_1,2026-02-18T18:00:00Z,2026-02-19T03:00:00Z,9,9,ml-9ffc3398a6c80f479aed4063,gfs-a36079ec291be0a114e69375,verified_object_version,0.4193182240369722,forecast-bba294c2097942452e7a2721,2026-02-18T18:00:00Z,2026-02-19T08:00:00+05:00
forecast-bba294c2097942452e7a2721,turbine_1,2026-02-18T18:00:00Z,2026-02-19T04:00:00Z,10,10,ml-9ffc3398a6c80f479aed4063,gfs-a36079ec291be0a114e69375,verified_object_version,0.48731271904712636,forecast-bba294c2097942452e7a2721,2026-02-18T18:00:00Z,2026-02-19T09:00:00+05:00
forecast-bba294c2097942452e7a2721,turbine_1,2026-02-18T18:00:00Z,2026-02-19T05:00:00Z,11,11,ml-9ffc3398a6c80f479aed4063,gfs-a36079ec291be0a114e69375,verified_object_version,0.3567044143153618,forecast-bba294c2097942452e7a2721,2026-02-18T18:00:00Z,2026-02-19T10:00:00+05:00
forecast-bba294c2097942452e7a2721,turbine_1,2026-02-18T18:00:00Z,2026-02-19T06:00:00Z,12,12,ml-9ffc3398a6c80f479aed4063,gfs-a36079ec291be0a114e69375,verified_object_version,0.384246462312528,forecast-bba294c2097942452e7a2721,2026-02-18T18:00:00Z,2026-02-19T11:00:00+05:00
forecast-bba294c2097942452e7a2721,turbine_1,2026-02-18T18:00:00Z,2026-02-19T07:00:00Z,13,13,ml-9ffc3398a6c80f479aed4063,gfs-a36079ec291be0a114e69375,verified_object_version,0.23422343660135073,forecast-bba294c2097942452e7a2721,2026-02-18T18:00:00Z,2026-02-19T12:00:00+05:00
forecast-bba294c2097942452e7a2721,turbine_1,2026-02-18T18:00:00Z,2026-02-19T08:00:00Z,14,14,ml-9ffc3398a6c80f479aed4063,gfs-a36079ec291be0a114e69375,verified_object_version,0.2206918704861334,forecast-bba294c2097942452e7a2721,2026-02-18T18:00:00Z,2026-02-19T13:00:00+05:00
forecast-bba294c2097942452e7a2721,turbine_1,2026-02-18T18:00:00Z,2026-02-19T09:00:00Z,15,15,ml-9ffc3398a6c80f479aed4063,gfs-a36079ec291be0a114e69375,verified_object_version,0.22619531622522768,forecast-bba294c2097942452e7a2721,2026-02-18T18:00:00Z,2026-02-19T14:00:00+05:00
forecast-bba294c2097942452e7a2721,turbine_1,2026-02-18T18:00:00Z,2026-02-19T10:00:00Z,16,16,ml-9ffc3398a6c80f479aed4063,gfs-a36079ec291be0a114e69375,verified_object_version,0.1348228019424458,forecast-bba294c2097942452e7a2721,2026-02-18T18:00:00Z,2026-02-19T15:00:00+05:00
forecast-bba294c2097942452e7a2721,turbine_1,2026-02-18T18:00:00Z,2026-02-19T11:00:00Z,17,17,ml-9ffc3398a6c80f479aed4063,gfs-a36079ec291be0a114e69375,verified_object_version,0.12754829438224477,forecast-bba294c2097942452e7a2721,2026-02-18T18:00:00Z,2026-02-19T16:00:00+05:00
forecast-bba294c2097942452e7a2721,turbine_1,2026-02-18T18:00:00Z,2026-02-19T12:00:00Z,18,18,ml-9ffc3398a6c80f479aed4063,gfs-a36079ec291be0a114e69375,verified_object_version,0.16576688915451798,forecast-bba294c2097942452e7a2721,2026-02-18T18:00:00Z,2026-02-19T17:00:00+05:00
forecast-bba294c2097942452e7a2721,turbine_1,2026-02-18T18:00:00Z,2026-02-19T13:00:00Z,19,19,ml-9ffc3398a6c80f479aed4063,gfs-a36079ec291be0a114e69375,verified_object_version,0.17591280731128658,forecast-bba294c2097942452e7a2721,2026-02-18T18:00:00Z,2026-02-19T18:00:00+05:00
forecast-bba294c2097942452e7a2721,turbine_1,2026-02-18T18:00:00Z,2026-02-19T14:00:00Z,20,20,ml-9ffc3398a6c80f479aed4063,gfs-a36079ec291be0a114e69375,verified_object_version,0.24226310050486222,forecast-bba294c2097942452e7a2721,2026-02-18T18:00:00Z,2026-02-19T19:00:00+05:00
forecast-bba294c2097942452e7a2721,turbine_1,2026-02-18T18:00:00Z,2026-02-19T15:00:00Z,21,21,ml-9ffc3398a6c80f479aed4063,gfs-a36079ec291be0a114e69375,verified_object_version,0.17405192103014067,forecast-bba294c2097942452e7a2721,2026-02-18T18:00:00Z,2026-02-19T20:00:00+05:00
forecast-bba294c2097942452e7a2721,turbine_1,2026-02-18T18:00:00Z,2026-02-19T16:00:00Z,22,22,ml-9ffc3398a6c80f479aed4063,gfs-a36079ec291be0a114e69375,verified_object_version,0.14171611593592381,forecast-bba294c2097942452e7a2721,2026-02-18T18:00:00Z,2026-02-19T21:00:00+05:00
forecast-bba294c2097942452e7a2721,turbine_1,2026-02-18T18:00:00Z,2026-02-19T17:00:00Z,23,23,ml-9ffc3398a6c80f479aed4063,gfs-a36079ec291be0a114e69375,verified_object_version,0.1449359194109576,forecast-bba294c2097942452e7a2721,2026-02-18T18:00:00Z,2026-02-19T22:00:00+05:00
forecast-bba294c2097942452e7a2721,turbine_1,2026-02-18T18:00:00Z,2026-02-19T18:00:00Z,24,24,ml-9ffc3398a6c80f479aed4063,gfs-a36079ec291be0a114e69375,verified_object_version,0.0720152232723382,forecast-bba294c2097942452e7a2721,2026-02-18T18:00:00Z,2026-02-19T23:00:00+05:00
forecast-67b64a968e3f6bf9b84b4de7,turbine_1,2026-02-19T18:00:00Z,2026-02-19T19:00:00Z,1,1,ml-9ffc3398a6c80f479aed4063,gfs-7a66239ba6e46cf13e00a8ac,verified_object_version,0.024542323106856917,forecast-67b64a968e3f6bf9b84b4de7,2026-02-19T18:00:00Z,2026-02-20T00:00:00+05:00
forecast-67b64a968e3f6bf9b84b4de7,turbine_1,2026-02-19T18:00:00Z,2026-02-19T20:00:00Z,2,2,ml-9ffc3398a6c80f479aed4063,gfs-7a66239ba6e46cf13e00a8ac,verified_object_version,0.0162880479785478,forecast-67b64a968e3f6bf9b84b4de7,2026-02-19T18:00:00Z,2026-02-20T01:00:00+05:00
forecast-67b64a968e3f6bf9b84b4de7,turbine_1,2026-02-19T18:00:00Z,2026-02-19T21:00:00Z,3,3,ml-9ffc3398a6c80f479aed4063,gfs-7a66239ba6e46cf13e00a8ac,verified_object_version,0.015638653734228736,forecast-67b64a968e3f6bf9b84b4de7,2026-02-19T18:00:00Z,2026-02-20T02:00:00+05:00
forecast-67b64a968e3f6bf9b84b4de7,turbine_1,2026-02-19T18:00:00Z,2026-02-19T22:00:00Z,4,4,ml-9ffc3398a6c80f479aed4063,gfs-7a66239ba6e46cf13e00a8ac,verified_object_version,0.04529187142378338,forecast-67b64a968e3f6bf9b84b4de7,2026-02-19T18:00:00Z,2026-02-20T03:00:00+05:00
forecast-67b64a968e3f6bf9b84b4de7,turbine_1,2026-02-19T18:00:00Z,2026-02-19T23:00:00Z,5,5,ml-9ffc3398a6c80f479aed4063,gfs-7a66239ba6e46cf13e00a8ac,verified_object_version,0.07085499329860925,forecast-67b64a968e3f6bf9b84b4de7,2026-02-19T18:00:00Z,2026-02-20T04:00:00+05:00
forecast-67b64a968e3f6bf9b84b4de7,turbine_1,2026-02-19T18:00:00Z,2026-02-20T00:00:00Z,6,6,ml-9ffc3398a6c80f479aed4063,gfs-7a66239ba6e46cf13e00a8ac,verified_object_version,0.12779564402765298,forecast-67b64a968e3f6bf9b84b4de7,2026-02-19T18:00:00Z,2026-02-20T05:00:00+05:00
forecast-67b64a968e3f6bf9b84b4de7,turbine_1,2026-02-19T18:00:00Z,2026-02-20T01:00:00Z,7,7,ml-9ffc3398a6c80f479aed4063,gfs-7a66239ba6e46cf13e00a8ac,verified_object_version,0.1422697696477108,forecast-67b64a968e3f6bf9b84b4de7,2026-02-19T18:00:00Z,2026-02-20T06:00:00+05:00
forecast-67b64a968e3f6bf9b84b4de7,turbine_1,2026-02-19T18:00:00Z,2026-02-20T02:00:00Z,8,8,ml-9ffc3398a6c80f479aed4063,gfs-7a66239ba6e46cf13e00a8ac,verified_object_version,0.15064779848574894,forecast-67b64a968e3f6bf9b84b4de7,2026-02-19T18:00:00Z,2026-02-20T07:00:00+05:00
forecast-67b64a968e3f6bf9b84b4de7,turbine_1,2026-02-19T18:00:00Z,2026-02-20T03:00:00Z,9,9,ml-9ffc3398a6c80f479aed4063,gfs-7a66239ba6e46cf13e00a8ac,verified_object_version,0.15081619668553292,forecast-67b64a968e3f6bf9b84b4de7,2026-02-19T18:00:00Z,2026-02-20T08:00:00+05:00
forecast-67b64a968e3f6bf9b84b4de7,turbine_1,2026-02-19T18:00:00Z,2026-02-20T04:00:00Z,10,10,ml-9ffc3398a6c80f479aed4063,gfs-7a66239ba6e46cf13e00a8ac,verified_object_version,0.1801309037365971,forecast-67b64a968e3f6bf9b84b4de7,2026-02-19T18:00:00Z,2026-02-20T09:00:00+05:00
forecast-67b64a968e3f6bf9b84b4de7,turbine_1,2026-02-19T18:00:00Z,2026-02-20T05:00:00Z,11,11,ml-9ffc3398a6c80f479aed4063,gfs-7a66239ba6e46cf13e00a8ac,verified_object_version,0.12731622655817054,forecast-67b64a968e3f6bf9b84b4de7,2026-02-19T18:00:00Z,2026-02-20T10:00:00+05:00
forecast-67b64a968e3f6bf9b84b4de7,turbine_1,2026-02-19T18:00:00Z,2026-02-20T06:00:00Z,12,12,ml-9ffc3398a6c80f479aed4063,gfs-7a66239ba6e46cf13e00a8ac,verified_object_version,0.13416592762941731,forecast-67b64a968e3f6bf9b84b4de7,2026-02-19T18:00:00Z,2026-02-20T11:00:00+05:00
forecast-67b64a968e3f6bf9b84b4de7,turbine_1,2026-02-19T18:00:00Z,2026-02-20T07:00:00Z,13,13,ml-9ffc3398a6c80f479aed4063,gfs-7a66239ba6e46cf13e00a8ac,verified_object_version,0.11906077415661896,forecast-67b64a968e3f6bf9b84b4de7,2026-02-19T18:00:00Z,2026-02-20T12:00:00+05:00
forecast-67b64a968e3f6bf9b84b4de7,turbine_1,2026-02-19T18:00:00Z,2026-02-20T08:00:00Z,14,14,ml-9ffc3398a6c80f479aed4063,gfs-7a66239ba6e46cf13e00a8ac,verified_object_version,0.12185590777499809,forecast-67b64a968e3f6bf9b84b4de7,2026-02-19T18:00:00Z,2026-02-20T13:00:00+05:00
forecast-67b64a968e3f6bf9b84b4de7,turbine_1,2026-02-19T18:00:00Z,2026-02-20T09:00:00Z,15,15,ml-9ffc3398a6c80f479aed4063,gfs-7a66239ba6e46cf13e00a8ac,verified_object_version,0.0911253511326513,forecast-67b64a968e3f6bf9b84b4de7,2026-02-19T18:00:00Z,2026-02-20T14:00:00+05:00
forecast-67b64a968e3f6bf9b84b4de7,turbine_1,2026-02-19T18:00:00Z,2026-02-20T10:00:00Z,16,16,ml-9ffc3398a6c80f479aed4063,gfs-7a66239ba6e46cf13e00a8ac,verified_object_version,0.05272253040305183,forecast-67b64a968e3f6bf9b84b4de7,2026-02-19T18:00:00Z,2026-02-20T15:00:00+05:00
forecast-67b64a968e3f6bf9b84b4de7,turbine_1,2026-02-19T18:00:00Z,2026-02-20T11:00:00Z,17,17,ml-9ffc3398a6c80f479aed4063,gfs-7a66239ba6e46cf13e00a8ac,verified_object_version,0.045822089561690815,forecast-67b64a968e3f6bf9b84b4de7,2026-02-19T18:00:00Z,2026-02-20T16:00:00+05:00
forecast-67b64a968e3f6bf9b84b4de7,turbine_1,2026-02-19T18:00:00Z,2026-02-20T12:00:00Z,18,18,ml-9ffc3398a6c80f479aed4063,gfs-7a66239ba6e46cf13e00a8ac,verified_object_version,0.04428370335451054,forecast-67b64a968e3f6bf9b84b4de7,2026-02-19T18:00:00Z,2026-02-20T17:00:00+05:00
forecast-67b64a968e3f6bf9b84b4de7,turbine_1,2026-02-19T18:00:00Z,2026-02-20T13:00:00Z,19,19,ml-9ffc3398a6c80f479aed4063,gfs-7a66239ba6e46cf13e00a8ac,verified_object_version,0.08961607320851989,forecast-67b64a968e3f6bf9b84b4de7,2026-02-19T18:00:00Z,2026-02-20T18:00:00+05:00
forecast-67b64a968e3f6bf9b84b4de7,turbine_1,2026-02-19T18:00:00Z,2026-02-20T14:00:00Z,20,20,ml-9ffc3398a6c80f479aed4063,gfs-7a66239ba6e46cf13e00a8ac,verified_object_version,0.702287902409451,forecast-67b64a968e3f6bf9b84b4de7,2026-02-19T18:00:00Z,2026-02-20T19:00:00+05:00
forecast-67b64a968e3f6bf9b84b4de7,turbine_1,2026-02-19T18:00:00Z,2026-02-20T15:00:00Z,21,21,ml-9ffc3398a6c80f479aed4063,gfs-7a66239ba6e46cf13e00a8ac,verified_object_version,0.8825809780656798,forecast-67b64a968e3f6bf9b84b4de7,2026-02-19T18:00:00Z,2026-02-20T20:00:00+05:00
forecast-67b64a968e3f6bf9b84b4de7,turbine_1,2026-02-19T18:00:00Z,2026-02-20T16:00:00Z,22,22,ml-9ffc3398a6c80f479aed4063,gfs-7a66239ba6e46cf13e00a8ac,verified_object_version,0.9659656145909173,forecast-67b64a968e3f6bf9b84b4de7,2026-02-19T18:00:00Z,2026-02-20T21:00:00+05:00
forecast-67b64a968e3f6bf9b84b4de7,turbine_1,2026-02-19T18:00:00Z,2026-02-20T17:00:00Z,23,23,ml-9ffc3398a6c80f479aed4063,gfs-7a66239ba6e46cf13e00a8ac,verified_object_version,0.9642566858369759,forecast-67b64a968e3f6bf9b84b4de7,2026-02-19T18:00:00Z,2026-02-20T22:00:00+05:00
forecast-67b64a968e3f6bf9b84b4de7,turbine_1,2026-02-19T18:00:00Z,2026-02-20T18:00:00Z,24,24,ml-9ffc3398a6c80f479aed4063,gfs-7a66239ba6e46cf13e00a8ac,verified_object_version,0.9427863610081975,forecast-67b64a968e3f6bf9b84b4de7,2026-02-19T18:00:00Z,2026-02-20T23:00:00+05:00
forecast-b52bb976f30564ebbdbf03b2,turbine_1,2026-02-20T18:00:00Z,2026-02-20T19:00:00Z,1,1,ml-9ffc3398a6c80f479aed4063,gfs-e3977ca1233baebc0e01066b,verified_object_version,0.8605479903753271,forecast-b52bb976f30564ebbdbf03b2,2026-02-20T18:00:00Z,2026-02-21T00:00:00+05:00
forecast-b52bb976f30564ebbdbf03b2,turbine_1,2026-02-20T18:00:00Z,2026-02-20T20:00:00Z,2,2,ml-9ffc3398a6c80f479aed4063,gfs-e3977ca1233baebc0e01066b,verified_object_version,0.8549769482910646,forecast-b52bb976f30564ebbdbf03b2,2026-02-20T18:00:00Z,2026-02-21T01:00:00+05:00
forecast-b52bb976f30564ebbdbf03b2,turbine_1,2026-02-20T18:00:00Z,2026-02-20T21:00:00Z,3,3,ml-9ffc3398a6c80f479aed4063,gfs-e3977ca1233baebc0e01066b,verified_object_version,0.8277556985853812,forecast-b52bb976f30564ebbdbf03b2,2026-02-20T18:00:00Z,2026-02-21T02:00:00+05:00
forecast-b52bb976f30564ebbdbf03b2,turbine_1,2026-02-20T18:00:00Z,2026-02-20T22:00:00Z,4,4,ml-9ffc3398a6c80f479aed4063,gfs-e3977ca1233baebc0e01066b,verified_object_version,0.6445629080726956,forecast-b52bb976f30564ebbdbf03b2,2026-02-20T18:00:00Z,2026-02-21T03:00:00+05:00
forecast-b52bb976f30564ebbdbf03b2,turbine_1,2026-02-20T18:00:00Z,2026-02-20T23:00:00Z,5,5,ml-9ffc3398a6c80f479aed4063,gfs-e3977ca1233baebc0e01066b,verified_object_version,0.6277747011263124,forecast-b52bb976f30564ebbdbf03b2,2026-02-20T18:00:00Z,2026-02-21T04:00:00+05:00
forecast-b52bb976f30564ebbdbf03b2,turbine_1,2026-02-20T18:00:00Z,2026-02-21T00:00:00Z,6,6,ml-9ffc3398a6c80f479aed4063,gfs-e3977ca1233baebc0e01066b,verified_object_version,0.4582218510662912,forecast-b52bb976f30564ebbdbf03b2,2026-02-20T18:00:00Z,2026-02-21T05:00:00+05:00
forecast-b52bb976f30564ebbdbf03b2,turbine_1,2026-02-20T18:00:00Z,2026-02-21T01:00:00Z,7,7,ml-9ffc3398a6c80f479aed4063,gfs-e3977ca1233baebc0e01066b,verified_object_version,0.4843874987545201,forecast-b52bb976f30564ebbdbf03b2,2026-02-20T18:00:00Z,2026-02-21T06:00:00+05:00
forecast-b52bb976f30564ebbdbf03b2,turbine_1,2026-02-20T18:00:00Z,2026-02-21T02:00:00Z,8,8,ml-9ffc3398a6c80f479aed4063,gfs-e3977ca1233baebc0e01066b,verified_object_version,0.5268374950652543,forecast-b52bb976f30564ebbdbf03b2,2026-02-20T18:00:00Z,2026-02-21T07:00:00+05:00
forecast-b52bb976f30564ebbdbf03b2,turbine_1,2026-02-20T18:00:00Z,2026-02-21T03:00:00Z,9,9,ml-9ffc3398a6c80f479aed4063,gfs-e3977ca1233baebc0e01066b,verified_object_version,0.31335353432778656,forecast-b52bb976f30564ebbdbf03b2,2026-02-20T18:00:00Z,2026-02-21T08:00:00+05:00
forecast-b52bb976f30564ebbdbf03b2,turbine_1,2026-02-20T18:00:00Z,2026-02-21T04:00:00Z,10,10,ml-9ffc3398a6c80f479aed4063,gfs-e3977ca1233baebc0e01066b,verified_object_version,0.4148957633174861,forecast-b52bb976f30564ebbdbf03b2,2026-02-20T18:00:00Z,2026-02-21T09:00:00+05:00
forecast-b52bb976f30564ebbdbf03b2,turbine_1,2026-02-20T18:00:00Z,2026-02-21T05:00:00Z,11,11,ml-9ffc3398a6c80f479aed4063,gfs-e3977ca1233baebc0e01066b,verified_object_version,0.10010168686875583,forecast-b52bb976f30564ebbdbf03b2,2026-02-20T18:00:00Z,2026-02-21T10:00:00+05:00
forecast-b52bb976f30564ebbdbf03b2,turbine_1,2026-02-20T18:00:00Z,2026-02-21T06:00:00Z,12,12,ml-9ffc3398a6c80f479aed4063,gfs-e3977ca1233baebc0e01066b,verified_object_version,0.03054421922985026,forecast-b52bb976f30564ebbdbf03b2,2026-02-20T18:00:00Z,2026-02-21T11:00:00+05:00
forecast-b52bb976f30564ebbdbf03b2,turbine_1,2026-02-20T18:00:00Z,2026-02-21T07:00:00Z,13,13,ml-9ffc3398a6c80f479aed4063,gfs-e3977ca1233baebc0e01066b,verified_object_version,0.9737746463659704,forecast-b52bb976f30564ebbdbf03b2,2026-02-20T18:00:00Z,2026-02-21T12:00:00+05:00
forecast-b52bb976f30564ebbdbf03b2,turbine_1,2026-02-20T18:00:00Z,2026-02-21T08:00:00Z,14,14,ml-9ffc3398a6c80f479aed4063,gfs-e3977ca1233baebc0e01066b,verified_object_version,0.9288678650026615,forecast-b52bb976f30564ebbdbf03b2,2026-02-20T18:00:00Z,2026-02-21T13:00:00+05:00
forecast-b52bb976f30564ebbdbf03b2,turbine_1,2026-02-20T18:00:00Z,2026-02-21T09:00:00Z,15,15,ml-9ffc3398a6c80f479aed4063,gfs-e3977ca1233baebc0e01066b,verified_object_version,0.9757849758885501,forecast-b52bb976f30564ebbdbf03b2,2026-02-20T18:00:00Z,2026-02-21T14:00:00+05:00
forecast-b52bb976f30564ebbdbf03b2,turbine_1,2026-02-20T18:00:00Z,2026-02-21T10:00:00Z,16,16,ml-9ffc3398a6c80f479aed4063,gfs-e3977ca1233baebc0e01066b,verified_object_version,0.9634258613813403,forecast-b52bb976f30564ebbdbf03b2,2026-02-20T18:00:00Z,2026-02-21T15:00:00+05:00
forecast-b52bb976f30564ebbdbf03b2,turbine_1,2026-02-20T18:00:00Z,2026-02-21T11:00:00Z,17,17,ml-9ffc3398a6c80f479aed4063,gfs-e3977ca1233baebc0e01066b,verified_object_version,0.6239716944059867,forecast-b52bb976f30564ebbdbf03b2,2026-02-20T18:00:00Z,2026-02-21T16:00:00+05:00
forecast-b52bb976f30564ebbdbf03b2,turbine_1,2026-02-20T18:00:00Z,2026-02-21T12:00:00Z,18,18,ml-9ffc3398a6c80f479aed4063,gfs-e3977ca1233baebc0e01066b,verified_object_version,0.5171325014824304,forecast-b52bb976f30564ebbdbf03b2,2026-02-20T18:00:00Z,2026-02-21T17:00:00+05:00
forecast-b52bb976f30564ebbdbf03b2,turbine_1,2026-02-20T18:00:00Z,2026-02-21T13:00:00Z,19,19,ml-9ffc3398a6c80f479aed4063,gfs-e3977ca1233baebc0e01066b,verified_object_version,0.39461513525957115,forecast-b52bb976f30564ebbdbf03b2,2026-02-20T18:00:00Z,2026-02-21T18:00:00+05:00
forecast-b52bb976f30564ebbdbf03b2,turbine_1,2026-02-20T18:00:00Z,2026-02-21T14:00:00Z,20,20,ml-9ffc3398a6c80f479aed4063,gfs-e3977ca1233baebc0e01066b,verified_object_version,0.6662897524618663,forecast-b52bb976f30564ebbdbf03b2,2026-02-20T18:00:00Z,2026-02-21T19:00:00+05:00
forecast-b52bb976f30564ebbdbf03b2,turbine_1,2026-02-20T18:00:00Z,2026-02-21T15:00:00Z,21,21,ml-9ffc3398a6c80f479aed4063,gfs-e3977ca1233baebc0e01066b,verified_object_version,0.6486702583860613,forecast-b52bb976f30564ebbdbf03b2,2026-02-20T18:00:00Z,2026-02-21T20:00:00+05:00
forecast-b52bb976f30564ebbdbf03b2,turbine_1,2026-02-20T18:00:00Z,2026-02-21T16:00:00Z,22,22,ml-9ffc3398a6c80f479aed4063,gfs-e3977ca1233baebc0e01066b,verified_object_version,0.3380697180115543,forecast-b52bb976f30564ebbdbf03b2,2026-02-20T18:00:00Z,2026-02-21T21:00:00+05:00
forecast-b52bb976f30564ebbdbf03b2,turbine_1,2026-02-20T18:00:00Z,2026-02-21T17:00:00Z,23,23,ml-9ffc3398a6c80f479aed4063,gfs-e3977ca1233baebc0e01066b,verified_object_version,0.15196858680244665,forecast-b52bb976f30564ebbdbf03b2,2026-02-20T18:00:00Z,2026-02-21T22:00:00+05:00
forecast-b52bb976f30564ebbdbf03b2,turbine_1,2026-02-20T18:00:00Z,2026-02-21T18:00:00Z,24,24,ml-9ffc3398a6c80f479aed4063,gfs-e3977ca1233baebc0e01066b,verified_object_version,0.10563709439491617,forecast-b52bb976f30564ebbdbf03b2,2026-02-20T18:00:00Z,2026-02-21T23:00:00+05:00
forecast-b9374766947e12d8247ad53e,turbine_1,2026-02-21T18:00:00Z,2026-02-21T19:00:00Z,1,1,ml-9ffc3398a6c80f479aed4063,gfs-a68354390bf8097632ab58b6,verified_object_version,0.02419629805713655,forecast-b9374766947e12d8247ad53e,2026-02-21T18:00:00Z,2026-02-22T00:00:00+05:00
forecast-b9374766947e12d8247ad53e,turbine_1,2026-02-21T18:00:00Z,2026-02-21T20:00:00Z,2,2,ml-9ffc3398a6c80f479aed4063,gfs-a68354390bf8097632ab58b6,verified_object_version,0.01812528694307544,forecast-b9374766947e12d8247ad53e,2026-02-21T18:00:00Z,2026-02-22T01:00:00+05:00
forecast-b9374766947e12d8247ad53e,turbine_1,2026-02-21T18:00:00Z,2026-02-21T21:00:00Z,3,3,ml-9ffc3398a6c80f479aed4063,gfs-a68354390bf8097632ab58b6,verified_object_version,0.016391280000132624,forecast-b9374766947e12d8247ad53e,2026-02-21T18:00:00Z,2026-02-22T02:00:00+05:00
forecast-b9374766947e12d8247ad53e,turbine_1,2026-02-21T18:00:00Z,2026-02-21T22:00:00Z,4,4,ml-9ffc3398a6c80f479aed4063,gfs-a68354390bf8097632ab58b6,verified_object_version,0.014768339329464447,forecast-b9374766947e12d8247ad53e,2026-02-21T18:00:00Z,2026-02-22T03:00:00+05:00
forecast-b9374766947e12d8247ad53e,turbine_1,2026-02-21T18:00:00Z,2026-02-21T23:00:00Z,5,5,ml-9ffc3398a6c80f479aed4063,gfs-a68354390bf8097632ab58b6,verified_object_version,0.01426644818954148,forecast-b9374766947e12d8247ad53e,2026-02-21T18:00:00Z,2026-02-22T04:00:00+05:00
forecast-b9374766947e12d8247ad53e,turbine_1,2026-02-21T18:00:00Z,2026-02-22T00:00:00Z,6,6,ml-9ffc3398a6c80f479aed4063,gfs-a68354390bf8097632ab58b6,verified_object_version,0.01538268160670947,forecast-b9374766947e12d8247ad53e,2026-02-21T18:00:00Z,2026-02-22T05:00:00+05:00
forecast-b9374766947e12d8247ad53e,turbine_1,2026-02-21T18:00:00Z,2026-02-22T01:00:00Z,7,7,ml-9ffc3398a6c80f479aed4063,gfs-a68354390bf8097632ab58b6,verified_object_version,0.040914820148529096,forecast-b9374766947e12d8247ad53e,2026-02-21T18:00:00Z,2026-02-22T06:00:00+05:00
forecast-b9374766947e12d8247ad53e,turbine_1,2026-02-21T18:00:00Z,2026-02-22T02:00:00Z,8,8,ml-9ffc3398a6c80f479aed4063,gfs-a68354390bf8097632ab58b6,verified_object_version,0.4548814874216089,forecast-b9374766947e12d8247ad53e,2026-02-21T18:00:00Z,2026-02-22T07:00:00+05:00
forecast-b9374766947e12d8247ad53e,turbine_1,2026-02-21T18:00:00Z,2026-02-22T03:00:00Z,9,9,ml-9ffc3398a6c80f479aed4063,gfs-a68354390bf8097632ab58b6,verified_object_version,0.8081537976578284,forecast-b9374766947e12d8247ad53e,2026-02-21T18:00:00Z,2026-02-22T08:00:00+05:00
forecast-b9374766947e12d8247ad53e,turbine_1,2026-02-21T18:00:00Z,2026-02-22T04:00:00Z,10,10,ml-9ffc3398a6c80f479aed4063,gfs-a68354390bf8097632ab58b6,verified_object_version,0.9390998795533371,forecast-b9374766947e12d8247ad53e,2026-02-21T18:00:00Z,2026-02-22T09:00:00+05:00
forecast-b9374766947e12d8247ad53e,turbine_1,2026-02-21T18:00:00Z,2026-02-22T05:00:00Z,11,11,ml-9ffc3398a6c80f479aed4063,gfs-a68354390bf8097632ab58b6,verified_object_version,0.9804426502564596,forecast-b9374766947e12d8247ad53e,2026-02-21T18:00:00Z,2026-02-22T10:00:00+05:00
forecast-b9374766947e12d8247ad53e,turbine_1,2026-02-21T18:00:00Z,2026-02-22T06:00:00Z,12,12,ml-9ffc3398a6c80f479aed4063,gfs-a68354390bf8097632ab58b6,verified_object_version,0.9792921487897234,forecast-b9374766947e12d8247ad53e,2026-02-21T18:00:00Z,2026-02-22T11:00:00+05:00
forecast-b9374766947e12d8247ad53e,turbine_1,2026-02-21T18:00:00Z,2026-02-22T07:00:00Z,13,13,ml-9ffc3398a6c80f479aed4063,gfs-a68354390bf8097632ab58b6,verified_object_version,0.9836706961881497,forecast-b9374766947e12d8247ad53e,2026-02-21T18:00:00Z,2026-02-22T12:00:00+05:00
forecast-b9374766947e12d8247ad53e,turbine_1,2026-02-21T18:00:00Z,2026-02-22T08:00:00Z,14,14,ml-9ffc3398a6c80f479aed4063,gfs-a68354390bf8097632ab58b6,verified_object_version,0.9796121595431834,forecast-b9374766947e12d8247ad53e,2026-02-21T18:00:00Z,2026-02-22T13:00:00+05:00
forecast-b9374766947e12d8247ad53e,turbine_1,2026-02-21T18:00:00Z,2026-02-22T09:00:00Z,15,15,ml-9ffc3398a6c80f479aed4063,gfs-a68354390bf8097632ab58b6,verified_object_version,0.9667634145076355,forecast-b9374766947e12d8247ad53e,2026-02-21T18:00:00Z,2026-02-22T14:00:00+05:00
forecast-b9374766947e12d8247ad53e,turbine_1,2026-02-21T18:00:00Z,2026-02-22T10:00:00Z,16,16,ml-9ffc3398a6c80f479aed4063,gfs-a68354390bf8097632ab58b6,verified_object_version,0.9632977361226882,forecast-b9374766947e12d8247ad53e,2026-02-21T18:00:00Z,2026-02-22T15:00:00+05:00
forecast-b9374766947e12d8247ad53e,turbine_1,2026-02-21T18:00:00Z,2026-02-22T11:00:00Z,17,17,ml-9ffc3398a6c80f479aed4063,gfs-a68354390bf8097632ab58b6,verified_object_version,0.9501442227549761,forecast-b9374766947e12d8247ad53e,2026-02-21T18:00:00Z,2026-02-22T16:00:00+05:00
forecast-b9374766947e12d8247ad53e,turbine_1,2026-02-21T18:00:00Z,2026-02-22T12:00:00Z,18,18,ml-9ffc3398a6c80f479aed4063,gfs-a68354390bf8097632ab58b6,verified_object_version,0.9265907281796767,forecast-b9374766947e12d8247ad53e,2026-02-21T18:00:00Z,2026-02-22T17:00:00+05:00
forecast-b9374766947e12d8247ad53e,turbine_1,2026-02-21T18:00:00Z,2026-02-22T13:00:00Z,19,19,ml-9ffc3398a6c80f479aed4063,gfs-a68354390bf8097632ab58b6,verified_object_version,0.9251756967087217,forecast-b9374766947e12d8247ad53e,2026-02-21T18:00:00Z,2026-02-22T18:00:00+05:00
forecast-b9374766947e12d8247ad53e,turbine_1,2026-02-21T18:00:00Z,2026-02-22T14:00:00Z,20,20,ml-9ffc3398a6c80f479aed4063,gfs-a68354390bf8097632ab58b6,verified_object_version,0.7319342089985487,forecast-b9374766947e12d8247ad53e,2026-02-21T18:00:00Z,2026-02-22T19:00:00+05:00
forecast-b9374766947e12d8247ad53e,turbine_1,2026-02-21T18:00:00Z,2026-02-22T15:00:00Z,21,21,ml-9ffc3398a6c80f479aed4063,gfs-a68354390bf8097632ab58b6,verified_object_version,0.6273224308684566,forecast-b9374766947e12d8247ad53e,2026-02-21T18:00:00Z,2026-02-22T20:00:00+05:00
forecast-b9374766947e12d8247ad53e,turbine_1,2026-02-21T18:00:00Z,2026-02-22T16:00:00Z,22,22,ml-9ffc3398a6c80f479aed4063,gfs-a68354390bf8097632ab58b6,verified_object_version,0.45315513212246217,forecast-b9374766947e12d8247ad53e,2026-02-21T18:00:00Z,2026-02-22T21:00:00+05:00
forecast-b9374766947e12d8247ad53e,turbine_1,2026-02-21T18:00:00Z,2026-02-22T17:00:00Z,23,23,ml-9ffc3398a6c80f479aed4063,gfs-a68354390bf8097632ab58b6,verified_object_version,0.35547184460972286,forecast-b9374766947e12d8247ad53e,2026-02-21T18:00:00Z,2026-02-22T22:00:00+05:00
forecast-b9374766947e12d8247ad53e,turbine_1,2026-02-21T18:00:00Z,2026-02-22T18:00:00Z,24,24,ml-9ffc3398a6c80f479aed4063,gfs-a68354390bf8097632ab58b6,verified_object_version,0.2264997854464087,forecast-b9374766947e12d8247ad53e,2026-02-21T18:00:00Z,2026-02-22T23:00:00+05:00
forecast-2159d630bb94de00acece3ac,turbine_1,2026-02-22T18:00:00Z,2026-02-22T19:00:00Z,1,1,ml-9ffc3398a6c80f479aed4063,gfs-76d5ade05227a9a22ad82637,verified_object_version,0.08930249803820992,forecast-2159d630bb94de00acece3ac,2026-02-22T18:00:00Z,2026-02-23T00:00:00+05:00
forecast-2159d630bb94de00acece3ac,turbine_1,2026-02-22T18:00:00Z,2026-02-22T20:00:00Z,2,2,ml-9ffc3398a6c80f479aed4063,gfs-76d5ade05227a9a22ad82637,verified_object_version,0.04582854272864831,forecast-2159d630bb94de00acece3ac,2026-02-22T18:00:00Z,2026-02-23T01:00:00+05:00
forecast-2159d630bb94de00acece3ac,turbine_1,2026-02-22T18:00:00Z,2026-02-22T21:00:00Z,3,3,ml-9ffc3398a6c80f479aed4063,gfs-76d5ade05227a9a22ad82637,verified_object_version,0.046428163089151264,forecast-2159d630bb94de00acece3ac,2026-02-22T18:00:00Z,2026-02-23T02:00:00+05:00
forecast-2159d630bb94de00acece3ac,turbine_1,2026-02-22T18:00:00Z,2026-02-22T22:00:00Z,4,4,ml-9ffc3398a6c80f479aed4063,gfs-76d5ade05227a9a22ad82637,verified_object_version,0.04015809867530473,forecast-2159d630bb94de00acece3ac,2026-02-22T18:00:00Z,2026-02-23T03:00:00+05:00
forecast-2159d630bb94de00acece3ac,turbine_1,2026-02-22T18:00:00Z,2026-02-22T23:00:00Z,5,5,ml-9ffc3398a6c80f479aed4063,gfs-76d5ade05227a9a22ad82637,verified_object_version,0.03681378875560795,forecast-2159d630bb94de00acece3ac,2026-02-22T18:00:00Z,2026-02-23T04:00:00+05:00
forecast-2159d630bb94de00acece3ac,turbine_1,2026-02-22T18:00:00Z,2026-02-23T00:00:00Z,6,6,ml-9ffc3398a6c80f479aed4063,gfs-76d5ade05227a9a22ad82637,verified_object_version,0.0279860202996553,forecast-2159d630bb94de00acece3ac,2026-02-22T18:00:00Z,2026-02-23T05:00:00+05:00
forecast-2159d630bb94de00acece3ac,turbine_1,2026-02-22T18:00:00Z,2026-02-23T01:00:00Z,7,7,ml-9ffc3398a6c80f479aed4063,gfs-76d5ade05227a9a22ad82637,verified_object_version,0.02195516434643352,forecast-2159d630bb94de00acece3ac,2026-02-22T18:00:00Z,2026-02-23T06:00:00+05:00
forecast-2159d630bb94de00acece3ac,turbine_1,2026-02-22T18:00:00Z,2026-02-23T02:00:00Z,8,8,ml-9ffc3398a6c80f479aed4063,gfs-76d5ade05227a9a22ad82637,verified_object_version,0.01570859087504939,forecast-2159d630bb94de00acece3ac,2026-02-22T18:00:00Z,2026-02-23T07:00:00+05:00
forecast-2159d630bb94de00acece3ac,turbine_1,2026-02-22T18:00:00Z,2026-02-23T03:00:00Z,9,9,ml-9ffc3398a6c80f479aed4063,gfs-76d5ade05227a9a22ad82637,verified_object_version,0.01555695708721802,forecast-2159d630bb94de00acece3ac,2026-02-22T18:00:00Z,2026-02-23T08:00:00+05:00
forecast-2159d630bb94de00acece3ac,turbine_1,2026-02-22T18:00:00Z,2026-02-23T04:00:00Z,10,10,ml-9ffc3398a6c80f479aed4063,gfs-76d5ade05227a9a22ad82637,verified_object_version,0.015251336490110762,forecast-2159d630bb94de00acece3ac,2026-02-22T18:00:00Z,2026-02-23T09:00:00+05:00
forecast-2159d630bb94de00acece3ac,turbine_1,2026-02-22T18:00:00Z,2026-02-23T05:00:00Z,11,11,ml-9ffc3398a6c80f479aed4063,gfs-76d5ade05227a9a22ad82637,verified_object_version,0.01498689020015126,forecast-2159d630bb94de00acece3ac,2026-02-22T18:00:00Z,2026-02-23T10:00:00+05:00
forecast-2159d630bb94de00acece3ac,turbine_1,2026-02-22T18:00:00Z,2026-02-23T06:00:00Z,12,12,ml-9ffc3398a6c80f479aed4063,gfs-76d5ade05227a9a22ad82637,verified_object_version,0.024416823913787578,forecast-2159d630bb94de00acece3ac,2026-02-22T18:00:00Z,2026-02-23T11:00:00+05:00
forecast-2159d630bb94de00acece3ac,turbine_1,2026-02-22T18:00:00Z,2026-02-23T07:00:00Z,13,13,ml-9ffc3398a6c80f479aed4063,gfs-76d5ade05227a9a22ad82637,verified_object_version,0.25234326441287985,forecast-2159d630bb94de00acece3ac,2026-02-22T18:00:00Z,2026-02-23T12:00:00+05:00
forecast-2159d630bb94de00acece3ac,turbine_1,2026-02-22T18:00:00Z,2026-02-23T08:00:00Z,14,14,ml-9ffc3398a6c80f479aed4063,gfs-76d5ade05227a9a22ad82637,verified_object_version,0.8131524958033093,forecast-2159d630bb94de00acece3ac,2026-02-22T18:00:00Z,2026-02-23T13:00:00+05:00
forecast-2159d630bb94de00acece3ac,turbine_1,2026-02-22T18:00:00Z,2026-02-23T09:00:00Z,15,15,ml-9ffc3398a6c80f479aed4063,gfs-76d5ade05227a9a22ad82637,verified_object_version,0.8028945349574744,forecast-2159d630bb94de00acece3ac,2026-02-22T18:00:00Z,2026-02-23T14:00:00+05:00
forecast-2159d630bb94de00acece3ac,turbine_1,2026-02-22T18:00:00Z,2026-02-23T10:00:00Z,16,16,ml-9ffc3398a6c80f479aed4063,gfs-76d5ade05227a9a22ad82637,verified_object_version,0.6484230519373214,forecast-2159d630bb94de00acece3ac,2026-02-22T18:00:00Z,2026-02-23T15:00:00+05:00
forecast-2159d630bb94de00acece3ac,turbine_1,2026-02-22T18:00:00Z,2026-02-23T11:00:00Z,17,17,ml-9ffc3398a6c80f479aed4063,gfs-76d5ade05227a9a22ad82637,verified_object_version,0.8402159376868632,forecast-2159d630bb94de00acece3ac,2026-02-22T18:00:00Z,2026-02-23T16:00:00+05:00
forecast-2159d630bb94de00acece3ac,turbine_1,2026-02-22T18:00:00Z,2026-02-23T12:00:00Z,18,18,ml-9ffc3398a6c80f479aed4063,gfs-76d5ade05227a9a22ad82637,verified_object_version,0.7184899394755687,forecast-2159d630bb94de00acece3ac,2026-02-22T18:00:00Z,2026-02-23T17:00:00+05:00
forecast-2159d630bb94de00acece3ac,turbine_1,2026-02-22T18:00:00Z,2026-02-23T13:00:00Z,19,19,ml-9ffc3398a6c80f479aed4063,gfs-76d5ade05227a9a22ad82637,verified_object_version,0.6355633276554662,forecast-2159d630bb94de00acece3ac,2026-02-22T18:00:00Z,2026-02-23T18:00:00+05:00
forecast-2159d630bb94de00acece3ac,turbine_1,2026-02-22T18:00:00Z,2026-02-23T14:00:00Z,20,20,ml-9ffc3398a6c80f479aed4063,gfs-76d5ade05227a9a22ad82637,verified_object_version,0.5053518632272316,forecast-2159d630bb94de00acece3ac,2026-02-22T18:00:00Z,2026-02-23T19:00:00+05:00
forecast-2159d630bb94de00acece3ac,turbine_1,2026-02-22T18:00:00Z,2026-02-23T15:00:00Z,21,21,ml-9ffc3398a6c80f479aed4063,gfs-76d5ade05227a9a22ad82637,verified_object_version,0.572680761349079,forecast-2159d630bb94de00acece3ac,2026-02-22T18:00:00Z,2026-02-23T20:00:00+05:00
forecast-2159d630bb94de00acece3ac,turbine_1,2026-02-22T18:00:00Z,2026-02-23T16:00:00Z,22,22,ml-9ffc3398a6c80f479aed4063,gfs-76d5ade05227a9a22ad82637,verified_object_version,0.5783994112649626,forecast-2159d630bb94de00acece3ac,2026-02-22T18:00:00Z,2026-02-23T21:00:00+05:00
forecast-2159d630bb94de00acece3ac,turbine_1,2026-02-22T18:00:00Z,2026-02-23T17:00:00Z,23,23,ml-9ffc3398a6c80f479aed4063,gfs-76d5ade05227a9a22ad82637,verified_object_version,0.6970058001562085,forecast-2159d630bb94de00acece3ac,2026-02-22T18:00:00Z,2026-02-23T22:00:00+05:00
forecast-2159d630bb94de00acece3ac,turbine_1,2026-02-22T18:00:00Z,2026-02-23T18:00:00Z,24,24,ml-9ffc3398a6c80f479aed4063,gfs-76d5ade05227a9a22ad82637,verified_object_version,0.692586916112002,forecast-2159d630bb94de00acece3ac,2026-02-22T18:00:00Z,2026-02-23T23:00:00+05:00
forecast-b6c15aa777ea2a07a746b321,turbine_1,2026-02-23T18:00:00Z,2026-02-23T19:00:00Z,1,1,ml-9ffc3398a6c80f479aed4063,gfs-5b7476387736a8c5b258e846,verified_object_version,0.8370310926421013,forecast-b6c15aa777ea2a07a746b321,2026-02-23T18:00:00Z,2026-02-24T00:00:00+05:00
forecast-b6c15aa777ea2a07a746b321,turbine_1,2026-02-23T18:00:00Z,2026-02-23T20:00:00Z,2,2,ml-9ffc3398a6c80f479aed4063,gfs-5b7476387736a8c5b258e846,verified_object_version,0.7455251023700901,forecast-b6c15aa777ea2a07a746b321,2026-02-23T18:00:00Z,2026-02-24T01:00:00+05:00
forecast-b6c15aa777ea2a07a746b321,turbine_1,2026-02-23T18:00:00Z,2026-02-23T21:00:00Z,3,3,ml-9ffc3398a6c80f479aed4063,gfs-5b7476387736a8c5b258e846,verified_object_version,0.6809368707717958,forecast-b6c15aa777ea2a07a746b321,2026-02-23T18:00:00Z,2026-02-24T02:00:00+05:00
forecast-b6c15aa777ea2a07a746b321,turbine_1,2026-02-23T18:00:00Z,2026-02-23T22:00:00Z,4,4,ml-9ffc3398a6c80f479aed4063,gfs-5b7476387736a8c5b258e846,verified_object_version,0.7895266101038284,forecast-b6c15aa777ea2a07a746b321,2026-02-23T18:00:00Z,2026-02-24T03:00:00+05:00
forecast-b6c15aa777ea2a07a746b321,turbine_1,2026-02-23T18:00:00Z,2026-02-23T23:00:00Z,5,5,ml-9ffc3398a6c80f479aed4063,gfs-5b7476387736a8c5b258e846,verified_object_version,0.7996450700439782,forecast-b6c15aa777ea2a07a746b321,2026-02-23T18:00:00Z,2026-02-24T04:00:00+05:00
forecast-b6c15aa777ea2a07a746b321,turbine_1,2026-02-23T18:00:00Z,2026-02-24T00:00:00Z,6,6,ml-9ffc3398a6c80f479aed4063,gfs-5b7476387736a8c5b258e846,verified_object_version,0.8322033418762139,forecast-b6c15aa777ea2a07a746b321,2026-02-23T18:00:00Z,2026-02-24T05:00:00+05:00
forecast-b6c15aa777ea2a07a746b321,turbine_1,2026-02-23T18:00:00Z,2026-02-24T01:00:00Z,7,7,ml-9ffc3398a6c80f479aed4063,gfs-5b7476387736a8c5b258e846,verified_object_version,0.7991152453614881,forecast-b6c15aa777ea2a07a746b321,2026-02-23T18:00:00Z,2026-02-24T06:00:00+05:00
forecast-b6c15aa777ea2a07a746b321,turbine_1,2026-02-23T18:00:00Z,2026-02-24T02:00:00Z,8,8,ml-9ffc3398a6c80f479aed4063,gfs-5b7476387736a8c5b258e846,verified_object_version,0.7752888303570723,forecast-b6c15aa777ea2a07a746b321,2026-02-23T18:00:00Z,2026-02-24T07:00:00+05:00
forecast-b6c15aa777ea2a07a746b321,turbine_1,2026-02-23T18:00:00Z,2026-02-24T03:00:00Z,9,9,ml-9ffc3398a6c80f479aed4063,gfs-5b7476387736a8c5b258e846,verified_object_version,0.7263398211577395,forecast-b6c15aa777ea2a07a746b321,2026-02-23T18:00:00Z,2026-02-24T08:00:00+05:00
forecast-b6c15aa777ea2a07a746b321,turbine_1,2026-02-23T18:00:00Z,2026-02-24T04:00:00Z,10,10,ml-9ffc3398a6c80f479aed4063,gfs-5b7476387736a8c5b258e846,verified_object_version,0.616261011105365,forecast-b6c15aa777ea2a07a746b321,2026-02-23T18:00:00Z,2026-02-24T09:00:00+05:00
forecast-b6c15aa777ea2a07a746b321,turbine_1,2026-02-23T18:00:00Z,2026-02-24T05:00:00Z,11,11,ml-9ffc3398a6c80f479aed4063,gfs-5b7476387736a8c5b258e846,verified_object_version,0.6109939414449836,forecast-b6c15aa777ea2a07a746b321,2026-02-23T18:00:00Z,2026-02-24T10:00:00+05:00
forecast-b6c15aa777ea2a07a746b321,turbine_1,2026-02-23T18:00:00Z,2026-02-24T06:00:00Z,12,12,ml-9ffc3398a6c80f479aed4063,gfs-5b7476387736a8c5b258e846,verified_object_version,0.5828159768266961,forecast-b6c15aa777ea2a07a746b321,2026-02-23T18:00:00Z,2026-02-24T11:00:00+05:00
forecast-b6c15aa777ea2a07a746b321,turbine_1,2026-02-23T18:00:00Z,2026-02-24T07:00:00Z,13,13,ml-9ffc3398a6c80f479aed4063,gfs-5b7476387736a8c5b258e846,verified_object_version,0.6147851540219227,forecast-b6c15aa777ea2a07a746b321,2026-02-23T18:00:00Z,2026-02-24T12:00:00+05:00
forecast-b6c15aa777ea2a07a746b321,turbine_1,2026-02-23T18:00:00Z,2026-02-24T08:00:00Z,14,14,ml-9ffc3398a6c80f479aed4063,gfs-5b7476387736a8c5b258e846,verified_object_version,0.579675020328358,forecast-b6c15aa777ea2a07a746b321,2026-02-23T18:00:00Z,2026-02-24T13:00:00+05:00
forecast-b6c15aa777ea2a07a746b321,turbine_1,2026-02-23T18:00:00Z,2026-02-24T09:00:00Z,15,15,ml-9ffc3398a6c80f479aed4063,gfs-5b7476387736a8c5b258e846,verified_object_version,0.5910979343693468,forecast-b6c15aa777ea2a07a746b321,2026-02-23T18:00:00Z,2026-02-24T14:00:00+05:00
forecast-b6c15aa777ea2a07a746b321,turbine_1,2026-02-23T18:00:00Z,2026-02-24T10:00:00Z,16,16,ml-9ffc3398a6c80f479aed4063,gfs-5b7476387736a8c5b258e846,verified_object_version,0.6078813250173432,forecast-b6c15aa777ea2a07a746b321,2026-02-23T18:00:00Z,2026-02-24T15:00:00+05:00
forecast-b6c15aa777ea2a07a746b321,turbine_1,2026-02-23T18:00:00Z,2026-02-24T11:00:00Z,17,17,ml-9ffc3398a6c80f479aed4063,gfs-5b7476387736a8c5b258e846,verified_object_version,0.6529931104941735,forecast-b6c15aa777ea2a07a746b321,2026-02-23T18:00:00Z,2026-02-24T16:00:00+05:00
forecast-b6c15aa777ea2a07a746b321,turbine_1,2026-02-23T18:00:00Z,2026-02-24T12:00:00Z,18,18,ml-9ffc3398a6c80f479aed4063,gfs-5b7476387736a8c5b258e846,verified_object_version,0.6151994320952787,forecast-b6c15aa777ea2a07a746b321,2026-02-23T18:00:00Z,2026-02-24T17:00:00+05:00
forecast-b6c15aa777ea2a07a746b321,turbine_1,2026-02-23T18:00:00Z,2026-02-24T13:00:00Z,19,19,ml-9ffc3398a6c80f479aed4063,gfs-5b7476387736a8c5b258e846,verified_object_version,0.555844557731944,forecast-b6c15aa777ea2a07a746b321,2026-02-23T18:00:00Z,2026-02-24T18:00:00+05:00
forecast-b6c15aa777ea2a07a746b321,turbine_1,2026-02-23T18:00:00Z,2026-02-24T14:00:00Z,20,20,ml-9ffc3398a6c80f479aed4063,gfs-5b7476387736a8c5b258e846,verified_object_version,0.46852942072556203,forecast-b6c15aa777ea2a07a746b321,2026-02-23T18:00:00Z,2026-02-24T19:00:00+05:00
forecast-b6c15aa777ea2a07a746b321,turbine_1,2026-02-23T18:00:00Z,2026-02-24T15:00:00Z,21,21,ml-9ffc3398a6c80f479aed4063,gfs-5b7476387736a8c5b258e846,verified_object_version,0.29885639856128027,forecast-b6c15aa777ea2a07a746b321,2026-02-23T18:00:00Z,2026-02-24T20:00:00+05:00
forecast-b6c15aa777ea2a07a746b321,turbine_1,2026-02-23T18:00:00Z,2026-02-24T16:00:00Z,22,22,ml-9ffc3398a6c80f479aed4063,gfs-5b7476387736a8c5b258e846,verified_object_version,0.2250102400185741,forecast-b6c15aa777ea2a07a746b321,2026-02-23T18:00:00Z,2026-02-24T21:00:00+05:00
forecast-b6c15aa777ea2a07a746b321,turbine_1,2026-02-23T18:00:00Z,2026-02-24T17:00:00Z,23,23,ml-9ffc3398a6c80f479aed4063,gfs-5b7476387736a8c5b258e846,verified_object_version,0.14565500933325415,forecast-b6c15aa777ea2a07a746b321,2026-02-23T18:00:00Z,2026-02-24T22:00:00+05:00
forecast-b6c15aa777ea2a07a746b321,turbine_1,2026-02-23T18:00:00Z,2026-02-24T18:00:00Z,24,24,ml-9ffc3398a6c80f479aed4063,gfs-5b7476387736a8c5b258e846,verified_object_version,0.04022878467079108,forecast-b6c15aa777ea2a07a746b321,2026-02-23T18:00:00Z,2026-02-24T23:00:00+05:00
forecast-7d4fa54689b0ec15416c9c9f,turbine_1,2026-02-24T18:00:00Z,2026-02-24T19:00:00Z,1,1,ml-9ffc3398a6c80f479aed4063,gfs-fd211ad326fb12988bc8a3f4,verified_object_version,0.02501291528927585,forecast-7d4fa54689b0ec15416c9c9f,2026-02-24T18:00:00Z,2026-02-25T00:00:00+05:00
forecast-7d4fa54689b0ec15416c9c9f,turbine_1,2026-02-24T18:00:00Z,2026-02-24T20:00:00Z,2,2,ml-9ffc3398a6c80f479aed4063,gfs-fd211ad326fb12988bc8a3f4,verified_object_version,0.02194676542394433,forecast-7d4fa54689b0ec15416c9c9f,2026-02-24T18:00:00Z,2026-02-25T01:00:00+05:00
forecast-7d4fa54689b0ec15416c9c9f,turbine_1,2026-02-24T18:00:00Z,2026-02-24T21:00:00Z,3,3,ml-9ffc3398a6c80f479aed4063,gfs-fd211ad326fb12988bc8a3f4,verified_object_version,0.01733828942614657,forecast-7d4fa54689b0ec15416c9c9f,2026-02-24T18:00:00Z,2026-02-25T02:00:00+05:00
forecast-7d4fa54689b0ec15416c9c9f,turbine_1,2026-02-24T18:00:00Z,2026-02-24T22:00:00Z,4,4,ml-9ffc3398a6c80f479aed4063,gfs-fd211ad326fb12988bc8a3f4,verified_object_version,0.014895228179527042,forecast-7d4fa54689b0ec15416c9c9f,2026-02-24T18:00:00Z,2026-02-25T03:00:00+05:00
forecast-7d4fa54689b0ec15416c9c9f,turbine_1,2026-02-24T18:00:00Z,2026-02-24T23:00:00Z,5,5,ml-9ffc3398a6c80f479aed4063,gfs-fd211ad326fb12988bc8a3f4,verified_object_version,0.014443107663791227,forecast-7d4fa54689b0ec15416c9c9f,2026-02-24T18:00:00Z,2026-02-25T04:00:00+05:00
forecast-7d4fa54689b0ec15416c9c9f,turbine_1,2026-02-24T18:00:00Z,2026-02-25T00:00:00Z,6,6,ml-9ffc3398a6c80f479aed4063,gfs-fd211ad326fb12988bc8a3f4,verified_object_version,0.01391328298130104,forecast-7d4fa54689b0ec15416c9c9f,2026-02-24T18:00:00Z,2026-02-25T05:00:00+05:00
forecast-7d4fa54689b0ec15416c9c9f,turbine_1,2026-02-24T18:00:00Z,2026-02-25T01:00:00Z,7,7,ml-9ffc3398a6c80f479aed4063,gfs-fd211ad326fb12988bc8a3f4,verified_object_version,0.014201654913634315,forecast-7d4fa54689b0ec15416c9c9f,2026-02-24T18:00:00Z,2026-02-25T06:00:00+05:00
forecast-7d4fa54689b0ec15416c9c9f,turbine_1,2026-02-24T18:00:00Z,2026-02-25T02:00:00Z,8,8,ml-9ffc3398a6c80f479aed4063,gfs-fd211ad326fb12988bc8a3f4,verified_object_version,0.03242047334651965,forecast-7d4fa54689b0ec15416c9c9f,2026-02-24T18:00:00Z,2026-02-25T07:00:00+05:00
forecast-7d4fa54689b0ec15416c9c9f,turbine_1,2026-02-24T18:00:00Z,2026-02-25T03:00:00Z,9,9,ml-9ffc3398a6c80f479aed4063,gfs-fd211ad326fb12988bc8a3f4,verified_object_version,0.029597999740741954,forecast-7d4fa54689b0ec15416c9c9f,2026-02-24T18:00:00Z,2026-02-25T08:00:00+05:00
forecast-7d4fa54689b0ec15416c9c9f,turbine_1,2026-02-24T18:00:00Z,2026-02-25T04:00:00Z,10,10,ml-9ffc3398a6c80f479aed4063,gfs-fd211ad326fb12988bc8a3f4,verified_object_version,0.035551794035021705,forecast-7d4fa54689b0ec15416c9c9f,2026-02-24T18:00:00Z,2026-02-25T09:00:00+05:00
forecast-7d4fa54689b0ec15416c9c9f,turbine_1,2026-02-24T18:00:00Z,2026-02-25T05:00:00Z,11,11,ml-9ffc3398a6c80f479aed4063,gfs-fd211ad326fb12988bc8a3f4,verified_object_version,0.03904806984781925,forecast-7d4fa54689b0ec15416c9c9f,2026-02-24T18:00:00Z,2026-02-25T10:00:00+05:00
forecast-7d4fa54689b0ec15416c9c9f,turbine_1,2026-02-24T18:00:00Z,2026-02-25T06:00:00Z,12,12,ml-9ffc3398a6c80f479aed4063,gfs-fd211ad326fb12988bc8a3f4,verified_object_version,0.05518052971474466,forecast-7d4fa54689b0ec15416c9c9f,2026-02-24T18:00:00Z,2026-02-25T11:00:00+05:00
forecast-7d4fa54689b0ec15416c9c9f,turbine_1,2026-02-24T18:00:00Z,2026-02-25T07:00:00Z,13,13,ml-9ffc3398a6c80f479aed4063,gfs-fd211ad326fb12988bc8a3f4,verified_object_version,0.08646198236448632,forecast-7d4fa54689b0ec15416c9c9f,2026-02-24T18:00:00Z,2026-02-25T12:00:00+05:00
forecast-7d4fa54689b0ec15416c9c9f,turbine_1,2026-02-24T18:00:00Z,2026-02-25T08:00:00Z,14,14,ml-9ffc3398a6c80f479aed4063,gfs-fd211ad326fb12988bc8a3f4,verified_object_version,0.1883199293216938,forecast-7d4fa54689b0ec15416c9c9f,2026-02-24T18:00:00Z,2026-02-25T13:00:00+05:00
forecast-7d4fa54689b0ec15416c9c9f,turbine_1,2026-02-24T18:00:00Z,2026-02-25T09:00:00Z,15,15,ml-9ffc3398a6c80f479aed4063,gfs-fd211ad326fb12988bc8a3f4,verified_object_version,0.21397267616435003,forecast-7d4fa54689b0ec15416c9c9f,2026-02-24T18:00:00Z,2026-02-25T14:00:00+05:00
forecast-7d4fa54689b0ec15416c9c9f,turbine_1,2026-02-24T18:00:00Z,2026-02-25T10:00:00Z,16,16,ml-9ffc3398a6c80f479aed4063,gfs-fd211ad326fb12988bc8a3f4,verified_object_version,0.24108216991845746,forecast-7d4fa54689b0ec15416c9c9f,2026-02-24T18:00:00Z,2026-02-25T15:00:00+05:00
forecast-7d4fa54689b0ec15416c9c9f,turbine_1,2026-02-24T18:00:00Z,2026-02-25T11:00:00Z,17,17,ml-9ffc3398a6c80f479aed4063,gfs-fd211ad326fb12988bc8a3f4,verified_object_version,0.29314152602578714,forecast-7d4fa54689b0ec15416c9c9f,2026-02-24T18:00:00Z,2026-02-25T16:00:00+05:00
forecast-7d4fa54689b0ec15416c9c9f,turbine_1,2026-02-24T18:00:00Z,2026-02-25T12:00:00Z,18,18,ml-9ffc3398a6c80f479aed4063,gfs-fd211ad326fb12988bc8a3f4,verified_object_version,0.45613763441786614,forecast-7d4fa54689b0ec15416c9c9f,2026-02-24T18:00:00Z,2026-02-25T17:00:00+05:00
forecast-7d4fa54689b0ec15416c9c9f,turbine_1,2026-02-24T18:00:00Z,2026-02-25T13:00:00Z,19,19,ml-9ffc3398a6c80f479aed4063,gfs-fd211ad326fb12988bc8a3f4,verified_object_version,0.3592584675139858,forecast-7d4fa54689b0ec15416c9c9f,2026-02-24T18:00:00Z,2026-02-25T18:00:00+05:00
forecast-7d4fa54689b0ec15416c9c9f,turbine_1,2026-02-24T18:00:00Z,2026-02-25T14:00:00Z,20,20,ml-9ffc3398a6c80f479aed4063,gfs-fd211ad326fb12988bc8a3f4,verified_object_version,0.32259247199097274,forecast-7d4fa54689b0ec15416c9c9f,2026-02-24T18:00:00Z,2026-02-25T19:00:00+05:00
forecast-7d4fa54689b0ec15416c9c9f,turbine_1,2026-02-24T18:00:00Z,2026-02-25T15:00:00Z,21,21,ml-9ffc3398a6c80f479aed4063,gfs-fd211ad326fb12988bc8a3f4,verified_object_version,0.6454690748740979,forecast-7d4fa54689b0ec15416c9c9f,2026-02-24T18:00:00Z,2026-02-25T20:00:00+05:00
forecast-7d4fa54689b0ec15416c9c9f,turbine_1,2026-02-24T18:00:00Z,2026-02-25T16:00:00Z,22,22,ml-9ffc3398a6c80f479aed4063,gfs-fd211ad326fb12988bc8a3f4,verified_object_version,0.5726206227034156,forecast-7d4fa54689b0ec15416c9c9f,2026-02-24T18:00:00Z,2026-02-25T21:00:00+05:00
forecast-7d4fa54689b0ec15416c9c9f,turbine_1,2026-02-24T18:00:00Z,2026-02-25T17:00:00Z,23,23,ml-9ffc3398a6c80f479aed4063,gfs-fd211ad326fb12988bc8a3f4,verified_object_version,0.6579052294379311,forecast-7d4fa54689b0ec15416c9c9f,2026-02-24T18:00:00Z,2026-02-25T22:00:00+05:00
forecast-7d4fa54689b0ec15416c9c9f,turbine_1,2026-02-24T18:00:00Z,2026-02-25T18:00:00Z,24,24,ml-9ffc3398a6c80f479aed4063,gfs-fd211ad326fb12988bc8a3f4,verified_object_version,0.8804951408009907,forecast-7d4fa54689b0ec15416c9c9f,2026-02-24T18:00:00Z,2026-02-25T23:00:00+05:00
forecast-54eb16b0aa186e4f0d1a31d5,turbine_1,2026-02-25T18:00:00Z,2026-02-25T19:00:00Z,1,1,ml-9ffc3398a6c80f479aed4063,gfs-39602cd3b769f18671c00572,verified_object_version,0.93181830158413,forecast-54eb16b0aa186e4f0d1a31d5,2026-02-25T18:00:00Z,2026-02-26T00:00:00+05:00
forecast-54eb16b0aa186e4f0d1a31d5,turbine_1,2026-02-25T18:00:00Z,2026-02-25T20:00:00Z,2,2,ml-9ffc3398a6c80f479aed4063,gfs-39602cd3b769f18671c00572,verified_object_version,0.9448026559604565,forecast-54eb16b0aa186e4f0d1a31d5,2026-02-25T18:00:00Z,2026-02-26T01:00:00+05:00
forecast-54eb16b0aa186e4f0d1a31d5,turbine_1,2026-02-25T18:00:00Z,2026-02-25T21:00:00Z,3,3,ml-9ffc3398a6c80f479aed4063,gfs-39602cd3b769f18671c00572,verified_object_version,0.8884099611814528,forecast-54eb16b0aa186e4f0d1a31d5,2026-02-25T18:00:00Z,2026-02-26T02:00:00+05:00
forecast-54eb16b0aa186e4f0d1a31d5,turbine_1,2026-02-25T18:00:00Z,2026-02-25T22:00:00Z,4,4,ml-9ffc3398a6c80f479aed4063,gfs-39602cd3b769f18671c00572,verified_object_version,0.7939718303013777,forecast-54eb16b0aa186e4f0d1a31d5,2026-02-25T18:00:00Z,2026-02-26T03:00:00+05:00
forecast-54eb16b0aa186e4f0d1a31d5,turbine_1,2026-02-25T18:00:00Z,2026-02-25T23:00:00Z,5,5,ml-9ffc3398a6c80f479aed4063,gfs-39602cd3b769f18671c00572,verified_object_version,0.5624775047921088,forecast-54eb16b0aa186e4f0d1a31d5,2026-02-25T18:00:00Z,2026-02-26T04:00:00+05:00
forecast-54eb16b0aa186e4f0d1a31d5,turbine_1,2026-02-25T18:00:00Z,2026-02-26T00:00:00Z,6,6,ml-9ffc3398a6c80f479aed4063,gfs-39602cd3b769f18671c00572,verified_object_version,0.5667093726197793,forecast-54eb16b0aa186e4f0d1a31d5,2026-02-25T18:00:00Z,2026-02-26T05:00:00+05:00
forecast-54eb16b0aa186e4f0d1a31d5,turbine_1,2026-02-25T18:00:00Z,2026-02-26T01:00:00Z,7,7,ml-9ffc3398a6c80f479aed4063,gfs-39602cd3b769f18671c00572,verified_object_version,0.44312874068377284,forecast-54eb16b0aa186e4f0d1a31d5,2026-02-25T18:00:00Z,2026-02-26T06:00:00+05:00
forecast-54eb16b0aa186e4f0d1a31d5,turbine_1,2026-02-25T18:00:00Z,2026-02-26T02:00:00Z,8,8,ml-9ffc3398a6c80f479aed4063,gfs-39602cd3b769f18671c00572,verified_object_version,0.25145167540459384,forecast-54eb16b0aa186e4f0d1a31d5,2026-02-25T18:00:00Z,2026-02-26T07:00:00+05:00
forecast-54eb16b0aa186e4f0d1a31d5,turbine_1,2026-02-25T18:00:00Z,2026-02-26T03:00:00Z,9,9,ml-9ffc3398a6c80f479aed4063,gfs-39602cd3b769f18671c00572,verified_object_version,0.16024569852160186,forecast-54eb16b0aa186e4f0d1a31d5,2026-02-25T18:00:00Z,2026-02-26T08:00:00+05:00
forecast-54eb16b0aa186e4f0d1a31d5,turbine_1,2026-02-25T18:00:00Z,2026-02-26T04:00:00Z,10,10,ml-9ffc3398a6c80f479aed4063,gfs-39602cd3b769f18671c00572,verified_object_version,0.10282827435299764,forecast-54eb16b0aa186e4f0d1a31d5,2026-02-25T18:00:00Z,2026-02-26T09:00:00+05:00
forecast-54eb16b0aa186e4f0d1a31d5,turbine_1,2026-02-25T18:00:00Z,2026-02-26T05:00:00Z,11,11,ml-9ffc3398a6c80f479aed4063,gfs-39602cd3b769f18671c00572,verified_object_version,0.03962617889170236,forecast-54eb16b0aa186e4f0d1a31d5,2026-02-25T18:00:00Z,2026-02-26T10:00:00+05:00
forecast-54eb16b0aa186e4f0d1a31d5,turbine_1,2026-02-25T18:00:00Z,2026-02-26T06:00:00Z,12,12,ml-9ffc3398a6c80f479aed4063,gfs-39602cd3b769f18671c00572,verified_object_version,0.016932670924096005,forecast-54eb16b0aa186e4f0d1a31d5,2026-02-25T18:00:00Z,2026-02-26T11:00:00+05:00
forecast-54eb16b0aa186e4f0d1a31d5,turbine_1,2026-02-25T18:00:00Z,2026-02-26T07:00:00Z,13,13,ml-9ffc3398a6c80f479aed4063,gfs-39602cd3b769f18671c00572,verified_object_version,0.31578189279634317,forecast-54eb16b0aa186e4f0d1a31d5,2026-02-25T18:00:00Z,2026-02-26T12:00:00+05:00
forecast-54eb16b0aa186e4f0d1a31d5,turbine_1,2026-02-25T18:00:00Z,2026-02-26T08:00:00Z,14,14,ml-9ffc3398a6c80f479aed4063,gfs-39602cd3b769f18671c00572,verified_object_version,0.4548227976606902,forecast-54eb16b0aa186e4f0d1a31d5,2026-02-25T18:00:00Z,2026-02-26T13:00:00+05:00
forecast-54eb16b0aa186e4f0d1a31d5,turbine_1,2026-02-25T18:00:00Z,2026-02-26T09:00:00Z,15,15,ml-9ffc3398a6c80f479aed4063,gfs-39602cd3b769f18671c00572,verified_object_version,0.5600018219403798,forecast-54eb16b0aa186e4f0d1a31d5,2026-02-25T18:00:00Z,2026-02-26T14:00:00+05:00
forecast-54eb16b0aa186e4f0d1a31d5,turbine_1,2026-02-25T18:00:00Z,2026-02-26T10:00:00Z,16,16,ml-9ffc3398a6c80f479aed4063,gfs-39602cd3b769f18671c00572,verified_object_version,0.39548465593956617,forecast-54eb16b0aa186e4f0d1a31d5,2026-02-25T18:00:00Z,2026-02-26T15:00:00+05:00
forecast-54eb16b0aa186e4f0d1a31d5,turbine_1,2026-02-25T18:00:00Z,2026-02-26T11:00:00Z,17,17,ml-9ffc3398a6c80f479aed4063,gfs-39602cd3b769f18671c00572,verified_object_version,0.59889842262462,forecast-54eb16b0aa186e4f0d1a31d5,2026-02-25T18:00:00Z,2026-02-26T16:00:00+05:00
forecast-54eb16b0aa186e4f0d1a31d5,turbine_1,2026-02-25T18:00:00Z,2026-02-26T12:00:00Z,18,18,ml-9ffc3398a6c80f479aed4063,gfs-39602cd3b769f18671c00572,verified_object_version,0.40905417806904254,forecast-54eb16b0aa186e4f0d1a31d5,2026-02-25T18:00:00Z,2026-02-26T17:00:00+05:00
forecast-54eb16b0aa186e4f0d1a31d5,turbine_1,2026-02-25T18:00:00Z,2026-02-26T13:00:00Z,19,19,ml-9ffc3398a6c80f479aed4063,gfs-39602cd3b769f18671c00572,verified_object_version,0.5102471892365548,forecast-54eb16b0aa186e4f0d1a31d5,2026-02-25T18:00:00Z,2026-02-26T18:00:00+05:00
forecast-54eb16b0aa186e4f0d1a31d5,turbine_1,2026-02-25T18:00:00Z,2026-02-26T14:00:00Z,20,20,ml-9ffc3398a6c80f479aed4063,gfs-39602cd3b769f18671c00572,verified_object_version,0.45926652077682384,forecast-54eb16b0aa186e4f0d1a31d5,2026-02-25T18:00:00Z,2026-02-26T19:00:00+05:00
forecast-54eb16b0aa186e4f0d1a31d5,turbine_1,2026-02-25T18:00:00Z,2026-02-26T15:00:00Z,21,21,ml-9ffc3398a6c80f479aed4063,gfs-39602cd3b769f18671c00572,verified_object_version,0.46116653263004587,forecast-54eb16b0aa186e4f0d1a31d5,2026-02-25T18:00:00Z,2026-02-26T20:00:00+05:00
forecast-54eb16b0aa186e4f0d1a31d5,turbine_1,2026-02-25T18:00:00Z,2026-02-26T16:00:00Z,22,22,ml-9ffc3398a6c80f479aed4063,gfs-39602cd3b769f18671c00572,verified_object_version,0.7409098569267283,forecast-54eb16b0aa186e4f0d1a31d5,2026-02-25T18:00:00Z,2026-02-26T21:00:00+05:00
forecast-54eb16b0aa186e4f0d1a31d5,turbine_1,2026-02-25T18:00:00Z,2026-02-26T17:00:00Z,23,23,ml-9ffc3398a6c80f479aed4063,gfs-39602cd3b769f18671c00572,verified_object_version,0.909798121268846,forecast-54eb16b0aa186e4f0d1a31d5,2026-02-25T18:00:00Z,2026-02-26T22:00:00+05:00
forecast-54eb16b0aa186e4f0d1a31d5,turbine_1,2026-02-25T18:00:00Z,2026-02-26T18:00:00Z,24,24,ml-9ffc3398a6c80f479aed4063,gfs-39602cd3b769f18671c00572,verified_object_version,0.6590348330647884,forecast-54eb16b0aa186e4f0d1a31d5,2026-02-25T18:00:00Z,2026-02-26T23:00:00+05:00
forecast-145f3516e942fe4adb8a0bce,turbine_1,2026-02-26T18:00:00Z,2026-02-26T19:00:00Z,1,1,ml-9ffc3398a6c80f479aed4063,gfs-5152a82906d72c56941fc12c,verified_object_version,0.8582212458914185,forecast-145f3516e942fe4adb8a0bce,2026-02-26T18:00:00Z,2026-02-27T00:00:00+05:00
forecast-145f3516e942fe4adb8a0bce,turbine_1,2026-02-26T18:00:00Z,2026-02-26T20:00:00Z,2,2,ml-9ffc3398a6c80f479aed4063,gfs-5152a82906d72c56941fc12c,verified_object_version,0.6572425208028878,forecast-145f3516e942fe4adb8a0bce,2026-02-26T18:00:00Z,2026-02-27T01:00:00+05:00
forecast-145f3516e942fe4adb8a0bce,turbine_1,2026-02-26T18:00:00Z,2026-02-26T21:00:00Z,3,3,ml-9ffc3398a6c80f479aed4063,gfs-5152a82906d72c56941fc12c,verified_object_version,0.5732963812284751,forecast-145f3516e942fe4adb8a0bce,2026-02-26T18:00:00Z,2026-02-27T02:00:00+05:00
forecast-145f3516e942fe4adb8a0bce,turbine_1,2026-02-26T18:00:00Z,2026-02-26T22:00:00Z,4,4,ml-9ffc3398a6c80f479aed4063,gfs-5152a82906d72c56941fc12c,verified_object_version,0.5718157798800827,forecast-145f3516e942fe4adb8a0bce,2026-02-26T18:00:00Z,2026-02-27T03:00:00+05:00
forecast-145f3516e942fe4adb8a0bce,turbine_1,2026-02-26T18:00:00Z,2026-02-26T23:00:00Z,5,5,ml-9ffc3398a6c80f479aed4063,gfs-5152a82906d72c56941fc12c,verified_object_version,0.5670426680293077,forecast-145f3516e942fe4adb8a0bce,2026-02-26T18:00:00Z,2026-02-27T04:00:00+05:00
forecast-145f3516e942fe4adb8a0bce,turbine_1,2026-02-26T18:00:00Z,2026-02-27T00:00:00Z,6,6,ml-9ffc3398a6c80f479aed4063,gfs-5152a82906d72c56941fc12c,verified_object_version,0.5174802223279756,forecast-145f3516e942fe4adb8a0bce,2026-02-26T18:00:00Z,2026-02-27T05:00:00+05:00
forecast-145f3516e942fe4adb8a0bce,turbine_1,2026-02-26T18:00:00Z,2026-02-27T01:00:00Z,7,7,ml-9ffc3398a6c80f479aed4063,gfs-5152a82906d72c56941fc12c,verified_object_version,0.39003064429124146,forecast-145f3516e942fe4adb8a0bce,2026-02-26T18:00:00Z,2026-02-27T06:00:00+05:00
forecast-145f3516e942fe4adb8a0bce,turbine_1,2026-02-26T18:00:00Z,2026-02-27T02:00:00Z,8,8,ml-9ffc3398a6c80f479aed4063,gfs-5152a82906d72c56941fc12c,verified_object_version,0.14866848431038993,forecast-145f3516e942fe4adb8a0bce,2026-02-26T18:00:00Z,2026-02-27T07:00:00+05:00
forecast-145f3516e942fe4adb8a0bce,turbine_1,2026-02-26T18:00:00Z,2026-02-27T03:00:00Z,9,9,ml-9ffc3398a6c80f479aed4063,gfs-5152a82906d72c56941fc12c,verified_object_version,0.14918070842204526,forecast-145f3516e942fe4adb8a0bce,2026-02-26T18:00:00Z,2026-02-27T08:00:00+05:00
forecast-145f3516e942fe4adb8a0bce,turbine_1,2026-02-26T18:00:00Z,2026-02-27T04:00:00Z,10,10,ml-9ffc3398a6c80f479aed4063,gfs-5152a82906d72c56941fc12c,verified_object_version,0.22688256930320413,forecast-145f3516e942fe4adb8a0bce,2026-02-26T18:00:00Z,2026-02-27T09:00:00+05:00
forecast-145f3516e942fe4adb8a0bce,turbine_1,2026-02-26T18:00:00Z,2026-02-27T05:00:00Z,11,11,ml-9ffc3398a6c80f479aed4063,gfs-5152a82906d72c56941fc12c,verified_object_version,0.25335561198508133,forecast-145f3516e942fe4adb8a0bce,2026-02-26T18:00:00Z,2026-02-27T10:00:00+05:00
forecast-145f3516e942fe4adb8a0bce,turbine_1,2026-02-26T18:00:00Z,2026-02-27T06:00:00Z,12,12,ml-9ffc3398a6c80f479aed4063,gfs-5152a82906d72c56941fc12c,verified_object_version,0.31050137463987776,forecast-145f3516e942fe4adb8a0bce,2026-02-26T18:00:00Z,2026-02-27T11:00:00+05:00
forecast-145f3516e942fe4adb8a0bce,turbine_1,2026-02-26T18:00:00Z,2026-02-27T07:00:00Z,13,13,ml-9ffc3398a6c80f479aed4063,gfs-5152a82906d72c56941fc12c,verified_object_version,0.4265358336427072,forecast-145f3516e942fe4adb8a0bce,2026-02-26T18:00:00Z,2026-02-27T12:00:00+05:00
forecast-145f3516e942fe4adb8a0bce,turbine_1,2026-02-26T18:00:00Z,2026-02-27T08:00:00Z,14,14,ml-9ffc3398a6c80f479aed4063,gfs-5152a82906d72c56941fc12c,verified_object_version,0.6534908171434989,forecast-145f3516e942fe4adb8a0bce,2026-02-26T18:00:00Z,2026-02-27T13:00:00+05:00
forecast-145f3516e942fe4adb8a0bce,turbine_1,2026-02-26T18:00:00Z,2026-02-27T09:00:00Z,15,15,ml-9ffc3398a6c80f479aed4063,gfs-5152a82906d72c56941fc12c,verified_object_version,0.7710253676143137,forecast-145f3516e942fe4adb8a0bce,2026-02-26T18:00:00Z,2026-02-27T14:00:00+05:00
forecast-145f3516e942fe4adb8a0bce,turbine_1,2026-02-26T18:00:00Z,2026-02-27T10:00:00Z,16,16,ml-9ffc3398a6c80f479aed4063,gfs-5152a82906d72c56941fc12c,verified_object_version,0.8073565276491104,forecast-145f3516e942fe4adb8a0bce,2026-02-26T18:00:00Z,2026-02-27T15:00:00+05:00
forecast-145f3516e942fe4adb8a0bce,turbine_1,2026-02-26T18:00:00Z,2026-02-27T11:00:00Z,17,17,ml-9ffc3398a6c80f479aed4063,gfs-5152a82906d72c56941fc12c,verified_object_version,0.8033666956377449,forecast-145f3516e942fe4adb8a0bce,2026-02-26T18:00:00Z,2026-02-27T16:00:00+05:00
forecast-145f3516e942fe4adb8a0bce,turbine_1,2026-02-26T18:00:00Z,2026-02-27T12:00:00Z,18,18,ml-9ffc3398a6c80f479aed4063,gfs-5152a82906d72c56941fc12c,verified_object_version,0.8997294220728597,forecast-145f3516e942fe4adb8a0bce,2026-02-26T18:00:00Z,2026-02-27T17:00:00+05:00
forecast-145f3516e942fe4adb8a0bce,turbine_1,2026-02-26T18:00:00Z,2026-02-27T13:00:00Z,19,19,ml-9ffc3398a6c80f479aed4063,gfs-5152a82906d72c56941fc12c,verified_object_version,0.9567445417053259,forecast-145f3516e942fe4adb8a0bce,2026-02-26T18:00:00Z,2026-02-27T18:00:00+05:00
forecast-145f3516e942fe4adb8a0bce,turbine_1,2026-02-26T18:00:00Z,2026-02-27T14:00:00Z,20,20,ml-9ffc3398a6c80f479aed4063,gfs-5152a82906d72c56941fc12c,verified_object_version,0.9425419282498567,forecast-145f3516e942fe4adb8a0bce,2026-02-26T18:00:00Z,2026-02-27T19:00:00+05:00
forecast-145f3516e942fe4adb8a0bce,turbine_1,2026-02-26T18:00:00Z,2026-02-27T15:00:00Z,21,21,ml-9ffc3398a6c80f479aed4063,gfs-5152a82906d72c56941fc12c,verified_object_version,0.8999517801953816,forecast-145f3516e942fe4adb8a0bce,2026-02-26T18:00:00Z,2026-02-27T20:00:00+05:00
forecast-145f3516e942fe4adb8a0bce,turbine_1,2026-02-26T18:00:00Z,2026-02-27T16:00:00Z,22,22,ml-9ffc3398a6c80f479aed4063,gfs-5152a82906d72c56941fc12c,verified_object_version,0.8453201617101955,forecast-145f3516e942fe4adb8a0bce,2026-02-26T18:00:00Z,2026-02-27T21:00:00+05:00
forecast-145f3516e942fe4adb8a0bce,turbine_1,2026-02-26T18:00:00Z,2026-02-27T17:00:00Z,23,23,ml-9ffc3398a6c80f479aed4063,gfs-5152a82906d72c56941fc12c,verified_object_version,0.8203293229020339,forecast-145f3516e942fe4adb8a0bce,2026-02-26T18:00:00Z,2026-02-27T22:00:00+05:00
forecast-145f3516e942fe4adb8a0bce,turbine_1,2026-02-26T18:00:00Z,2026-02-27T18:00:00Z,24,24,ml-9ffc3398a6c80f479aed4063,gfs-5152a82906d72c56941fc12c,verified_object_version,0.8105105347199495,forecast-145f3516e942fe4adb8a0bce,2026-02-26T18:00:00Z,2026-02-27T23:00:00+05:00
forecast-2f29c1d85dbfb0e071b1b690,turbine_1,2026-02-27T18:00:00Z,2026-02-27T19:00:00Z,1,1,ml-9ffc3398a6c80f479aed4063,gfs-ad9ce9efe2cbea4a368af143,verified_object_version,0.8092973904702845,forecast-2f29c1d85dbfb0e071b1b690,2026-02-27T18:00:00Z,2026-02-28T00:00:00+05:00
forecast-2f29c1d85dbfb0e071b1b690,turbine_1,2026-02-27T18:00:00Z,2026-02-27T20:00:00Z,2,2,ml-9ffc3398a6c80f479aed4063,gfs-ad9ce9efe2cbea4a368af143,verified_object_version,0.765229813984523,forecast-2f29c1d85dbfb0e071b1b690,2026-02-27T18:00:00Z,2026-02-28T01:00:00+05:00
forecast-2f29c1d85dbfb0e071b1b690,turbine_1,2026-02-27T18:00:00Z,2026-02-27T21:00:00Z,3,3,ml-9ffc3398a6c80f479aed4063,gfs-ad9ce9efe2cbea4a368af143,verified_object_version,0.8278228831651844,forecast-2f29c1d85dbfb0e071b1b690,2026-02-27T18:00:00Z,2026-02-28T02:00:00+05:00
forecast-2f29c1d85dbfb0e071b1b690,turbine_1,2026-02-27T18:00:00Z,2026-02-27T22:00:00Z,4,4,ml-9ffc3398a6c80f479aed4063,gfs-ad9ce9efe2cbea4a368af143,verified_object_version,0.769911527230537,forecast-2f29c1d85dbfb0e071b1b690,2026-02-27T18:00:00Z,2026-02-28T03:00:00+05:00
forecast-2f29c1d85dbfb0e071b1b690,turbine_1,2026-02-27T18:00:00Z,2026-02-27T23:00:00Z,5,5,ml-9ffc3398a6c80f479aed4063,gfs-ad9ce9efe2cbea4a368af143,verified_object_version,0.7624254447325274,forecast-2f29c1d85dbfb0e071b1b690,2026-02-27T18:00:00Z,2026-02-28T04:00:00+05:00
forecast-2f29c1d85dbfb0e071b1b690,turbine_1,2026-02-27T18:00:00Z,2026-02-28T00:00:00Z,6,6,ml-9ffc3398a6c80f479aed4063,gfs-ad9ce9efe2cbea4a368af143,verified_object_version,0.7642465243537466,forecast-2f29c1d85dbfb0e071b1b690,2026-02-27T18:00:00Z,2026-02-28T05:00:00+05:00
forecast-2f29c1d85dbfb0e071b1b690,turbine_1,2026-02-27T18:00:00Z,2026-02-28T01:00:00Z,7,7,ml-9ffc3398a6c80f479aed4063,gfs-ad9ce9efe2cbea4a368af143,verified_object_version,0.7206075356779884,forecast-2f29c1d85dbfb0e071b1b690,2026-02-27T18:00:00Z,2026-02-28T06:00:00+05:00
forecast-2f29c1d85dbfb0e071b1b690,turbine_1,2026-02-27T18:00:00Z,2026-02-28T02:00:00Z,8,8,ml-9ffc3398a6c80f479aed4063,gfs-ad9ce9efe2cbea4a368af143,verified_object_version,0.7583308506995454,forecast-2f29c1d85dbfb0e071b1b690,2026-02-27T18:00:00Z,2026-02-28T07:00:00+05:00
forecast-2f29c1d85dbfb0e071b1b690,turbine_1,2026-02-27T18:00:00Z,2026-02-28T03:00:00Z,9,9,ml-9ffc3398a6c80f479aed4063,gfs-ad9ce9efe2cbea4a368af143,verified_object_version,0.8454423956869974,forecast-2f29c1d85dbfb0e071b1b690,2026-02-27T18:00:00Z,2026-02-28T08:00:00+05:00
forecast-2f29c1d85dbfb0e071b1b690,turbine_1,2026-02-27T18:00:00Z,2026-02-28T04:00:00Z,10,10,ml-9ffc3398a6c80f479aed4063,gfs-ad9ce9efe2cbea4a368af143,verified_object_version,0.8632336280928421,forecast-2f29c1d85dbfb0e071b1b690,2026-02-27T18:00:00Z,2026-02-28T09:00:00+05:00
forecast-2f29c1d85dbfb0e071b1b690,turbine_1,2026-02-27T18:00:00Z,2026-02-28T05:00:00Z,11,11,ml-9ffc3398a6c80f479aed4063,gfs-ad9ce9efe2cbea4a368af143,verified_object_version,0.8733635762041669,forecast-2f29c1d85dbfb0e071b1b690,2026-02-27T18:00:00Z,2026-02-28T10:00:00+05:00
forecast-2f29c1d85dbfb0e071b1b690,turbine_1,2026-02-27T18:00:00Z,2026-02-28T06:00:00Z,12,12,ml-9ffc3398a6c80f479aed4063,gfs-ad9ce9efe2cbea4a368af143,verified_object_version,0.8619648987858057,forecast-2f29c1d85dbfb0e071b1b690,2026-02-27T18:00:00Z,2026-02-28T11:00:00+05:00
forecast-2f29c1d85dbfb0e071b1b690,turbine_1,2026-02-27T18:00:00Z,2026-02-28T07:00:00Z,13,13,ml-9ffc3398a6c80f479aed4063,gfs-ad9ce9efe2cbea4a368af143,verified_object_version,0.884867613681303,forecast-2f29c1d85dbfb0e071b1b690,2026-02-27T18:00:00Z,2026-02-28T12:00:00+05:00
forecast-2f29c1d85dbfb0e071b1b690,turbine_1,2026-02-27T18:00:00Z,2026-02-28T08:00:00Z,14,14,ml-9ffc3398a6c80f479aed4063,gfs-ad9ce9efe2cbea4a368af143,verified_object_version,0.8890581480970028,forecast-2f29c1d85dbfb0e071b1b690,2026-02-27T18:00:00Z,2026-02-28T13:00:00+05:00
forecast-2f29c1d85dbfb0e071b1b690,turbine_1,2026-02-27T18:00:00Z,2026-02-28T09:00:00Z,15,15,ml-9ffc3398a6c80f479aed4063,gfs-ad9ce9efe2cbea4a368af143,verified_object_version,0.8989312602558246,forecast-2f29c1d85dbfb0e071b1b690,2026-02-27T18:00:00Z,2026-02-28T14:00:00+05:00
forecast-2f29c1d85dbfb0e071b1b690,turbine_1,2026-02-27T18:00:00Z,2026-02-28T10:00:00Z,16,16,ml-9ffc3398a6c80f479aed4063,gfs-ad9ce9efe2cbea4a368af143,verified_object_version,0.9117935572224711,forecast-2f29c1d85dbfb0e071b1b690,2026-02-27T18:00:00Z,2026-02-28T15:00:00+05:00
forecast-2f29c1d85dbfb0e071b1b690,turbine_1,2026-02-27T18:00:00Z,2026-02-28T11:00:00Z,17,17,ml-9ffc3398a6c80f479aed4063,gfs-ad9ce9efe2cbea4a368af143,verified_object_version,0.8921488740287626,forecast-2f29c1d85dbfb0e071b1b690,2026-02-27T18:00:00Z,2026-02-28T16:00:00+05:00
forecast-2f29c1d85dbfb0e071b1b690,turbine_1,2026-02-27T18:00:00Z,2026-02-28T12:00:00Z,18,18,ml-9ffc3398a6c80f479aed4063,gfs-ad9ce9efe2cbea4a368af143,verified_object_version,0.8104442786338422,forecast-2f29c1d85dbfb0e071b1b690,2026-02-27T18:00:00Z,2026-02-28T17:00:00+05:00
forecast-2f29c1d85dbfb0e071b1b690,turbine_1,2026-02-27T18:00:00Z,2026-02-28T13:00:00Z,19,19,ml-9ffc3398a6c80f479aed4063,gfs-ad9ce9efe2cbea4a368af143,verified_object_version,0.6605711984845781,forecast-2f29c1d85dbfb0e071b1b690,2026-02-27T18:00:00Z,2026-02-28T18:00:00+05:00
forecast-2f29c1d85dbfb0e071b1b690,turbine_1,2026-02-27T18:00:00Z,2026-02-28T14:00:00Z,20,20,ml-9ffc3398a6c80f479aed4063,gfs-ad9ce9efe2cbea4a368af143,verified_object_version,0.6092675584106135,forecast-2f29c1d85dbfb0e071b1b690,2026-02-27T18:00:00Z,2026-02-28T19:00:00+05:00
forecast-2f29c1d85dbfb0e071b1b690,turbine_1,2026-02-27T18:00:00Z,2026-02-28T15:00:00Z,21,21,ml-9ffc3398a6c80f479aed4063,gfs-ad9ce9efe2cbea4a368af143,verified_object_version,0.5700873811682274,forecast-2f29c1d85dbfb0e071b1b690,2026-02-27T18:00:00Z,2026-02-28T20:00:00+05:00
forecast-2f29c1d85dbfb0e071b1b690,turbine_1,2026-02-27T18:00:00Z,2026-02-28T16:00:00Z,22,22,ml-9ffc3398a6c80f479aed4063,gfs-ad9ce9efe2cbea4a368af143,verified_object_version,0.508693991566693,forecast-2f29c1d85dbfb0e071b1b690,2026-02-27T18:00:00Z,2026-02-28T21:00:00+05:00
forecast-2f29c1d85dbfb0e071b1b690,turbine_1,2026-02-27T18:00:00Z,2026-02-28T17:00:00Z,23,23,ml-9ffc3398a6c80f479aed4063,gfs-ad9ce9efe2cbea4a368af143,verified_object_version,0.48914286708299176,forecast-2f29c1d85dbfb0e071b1b690,2026-02-27T18:00:00Z,2026-02-28T22:00:00+05:00
forecast-2f29c1d85dbfb0e071b1b690,turbine_1,2026-02-27T18:00:00Z,2026-02-28T18:00:00Z,24,24,ml-9ffc3398a6c80f479aed4063,gfs-ad9ce9efe2cbea4a368af143,verified_object_version,0.4827116584595123,forecast-2f29c1d85dbfb0e071b1b690,2026-02-27T18:00:00Z,2026-02-28T23:00:00+05:00
forecast-d24f50022b3c5b929db71f38,turbine_2,2026-01-31T18:00:00Z,2026-01-31T19:00:00Z,1,1,ml-03e3b3999293875db412a925,gfs-8e9ba8aecc67611f65bf768c,verified_object_version,0.012605023363555234,forecast-d24f50022b3c5b929db71f38,2026-01-31T18:00:00Z,2026-02-01T00:00:00+05:00
forecast-d24f50022b3c5b929db71f38,turbine_2,2026-01-31T18:00:00Z,2026-01-31T20:00:00Z,2,2,ml-03e3b3999293875db412a925,gfs-8e9ba8aecc67611f65bf768c,verified_object_version,0.009409797204958992,forecast-d24f50022b3c5b929db71f38,2026-01-31T18:00:00Z,2026-02-01T01:00:00+05:00
forecast-d24f50022b3c5b929db71f38,turbine_2,2026-01-31T18:00:00Z,2026-01-31T21:00:00Z,3,3,ml-03e3b3999293875db412a925,gfs-8e9ba8aecc67611f65bf768c,verified_object_version,0.02667827009572027,forecast-d24f50022b3c5b929db71f38,2026-01-31T18:00:00Z,2026-02-01T02:00:00+05:00
forecast-d24f50022b3c5b929db71f38,turbine_2,2026-01-31T18:00:00Z,2026-01-31T22:00:00Z,4,4,ml-03e3b3999293875db412a925,gfs-8e9ba8aecc67611f65bf768c,verified_object_version,0.05972457930713432,forecast-d24f50022b3c5b929db71f38,2026-01-31T18:00:00Z,2026-02-01T03:00:00+05:00
forecast-d24f50022b3c5b929db71f38,turbine_2,2026-01-31T18:00:00Z,2026-01-31T23:00:00Z,5,5,ml-03e3b3999293875db412a925,gfs-8e9ba8aecc67611f65bf768c,verified_object_version,0.12245747351120347,forecast-d24f50022b3c5b929db71f38,2026-01-31T18:00:00Z,2026-02-01T04:00:00+05:00
forecast-d24f50022b3c5b929db71f38,turbine_2,2026-01-31T18:00:00Z,2026-02-01T00:00:00Z,6,6,ml-03e3b3999293875db412a925,gfs-8e9ba8aecc67611f65bf768c,verified_object_version,0.29655747154874373,forecast-d24f50022b3c5b929db71f38,2026-01-31T18:00:00Z,2026-02-01T05:00:00+05:00
forecast-d24f50022b3c5b929db71f38,turbine_2,2026-01-31T18:00:00Z,2026-02-01T01:00:00Z,7,7,ml-03e3b3999293875db412a925,gfs-8e9ba8aecc67611f65bf768c,verified_object_version,0.36970521209709345,forecast-d24f50022b3c5b929db71f38,2026-01-31T18:00:00Z,2026-02-01T06:00:00+05:00
forecast-d24f50022b3c5b929db71f38,turbine_2,2026-01-31T18:00:00Z,2026-02-01T02:00:00Z,8,8,ml-03e3b3999293875db412a925,gfs-8e9ba8aecc67611f65bf768c,verified_object_version,0.31937800723752435,forecast-d24f50022b3c5b929db71f38,2026-01-31T18:00:00Z,2026-02-01T07:00:00+05:00
forecast-d24f50022b3c5b929db71f38,turbine_2,2026-01-31T18:00:00Z,2026-02-01T03:00:00Z,9,9,ml-03e3b3999293875db412a925,gfs-8e9ba8aecc67611f65bf768c,verified_object_version,0.20241597085812799,forecast-d24f50022b3c5b929db71f38,2026-01-31T18:00:00Z,2026-02-01T08:00:00+05:00
forecast-d24f50022b3c5b929db71f38,turbine_2,2026-01-31T18:00:00Z,2026-02-01T04:00:00Z,10,10,ml-03e3b3999293875db412a925,gfs-8e9ba8aecc67611f65bf768c,verified_object_version,0.42004989884789556,forecast-d24f50022b3c5b929db71f38,2026-01-31T18:00:00Z,2026-02-01T09:00:00+05:00
forecast-d24f50022b3c5b929db71f38,turbine_2,2026-01-31T18:00:00Z,2026-02-01T05:00:00Z,11,11,ml-03e3b3999293875db412a925,gfs-8e9ba8aecc67611f65bf768c,verified_object_version,0.4731805859227161,forecast-d24f50022b3c5b929db71f38,2026-01-31T18:00:00Z,2026-02-01T10:00:00+05:00
forecast-d24f50022b3c5b929db71f38,turbine_2,2026-01-31T18:00:00Z,2026-02-01T06:00:00Z,12,12,ml-03e3b3999293875db412a925,gfs-8e9ba8aecc67611f65bf768c,verified_object_version,0.8054038726377551,forecast-d24f50022b3c5b929db71f38,2026-01-31T18:00:00Z,2026-02-01T11:00:00+05:00
forecast-d24f50022b3c5b929db71f38,turbine_2,2026-01-31T18:00:00Z,2026-02-01T07:00:00Z,13,13,ml-03e3b3999293875db412a925,gfs-8e9ba8aecc67611f65bf768c,verified_object_version,0.7551219035369401,forecast-d24f50022b3c5b929db71f38,2026-01-31T18:00:00Z,2026-02-01T12:00:00+05:00
forecast-d24f50022b3c5b929db71f38,turbine_2,2026-01-31T18:00:00Z,2026-02-01T08:00:00Z,14,14,ml-03e3b3999293875db412a925,gfs-8e9ba8aecc67611f65bf768c,verified_object_version,0.6886397002217284,forecast-d24f50022b3c5b929db71f38,2026-01-31T18:00:00Z,2026-02-01T13:00:00+05:00
forecast-d24f50022b3c5b929db71f38,turbine_2,2026-01-31T18:00:00Z,2026-02-01T09:00:00Z,15,15,ml-03e3b3999293875db412a925,gfs-8e9ba8aecc67611f65bf768c,verified_object_version,0.7114048198820023,forecast-d24f50022b3c5b929db71f38,2026-01-31T18:00:00Z,2026-02-01T14:00:00+05:00
forecast-d24f50022b3c5b929db71f38,turbine_2,2026-01-31T18:00:00Z,2026-02-01T10:00:00Z,16,16,ml-03e3b3999293875db412a925,gfs-8e9ba8aecc67611f65bf768c,verified_object_version,0.6502389794146546,forecast-d24f50022b3c5b929db71f38,2026-01-31T18:00:00Z,2026-02-01T15:00:00+05:00
forecast-d24f50022b3c5b929db71f38,turbine_2,2026-01-31T18:00:00Z,2026-02-01T11:00:00Z,17,17,ml-03e3b3999293875db412a925,gfs-8e9ba8aecc67611f65bf768c,verified_object_version,0.4991555087387134,forecast-d24f50022b3c5b929db71f38,2026-01-31T18:00:00Z,2026-02-01T16:00:00+05:00
forecast-d24f50022b3c5b929db71f38,turbine_2,2026-01-31T18:00:00Z,2026-02-01T12:00:00Z,18,18,ml-03e3b3999293875db412a925,gfs-8e9ba8aecc67611f65bf768c,verified_object_version,0.5079557002438765,forecast-d24f50022b3c5b929db71f38,2026-01-31T18:00:00Z,2026-02-01T17:00:00+05:00
forecast-d24f50022b3c5b929db71f38,turbine_2,2026-01-31T18:00:00Z,2026-02-01T13:00:00Z,19,19,ml-03e3b3999293875db412a925,gfs-8e9ba8aecc67611f65bf768c,verified_object_version,0.4432034395158021,forecast-d24f50022b3c5b929db71f38,2026-01-31T18:00:00Z,2026-02-01T18:00:00+05:00
forecast-d24f50022b3c5b929db71f38,turbine_2,2026-01-31T18:00:00Z,2026-02-01T14:00:00Z,20,20,ml-03e3b3999293875db412a925,gfs-8e9ba8aecc67611f65bf768c,verified_object_version,0.40136345430913506,forecast-d24f50022b3c5b929db71f38,2026-01-31T18:00:00Z,2026-02-01T19:00:00+05:00
forecast-d24f50022b3c5b929db71f38,turbine_2,2026-01-31T18:00:00Z,2026-02-01T15:00:00Z,21,21,ml-03e3b3999293875db412a925,gfs-8e9ba8aecc67611f65bf768c,verified_object_version,0.39575351595605934,forecast-d24f50022b3c5b929db71f38,2026-01-31T18:00:00Z,2026-02-01T20:00:00+05:00
forecast-d24f50022b3c5b929db71f38,turbine_2,2026-01-31T18:00:00Z,2026-02-01T16:00:00Z,22,22,ml-03e3b3999293875db412a925,gfs-8e9ba8aecc67611f65bf768c,verified_object_version,0.4050853920996956,forecast-d24f50022b3c5b929db71f38,2026-01-31T18:00:00Z,2026-02-01T21:00:00+05:00
forecast-d24f50022b3c5b929db71f38,turbine_2,2026-01-31T18:00:00Z,2026-02-01T17:00:00Z,23,23,ml-03e3b3999293875db412a925,gfs-8e9ba8aecc67611f65bf768c,verified_object_version,0.3739350851070857,forecast-d24f50022b3c5b929db71f38,2026-01-31T18:00:00Z,2026-02-01T22:00:00+05:00
forecast-d24f50022b3c5b929db71f38,turbine_2,2026-01-31T18:00:00Z,2026-02-01T18:00:00Z,24,24,ml-03e3b3999293875db412a925,gfs-8e9ba8aecc67611f65bf768c,verified_object_version,0.347973765805817,forecast-d24f50022b3c5b929db71f38,2026-01-31T18:00:00Z,2026-02-01T23:00:00+05:00
forecast-17de48954e1c73e85c70176f,turbine_2,2026-02-01T18:00:00Z,2026-02-01T19:00:00Z,1,1,ml-03e3b3999293875db412a925,gfs-40a2674a5bc6b9cbe2414c84,verified_object_version,0.38971608533138774,forecast-17de48954e1c73e85c70176f,2026-02-01T18:00:00Z,2026-02-02T00:00:00+05:00
forecast-17de48954e1c73e85c70176f,turbine_2,2026-02-01T18:00:00Z,2026-02-01T20:00:00Z,2,2,ml-03e3b3999293875db412a925,gfs-40a2674a5bc6b9cbe2414c84,verified_object_version,0.3682661935863232,forecast-17de48954e1c73e85c70176f,2026-02-01T18:00:00Z,2026-02-02T01:00:00+05:00
forecast-17de48954e1c73e85c70176f,turbine_2,2026-02-01T18:00:00Z,2026-02-01T21:00:00Z,3,3,ml-03e3b3999293875db412a925,gfs-40a2674a5bc6b9cbe2414c84,verified_object_version,0.3790597553170404,forecast-17de48954e1c73e85c70176f,2026-02-01T18:00:00Z,2026-02-02T02:00:00+05:00
forecast-17de48954e1c73e85c70176f,turbine_2,2026-02-01T18:00:00Z,2026-02-01T22:00:00Z,4,4,ml-03e3b3999293875db412a925,gfs-40a2674a5bc6b9cbe2414c84,verified_object_version,0.39902127435058077,forecast-17de48954e1c73e85c70176f,2026-02-01T18:00:00Z,2026-02-02T03:00:00+05:00
forecast-17de48954e1c73e85c70176f,turbine_2,2026-02-01T18:00:00Z,2026-02-01T23:00:00Z,5,5,ml-03e3b3999293875db412a925,gfs-40a2674a5bc6b9cbe2414c84,verified_object_version,0.5694225245736698,forecast-17de48954e1c73e85c70176f,2026-02-01T18:00:00Z,2026-02-02T04:00:00+05:00
forecast-17de48954e1c73e85c70176f,turbine_2,2026-02-01T18:00:00Z,2026-02-02T00:00:00Z,6,6,ml-03e3b3999293875db412a925,gfs-40a2674a5bc6b9cbe2414c84,verified_object_version,0.5688549526998176,forecast-17de48954e1c73e85c70176f,2026-02-01T18:00:00Z,2026-02-02T05:00:00+05:00
forecast-17de48954e1c73e85c70176f,turbine_2,2026-02-01T18:00:00Z,2026-02-02T01:00:00Z,7,7,ml-03e3b3999293875db412a925,gfs-40a2674a5bc6b9cbe2414c84,verified_object_version,0.5818974080956683,forecast-17de48954e1c73e85c70176f,2026-02-01T18:00:00Z,2026-02-02T06:00:00+05:00
forecast-17de48954e1c73e85c70176f,turbine_2,2026-02-01T18:00:00Z,2026-02-02T02:00:00Z,8,8,ml-03e3b3999293875db412a925,gfs-40a2674a5bc6b9cbe2414c84,verified_object_version,0.5692450120552229,forecast-17de48954e1c73e85c70176f,2026-02-01T18:00:00Z,2026-02-02T07:00:00+05:00
forecast-17de48954e1c73e85c70176f,turbine_2,2026-02-01T18:00:00Z,2026-02-02T03:00:00Z,9,9,ml-03e3b3999293875db412a925,gfs-40a2674a5bc6b9cbe2414c84,verified_object_version,0.6718700332465368,forecast-17de48954e1c73e85c70176f,2026-02-01T18:00:00Z,2026-02-02T08:00:00+05:00
forecast-17de48954e1c73e85c70176f,turbine_2,2026-02-01T18:00:00Z,2026-02-02T04:00:00Z,10,10,ml-03e3b3999293875db412a925,gfs-40a2674a5bc6b9cbe2414c84,verified_object_version,0.8072093613018423,forecast-17de48954e1c73e85c70176f,2026-02-01T18:00:00Z,2026-02-02T09:00:00+05:00
forecast-17de48954e1c73e85c70176f,turbine_2,2026-02-01T18:00:00Z,2026-02-02T05:00:00Z,11,11,ml-03e3b3999293875db412a925,gfs-40a2674a5bc6b9cbe2414c84,verified_object_version,0.9312242148510206,forecast-17de48954e1c73e85c70176f,2026-02-01T18:00:00Z,2026-02-02T10:00:00+05:00
forecast-17de48954e1c73e85c70176f,turbine_2,2026-02-01T18:00:00Z,2026-02-02T06:00:00Z,12,12,ml-03e3b3999293875db412a925,gfs-40a2674a5bc6b9cbe2414c84,verified_object_version,0.9510327290152565,forecast-17de48954e1c73e85c70176f,2026-02-01T18:00:00Z,2026-02-02T11:00:00+05:00
forecast-17de48954e1c73e85c70176f,turbine_2,2026-02-01T18:00:00Z,2026-02-02T07:00:00Z,13,13,ml-03e3b3999293875db412a925,gfs-40a2674a5bc6b9cbe2414c84,verified_object_version,0.9549478976397607,forecast-17de48954e1c73e85c70176f,2026-02-01T18:00:00Z,2026-02-02T12:00:00+05:00
forecast-17de48954e1c73e85c70176f,turbine_2,2026-02-01T18:00:00Z,2026-02-02T08:00:00Z,14,14,ml-03e3b3999293875db412a925,gfs-40a2674a5bc6b9cbe2414c84,verified_object_version,0.9682000543211736,forecast-17de48954e1c73e85c70176f,2026-02-01T18:00:00Z,2026-02-02T13:00:00+05:00
forecast-17de48954e1c73e85c70176f,turbine_2,2026-02-01T18:00:00Z,2026-02-02T09:00:00Z,15,15,ml-03e3b3999293875db412a925,gfs-40a2674a5bc6b9cbe2414c84,verified_object_version,0.9611222065034979,forecast-17de48954e1c73e85c70176f,2026-02-01T18:00:00Z,2026-02-02T14:00:00+05:00
forecast-17de48954e1c73e85c70176f,turbine_2,2026-02-01T18:00:00Z,2026-02-02T10:00:00Z,16,16,ml-03e3b3999293875db412a925,gfs-40a2674a5bc6b9cbe2414c84,verified_object_version,0.8849795501315391,forecast-17de48954e1c73e85c70176f,2026-02-01T18:00:00Z,2026-02-02T15:00:00+05:00
forecast-17de48954e1c73e85c70176f,turbine_2,2026-02-01T18:00:00Z,2026-02-02T11:00:00Z,17,17,ml-03e3b3999293875db412a925,gfs-40a2674a5bc6b9cbe2414c84,verified_object_version,0.45647052978611974,forecast-17de48954e1c73e85c70176f,2026-02-01T18:00:00Z,2026-02-02T16:00:00+05:00
forecast-17de48954e1c73e85c70176f,turbine_2,2026-02-01T18:00:00Z,2026-02-02T12:00:00Z,18,18,ml-03e3b3999293875db412a925,gfs-40a2674a5bc6b9cbe2414c84,verified_object_version,0.18616640402346707,forecast-17de48954e1c73e85c70176f,2026-02-01T18:00:00Z,2026-02-02T17:00:00+05:00
forecast-17de48954e1c73e85c70176f,turbine_2,2026-02-01T18:00:00Z,2026-02-02T13:00:00Z,19,19,ml-03e3b3999293875db412a925,gfs-40a2674a5bc6b9cbe2414c84,verified_object_version,0.07908843836729046,forecast-17de48954e1c73e85c70176f,2026-02-01T18:00:00Z,2026-02-02T18:00:00+05:00
forecast-17de48954e1c73e85c70176f,turbine_2,2026-02-01T18:00:00Z,2026-02-02T14:00:00Z,20,20,ml-03e3b3999293875db412a925,gfs-40a2674a5bc6b9cbe2414c84,verified_object_version,0.08303110767890585,forecast-17de48954e1c73e85c70176f,2026-02-01T18:00:00Z,2026-02-02T19:00:00+05:00
forecast-17de48954e1c73e85c70176f,turbine_2,2026-02-01T18:00:00Z,2026-02-02T15:00:00Z,21,21,ml-03e3b3999293875db412a925,gfs-40a2674a5bc6b9cbe2414c84,verified_object_version,0.0784025447292549,forecast-17de48954e1c73e85c70176f,2026-02-01T18:00:00Z,2026-02-02T20:00:00+05:00
forecast-17de48954e1c73e85c70176f,turbine_2,2026-02-01T18:00:00Z,2026-02-02T16:00:00Z,22,22,ml-03e3b3999293875db412a925,gfs-40a2674a5bc6b9cbe2414c84,verified_object_version,0.07058469383860583,forecast-17de48954e1c73e85c70176f,2026-02-01T18:00:00Z,2026-02-02T21:00:00+05:00
forecast-17de48954e1c73e85c70176f,turbine_2,2026-02-01T18:00:00Z,2026-02-02T17:00:00Z,23,23,ml-03e3b3999293875db412a925,gfs-40a2674a5bc6b9cbe2414c84,verified_object_version,0.09005792063399475,forecast-17de48954e1c73e85c70176f,2026-02-01T18:00:00Z,2026-02-02T22:00:00+05:00
forecast-17de48954e1c73e85c70176f,turbine_2,2026-02-01T18:00:00Z,2026-02-02T18:00:00Z,24,24,ml-03e3b3999293875db412a925,gfs-40a2674a5bc6b9cbe2414c84,verified_object_version,0.12346333590878178,forecast-17de48954e1c73e85c70176f,2026-02-01T18:00:00Z,2026-02-02T23:00:00+05:00
forecast-2876604e2efe564622c406cb,turbine_2,2026-02-02T18:00:00Z,2026-02-02T19:00:00Z,1,1,ml-03e3b3999293875db412a925,gfs-c8b3ddf3d8764019d569b37f,verified_object_version,0.1290639136607566,forecast-2876604e2efe564622c406cb,2026-02-02T18:00:00Z,2026-02-03T00:00:00+05:00
forecast-2876604e2efe564622c406cb,turbine_2,2026-02-02T18:00:00Z,2026-02-02T20:00:00Z,2,2,ml-03e3b3999293875db412a925,gfs-c8b3ddf3d8764019d569b37f,verified_object_version,0.13852699368082783,forecast-2876604e2efe564622c406cb,2026-02-02T18:00:00Z,2026-02-03T01:00:00+05:00
forecast-2876604e2efe564622c406cb,turbine_2,2026-02-02T18:00:00Z,2026-02-02T21:00:00Z,3,3,ml-03e3b3999293875db412a925,gfs-c8b3ddf3d8764019d569b37f,verified_object_version,0.20418662671862883,forecast-2876604e2efe564622c406cb,2026-02-02T18:00:00Z,2026-02-03T02:00:00+05:00
forecast-2876604e2efe564622c406cb,turbine_2,2026-02-02T18:00:00Z,2026-02-02T22:00:00Z,4,4,ml-03e3b3999293875db412a925,gfs-c8b3ddf3d8764019d569b37f,verified_object_version,0.33746143273989626,forecast-2876604e2efe564622c406cb,2026-02-02T18:00:00Z,2026-02-03T03:00:00+05:00
forecast-2876604e2efe564622c406cb,turbine_2,2026-02-02T18:00:00Z,2026-02-02T23:00:00Z,5,5,ml-03e3b3999293875db412a925,gfs-c8b3ddf3d8764019d569b37f,verified_object_version,0.3729654730242715,forecast-2876604e2efe564622c406cb,2026-02-02T18:00:00Z,2026-02-03T04:00:00+05:00
forecast-2876604e2efe564622c406cb,turbine_2,2026-02-02T18:00:00Z,2026-02-03T00:00:00Z,6,6,ml-03e3b3999293875db412a925,gfs-c8b3ddf3d8764019d569b37f,verified_object_version,0.3320010474893947,forecast-2876604e2efe564622c406cb,2026-02-02T18:00:00Z,2026-02-03T05:00:00+05:00
forecast-2876604e2efe564622c406cb,turbine_2,2026-02-02T18:00:00Z,2026-02-03T01:00:00Z,7,7,ml-03e3b3999293875db412a925,gfs-c8b3ddf3d8764019d569b37f,verified_object_version,0.15153332857118446,forecast-2876604e2efe564622c406cb,2026-02-02T18:00:00Z,2026-02-03T06:00:00+05:00
forecast-2876604e2efe564622c406cb,turbine_2,2026-02-02T18:00:00Z,2026-02-03T02:00:00Z,8,8,ml-03e3b3999293875db412a925,gfs-c8b3ddf3d8764019d569b37f,verified_object_version,0.06913309849185056,forecast-2876604e2efe564622c406cb,2026-02-02T18:00:00Z,2026-02-03T07:00:00+05:00
forecast-2876604e2efe564622c406cb,turbine_2,2026-02-02T18:00:00Z,2026-02-03T03:00:00Z,9,9,ml-03e3b3999293875db412a925,gfs-c8b3ddf3d8764019d569b37f,verified_object_version,0.054777348134638026,forecast-2876604e2efe564622c406cb,2026-02-02T18:00:00Z,2026-02-03T08:00:00+05:00
forecast-2876604e2efe564622c406cb,turbine_2,2026-02-02T18:00:00Z,2026-02-03T04:00:00Z,10,10,ml-03e3b3999293875db412a925,gfs-c8b3ddf3d8764019d569b37f,verified_object_version,0.06922641973351534,forecast-2876604e2efe564622c406cb,2026-02-02T18:00:00Z,2026-02-03T09:00:00+05:00
forecast-2876604e2efe564622c406cb,turbine_2,2026-02-02T18:00:00Z,2026-02-03T05:00:00Z,11,11,ml-03e3b3999293875db412a925,gfs-c8b3ddf3d8764019d569b37f,verified_object_version,0.06865930077311566,forecast-2876604e2efe564622c406cb,2026-02-02T18:00:00Z,2026-02-03T10:00:00+05:00
forecast-2876604e2efe564622c406cb,turbine_2,2026-02-02T18:00:00Z,2026-02-03T06:00:00Z,12,12,ml-03e3b3999293875db412a925,gfs-c8b3ddf3d8764019d569b37f,verified_object_version,0.04931848869576291,forecast-2876604e2efe564622c406cb,2026-02-02T18:00:00Z,2026-02-03T11:00:00+05:00
forecast-2876604e2efe564622c406cb,turbine_2,2026-02-02T18:00:00Z,2026-02-03T07:00:00Z,13,13,ml-03e3b3999293875db412a925,gfs-c8b3ddf3d8764019d569b37f,verified_object_version,0.051061549501436154,forecast-2876604e2efe564622c406cb,2026-02-02T18:00:00Z,2026-02-03T12:00:00+05:00
forecast-2876604e2efe564622c406cb,turbine_2,2026-02-02T18:00:00Z,2026-02-03T08:00:00Z,14,14,ml-03e3b3999293875db412a925,gfs-c8b3ddf3d8764019d569b37f,verified_object_version,0.03412692974273532,forecast-2876604e2efe564622c406cb,2026-02-02T18:00:00Z,2026-02-03T13:00:00+05:00
forecast-2876604e2efe564622c406cb,turbine_2,2026-02-02T18:00:00Z,2026-02-03T09:00:00Z,15,15,ml-03e3b3999293875db412a925,gfs-c8b3ddf3d8764019d569b37f,verified_object_version,0.025499017567083088,forecast-2876604e2efe564622c406cb,2026-02-02T18:00:00Z,2026-02-03T14:00:00+05:00
forecast-2876604e2efe564622c406cb,turbine_2,2026-02-02T18:00:00Z,2026-02-03T10:00:00Z,16,16,ml-03e3b3999293875db412a925,gfs-c8b3ddf3d8764019d569b37f,verified_object_version,0.035256949810487964,forecast-2876604e2efe564622c406cb,2026-02-02T18:00:00Z,2026-02-03T15:00:00+05:00
forecast-2876604e2efe564622c406cb,turbine_2,2026-02-02T18:00:00Z,2026-02-03T11:00:00Z,17,17,ml-03e3b3999293875db412a925,gfs-c8b3ddf3d8764019d569b37f,verified_object_version,0.03695963721879081,forecast-2876604e2efe564622c406cb,2026-02-02T18:00:00Z,2026-02-03T16:00:00+05:00
forecast-2876604e2efe564622c406cb,turbine_2,2026-02-02T18:00:00Z,2026-02-03T12:00:00Z,18,18,ml-03e3b3999293875db412a925,gfs-c8b3ddf3d8764019d569b37f,verified_object_version,0.036974194764372165,forecast-2876604e2efe564622c406cb,2026-02-02T18:00:00Z,2026-02-03T17:00:00+05:00
forecast-2876604e2efe564622c406cb,turbine_2,2026-02-02T18:00:00Z,2026-02-03T13:00:00Z,19,19,ml-03e3b3999293875db412a925,gfs-c8b3ddf3d8764019d569b37f,verified_object_version,0.04736029004529649,forecast-2876604e2efe564622c406cb,2026-02-02T18:00:00Z,2026-02-03T18:00:00+05:00
forecast-2876604e2efe564622c406cb,turbine_2,2026-02-02T18:00:00Z,2026-02-03T14:00:00Z,20,20,ml-03e3b3999293875db412a925,gfs-c8b3ddf3d8764019d569b37f,verified_object_version,0.079945370949937,forecast-2876604e2efe564622c406cb,2026-02-02T18:00:00Z,2026-02-03T19:00:00+05:00
forecast-2876604e2efe564622c406cb,turbine_2,2026-02-02T18:00:00Z,2026-02-03T15:00:00Z,21,21,ml-03e3b3999293875db412a925,gfs-c8b3ddf3d8764019d569b37f,verified_object_version,0.12217621059374456,forecast-2876604e2efe564622c406cb,2026-02-02T18:00:00Z,2026-02-03T20:00:00+05:00
forecast-2876604e2efe564622c406cb,turbine_2,2026-02-02T18:00:00Z,2026-02-03T16:00:00Z,22,22,ml-03e3b3999293875db412a925,gfs-c8b3ddf3d8764019d569b37f,verified_object_version,0.12423806673469963,forecast-2876604e2efe564622c406cb,2026-02-02T18:00:00Z,2026-02-03T21:00:00+05:00
forecast-2876604e2efe564622c406cb,turbine_2,2026-02-02T18:00:00Z,2026-02-03T17:00:00Z,23,23,ml-03e3b3999293875db412a925,gfs-c8b3ddf3d8764019d569b37f,verified_object_version,0.14666759935598597,forecast-2876604e2efe564622c406cb,2026-02-02T18:00:00Z,2026-02-03T22:00:00+05:00
forecast-2876604e2efe564622c406cb,turbine_2,2026-02-02T18:00:00Z,2026-02-03T18:00:00Z,24,24,ml-03e3b3999293875db412a925,gfs-c8b3ddf3d8764019d569b37f,verified_object_version,0.14214230425473573,forecast-2876604e2efe564622c406cb,2026-02-02T18:00:00Z,2026-02-03T23:00:00+05:00
forecast-7a520ceb23ab85117a90df94,turbine_2,2026-02-03T18:00:00Z,2026-02-03T19:00:00Z,1,1,ml-03e3b3999293875db412a925,gfs-b4d00e6266f5ff6c7fa4ac5d,verified_object_version,0.2500820147541527,forecast-7a520ceb23ab85117a90df94,2026-02-03T18:00:00Z,2026-02-04T00:00:00+05:00
forecast-7a520ceb23ab85117a90df94,turbine_2,2026-02-03T18:00:00Z,2026-02-03T20:00:00Z,2,2,ml-03e3b3999293875db412a925,gfs-b4d00e6266f5ff6c7fa4ac5d,verified_object_version,0.2982069500295611,forecast-7a520ceb23ab85117a90df94,2026-02-03T18:00:00Z,2026-02-04T01:00:00+05:00
forecast-7a520ceb23ab85117a90df94,turbine_2,2026-02-03T18:00:00Z,2026-02-03T21:00:00Z,3,3,ml-03e3b3999293875db412a925,gfs-b4d00e6266f5ff6c7fa4ac5d,verified_object_version,0.29605361960224297,forecast-7a520ceb23ab85117a90df94,2026-02-03T18:00:00Z,2026-02-04T02:00:00+05:00
forecast-7a520ceb23ab85117a90df94,turbine_2,2026-02-03T18:00:00Z,2026-02-03T22:00:00Z,4,4,ml-03e3b3999293875db412a925,gfs-b4d00e6266f5ff6c7fa4ac5d,verified_object_version,0.20116695323523867,forecast-7a520ceb23ab85117a90df94,2026-02-03T18:00:00Z,2026-02-04T03:00:00+05:00
forecast-7a520ceb23ab85117a90df94,turbine_2,2026-02-03T18:00:00Z,2026-02-03T23:00:00Z,5,5,ml-03e3b3999293875db412a925,gfs-b4d00e6266f5ff6c7fa4ac5d,verified_object_version,0.22554708337216633,forecast-7a520ceb23ab85117a90df94,2026-02-03T18:00:00Z,2026-02-04T04:00:00+05:00
forecast-7a520ceb23ab85117a90df94,turbine_2,2026-02-03T18:00:00Z,2026-02-04T00:00:00Z,6,6,ml-03e3b3999293875db412a925,gfs-b4d00e6266f5ff6c7fa4ac5d,verified_object_version,0.48924007417354504,forecast-7a520ceb23ab85117a90df94,2026-02-03T18:00:00Z,2026-02-04T05:00:00+05:00
forecast-7a520ceb23ab85117a90df94,turbine_2,2026-02-03T18:00:00Z,2026-02-04T01:00:00Z,7,7,ml-03e3b3999293875db412a925,gfs-b4d00e6266f5ff6c7fa4ac5d,verified_object_version,0.21857440062341935,forecast-7a520ceb23ab85117a90df94,2026-02-03T18:00:00Z,2026-02-04T06:00:00+05:00
forecast-7a520ceb23ab85117a90df94,turbine_2,2026-02-03T18:00:00Z,2026-02-04T02:00:00Z,8,8,ml-03e3b3999293875db412a925,gfs-b4d00e6266f5ff6c7fa4ac5d,verified_object_version,0.09101633581277206,forecast-7a520ceb23ab85117a90df94,2026-02-03T18:00:00Z,2026-02-04T07:00:00+05:00
forecast-7a520ceb23ab85117a90df94,turbine_2,2026-02-03T18:00:00Z,2026-02-04T03:00:00Z,9,9,ml-03e3b3999293875db412a925,gfs-b4d00e6266f5ff6c7fa4ac5d,verified_object_version,0.04700888897085859,forecast-7a520ceb23ab85117a90df94,2026-02-03T18:00:00Z,2026-02-04T08:00:00+05:00
forecast-7a520ceb23ab85117a90df94,turbine_2,2026-02-03T18:00:00Z,2026-02-04T04:00:00Z,10,10,ml-03e3b3999293875db412a925,gfs-b4d00e6266f5ff6c7fa4ac5d,verified_object_version,0.0349597662640711,forecast-7a520ceb23ab85117a90df94,2026-02-03T18:00:00Z,2026-02-04T09:00:00+05:00
forecast-7a520ceb23ab85117a90df94,turbine_2,2026-02-03T18:00:00Z,2026-02-04T05:00:00Z,11,11,ml-03e3b3999293875db412a925,gfs-b4d00e6266f5ff6c7fa4ac5d,verified_object_version,0.015218239828602265,forecast-7a520ceb23ab85117a90df94,2026-02-03T18:00:00Z,2026-02-04T10:00:00+05:00
forecast-7a520ceb23ab85117a90df94,turbine_2,2026-02-03T18:00:00Z,2026-02-04T06:00:00Z,12,12,ml-03e3b3999293875db412a925,gfs-b4d00e6266f5ff6c7fa4ac5d,verified_object_version,0.022633455217258375,forecast-7a520ceb23ab85117a90df94,2026-02-03T18:00:00Z,2026-02-04T11:00:00+05:00
forecast-7a520ceb23ab85117a90df94,turbine_2,2026-02-03T18:00:00Z,2026-02-04T07:00:00Z,13,13,ml-03e3b3999293875db412a925,gfs-b4d00e6266f5ff6c7fa4ac5d,verified_object_version,0.03725645231070859,forecast-7a520ceb23ab85117a90df94,2026-02-03T18:00:00Z,2026-02-04T12:00:00+05:00
forecast-7a520ceb23ab85117a90df94,turbine_2,2026-02-03T18:00:00Z,2026-02-04T08:00:00Z,14,14,ml-03e3b3999293875db412a925,gfs-b4d00e6266f5ff6c7fa4ac5d,verified_object_version,0.0532675231316094,forecast-7a520ceb23ab85117a90df94,2026-02-03T18:00:00Z,2026-02-04T13:00:00+05:00
forecast-7a520ceb23ab85117a90df94,turbine_2,2026-02-03T18:00:00Z,2026-02-04T09:00:00Z,15,15,ml-03e3b3999293875db412a925,gfs-b4d00e6266f5ff6c7fa4ac5d,verified_object_version,0.10214512215137989,forecast-7a520ceb23ab85117a90df94,2026-02-03T18:00:00Z,2026-02-04T14:00:00+05:00
forecast-7a520ceb23ab85117a90df94,turbine_2,2026-02-03T18:00:00Z,2026-02-04T10:00:00Z,16,16,ml-03e3b3999293875db412a925,gfs-b4d00e6266f5ff6c7fa4ac5d,verified_object_version,0.13061606988095276,forecast-7a520ceb23ab85117a90df94,2026-02-03T18:00:00Z,2026-02-04T15:00:00+05:00
forecast-7a520ceb23ab85117a90df94,turbine_2,2026-02-03T18:00:00Z,2026-02-04T11:00:00Z,17,17,ml-03e3b3999293875db412a925,gfs-b4d00e6266f5ff6c7fa4ac5d,verified_object_version,0.09780882246468184,forecast-7a520ceb23ab85117a90df94,2026-02-03T18:00:00Z,2026-02-04T16:00:00+05:00
forecast-7a520ceb23ab85117a90df94,turbine_2,2026-02-03T18:00:00Z,2026-02-04T12:00:00Z,18,18,ml-03e3b3999293875db412a925,gfs-b4d00e6266f5ff6c7fa4ac5d,verified_object_version,0.04477209559012632,forecast-7a520ceb23ab85117a90df94,2026-02-03T18:00:00Z,2026-02-04T17:00:00+05:00
forecast-7a520ceb23ab85117a90df94,turbine_2,2026-02-03T18:00:00Z,2026-02-04T13:00:00Z,19,19,ml-03e3b3999293875db412a925,gfs-b4d00e6266f5ff6c7fa4ac5d,verified_object_version,0.02950061711147517,forecast-7a520ceb23ab85117a90df94,2026-02-03T18:00:00Z,2026-02-04T18:00:00+05:00
forecast-7a520ceb23ab85117a90df94,turbine_2,2026-02-03T18:00:00Z,2026-02-04T14:00:00Z,20,20,ml-03e3b3999293875db412a925,gfs-b4d00e6266f5ff6c7fa4ac5d,verified_object_version,0.03228183367373455,forecast-7a520ceb23ab85117a90df94,2026-02-03T18:00:00Z,2026-02-04T19:00:00+05:00
forecast-7a520ceb23ab85117a90df94,turbine_2,2026-02-03T18:00:00Z,2026-02-04T15:00:00Z,21,21,ml-03e3b3999293875db412a925,gfs-b4d00e6266f5ff6c7fa4ac5d,verified_object_version,0.12304499413409355,forecast-7a520ceb23ab85117a90df94,2026-02-03T18:00:00Z,2026-02-04T20:00:00+05:00
forecast-7a520ceb23ab85117a90df94,turbine_2,2026-02-03T18:00:00Z,2026-02-04T16:00:00Z,22,22,ml-03e3b3999293875db412a925,gfs-b4d00e6266f5ff6c7fa4ac5d,verified_object_version,0.25582871343430635,forecast-7a520ceb23ab85117a90df94,2026-02-03T18:00:00Z,2026-02-04T21:00:00+05:00
forecast-7a520ceb23ab85117a90df94,turbine_2,2026-02-03T18:00:00Z,2026-02-04T17:00:00Z,23,23,ml-03e3b3999293875db412a925,gfs-b4d00e6266f5ff6c7fa4ac5d,verified_object_version,0.3481375466533627,forecast-7a520ceb23ab85117a90df94,2026-02-03T18:00:00Z,2026-02-04T22:00:00+05:00
forecast-7a520ceb23ab85117a90df94,turbine_2,2026-02-03T18:00:00Z,2026-02-04T18:00:00Z,24,24,ml-03e3b3999293875db412a925,gfs-b4d00e6266f5ff6c7fa4ac5d,verified_object_version,0.3416722380553023,forecast-7a520ceb23ab85117a90df94,2026-02-03T18:00:00Z,2026-02-04T23:00:00+05:00
forecast-c59ab675c470bfc6e9d08745,turbine_2,2026-02-04T18:00:00Z,2026-02-04T19:00:00Z,1,1,ml-03e3b3999293875db412a925,gfs-47f1ea7d21a24887b153a8ed,verified_object_version,0.8450292500291243,forecast-c59ab675c470bfc6e9d08745,2026-02-04T18:00:00Z,2026-02-05T00:00:00+05:00
forecast-c59ab675c470bfc6e9d08745,turbine_2,2026-02-04T18:00:00Z,2026-02-04T20:00:00Z,2,2,ml-03e3b3999293875db412a925,gfs-47f1ea7d21a24887b153a8ed,verified_object_version,0.8576997647988251,forecast-c59ab675c470bfc6e9d08745,2026-02-04T18:00:00Z,2026-02-05T01:00:00+05:00
forecast-c59ab675c470bfc6e9d08745,turbine_2,2026-02-04T18:00:00Z,2026-02-04T21:00:00Z,3,3,ml-03e3b3999293875db412a925,gfs-47f1ea7d21a24887b153a8ed,verified_object_version,0.9501442355195281,forecast-c59ab675c470bfc6e9d08745,2026-02-04T18:00:00Z,2026-02-05T02:00:00+05:00
forecast-c59ab675c470bfc6e9d08745,turbine_2,2026-02-04T18:00:00Z,2026-02-04T22:00:00Z,4,4,ml-03e3b3999293875db412a925,gfs-47f1ea7d21a24887b153a8ed,verified_object_version,0.9471081876882789,forecast-c59ab675c470bfc6e9d08745,2026-02-04T18:00:00Z,2026-02-05T03:00:00+05:00
forecast-c59ab675c470bfc6e9d08745,turbine_2,2026-02-04T18:00:00Z,2026-02-04T23:00:00Z,5,5,ml-03e3b3999293875db412a925,gfs-47f1ea7d21a24887b153a8ed,verified_object_version,0.9411133021375432,forecast-c59ab675c470bfc6e9d08745,2026-02-04T18:00:00Z,2026-02-05T04:00:00+05:00
forecast-c59ab675c470bfc6e9d08745,turbine_2,2026-02-04T18:00:00Z,2026-02-05T00:00:00Z,6,6,ml-03e3b3999293875db412a925,gfs-47f1ea7d21a24887b153a8ed,verified_object_version,0.9411133021375432,forecast-c59ab675c470bfc6e9d08745,2026-02-04T18:00:00Z,2026-02-05T05:00:00+05:00
forecast-c59ab675c470bfc6e9d08745,turbine_2,2026-02-04T18:00:00Z,2026-02-05T01:00:00Z,7,7,ml-03e3b3999293875db412a925,gfs-47f1ea7d21a24887b153a8ed,verified_object_version,0.9411133021375432,forecast-c59ab675c470bfc6e9d08745,2026-02-04T18:00:00Z,2026-02-05T06:00:00+05:00
forecast-c59ab675c470bfc6e9d08745,turbine_2,2026-02-04T18:00:00Z,2026-02-05T02:00:00Z,8,8,ml-03e3b3999293875db412a925,gfs-47f1ea7d21a24887b153a8ed,verified_object_version,0.9201314658784491,forecast-c59ab675c470bfc6e9d08745,2026-02-04T18:00:00Z,2026-02-05T07:00:00+05:00
forecast-c59ab675c470bfc6e9d08745,turbine_2,2026-02-04T18:00:00Z,2026-02-05T03:00:00Z,9,9,ml-03e3b3999293875db412a925,gfs-47f1ea7d21a24887b153a8ed,verified_object_version,0.9307661057564184,forecast-c59ab675c470bfc6e9d08745,2026-02-04T18:00:00Z,2026-02-05T08:00:00+05:00
forecast-c59ab675c470bfc6e9d08745,turbine_2,2026-02-04T18:00:00Z,2026-02-05T04:00:00Z,10,10,ml-03e3b3999293875db412a925,gfs-47f1ea7d21a24887b153a8ed,verified_object_version,0.9439005782570923,forecast-c59ab675c470bfc6e9d08745,2026-02-04T18:00:00Z,2026-02-05T09:00:00+05:00
forecast-c59ab675c470bfc6e9d08745,turbine_2,2026-02-04T18:00:00Z,2026-02-05T05:00:00Z,11,11,ml-03e3b3999293875db412a925,gfs-47f1ea7d21a24887b153a8ed,verified_object_version,0.9535657238118045,forecast-c59ab675c470bfc6e9d08745,2026-02-04T18:00:00Z,2026-02-05T10:00:00+05:00
forecast-c59ab675c470bfc6e9d08745,turbine_2,2026-02-04T18:00:00Z,2026-02-05T06:00:00Z,12,12,ml-03e3b3999293875db412a925,gfs-47f1ea7d21a24887b153a8ed,verified_object_version,0.9522055145053228,forecast-c59ab675c470bfc6e9d08745,2026-02-04T18:00:00Z,2026-02-05T11:00:00+05:00
forecast-c59ab675c470bfc6e9d08745,turbine_2,2026-02-04T18:00:00Z,2026-02-05T07:00:00Z,13,13,ml-03e3b3999293875db412a925,gfs-47f1ea7d21a24887b153a8ed,verified_object_version,0.9497150062872849,forecast-c59ab675c470bfc6e9d08745,2026-02-04T18:00:00Z,2026-02-05T12:00:00+05:00
forecast-c59ab675c470bfc6e9d08745,turbine_2,2026-02-04T18:00:00Z,2026-02-05T08:00:00Z,14,14,ml-03e3b3999293875db412a925,gfs-47f1ea7d21a24887b153a8ed,verified_object_version,0.9648825423547633,forecast-c59ab675c470bfc6e9d08745,2026-02-04T18:00:00Z,2026-02-05T13:00:00+05:00
forecast-c59ab675c470bfc6e9d08745,turbine_2,2026-02-04T18:00:00Z,2026-02-05T09:00:00Z,15,15,ml-03e3b3999293875db412a925,gfs-47f1ea7d21a24887b153a8ed,verified_object_version,0.9665510753173918,forecast-c59ab675c470bfc6e9d08745,2026-02-04T18:00:00Z,2026-02-05T14:00:00+05:00
forecast-c59ab675c470bfc6e9d08745,turbine_2,2026-02-04T18:00:00Z,2026-02-05T10:00:00Z,16,16,ml-03e3b3999293875db412a925,gfs-47f1ea7d21a24887b153a8ed,verified_object_version,0.9713858016530875,forecast-c59ab675c470bfc6e9d08745,2026-02-04T18:00:00Z,2026-02-05T15:00:00+05:00
forecast-c59ab675c470bfc6e9d08745,turbine_2,2026-02-04T18:00:00Z,2026-02-05T11:00:00Z,17,17,ml-03e3b3999293875db412a925,gfs-47f1ea7d21a24887b153a8ed,verified_object_version,0.9689734052155077,forecast-c59ab675c470bfc6e9d08745,2026-02-04T18:00:00Z,2026-02-05T16:00:00+05:00
forecast-c59ab675c470bfc6e9d08745,turbine_2,2026-02-04T18:00:00Z,2026-02-05T12:00:00Z,18,18,ml-03e3b3999293875db412a925,gfs-47f1ea7d21a24887b153a8ed,verified_object_version,0.944362944369039,forecast-c59ab675c470bfc6e9d08745,2026-02-04T18:00:00Z,2026-02-05T17:00:00+05:00
forecast-c59ab675c470bfc6e9d08745,turbine_2,2026-02-04T18:00:00Z,2026-02-05T13:00:00Z,19,19,ml-03e3b3999293875db412a925,gfs-47f1ea7d21a24887b153a8ed,verified_object_version,0.8959434687498592,forecast-c59ab675c470bfc6e9d08745,2026-02-04T18:00:00Z,2026-02-05T18:00:00+05:00
forecast-c59ab675c470bfc6e9d08745,turbine_2,2026-02-04T18:00:00Z,2026-02-05T14:00:00Z,20,20,ml-03e3b3999293875db412a925,gfs-47f1ea7d21a24887b153a8ed,verified_object_version,0.8726740874364515,forecast-c59ab675c470bfc6e9d08745,2026-02-04T18:00:00Z,2026-02-05T19:00:00+05:00
forecast-c59ab675c470bfc6e9d08745,turbine_2,2026-02-04T18:00:00Z,2026-02-05T15:00:00Z,21,21,ml-03e3b3999293875db412a925,gfs-47f1ea7d21a24887b153a8ed,verified_object_version,0.7493208827594294,forecast-c59ab675c470bfc6e9d08745,2026-02-04T18:00:00Z,2026-02-05T20:00:00+05:00
forecast-c59ab675c470bfc6e9d08745,turbine_2,2026-02-04T18:00:00Z,2026-02-05T16:00:00Z,22,22,ml-03e3b3999293875db412a925,gfs-47f1ea7d21a24887b153a8ed,verified_object_version,0.7428320234283603,forecast-c59ab675c470bfc6e9d08745,2026-02-04T18:00:00Z,2026-02-05T21:00:00+05:00
forecast-c59ab675c470bfc6e9d08745,turbine_2,2026-02-04T18:00:00Z,2026-02-05T17:00:00Z,23,23,ml-03e3b3999293875db412a925,gfs-47f1ea7d21a24887b153a8ed,verified_object_version,0.7039323117134002,forecast-c59ab675c470bfc6e9d08745,2026-02-04T18:00:00Z,2026-02-05T22:00:00+05:00
forecast-c59ab675c470bfc6e9d08745,turbine_2,2026-02-04T18:00:00Z,2026-02-05T18:00:00Z,24,24,ml-03e3b3999293875db412a925,gfs-47f1ea7d21a24887b153a8ed,verified_object_version,0.5173862701326953,forecast-c59ab675c470bfc6e9d08745,2026-02-04T18:00:00Z,2026-02-05T23:00:00+05:00
forecast-7f2a424f9b240e6076be9dc2,turbine_2,2026-02-05T18:00:00Z,2026-02-05T19:00:00Z,1,1,ml-03e3b3999293875db412a925,gfs-de975058bbbe0c5099edf51a,verified_object_version,0.3371078726385093,forecast-7f2a424f9b240e6076be9dc2,2026-02-05T18:00:00Z,2026-02-06T00:00:00+05:00
forecast-7f2a424f9b240e6076be9dc2,turbine_2,2026-02-05T18:00:00Z,2026-02-05T20:00:00Z,2,2,ml-03e3b3999293875db412a925,gfs-de975058bbbe0c5099edf51a,verified_object_version,0.19871102148879596,forecast-7f2a424f9b240e6076be9dc2,2026-02-05T18:00:00Z,2026-02-06T01:00:00+05:00
forecast-7f2a424f9b240e6076be9dc2,turbine_2,2026-02-05T18:00:00Z,2026-02-05T21:00:00Z,3,3,ml-03e3b3999293875db412a925,gfs-de975058bbbe0c5099edf51a,verified_object_version,0.16381805204518182,forecast-7f2a424f9b240e6076be9dc2,2026-02-05T18:00:00Z,2026-02-06T02:00:00+05:00
forecast-7f2a424f9b240e6076be9dc2,turbine_2,2026-02-05T18:00:00Z,2026-02-05T22:00:00Z,4,4,ml-03e3b3999293875db412a925,gfs-de975058bbbe0c5099edf51a,verified_object_version,0.13392039573868553,forecast-7f2a424f9b240e6076be9dc2,2026-02-05T18:00:00Z,2026-02-06T03:00:00+05:00
forecast-7f2a424f9b240e6076be9dc2,turbine_2,2026-02-05T18:00:00Z,2026-02-05T23:00:00Z,5,5,ml-03e3b3999293875db412a925,gfs-de975058bbbe0c5099edf51a,verified_object_version,0.20017354904679432,forecast-7f2a424f9b240e6076be9dc2,2026-02-05T18:00:00Z,2026-02-06T04:00:00+05:00
forecast-7f2a424f9b240e6076be9dc2,turbine_2,2026-02-05T18:00:00Z,2026-02-06T00:00:00Z,6,6,ml-03e3b3999293875db412a925,gfs-de975058bbbe0c5099edf51a,verified_object_version,0.14954937682260913,forecast-7f2a424f9b240e6076be9dc2,2026-02-05T18:00:00Z,2026-02-06T05:00:00+05:00
forecast-7f2a424f9b240e6076be9dc2,turbine_2,2026-02-05T18:00:00Z,2026-02-06T01:00:00Z,7,7,ml-03e3b3999293875db412a925,gfs-de975058bbbe0c5099edf51a,verified_object_version,0.09182008733521502,forecast-7f2a424f9b240e6076be9dc2,2026-02-05T18:00:00Z,2026-02-06T06:00:00+05:00
forecast-7f2a424f9b240e6076be9dc2,turbine_2,2026-02-05T18:00:00Z,2026-02-06T02:00:00Z,8,8,ml-03e3b3999293875db412a925,gfs-de975058bbbe0c5099edf51a,verified_object_version,0.04145363549366515,forecast-7f2a424f9b240e6076be9dc2,2026-02-05T18:00:00Z,2026-02-06T07:00:00+05:00
forecast-7f2a424f9b240e6076be9dc2,turbine_2,2026-02-05T18:00:00Z,2026-02-06T03:00:00Z,9,9,ml-03e3b3999293875db412a925,gfs-de975058bbbe0c5099edf51a,verified_object_version,0.01932210892652597,forecast-7f2a424f9b240e6076be9dc2,2026-02-05T18:00:00Z,2026-02-06T08:00:00+05:00
forecast-7f2a424f9b240e6076be9dc2,turbine_2,2026-02-05T18:00:00Z,2026-02-06T04:00:00Z,10,10,ml-03e3b3999293875db412a925,gfs-de975058bbbe0c5099edf51a,verified_object_version,0.013307588872092213,forecast-7f2a424f9b240e6076be9dc2,2026-02-05T18:00:00Z,2026-02-06T09:00:00+05:00
forecast-7f2a424f9b240e6076be9dc2,turbine_2,2026-02-05T18:00:00Z,2026-02-06T05:00:00Z,11,11,ml-03e3b3999293875db412a925,gfs-de975058bbbe0c5099edf51a,verified_object_version,0.014351094353719174,forecast-7f2a424f9b240e6076be9dc2,2026-02-05T18:00:00Z,2026-02-06T10:00:00+05:00
forecast-7f2a424f9b240e6076be9dc2,turbine_2,2026-02-05T18:00:00Z,2026-02-06T06:00:00Z,12,12,ml-03e3b3999293875db412a925,gfs-de975058bbbe0c5099edf51a,verified_object_version,0.015596441838014091,forecast-7f2a424f9b240e6076be9dc2,2026-02-05T18:00:00Z,2026-02-06T11:00:00+05:00
forecast-7f2a424f9b240e6076be9dc2,turbine_2,2026-02-05T18:00:00Z,2026-02-06T07:00:00Z,13,13,ml-03e3b3999293875db412a925,gfs-de975058bbbe0c5099edf51a,verified_object_version,0.1371067487107697,forecast-7f2a424f9b240e6076be9dc2,2026-02-05T18:00:00Z,2026-02-06T12:00:00+05:00
forecast-7f2a424f9b240e6076be9dc2,turbine_2,2026-02-05T18:00:00Z,2026-02-06T08:00:00Z,14,14,ml-03e3b3999293875db412a925,gfs-de975058bbbe0c5099edf51a,verified_object_version,0.446476140868582,forecast-7f2a424f9b240e6076be9dc2,2026-02-05T18:00:00Z,2026-02-06T13:00:00+05:00
forecast-7f2a424f9b240e6076be9dc2,turbine_2,2026-02-05T18:00:00Z,2026-02-06T09:00:00Z,15,15,ml-03e3b3999293875db412a925,gfs-de975058bbbe0c5099edf51a,verified_object_version,0.657024665381676,forecast-7f2a424f9b240e6076be9dc2,2026-02-05T18:00:00Z,2026-02-06T14:00:00+05:00
forecast-7f2a424f9b240e6076be9dc2,turbine_2,2026-02-05T18:00:00Z,2026-02-06T10:00:00Z,16,16,ml-03e3b3999293875db412a925,gfs-de975058bbbe0c5099edf51a,verified_object_version,0.9578228184442787,forecast-7f2a424f9b240e6076be9dc2,2026-02-05T18:00:00Z,2026-02-06T15:00:00+05:00
forecast-7f2a424f9b240e6076be9dc2,turbine_2,2026-02-05T18:00:00Z,2026-02-06T11:00:00Z,17,17,ml-03e3b3999293875db412a925,gfs-de975058bbbe0c5099edf51a,verified_object_version,0.9563005938039394,forecast-7f2a424f9b240e6076be9dc2,2026-02-05T18:00:00Z,2026-02-06T16:00:00+05:00
forecast-7f2a424f9b240e6076be9dc2,turbine_2,2026-02-05T18:00:00Z,2026-02-06T12:00:00Z,18,18,ml-03e3b3999293875db412a925,gfs-de975058bbbe0c5099edf51a,verified_object_version,0.9570786612534654,forecast-7f2a424f9b240e6076be9dc2,2026-02-05T18:00:00Z,2026-02-06T17:00:00+05:00
forecast-7f2a424f9b240e6076be9dc2,turbine_2,2026-02-05T18:00:00Z,2026-02-06T13:00:00Z,19,19,ml-03e3b3999293875db412a925,gfs-de975058bbbe0c5099edf51a,verified_object_version,0.9560142340406248,forecast-7f2a424f9b240e6076be9dc2,2026-02-05T18:00:00Z,2026-02-06T18:00:00+05:00
forecast-7f2a424f9b240e6076be9dc2,turbine_2,2026-02-05T18:00:00Z,2026-02-06T14:00:00Z,20,20,ml-03e3b3999293875db412a925,gfs-de975058bbbe0c5099edf51a,verified_object_version,0.9568721376754994,forecast-7f2a424f9b240e6076be9dc2,2026-02-05T18:00:00Z,2026-02-06T19:00:00+05:00
forecast-7f2a424f9b240e6076be9dc2,turbine_2,2026-02-05T18:00:00Z,2026-02-06T15:00:00Z,21,21,ml-03e3b3999293875db412a925,gfs-de975058bbbe0c5099edf51a,verified_object_version,0.9585666578911078,forecast-7f2a424f9b240e6076be9dc2,2026-02-05T18:00:00Z,2026-02-06T20:00:00+05:00
forecast-7f2a424f9b240e6076be9dc2,turbine_2,2026-02-05T18:00:00Z,2026-02-06T16:00:00Z,22,22,ml-03e3b3999293875db412a925,gfs-de975058bbbe0c5099edf51a,verified_object_version,0.9650778011989413,forecast-7f2a424f9b240e6076be9dc2,2026-02-05T18:00:00Z,2026-02-06T21:00:00+05:00
forecast-7f2a424f9b240e6076be9dc2,turbine_2,2026-02-05T18:00:00Z,2026-02-06T17:00:00Z,23,23,ml-03e3b3999293875db412a925,gfs-de975058bbbe0c5099edf51a,verified_object_version,0.9549161631019547,forecast-7f2a424f9b240e6076be9dc2,2026-02-05T18:00:00Z,2026-02-06T22:00:00+05:00
forecast-7f2a424f9b240e6076be9dc2,turbine_2,2026-02-05T18:00:00Z,2026-02-06T18:00:00Z,24,24,ml-03e3b3999293875db412a925,gfs-de975058bbbe0c5099edf51a,verified_object_version,0.947267324210883,forecast-7f2a424f9b240e6076be9dc2,2026-02-05T18:00:00Z,2026-02-06T23:00:00+05:00
forecast-8e2632e856e47dadc2a5f4ba,turbine_2,2026-02-06T18:00:00Z,2026-02-06T19:00:00Z,1,1,ml-03e3b3999293875db412a925,gfs-1ac70e20a72b04f3645a192a,verified_object_version,0.894922762435554,forecast-8e2632e856e47dadc2a5f4ba,2026-02-06T18:00:00Z,2026-02-07T00:00:00+05:00
forecast-8e2632e856e47dadc2a5f4ba,turbine_2,2026-02-06T18:00:00Z,2026-02-06T20:00:00Z,2,2,ml-03e3b3999293875db412a925,gfs-1ac70e20a72b04f3645a192a,verified_object_version,0.768916962852774,forecast-8e2632e856e47dadc2a5f4ba,2026-02-06T18:00:00Z,2026-02-07T01:00:00+05:00
forecast-8e2632e856e47dadc2a5f4ba,turbine_2,2026-02-06T18:00:00Z,2026-02-06T21:00:00Z,3,3,ml-03e3b3999293875db412a925,gfs-1ac70e20a72b04f3645a192a,verified_object_version,0.517124936593492,forecast-8e2632e856e47dadc2a5f4ba,2026-02-06T18:00:00Z,2026-02-07T02:00:00+05:00
forecast-8e2632e856e47dadc2a5f4ba,turbine_2,2026-02-06T18:00:00Z,2026-02-06T22:00:00Z,4,4,ml-03e3b3999293875db412a925,gfs-1ac70e20a72b04f3645a192a,verified_object_version,0.2937422062371922,forecast-8e2632e856e47dadc2a5f4ba,2026-02-06T18:00:00Z,2026-02-07T03:00:00+05:00
forecast-8e2632e856e47dadc2a5f4ba,turbine_2,2026-02-06T18:00:00Z,2026-02-06T23:00:00Z,5,5,ml-03e3b3999293875db412a925,gfs-1ac70e20a72b04f3645a192a,verified_object_version,0.09443875755803767,forecast-8e2632e856e47dadc2a5f4ba,2026-02-06T18:00:00Z,2026-02-07T04:00:00+05:00
forecast-8e2632e856e47dadc2a5f4ba,turbine_2,2026-02-06T18:00:00Z,2026-02-07T00:00:00Z,6,6,ml-03e3b3999293875db412a925,gfs-1ac70e20a72b04f3645a192a,verified_object_version,0.05011306871306154,forecast-8e2632e856e47dadc2a5f4ba,2026-02-06T18:00:00Z,2026-02-07T05:00:00+05:00
forecast-8e2632e856e47dadc2a5f4ba,turbine_2,2026-02-06T18:00:00Z,2026-02-07T01:00:00Z,7,7,ml-03e3b3999293875db412a925,gfs-1ac70e20a72b04f3645a192a,verified_object_version,0.02030706878104621,forecast-8e2632e856e47dadc2a5f4ba,2026-02-06T18:00:00Z,2026-02-07T06:00:00+05:00
forecast-8e2632e856e47dadc2a5f4ba,turbine_2,2026-02-06T18:00:00Z,2026-02-07T02:00:00Z,8,8,ml-03e3b3999293875db412a925,gfs-1ac70e20a72b04f3645a192a,verified_object_version,0.012598923773946002,forecast-8e2632e856e47dadc2a5f4ba,2026-02-06T18:00:00Z,2026-02-07T07:00:00+05:00
forecast-8e2632e856e47dadc2a5f4ba,turbine_2,2026-02-06T18:00:00Z,2026-02-07T03:00:00Z,9,9,ml-03e3b3999293875db412a925,gfs-1ac70e20a72b04f3645a192a,verified_object_version,0.012867757134628566,forecast-8e2632e856e47dadc2a5f4ba,2026-02-06T18:00:00Z,2026-02-07T08:00:00+05:00
forecast-8e2632e856e47dadc2a5f4ba,turbine_2,2026-02-06T18:00:00Z,2026-02-07T04:00:00Z,10,10,ml-03e3b3999293875db412a925,gfs-1ac70e20a72b04f3645a192a,verified_object_version,0.03822206773650283,forecast-8e2632e856e47dadc2a5f4ba,2026-02-06T18:00:00Z,2026-02-07T09:00:00+05:00
forecast-8e2632e856e47dadc2a5f4ba,turbine_2,2026-02-06T18:00:00Z,2026-02-07T05:00:00Z,11,11,ml-03e3b3999293875db412a925,gfs-1ac70e20a72b04f3645a192a,verified_object_version,0.22602094785181504,forecast-8e2632e856e47dadc2a5f4ba,2026-02-06T18:00:00Z,2026-02-07T10:00:00+05:00
forecast-8e2632e856e47dadc2a5f4ba,turbine_2,2026-02-06T18:00:00Z,2026-02-07T06:00:00Z,12,12,ml-03e3b3999293875db412a925,gfs-1ac70e20a72b04f3645a192a,verified_object_version,0.5367049637671429,forecast-8e2632e856e47dadc2a5f4ba,2026-02-06T18:00:00Z,2026-02-07T11:00:00+05:00
forecast-8e2632e856e47dadc2a5f4ba,turbine_2,2026-02-06T18:00:00Z,2026-02-07T07:00:00Z,13,13,ml-03e3b3999293875db412a925,gfs-1ac70e20a72b04f3645a192a,verified_object_version,0.3196335792048312,forecast-8e2632e856e47dadc2a5f4ba,2026-02-06T18:00:00Z,2026-02-07T12:00:00+05:00
forecast-8e2632e856e47dadc2a5f4ba,turbine_2,2026-02-06T18:00:00Z,2026-02-07T08:00:00Z,14,14,ml-03e3b3999293875db412a925,gfs-1ac70e20a72b04f3645a192a,verified_object_version,0.2951244495505447,forecast-8e2632e856e47dadc2a5f4ba,2026-02-06T18:00:00Z,2026-02-07T13:00:00+05:00
forecast-8e2632e856e47dadc2a5f4ba,turbine_2,2026-02-06T18:00:00Z,2026-02-07T09:00:00Z,15,15,ml-03e3b3999293875db412a925,gfs-1ac70e20a72b04f3645a192a,verified_object_version,0.14372752660504212,forecast-8e2632e856e47dadc2a5f4ba,2026-02-06T18:00:00Z,2026-02-07T14:00:00+05:00
forecast-8e2632e856e47dadc2a5f4ba,turbine_2,2026-02-06T18:00:00Z,2026-02-07T10:00:00Z,16,16,ml-03e3b3999293875db412a925,gfs-1ac70e20a72b04f3645a192a,verified_object_version,0.07374999904133475,forecast-8e2632e856e47dadc2a5f4ba,2026-02-06T18:00:00Z,2026-02-07T15:00:00+05:00
forecast-8e2632e856e47dadc2a5f4ba,turbine_2,2026-02-06T18:00:00Z,2026-02-07T11:00:00Z,17,17,ml-03e3b3999293875db412a925,gfs-1ac70e20a72b04f3645a192a,verified_object_version,0.0658072104221736,forecast-8e2632e856e47dadc2a5f4ba,2026-02-06T18:00:00Z,2026-02-07T16:00:00+05:00
forecast-8e2632e856e47dadc2a5f4ba,turbine_2,2026-02-06T18:00:00Z,2026-02-07T12:00:00Z,18,18,ml-03e3b3999293875db412a925,gfs-1ac70e20a72b04f3645a192a,verified_object_version,0.04011834830980249,forecast-8e2632e856e47dadc2a5f4ba,2026-02-06T18:00:00Z,2026-02-07T17:00:00+05:00
forecast-8e2632e856e47dadc2a5f4ba,turbine_2,2026-02-06T18:00:00Z,2026-02-07T13:00:00Z,19,19,ml-03e3b3999293875db412a925,gfs-1ac70e20a72b04f3645a192a,verified_object_version,0.03214082938492707,forecast-8e2632e856e47dadc2a5f4ba,2026-02-06T18:00:00Z,2026-02-07T18:00:00+05:00
forecast-8e2632e856e47dadc2a5f4ba,turbine_2,2026-02-06T18:00:00Z,2026-02-07T14:00:00Z,20,20,ml-03e3b3999293875db412a925,gfs-1ac70e20a72b04f3645a192a,verified_object_version,0.05003957299517858,forecast-8e2632e856e47dadc2a5f4ba,2026-02-06T18:00:00Z,2026-02-07T19:00:00+05:00
forecast-8e2632e856e47dadc2a5f4ba,turbine_2,2026-02-06T18:00:00Z,2026-02-07T15:00:00Z,21,21,ml-03e3b3999293875db412a925,gfs-1ac70e20a72b04f3645a192a,verified_object_version,0.13597509328857305,forecast-8e2632e856e47dadc2a5f4ba,2026-02-06T18:00:00Z,2026-02-07T20:00:00+05:00
forecast-8e2632e856e47dadc2a5f4ba,turbine_2,2026-02-06T18:00:00Z,2026-02-07T16:00:00Z,22,22,ml-03e3b3999293875db412a925,gfs-1ac70e20a72b04f3645a192a,verified_object_version,0.18397115406503853,forecast-8e2632e856e47dadc2a5f4ba,2026-02-06T18:00:00Z,2026-02-07T21:00:00+05:00
forecast-8e2632e856e47dadc2a5f4ba,turbine_2,2026-02-06T18:00:00Z,2026-02-07T17:00:00Z,23,23,ml-03e3b3999293875db412a925,gfs-1ac70e20a72b04f3645a192a,verified_object_version,0.1820774680837109,forecast-8e2632e856e47dadc2a5f4ba,2026-02-06T18:00:00Z,2026-02-07T22:00:00+05:00
forecast-8e2632e856e47dadc2a5f4ba,turbine_2,2026-02-06T18:00:00Z,2026-02-07T18:00:00Z,24,24,ml-03e3b3999293875db412a925,gfs-1ac70e20a72b04f3645a192a,verified_object_version,0.20694822270300944,forecast-8e2632e856e47dadc2a5f4ba,2026-02-06T18:00:00Z,2026-02-07T23:00:00+05:00
forecast-d81613c22d22970e97bfacc4,turbine_2,2026-02-07T18:00:00Z,2026-02-07T19:00:00Z,1,1,ml-03e3b3999293875db412a925,gfs-eb0b3b8d72d276806abaec84,verified_object_version,0.82891022078271,forecast-d81613c22d22970e97bfacc4,2026-02-07T18:00:00Z,2026-02-08T00:00:00+05:00
forecast-d81613c22d22970e97bfacc4,turbine_2,2026-02-07T18:00:00Z,2026-02-07T20:00:00Z,2,2,ml-03e3b3999293875db412a925,gfs-eb0b3b8d72d276806abaec84,verified_object_version,0.8995967343459494,forecast-d81613c22d22970e97bfacc4,2026-02-07T18:00:00Z,2026-02-08T01:00:00+05:00
forecast-d81613c22d22970e97bfacc4,turbine_2,2026-02-07T18:00:00Z,2026-02-07T21:00:00Z,3,3,ml-03e3b3999293875db412a925,gfs-eb0b3b8d72d276806abaec84,verified_object_version,0.9125886594610607,forecast-d81613c22d22970e97bfacc4,2026-02-07T18:00:00Z,2026-02-08T02:00:00+05:00
forecast-d81613c22d22970e97bfacc4,turbine_2,2026-02-07T18:00:00Z,2026-02-07T22:00:00Z,4,4,ml-03e3b3999293875db412a925,gfs-eb0b3b8d72d276806abaec84,verified_object_version,0.8034802577352061,forecast-d81613c22d22970e97bfacc4,2026-02-07T18:00:00Z,2026-02-08T03:00:00+05:00
forecast-d81613c22d22970e97bfacc4,turbine_2,2026-02-07T18:00:00Z,2026-02-07T23:00:00Z,5,5,ml-03e3b3999293875db412a925,gfs-eb0b3b8d72d276806abaec84,verified_object_version,0.5979649540389383,forecast-d81613c22d22970e97bfacc4,2026-02-07T18:00:00Z,2026-02-08T04:00:00+05:00
forecast-d81613c22d22970e97bfacc4,turbine_2,2026-02-07T18:00:00Z,2026-02-08T00:00:00Z,6,6,ml-03e3b3999293875db412a925,gfs-eb0b3b8d72d276806abaec84,verified_object_version,0.5580584296805006,forecast-d81613c22d22970e97bfacc4,2026-02-07T18:00:00Z,2026-02-08T05:00:00+05:00
forecast-d81613c22d22970e97bfacc4,turbine_2,2026-02-07T18:00:00Z,2026-02-08T01:00:00Z,7,7,ml-03e3b3999293875db412a925,gfs-eb0b3b8d72d276806abaec84,verified_object_version,0.39580893419936714,forecast-d81613c22d22970e97bfacc4,2026-02-07T18:00:00Z,2026-02-08T06:00:00+05:00
forecast-d81613c22d22970e97bfacc4,turbine_2,2026-02-07T18:00:00Z,2026-02-08T02:00:00Z,8,8,ml-03e3b3999293875db412a925,gfs-eb0b3b8d72d276806abaec84,verified_object_version,0.25019696810788766,forecast-d81613c22d22970e97bfacc4,2026-02-07T18:00:00Z,2026-02-08T07:00:00+05:00
forecast-d81613c22d22970e97bfacc4,turbine_2,2026-02-07T18:00:00Z,2026-02-08T03:00:00Z,9,9,ml-03e3b3999293875db412a925,gfs-eb0b3b8d72d276806abaec84,verified_object_version,0.15267214215443964,forecast-d81613c22d22970e97bfacc4,2026-02-07T18:00:00Z,2026-02-08T08:00:00+05:00
forecast-d81613c22d22970e97bfacc4,turbine_2,2026-02-07T18:00:00Z,2026-02-08T04:00:00Z,10,10,ml-03e3b3999293875db412a925,gfs-eb0b3b8d72d276806abaec84,verified_object_version,0.12237176387555829,forecast-d81613c22d22970e97bfacc4,2026-02-07T18:00:00Z,2026-02-08T09:00:00+05:00
forecast-d81613c22d22970e97bfacc4,turbine_2,2026-02-07T18:00:00Z,2026-02-08T05:00:00Z,11,11,ml-03e3b3999293875db412a925,gfs-eb0b3b8d72d276806abaec84,verified_object_version,0.09701593981627005,forecast-d81613c22d22970e97bfacc4,2026-02-07T18:00:00Z,2026-02-08T10:00:00+05:00
forecast-d81613c22d22970e97bfacc4,turbine_2,2026-02-07T18:00:00Z,2026-02-08T06:00:00Z,12,12,ml-03e3b3999293875db412a925,gfs-eb0b3b8d72d276806abaec84,verified_object_version,0.030211696986484515,forecast-d81613c22d22970e97bfacc4,2026-02-07T18:00:00Z,2026-02-08T11:00:00+05:00
forecast-d81613c22d22970e97bfacc4,turbine_2,2026-02-07T18:00:00Z,2026-02-08T07:00:00Z,13,13,ml-03e3b3999293875db412a925,gfs-eb0b3b8d72d276806abaec84,verified_object_version,0.016282791771731114,forecast-d81613c22d22970e97bfacc4,2026-02-07T18:00:00Z,2026-02-08T12:00:00+05:00
forecast-d81613c22d22970e97bfacc4,turbine_2,2026-02-07T18:00:00Z,2026-02-08T08:00:00Z,14,14,ml-03e3b3999293875db412a925,gfs-eb0b3b8d72d276806abaec84,verified_object_version,0.019094003428956702,forecast-d81613c22d22970e97bfacc4,2026-02-07T18:00:00Z,2026-02-08T13:00:00+05:00
forecast-d81613c22d22970e97bfacc4,turbine_2,2026-02-07T18:00:00Z,2026-02-08T09:00:00Z,15,15,ml-03e3b3999293875db412a925,gfs-eb0b3b8d72d276806abaec84,verified_object_version,0.041016769315788376,forecast-d81613c22d22970e97bfacc4,2026-02-07T18:00:00Z,2026-02-08T14:00:00+05:00
forecast-d81613c22d22970e97bfacc4,turbine_2,2026-02-07T18:00:00Z,2026-02-08T10:00:00Z,16,16,ml-03e3b3999293875db412a925,gfs-eb0b3b8d72d276806abaec84,verified_object_version,0.31250053689555457,forecast-d81613c22d22970e97bfacc4,2026-02-07T18:00:00Z,2026-02-08T15:00:00+05:00
forecast-d81613c22d22970e97bfacc4,turbine_2,2026-02-07T18:00:00Z,2026-02-08T11:00:00Z,17,17,ml-03e3b3999293875db412a925,gfs-eb0b3b8d72d276806abaec84,verified_object_version,0.8995256583962363,forecast-d81613c22d22970e97bfacc4,2026-02-07T18:00:00Z,2026-02-08T16:00:00+05:00
forecast-d81613c22d22970e97bfacc4,turbine_2,2026-02-07T18:00:00Z,2026-02-08T12:00:00Z,18,18,ml-03e3b3999293875db412a925,gfs-eb0b3b8d72d276806abaec84,verified_object_version,0.9732806363538902,forecast-d81613c22d22970e97bfacc4,2026-02-07T18:00:00Z,2026-02-08T17:00:00+05:00
forecast-d81613c22d22970e97bfacc4,turbine_2,2026-02-07T18:00:00Z,2026-02-08T13:00:00Z,19,19,ml-03e3b3999293875db412a925,gfs-eb0b3b8d72d276806abaec84,verified_object_version,0.9733285267774696,forecast-d81613c22d22970e97bfacc4,2026-02-07T18:00:00Z,2026-02-08T18:00:00+05:00
forecast-d81613c22d22970e97bfacc4,turbine_2,2026-02-07T18:00:00Z,2026-02-08T14:00:00Z,20,20,ml-03e3b3999293875db412a925,gfs-eb0b3b8d72d276806abaec84,verified_object_version,0.9787848987435688,forecast-d81613c22d22970e97bfacc4,2026-02-07T18:00:00Z,2026-02-08T19:00:00+05:00
forecast-d81613c22d22970e97bfacc4,turbine_2,2026-02-07T18:00:00Z,2026-02-08T15:00:00Z,21,21,ml-03e3b3999293875db412a925,gfs-eb0b3b8d72d276806abaec84,verified_object_version,0.9772647899168108,forecast-d81613c22d22970e97bfacc4,2026-02-07T18:00:00Z,2026-02-08T20:00:00+05:00
forecast-d81613c22d22970e97bfacc4,turbine_2,2026-02-07T18:00:00Z,2026-02-08T16:00:00Z,22,22,ml-03e3b3999293875db412a925,gfs-eb0b3b8d72d276806abaec84,verified_object_version,0.9777436806018609,forecast-d81613c22d22970e97bfacc4,2026-02-07T18:00:00Z,2026-02-08T21:00:00+05:00
forecast-d81613c22d22970e97bfacc4,turbine_2,2026-02-07T18:00:00Z,2026-02-08T17:00:00Z,23,23,ml-03e3b3999293875db412a925,gfs-eb0b3b8d72d276806abaec84,verified_object_version,0.9772551638713098,forecast-d81613c22d22970e97bfacc4,2026-02-07T18:00:00Z,2026-02-08T22:00:00+05:00
forecast-d81613c22d22970e97bfacc4,turbine_2,2026-02-07T18:00:00Z,2026-02-08T18:00:00Z,24,24,ml-03e3b3999293875db412a925,gfs-eb0b3b8d72d276806abaec84,verified_object_version,0.9754716148973088,forecast-d81613c22d22970e97bfacc4,2026-02-07T18:00:00Z,2026-02-08T23:00:00+05:00
forecast-a676b2feca459dd4f493e9c6,turbine_2,2026-02-08T18:00:00Z,2026-02-08T19:00:00Z,1,1,ml-03e3b3999293875db412a925,gfs-15849efe12ca8a2194ecd248,verified_object_version,0.9631191454291552,forecast-a676b2feca459dd4f493e9c6,2026-02-08T18:00:00Z,2026-02-09T00:00:00+05:00
forecast-a676b2feca459dd4f493e9c6,turbine_2,2026-02-08T18:00:00Z,2026-02-08T20:00:00Z,2,2,ml-03e3b3999293875db412a925,gfs-15849efe12ca8a2194ecd248,verified_object_version,0.9504430088001343,forecast-a676b2feca459dd4f493e9c6,2026-02-08T18:00:00Z,2026-02-09T01:00:00+05:00
forecast-a676b2feca459dd4f493e9c6,turbine_2,2026-02-08T18:00:00Z,2026-02-08T21:00:00Z,3,3,ml-03e3b3999293875db412a925,gfs-15849efe12ca8a2194ecd248,verified_object_version,0.9427299857639669,forecast-a676b2feca459dd4f493e9c6,2026-02-08T18:00:00Z,2026-02-09T02:00:00+05:00
forecast-a676b2feca459dd4f493e9c6,turbine_2,2026-02-08T18:00:00Z,2026-02-08T22:00:00Z,4,4,ml-03e3b3999293875db412a925,gfs-15849efe12ca8a2194ecd248,verified_object_version,0.9190485116790909,forecast-a676b2feca459dd4f493e9c6,2026-02-08T18:00:00Z,2026-02-09T03:00:00+05:00
forecast-a676b2feca459dd4f493e9c6,turbine_2,2026-02-08T18:00:00Z,2026-02-08T23:00:00Z,5,5,ml-03e3b3999293875db412a925,gfs-15849efe12ca8a2194ecd248,verified_object_version,0.9017881899011576,forecast-a676b2feca459dd4f493e9c6,2026-02-08T18:00:00Z,2026-02-09T04:00:00+05:00
forecast-a676b2feca459dd4f493e9c6,turbine_2,2026-02-08T18:00:00Z,2026-02-09T00:00:00Z,6,6,ml-03e3b3999293875db412a925,gfs-15849efe12ca8a2194ecd248,verified_object_version,0.9011282002325799,forecast-a676b2feca459dd4f493e9c6,2026-02-08T18:00:00Z,2026-02-09T05:00:00+05:00
forecast-a676b2feca459dd4f493e9c6,turbine_2,2026-02-08T18:00:00Z,2026-02-09T01:00:00Z,7,7,ml-03e3b3999293875db412a925,gfs-15849efe12ca8a2194ecd248,verified_object_version,0.9009559010833602,forecast-a676b2feca459dd4f493e9c6,2026-02-08T18:00:00Z,2026-02-09T06:00:00+05:00
forecast-a676b2feca459dd4f493e9c6,turbine_2,2026-02-08T18:00:00Z,2026-02-09T02:00:00Z,8,8,ml-03e3b3999293875db412a925,gfs-15849efe12ca8a2194ecd248,verified_object_version,0.875548924753721,forecast-a676b2feca459dd4f493e9c6,2026-02-08T18:00:00Z,2026-02-09T07:00:00+05:00
forecast-a676b2feca459dd4f493e9c6,turbine_2,2026-02-08T18:00:00Z,2026-02-09T03:00:00Z,9,9,ml-03e3b3999293875db412a925,gfs-15849efe12ca8a2194ecd248,verified_object_version,0.8922743774800618,forecast-a676b2feca459dd4f493e9c6,2026-02-08T18:00:00Z,2026-02-09T08:00:00+05:00
forecast-a676b2feca459dd4f493e9c6,turbine_2,2026-02-08T18:00:00Z,2026-02-09T04:00:00Z,10,10,ml-03e3b3999293875db412a925,gfs-15849efe12ca8a2194ecd248,verified_object_version,0.9295258177723073,forecast-a676b2feca459dd4f493e9c6,2026-02-08T18:00:00Z,2026-02-09T09:00:00+05:00
forecast-a676b2feca459dd4f493e9c6,turbine_2,2026-02-08T18:00:00Z,2026-02-09T05:00:00Z,11,11,ml-03e3b3999293875db412a925,gfs-15849efe12ca8a2194ecd248,verified_object_version,0.9545984727736482,forecast-a676b2feca459dd4f493e9c6,2026-02-08T18:00:00Z,2026-02-09T10:00:00+05:00
forecast-a676b2feca459dd4f493e9c6,turbine_2,2026-02-08T18:00:00Z,2026-02-09T06:00:00Z,12,12,ml-03e3b3999293875db412a925,gfs-15849efe12ca8a2194ecd248,verified_object_version,0.95588456243432,forecast-a676b2feca459dd4f493e9c6,2026-02-08T18:00:00Z,2026-02-09T11:00:00+05:00
forecast-a676b2feca459dd4f493e9c6,turbine_2,2026-02-08T18:00:00Z,2026-02-09T07:00:00Z,13,13,ml-03e3b3999293875db412a925,gfs-15849efe12ca8a2194ecd248,verified_object_version,0.9511560962457564,forecast-a676b2feca459dd4f493e9c6,2026-02-08T18:00:00Z,2026-02-09T12:00:00+05:00
forecast-a676b2feca459dd4f493e9c6,turbine_2,2026-02-08T18:00:00Z,2026-02-09T08:00:00Z,14,14,ml-03e3b3999293875db412a925,gfs-15849efe12ca8a2194ecd248,verified_object_version,0.9678355332077562,forecast-a676b2feca459dd4f493e9c6,2026-02-08T18:00:00Z,2026-02-09T13:00:00+05:00
forecast-a676b2feca459dd4f493e9c6,turbine_2,2026-02-08T18:00:00Z,2026-02-09T09:00:00Z,15,15,ml-03e3b3999293875db412a925,gfs-15849efe12ca8a2194ecd248,verified_object_version,0.9695040661703846,forecast-a676b2feca459dd4f493e9c6,2026-02-08T18:00:00Z,2026-02-09T14:00:00+05:00
forecast-a676b2feca459dd4f493e9c6,turbine_2,2026-02-08T18:00:00Z,2026-02-09T10:00:00Z,16,16,ml-03e3b3999293875db412a925,gfs-15849efe12ca8a2194ecd248,verified_object_version,0.9730147936301096,forecast-a676b2feca459dd4f493e9c6,2026-02-08T18:00:00Z,2026-02-09T15:00:00+05:00
forecast-a676b2feca459dd4f493e9c6,turbine_2,2026-02-08T18:00:00Z,2026-02-09T11:00:00Z,17,17,ml-03e3b3999293875db412a925,gfs-15849efe12ca8a2194ecd248,verified_object_version,0.9677708523737729,forecast-a676b2feca459dd4f493e9c6,2026-02-08T18:00:00Z,2026-02-09T16:00:00+05:00
forecast-a676b2feca459dd4f493e9c6,turbine_2,2026-02-08T18:00:00Z,2026-02-09T12:00:00Z,18,18,ml-03e3b3999293875db412a925,gfs-15849efe12ca8a2194ecd248,verified_object_version,0.820439093388422,forecast-a676b2feca459dd4f493e9c6,2026-02-08T18:00:00Z,2026-02-09T17:00:00+05:00
forecast-a676b2feca459dd4f493e9c6,turbine_2,2026-02-08T18:00:00Z,2026-02-09T13:00:00Z,19,19,ml-03e3b3999293875db412a925,gfs-15849efe12ca8a2194ecd248,verified_object_version,0.2185446448809051,forecast-a676b2feca459dd4f493e9c6,2026-02-08T18:00:00Z,2026-02-09T18:00:00+05:00
forecast-a676b2feca459dd4f493e9c6,turbine_2,2026-02-08T18:00:00Z,2026-02-09T14:00:00Z,20,20,ml-03e3b3999293875db412a925,gfs-15849efe12ca8a2194ecd248,verified_object_version,0.10991941218436847,forecast-a676b2feca459dd4f493e9c6,2026-02-08T18:00:00Z,2026-02-09T19:00:00+05:00
forecast-a676b2feca459dd4f493e9c6,turbine_2,2026-02-08T18:00:00Z,2026-02-09T15:00:00Z,21,21,ml-03e3b3999293875db412a925,gfs-15849efe12ca8a2194ecd248,verified_object_version,0.08064180749436835,forecast-a676b2feca459dd4f493e9c6,2026-02-08T18:00:00Z,2026-02-09T20:00:00+05:00
forecast-a676b2feca459dd4f493e9c6,turbine_2,2026-02-08T18:00:00Z,2026-02-09T16:00:00Z,22,22,ml-03e3b3999293875db412a925,gfs-15849efe12ca8a2194ecd248,verified_object_version,0.04692660519407765,forecast-a676b2feca459dd4f493e9c6,2026-02-08T18:00:00Z,2026-02-09T21:00:00+05:00
forecast-a676b2feca459dd4f493e9c6,turbine_2,2026-02-08T18:00:00Z,2026-02-09T17:00:00Z,23,23,ml-03e3b3999293875db412a925,gfs-15849efe12ca8a2194ecd248,verified_object_version,0.029971429827445162,forecast-a676b2feca459dd4f493e9c6,2026-02-08T18:00:00Z,2026-02-09T22:00:00+05:00
forecast-a676b2feca459dd4f493e9c6,turbine_2,2026-02-08T18:00:00Z,2026-02-09T18:00:00Z,24,24,ml-03e3b3999293875db412a925,gfs-15849efe12ca8a2194ecd248,verified_object_version,0.022750567501899854,forecast-a676b2feca459dd4f493e9c6,2026-02-08T18:00:00Z,2026-02-09T23:00:00+05:00
forecast-bfded6b1643215ef78590650,turbine_2,2026-02-09T18:00:00Z,2026-02-09T19:00:00Z,1,1,ml-03e3b3999293875db412a925,gfs-cda9569b4eadd2d5a7b12740,verified_object_version,0.017202635646339615,forecast-bfded6b1643215ef78590650,2026-02-09T18:00:00Z,2026-02-10T00:00:00+05:00
forecast-bfded6b1643215ef78590650,turbine_2,2026-02-09T18:00:00Z,2026-02-09T20:00:00Z,2,2,ml-03e3b3999293875db412a925,gfs-cda9569b4eadd2d5a7b12740,verified_object_version,0.01291989357721457,forecast-bfded6b1643215ef78590650,2026-02-09T18:00:00Z,2026-02-10T01:00:00+05:00
forecast-bfded6b1643215ef78590650,turbine_2,2026-02-09T18:00:00Z,2026-02-09T21:00:00Z,3,3,ml-03e3b3999293875db412a925,gfs-cda9569b4eadd2d5a7b12740,verified_object_version,0.014806229845891306,forecast-bfded6b1643215ef78590650,2026-02-09T18:00:00Z,2026-02-10T02:00:00+05:00
forecast-bfded6b1643215ef78590650,turbine_2,2026-02-09T18:00:00Z,2026-02-09T22:00:00Z,4,4,ml-03e3b3999293875db412a925,gfs-cda9569b4eadd2d5a7b12740,verified_object_version,0.02024745535184652,forecast-bfded6b1643215ef78590650,2026-02-09T18:00:00Z,2026-02-10T03:00:00+05:00
forecast-bfded6b1643215ef78590650,turbine_2,2026-02-09T18:00:00Z,2026-02-09T23:00:00Z,5,5,ml-03e3b3999293875db412a925,gfs-cda9569b4eadd2d5a7b12740,verified_object_version,0.04756928193662269,forecast-bfded6b1643215ef78590650,2026-02-09T18:00:00Z,2026-02-10T04:00:00+05:00
forecast-bfded6b1643215ef78590650,turbine_2,2026-02-09T18:00:00Z,2026-02-10T00:00:00Z,6,6,ml-03e3b3999293875db412a925,gfs-cda9569b4eadd2d5a7b12740,verified_object_version,0.21689459899798522,forecast-bfded6b1643215ef78590650,2026-02-09T18:00:00Z,2026-02-10T05:00:00+05:00
forecast-bfded6b1643215ef78590650,turbine_2,2026-02-09T18:00:00Z,2026-02-10T01:00:00Z,7,7,ml-03e3b3999293875db412a925,gfs-cda9569b4eadd2d5a7b12740,verified_object_version,0.266259034376057,forecast-bfded6b1643215ef78590650,2026-02-09T18:00:00Z,2026-02-10T06:00:00+05:00
forecast-bfded6b1643215ef78590650,turbine_2,2026-02-09T18:00:00Z,2026-02-10T02:00:00Z,8,8,ml-03e3b3999293875db412a925,gfs-cda9569b4eadd2d5a7b12740,verified_object_version,0.34565758556796033,forecast-bfded6b1643215ef78590650,2026-02-09T18:00:00Z,2026-02-10T07:00:00+05:00
forecast-bfded6b1643215ef78590650,turbine_2,2026-02-09T18:00:00Z,2026-02-10T03:00:00Z,9,9,ml-03e3b3999293875db412a925,gfs-cda9569b4eadd2d5a7b12740,verified_object_version,0.32067723286279215,forecast-bfded6b1643215ef78590650,2026-02-09T18:00:00Z,2026-02-10T08:00:00+05:00
forecast-bfded6b1643215ef78590650,turbine_2,2026-02-09T18:00:00Z,2026-02-10T04:00:00Z,10,10,ml-03e3b3999293875db412a925,gfs-cda9569b4eadd2d5a7b12740,verified_object_version,0.18951190898029335,forecast-bfded6b1643215ef78590650,2026-02-09T18:00:00Z,2026-02-10T09:00:00+05:00
forecast-bfded6b1643215ef78590650,turbine_2,2026-02-09T18:00:00Z,2026-02-10T05:00:00Z,11,11,ml-03e3b3999293875db412a925,gfs-cda9569b4eadd2d5a7b12740,verified_object_version,0.5272986912119069,forecast-bfded6b1643215ef78590650,2026-02-09T18:00:00Z,2026-02-10T10:00:00+05:00
forecast-bfded6b1643215ef78590650,turbine_2,2026-02-09T18:00:00Z,2026-02-10T06:00:00Z,12,12,ml-03e3b3999293875db412a925,gfs-cda9569b4eadd2d5a7b12740,verified_object_version,0.40922930748139086,forecast-bfded6b1643215ef78590650,2026-02-09T18:00:00Z,2026-02-10T11:00:00+05:00
forecast-bfded6b1643215ef78590650,turbine_2,2026-02-09T18:00:00Z,2026-02-10T07:00:00Z,13,13,ml-03e3b3999293875db412a925,gfs-cda9569b4eadd2d5a7b12740,verified_object_version,0.20390951462918552,forecast-bfded6b1643215ef78590650,2026-02-09T18:00:00Z,2026-02-10T12:00:00+05:00
forecast-bfded6b1643215ef78590650,turbine_2,2026-02-09T18:00:00Z,2026-02-10T08:00:00Z,14,14,ml-03e3b3999293875db412a925,gfs-cda9569b4eadd2d5a7b12740,verified_object_version,0.1618578642220888,forecast-bfded6b1643215ef78590650,2026-02-09T18:00:00Z,2026-02-10T13:00:00+05:00
forecast-bfded6b1643215ef78590650,turbine_2,2026-02-09T18:00:00Z,2026-02-10T09:00:00Z,15,15,ml-03e3b3999293875db412a925,gfs-cda9569b4eadd2d5a7b12740,verified_object_version,0.04291389354511707,forecast-bfded6b1643215ef78590650,2026-02-09T18:00:00Z,2026-02-10T14:00:00+05:00
forecast-bfded6b1643215ef78590650,turbine_2,2026-02-09T18:00:00Z,2026-02-10T10:00:00Z,16,16,ml-03e3b3999293875db412a925,gfs-cda9569b4eadd2d5a7b12740,verified_object_version,0.05305415409542155,forecast-bfded6b1643215ef78590650,2026-02-09T18:00:00Z,2026-02-10T15:00:00+05:00
forecast-bfded6b1643215ef78590650,turbine_2,2026-02-09T18:00:00Z,2026-02-10T11:00:00Z,17,17,ml-03e3b3999293875db412a925,gfs-cda9569b4eadd2d5a7b12740,verified_object_version,0.06614947848601285,forecast-bfded6b1643215ef78590650,2026-02-09T18:00:00Z,2026-02-10T16:00:00+05:00
forecast-bfded6b1643215ef78590650,turbine_2,2026-02-09T18:00:00Z,2026-02-10T12:00:00Z,18,18,ml-03e3b3999293875db412a925,gfs-cda9569b4eadd2d5a7b12740,verified_object_version,0.0668350693801788,forecast-bfded6b1643215ef78590650,2026-02-09T18:00:00Z,2026-02-10T17:00:00+05:00
forecast-bfded6b1643215ef78590650,turbine_2,2026-02-09T18:00:00Z,2026-02-10T13:00:00Z,19,19,ml-03e3b3999293875db412a925,gfs-cda9569b4eadd2d5a7b12740,verified_object_version,0.17952216638531132,forecast-bfded6b1643215ef78590650,2026-02-09T18:00:00Z,2026-02-10T18:00:00+05:00
forecast-bfded6b1643215ef78590650,turbine_2,2026-02-09T18:00:00Z,2026-02-10T14:00:00Z,20,20,ml-03e3b3999293875db412a925,gfs-cda9569b4eadd2d5a7b12740,verified_object_version,0.34260127314053135,forecast-bfded6b1643215ef78590650,2026-02-09T18:00:00Z,2026-02-10T19:00:00+05:00
forecast-bfded6b1643215ef78590650,turbine_2,2026-02-09T18:00:00Z,2026-02-10T15:00:00Z,21,21,ml-03e3b3999293875db412a925,gfs-cda9569b4eadd2d5a7b12740,verified_object_version,0.4829045023911054,forecast-bfded6b1643215ef78590650,2026-02-09T18:00:00Z,2026-02-10T20:00:00+05:00
forecast-bfded6b1643215ef78590650,turbine_2,2026-02-09T18:00:00Z,2026-02-10T16:00:00Z,22,22,ml-03e3b3999293875db412a925,gfs-cda9569b4eadd2d5a7b12740,verified_object_version,0.5449734438055577,forecast-bfded6b1643215ef78590650,2026-02-09T18:00:00Z,2026-02-10T21:00:00+05:00
forecast-bfded6b1643215ef78590650,turbine_2,2026-02-09T18:00:00Z,2026-02-10T17:00:00Z,23,23,ml-03e3b3999293875db412a925,gfs-cda9569b4eadd2d5a7b12740,verified_object_version,0.5231569397349629,forecast-bfded6b1643215ef78590650,2026-02-09T18:00:00Z,2026-02-10T22:00:00+05:00
forecast-bfded6b1643215ef78590650,turbine_2,2026-02-09T18:00:00Z,2026-02-10T18:00:00Z,24,24,ml-03e3b3999293875db412a925,gfs-cda9569b4eadd2d5a7b12740,verified_object_version,0.6923550682997681,forecast-bfded6b1643215ef78590650,2026-02-09T18:00:00Z,2026-02-10T23:00:00+05:00
forecast-59b43d3ca660b0e43d21b66e,turbine_2,2026-02-10T18:00:00Z,2026-02-10T19:00:00Z,1,1,ml-03e3b3999293875db412a925,gfs-d76e6f2e71fc35ebbc931307,verified_object_version,0.9764379732362214,forecast-59b43d3ca660b0e43d21b66e,2026-02-10T18:00:00Z,2026-02-11T00:00:00+05:00
forecast-59b43d3ca660b0e43d21b66e,turbine_2,2026-02-10T18:00:00Z,2026-02-10T20:00:00Z,2,2,ml-03e3b3999293875db412a925,gfs-d76e6f2e71fc35ebbc931307,verified_object_version,0.960519224254716,forecast-59b43d3ca660b0e43d21b66e,2026-02-10T18:00:00Z,2026-02-11T01:00:00+05:00
forecast-59b43d3ca660b0e43d21b66e,turbine_2,2026-02-10T18:00:00Z,2026-02-10T21:00:00Z,3,3,ml-03e3b3999293875db412a925,gfs-d76e6f2e71fc35ebbc931307,verified_object_version,0.9622414280342674,forecast-59b43d3ca660b0e43d21b66e,2026-02-10T18:00:00Z,2026-02-11T02:00:00+05:00
forecast-59b43d3ca660b0e43d21b66e,turbine_2,2026-02-10T18:00:00Z,2026-02-10T22:00:00Z,4,4,ml-03e3b3999293875db412a925,gfs-d76e6f2e71fc35ebbc931307,verified_object_version,0.7725402011417773,forecast-59b43d3ca660b0e43d21b66e,2026-02-10T18:00:00Z,2026-02-11T03:00:00+05:00
forecast-59b43d3ca660b0e43d21b66e,turbine_2,2026-02-10T18:00:00Z,2026-02-10T23:00:00Z,5,5,ml-03e3b3999293875db412a925,gfs-d76e6f2e71fc35ebbc931307,verified_object_version,0.44008194000270917,forecast-59b43d3ca660b0e43d21b66e,2026-02-10T18:00:00Z,2026-02-11T04:00:00+05:00
forecast-59b43d3ca660b0e43d21b66e,turbine_2,2026-02-10T18:00:00Z,2026-02-11T00:00:00Z,6,6,ml-03e3b3999293875db412a925,gfs-d76e6f2e71fc35ebbc931307,verified_object_version,0.12826788690948665,forecast-59b43d3ca660b0e43d21b66e,2026-02-10T18:00:00Z,2026-02-11T05:00:00+05:00
forecast-59b43d3ca660b0e43d21b66e,turbine_2,2026-02-10T18:00:00Z,2026-02-11T01:00:00Z,7,7,ml-03e3b3999293875db412a925,gfs-d76e6f2e71fc35ebbc931307,verified_object_version,0.026513413296645083,forecast-59b43d3ca660b0e43d21b66e,2026-02-10T18:00:00Z,2026-02-11T06:00:00+05:00
forecast-59b43d3ca660b0e43d21b66e,turbine_2,2026-02-10T18:00:00Z,2026-02-11T02:00:00Z,8,8,ml-03e3b3999293875db412a925,gfs-d76e6f2e71fc35ebbc931307,verified_object_version,0.0458890073652054,forecast-59b43d3ca660b0e43d21b66e,2026-02-10T18:00:00Z,2026-02-11T07:00:00+05:00
forecast-59b43d3ca660b0e43d21b66e,turbine_2,2026-02-10T18:00:00Z,2026-02-11T03:00:00Z,9,9,ml-03e3b3999293875db412a925,gfs-d76e6f2e71fc35ebbc931307,verified_object_version,0.2773508952976167,forecast-59b43d3ca660b0e43d21b66e,2026-02-10T18:00:00Z,2026-02-11T08:00:00+05:00
forecast-59b43d3ca660b0e43d21b66e,turbine_2,2026-02-10T18:00:00Z,2026-02-11T04:00:00Z,10,10,ml-03e3b3999293875db412a925,gfs-d76e6f2e71fc35ebbc931307,verified_object_version,0.22783676669657685,forecast-59b43d3ca660b0e43d21b66e,2026-02-10T18:00:00Z,2026-02-11T09:00:00+05:00
forecast-59b43d3ca660b0e43d21b66e,turbine_2,2026-02-10T18:00:00Z,2026-02-11T05:00:00Z,11,11,ml-03e3b3999293875db412a925,gfs-d76e6f2e71fc35ebbc931307,verified_object_version,0.4849840030878789,forecast-59b43d3ca660b0e43d21b66e,2026-02-10T18:00:00Z,2026-02-11T10:00:00+05:00
forecast-59b43d3ca660b0e43d21b66e,turbine_2,2026-02-10T18:00:00Z,2026-02-11T06:00:00Z,12,12,ml-03e3b3999293875db412a925,gfs-d76e6f2e71fc35ebbc931307,verified_object_version,0.9458099558511514,forecast-59b43d3ca660b0e43d21b66e,2026-02-10T18:00:00Z,2026-02-11T11:00:00+05:00
forecast-59b43d3ca660b0e43d21b66e,turbine_2,2026-02-10T18:00:00Z,2026-02-11T07:00:00Z,13,13,ml-03e3b3999293875db412a925,gfs-d76e6f2e71fc35ebbc931307,verified_object_version,0.9496370841677615,forecast-59b43d3ca660b0e43d21b66e,2026-02-10T18:00:00Z,2026-02-11T12:00:00+05:00
forecast-59b43d3ca660b0e43d21b66e,turbine_2,2026-02-10T18:00:00Z,2026-02-11T08:00:00Z,14,14,ml-03e3b3999293875db412a925,gfs-d76e6f2e71fc35ebbc931307,verified_object_version,0.9784898014310535,forecast-59b43d3ca660b0e43d21b66e,2026-02-10T18:00:00Z,2026-02-11T13:00:00+05:00
forecast-59b43d3ca660b0e43d21b66e,turbine_2,2026-02-10T18:00:00Z,2026-02-11T09:00:00Z,15,15,ml-03e3b3999293875db412a925,gfs-d76e6f2e71fc35ebbc931307,verified_object_version,0.7438487398581068,forecast-59b43d3ca660b0e43d21b66e,2026-02-10T18:00:00Z,2026-02-11T14:00:00+05:00
forecast-59b43d3ca660b0e43d21b66e,turbine_2,2026-02-10T18:00:00Z,2026-02-11T10:00:00Z,16,16,ml-03e3b3999293875db412a925,gfs-d76e6f2e71fc35ebbc931307,verified_object_version,0.2022648227997736,forecast-59b43d3ca660b0e43d21b66e,2026-02-10T18:00:00Z,2026-02-11T15:00:00+05:00
forecast-59b43d3ca660b0e43d21b66e,turbine_2,2026-02-10T18:00:00Z,2026-02-11T11:00:00Z,17,17,ml-03e3b3999293875db412a925,gfs-d76e6f2e71fc35ebbc931307,verified_object_version,0.9116950953125599,forecast-59b43d3ca660b0e43d21b66e,2026-02-10T18:00:00Z,2026-02-11T16:00:00+05:00
forecast-59b43d3ca660b0e43d21b66e,turbine_2,2026-02-10T18:00:00Z,2026-02-11T12:00:00Z,18,18,ml-03e3b3999293875db412a925,gfs-d76e6f2e71fc35ebbc931307,verified_object_version,0.9194770379315809,forecast-59b43d3ca660b0e43d21b66e,2026-02-10T18:00:00Z,2026-02-11T17:00:00+05:00
forecast-59b43d3ca660b0e43d21b66e,turbine_2,2026-02-10T18:00:00Z,2026-02-11T13:00:00Z,19,19,ml-03e3b3999293875db412a925,gfs-d76e6f2e71fc35ebbc931307,verified_object_version,0.9161879767497516,forecast-59b43d3ca660b0e43d21b66e,2026-02-10T18:00:00Z,2026-02-11T18:00:00+05:00
forecast-59b43d3ca660b0e43d21b66e,turbine_2,2026-02-10T18:00:00Z,2026-02-11T14:00:00Z,20,20,ml-03e3b3999293875db412a925,gfs-d76e6f2e71fc35ebbc931307,verified_object_version,0.9565814241187818,forecast-59b43d3ca660b0e43d21b66e,2026-02-10T18:00:00Z,2026-02-11T19:00:00+05:00
forecast-59b43d3ca660b0e43d21b66e,turbine_2,2026-02-10T18:00:00Z,2026-02-11T15:00:00Z,21,21,ml-03e3b3999293875db412a925,gfs-d76e6f2e71fc35ebbc931307,verified_object_version,0.9545451322066251,forecast-59b43d3ca660b0e43d21b66e,2026-02-10T18:00:00Z,2026-02-11T20:00:00+05:00
forecast-59b43d3ca660b0e43d21b66e,turbine_2,2026-02-10T18:00:00Z,2026-02-11T16:00:00Z,22,22,ml-03e3b3999293875db412a925,gfs-d76e6f2e71fc35ebbc931307,verified_object_version,0.9112286679007108,forecast-59b43d3ca660b0e43d21b66e,2026-02-10T18:00:00Z,2026-02-11T21:00:00+05:00
forecast-59b43d3ca660b0e43d21b66e,turbine_2,2026-02-10T18:00:00Z,2026-02-11T17:00:00Z,23,23,ml-03e3b3999293875db412a925,gfs-d76e6f2e71fc35ebbc931307,verified_object_version,0.6845622463366128,forecast-59b43d3ca660b0e43d21b66e,2026-02-10T18:00:00Z,2026-02-11T22:00:00+05:00
forecast-59b43d3ca660b0e43d21b66e,turbine_2,2026-02-10T18:00:00Z,2026-02-11T18:00:00Z,24,24,ml-03e3b3999293875db412a925,gfs-d76e6f2e71fc35ebbc931307,verified_object_version,0.6857723966057085,forecast-59b43d3ca660b0e43d21b66e,2026-02-10T18:00:00Z,2026-02-11T23:00:00+05:00
forecast-1748381c490192a257acf0cf,turbine_2,2026-02-11T18:00:00Z,2026-02-11T19:00:00Z,1,1,ml-03e3b3999293875db412a925,gfs-8a845cee915dcf4cb2c1002b,verified_object_version,0.5074130265812993,forecast-1748381c490192a257acf0cf,2026-02-11T18:00:00Z,2026-02-12T00:00:00+05:00
forecast-1748381c490192a257acf0cf,turbine_2,2026-02-11T18:00:00Z,2026-02-11T20:00:00Z,2,2,ml-03e3b3999293875db412a925,gfs-8a845cee915dcf4cb2c1002b,verified_object_version,0.6626202875374175,forecast-1748381c490192a257acf0cf,2026-02-11T18:00:00Z,2026-02-12T01:00:00+05:00
forecast-1748381c490192a257acf0cf,turbine_2,2026-02-11T18:00:00Z,2026-02-11T21:00:00Z,3,3,ml-03e3b3999293875db412a925,gfs-8a845cee915dcf4cb2c1002b,verified_object_version,0.6277520213614347,forecast-1748381c490192a257acf0cf,2026-02-11T18:00:00Z,2026-02-12T02:00:00+05:00
forecast-1748381c490192a257acf0cf,turbine_2,2026-02-11T18:00:00Z,2026-02-11T22:00:00Z,4,4,ml-03e3b3999293875db412a925,gfs-8a845cee915dcf4cb2c1002b,verified_object_version,0.4137407060127079,forecast-1748381c490192a257acf0cf,2026-02-11T18:00:00Z,2026-02-12T03:00:00+05:00
forecast-1748381c490192a257acf0cf,turbine_2,2026-02-11T18:00:00Z,2026-02-11T23:00:00Z,5,5,ml-03e3b3999293875db412a925,gfs-8a845cee915dcf4cb2c1002b,verified_object_version,0.12359945447601595,forecast-1748381c490192a257acf0cf,2026-02-11T18:00:00Z,2026-02-12T04:00:00+05:00
forecast-1748381c490192a257acf0cf,turbine_2,2026-02-11T18:00:00Z,2026-02-12T00:00:00Z,6,6,ml-03e3b3999293875db412a925,gfs-8a845cee915dcf4cb2c1002b,verified_object_version,0.12123396373971781,forecast-1748381c490192a257acf0cf,2026-02-11T18:00:00Z,2026-02-12T05:00:00+05:00
forecast-1748381c490192a257acf0cf,turbine_2,2026-02-11T18:00:00Z,2026-02-12T01:00:00Z,7,7,ml-03e3b3999293875db412a925,gfs-8a845cee915dcf4cb2c1002b,verified_object_version,0.12603937181040736,forecast-1748381c490192a257acf0cf,2026-02-11T18:00:00Z,2026-02-12T06:00:00+05:00
forecast-1748381c490192a257acf0cf,turbine_2,2026-02-11T18:00:00Z,2026-02-12T02:00:00Z,8,8,ml-03e3b3999293875db412a925,gfs-8a845cee915dcf4cb2c1002b,verified_object_version,0.07920989453256994,forecast-1748381c490192a257acf0cf,2026-02-11T18:00:00Z,2026-02-12T07:00:00+05:00
forecast-1748381c490192a257acf0cf,turbine_2,2026-02-11T18:00:00Z,2026-02-12T03:00:00Z,9,9,ml-03e3b3999293875db412a925,gfs-8a845cee915dcf4cb2c1002b,verified_object_version,0.05876191148495452,forecast-1748381c490192a257acf0cf,2026-02-11T18:00:00Z,2026-02-12T08:00:00+05:00
forecast-1748381c490192a257acf0cf,turbine_2,2026-02-11T18:00:00Z,2026-02-12T04:00:00Z,10,10,ml-03e3b3999293875db412a925,gfs-8a845cee915dcf4cb2c1002b,verified_object_version,0.012503711621463631,forecast-1748381c490192a257acf0cf,2026-02-11T18:00:00Z,2026-02-12T09:00:00+05:00
forecast-1748381c490192a257acf0cf,turbine_2,2026-02-11T18:00:00Z,2026-02-12T05:00:00Z,11,11,ml-03e3b3999293875db412a925,gfs-8a845cee915dcf4cb2c1002b,verified_object_version,0.012395001152959662,forecast-1748381c490192a257acf0cf,2026-02-11T18:00:00Z,2026-02-12T10:00:00+05:00
forecast-1748381c490192a257acf0cf,turbine_2,2026-02-11T18:00:00Z,2026-02-12T06:00:00Z,12,12,ml-03e3b3999293875db412a925,gfs-8a845cee915dcf4cb2c1002b,verified_object_version,0.013040548415076736,forecast-1748381c490192a257acf0cf,2026-02-11T18:00:00Z,2026-02-12T11:00:00+05:00
forecast-1748381c490192a257acf0cf,turbine_2,2026-02-11T18:00:00Z,2026-02-12T07:00:00Z,13,13,ml-03e3b3999293875db412a925,gfs-8a845cee915dcf4cb2c1002b,verified_object_version,0.014680122955374408,forecast-1748381c490192a257acf0cf,2026-02-11T18:00:00Z,2026-02-12T12:00:00+05:00
forecast-1748381c490192a257acf0cf,turbine_2,2026-02-11T18:00:00Z,2026-02-12T08:00:00Z,14,14,ml-03e3b3999293875db412a925,gfs-8a845cee915dcf4cb2c1002b,verified_object_version,0.020925205257785906,forecast-1748381c490192a257acf0cf,2026-02-11T18:00:00Z,2026-02-12T13:00:00+05:00
forecast-1748381c490192a257acf0cf,turbine_2,2026-02-11T18:00:00Z,2026-02-12T09:00:00Z,15,15,ml-03e3b3999293875db412a925,gfs-8a845cee915dcf4cb2c1002b,verified_object_version,0.05348686339059475,forecast-1748381c490192a257acf0cf,2026-02-11T18:00:00Z,2026-02-12T14:00:00+05:00
forecast-1748381c490192a257acf0cf,turbine_2,2026-02-11T18:00:00Z,2026-02-12T10:00:00Z,16,16,ml-03e3b3999293875db412a925,gfs-8a845cee915dcf4cb2c1002b,verified_object_version,0.06771539945652469,forecast-1748381c490192a257acf0cf,2026-02-11T18:00:00Z,2026-02-12T15:00:00+05:00
forecast-1748381c490192a257acf0cf,turbine_2,2026-02-11T18:00:00Z,2026-02-12T11:00:00Z,17,17,ml-03e3b3999293875db412a925,gfs-8a845cee915dcf4cb2c1002b,verified_object_version,0.0653977506218992,forecast-1748381c490192a257acf0cf,2026-02-11T18:00:00Z,2026-02-12T16:00:00+05:00
forecast-1748381c490192a257acf0cf,turbine_2,2026-02-11T18:00:00Z,2026-02-12T12:00:00Z,18,18,ml-03e3b3999293875db412a925,gfs-8a845cee915dcf4cb2c1002b,verified_object_version,0.03001888225292154,forecast-1748381c490192a257acf0cf,2026-02-11T18:00:00Z,2026-02-12T17:00:00+05:00
forecast-1748381c490192a257acf0cf,turbine_2,2026-02-11T18:00:00Z,2026-02-12T13:00:00Z,19,19,ml-03e3b3999293875db412a925,gfs-8a845cee915dcf4cb2c1002b,verified_object_version,0.032365811858087845,forecast-1748381c490192a257acf0cf,2026-02-11T18:00:00Z,2026-02-12T18:00:00+05:00
forecast-1748381c490192a257acf0cf,turbine_2,2026-02-11T18:00:00Z,2026-02-12T14:00:00Z,20,20,ml-03e3b3999293875db412a925,gfs-8a845cee915dcf4cb2c1002b,verified_object_version,0.035662419820427727,forecast-1748381c490192a257acf0cf,2026-02-11T18:00:00Z,2026-02-12T19:00:00+05:00
forecast-1748381c490192a257acf0cf,turbine_2,2026-02-11T18:00:00Z,2026-02-12T15:00:00Z,21,21,ml-03e3b3999293875db412a925,gfs-8a845cee915dcf4cb2c1002b,verified_object_version,0.08464565641709743,forecast-1748381c490192a257acf0cf,2026-02-11T18:00:00Z,2026-02-12T20:00:00+05:00
forecast-1748381c490192a257acf0cf,turbine_2,2026-02-11T18:00:00Z,2026-02-12T16:00:00Z,22,22,ml-03e3b3999293875db412a925,gfs-8a845cee915dcf4cb2c1002b,verified_object_version,0.13571846896748668,forecast-1748381c490192a257acf0cf,2026-02-11T18:00:00Z,2026-02-12T21:00:00+05:00
forecast-1748381c490192a257acf0cf,turbine_2,2026-02-11T18:00:00Z,2026-02-12T17:00:00Z,23,23,ml-03e3b3999293875db412a925,gfs-8a845cee915dcf4cb2c1002b,verified_object_version,0.11150511966934236,forecast-1748381c490192a257acf0cf,2026-02-11T18:00:00Z,2026-02-12T22:00:00+05:00
forecast-1748381c490192a257acf0cf,turbine_2,2026-02-11T18:00:00Z,2026-02-12T18:00:00Z,24,24,ml-03e3b3999293875db412a925,gfs-8a845cee915dcf4cb2c1002b,verified_object_version,0.057457777859494574,forecast-1748381c490192a257acf0cf,2026-02-11T18:00:00Z,2026-02-12T23:00:00+05:00
forecast-80de4173d4f18b9dbb097610,turbine_2,2026-02-12T18:00:00Z,2026-02-12T19:00:00Z,1,1,ml-03e3b3999293875db412a925,gfs-380504a5a9b2bd88e1f3432a,verified_object_version,0.019534811413682074,forecast-80de4173d4f18b9dbb097610,2026-02-12T18:00:00Z,2026-02-13T00:00:00+05:00
forecast-80de4173d4f18b9dbb097610,turbine_2,2026-02-12T18:00:00Z,2026-02-12T20:00:00Z,2,2,ml-03e3b3999293875db412a925,gfs-380504a5a9b2bd88e1f3432a,verified_object_version,0.013247419684868977,forecast-80de4173d4f18b9dbb097610,2026-02-12T18:00:00Z,2026-02-13T01:00:00+05:00
forecast-80de4173d4f18b9dbb097610,turbine_2,2026-02-12T18:00:00Z,2026-02-12T21:00:00Z,3,3,ml-03e3b3999293875db412a925,gfs-380504a5a9b2bd88e1f3432a,verified_object_version,0.013321127456174198,forecast-80de4173d4f18b9dbb097610,2026-02-12T18:00:00Z,2026-02-13T02:00:00+05:00
forecast-80de4173d4f18b9dbb097610,turbine_2,2026-02-12T18:00:00Z,2026-02-12T22:00:00Z,4,4,ml-03e3b3999293875db412a925,gfs-380504a5a9b2bd88e1f3432a,verified_object_version,0.011780411603746432,forecast-80de4173d4f18b9dbb097610,2026-02-12T18:00:00Z,2026-02-13T03:00:00+05:00
forecast-80de4173d4f18b9dbb097610,turbine_2,2026-02-12T18:00:00Z,2026-02-12T23:00:00Z,5,5,ml-03e3b3999293875db412a925,gfs-380504a5a9b2bd88e1f3432a,verified_object_version,0.011204831566352547,forecast-80de4173d4f18b9dbb097610,2026-02-12T18:00:00Z,2026-02-13T04:00:00+05:00
forecast-80de4173d4f18b9dbb097610,turbine_2,2026-02-12T18:00:00Z,2026-02-13T00:00:00Z,6,6,ml-03e3b3999293875db412a925,gfs-380504a5a9b2bd88e1f3432a,verified_object_version,0.010888192782739115,forecast-80de4173d4f18b9dbb097610,2026-02-12T18:00:00Z,2026-02-13T05:00:00+05:00
forecast-80de4173d4f18b9dbb097610,turbine_2,2026-02-12T18:00:00Z,2026-02-13T01:00:00Z,7,7,ml-03e3b3999293875db412a925,gfs-380504a5a9b2bd88e1f3432a,verified_object_version,0.01925262861180399,forecast-80de4173d4f18b9dbb097610,2026-02-12T18:00:00Z,2026-02-13T06:00:00+05:00
forecast-80de4173d4f18b9dbb097610,turbine_2,2026-02-12T18:00:00Z,2026-02-13T02:00:00Z,8,8,ml-03e3b3999293875db412a925,gfs-380504a5a9b2bd88e1f3432a,verified_object_version,0.020557582677167174,forecast-80de4173d4f18b9dbb097610,2026-02-12T18:00:00Z,2026-02-13T07:00:00+05:00
forecast-80de4173d4f18b9dbb097610,turbine_2,2026-02-12T18:00:00Z,2026-02-13T03:00:00Z,9,9,ml-03e3b3999293875db412a925,gfs-380504a5a9b2bd88e1f3432a,verified_object_version,0.020694381293608843,forecast-80de4173d4f18b9dbb097610,2026-02-12T18:00:00Z,2026-02-13T08:00:00+05:00
forecast-80de4173d4f18b9dbb097610,turbine_2,2026-02-12T18:00:00Z,2026-02-13T04:00:00Z,10,10,ml-03e3b3999293875db412a925,gfs-380504a5a9b2bd88e1f3432a,verified_object_version,0.013834384369655617,forecast-80de4173d4f18b9dbb097610,2026-02-12T18:00:00Z,2026-02-13T09:00:00+05:00
forecast-80de4173d4f18b9dbb097610,turbine_2,2026-02-12T18:00:00Z,2026-02-13T05:00:00Z,11,11,ml-03e3b3999293875db412a925,gfs-380504a5a9b2bd88e1f3432a,verified_object_version,0.014081488961535327,forecast-80de4173d4f18b9dbb097610,2026-02-12T18:00:00Z,2026-02-13T10:00:00+05:00
forecast-80de4173d4f18b9dbb097610,turbine_2,2026-02-12T18:00:00Z,2026-02-13T06:00:00Z,12,12,ml-03e3b3999293875db412a925,gfs-380504a5a9b2bd88e1f3432a,verified_object_version,0.011404755911782527,forecast-80de4173d4f18b9dbb097610,2026-02-12T18:00:00Z,2026-02-13T11:00:00+05:00
forecast-80de4173d4f18b9dbb097610,turbine_2,2026-02-12T18:00:00Z,2026-02-13T07:00:00Z,13,13,ml-03e3b3999293875db412a925,gfs-380504a5a9b2bd88e1f3432a,verified_object_version,0.024326959482159016,forecast-80de4173d4f18b9dbb097610,2026-02-12T18:00:00Z,2026-02-13T12:00:00+05:00
forecast-80de4173d4f18b9dbb097610,turbine_2,2026-02-12T18:00:00Z,2026-02-13T08:00:00Z,14,14,ml-03e3b3999293875db412a925,gfs-380504a5a9b2bd88e1f3432a,verified_object_version,0.026739290121798265,forecast-80de4173d4f18b9dbb097610,2026-02-12T18:00:00Z,2026-02-13T13:00:00+05:00
forecast-80de4173d4f18b9dbb097610,turbine_2,2026-02-12T18:00:00Z,2026-02-13T09:00:00Z,15,15,ml-03e3b3999293875db412a925,gfs-380504a5a9b2bd88e1f3432a,verified_object_version,0.02231615279645166,forecast-80de4173d4f18b9dbb097610,2026-02-12T18:00:00Z,2026-02-13T14:00:00+05:00
forecast-80de4173d4f18b9dbb097610,turbine_2,2026-02-12T18:00:00Z,2026-02-13T10:00:00Z,16,16,ml-03e3b3999293875db412a925,gfs-380504a5a9b2bd88e1f3432a,verified_object_version,0.02713577613566409,forecast-80de4173d4f18b9dbb097610,2026-02-12T18:00:00Z,2026-02-13T15:00:00+05:00
forecast-80de4173d4f18b9dbb097610,turbine_2,2026-02-12T18:00:00Z,2026-02-13T11:00:00Z,17,17,ml-03e3b3999293875db412a925,gfs-380504a5a9b2bd88e1f3432a,verified_object_version,0.029711498650512758,forecast-80de4173d4f18b9dbb097610,2026-02-12T18:00:00Z,2026-02-13T16:00:00+05:00
forecast-80de4173d4f18b9dbb097610,turbine_2,2026-02-12T18:00:00Z,2026-02-13T12:00:00Z,18,18,ml-03e3b3999293875db412a925,gfs-380504a5a9b2bd88e1f3432a,verified_object_version,0.030091288660980486,forecast-80de4173d4f18b9dbb097610,2026-02-12T18:00:00Z,2026-02-13T17:00:00+05:00
forecast-80de4173d4f18b9dbb097610,turbine_2,2026-02-12T18:00:00Z,2026-02-13T13:00:00Z,19,19,ml-03e3b3999293875db412a925,gfs-380504a5a9b2bd88e1f3432a,verified_object_version,0.02995300346160229,forecast-80de4173d4f18b9dbb097610,2026-02-12T18:00:00Z,2026-02-13T18:00:00+05:00
forecast-80de4173d4f18b9dbb097610,turbine_2,2026-02-12T18:00:00Z,2026-02-13T14:00:00Z,20,20,ml-03e3b3999293875db412a925,gfs-380504a5a9b2bd88e1f3432a,verified_object_version,0.030866030799921174,forecast-80de4173d4f18b9dbb097610,2026-02-12T18:00:00Z,2026-02-13T19:00:00+05:00
forecast-80de4173d4f18b9dbb097610,turbine_2,2026-02-12T18:00:00Z,2026-02-13T15:00:00Z,21,21,ml-03e3b3999293875db412a925,gfs-380504a5a9b2bd88e1f3432a,verified_object_version,0.052610268766205226,forecast-80de4173d4f18b9dbb097610,2026-02-12T18:00:00Z,2026-02-13T20:00:00+05:00
forecast-80de4173d4f18b9dbb097610,turbine_2,2026-02-12T18:00:00Z,2026-02-13T16:00:00Z,22,22,ml-03e3b3999293875db412a925,gfs-380504a5a9b2bd88e1f3432a,verified_object_version,0.0884903503421104,forecast-80de4173d4f18b9dbb097610,2026-02-12T18:00:00Z,2026-02-13T21:00:00+05:00
forecast-80de4173d4f18b9dbb097610,turbine_2,2026-02-12T18:00:00Z,2026-02-13T17:00:00Z,23,23,ml-03e3b3999293875db412a925,gfs-380504a5a9b2bd88e1f3432a,verified_object_version,0.16623780360545115,forecast-80de4173d4f18b9dbb097610,2026-02-12T18:00:00Z,2026-02-13T22:00:00+05:00
forecast-80de4173d4f18b9dbb097610,turbine_2,2026-02-12T18:00:00Z,2026-02-13T18:00:00Z,24,24,ml-03e3b3999293875db412a925,gfs-380504a5a9b2bd88e1f3432a,verified_object_version,0.2727810012210651,forecast-80de4173d4f18b9dbb097610,2026-02-12T18:00:00Z,2026-02-13T23:00:00+05:00
forecast-f9d73a002c7ba52b1a0c30f1,turbine_2,2026-02-13T18:00:00Z,2026-02-13T19:00:00Z,1,1,ml-03e3b3999293875db412a925,gfs-77399ca6ad434f7f84072593,verified_object_version,0.4255473451378421,forecast-f9d73a002c7ba52b1a0c30f1,2026-02-13T18:00:00Z,2026-02-14T00:00:00+05:00
forecast-f9d73a002c7ba52b1a0c30f1,turbine_2,2026-02-13T18:00:00Z,2026-02-13T20:00:00Z,2,2,ml-03e3b3999293875db412a925,gfs-77399ca6ad434f7f84072593,verified_object_version,0.5604818953847206,forecast-f9d73a002c7ba52b1a0c30f1,2026-02-13T18:00:00Z,2026-02-14T01:00:00+05:00
forecast-f9d73a002c7ba52b1a0c30f1,turbine_2,2026-02-13T18:00:00Z,2026-02-13T21:00:00Z,3,3,ml-03e3b3999293875db412a925,gfs-77399ca6ad434f7f84072593,verified_object_version,0.44777615750541455,forecast-f9d73a002c7ba52b1a0c30f1,2026-02-13T18:00:00Z,2026-02-14T02:00:00+05:00
forecast-f9d73a002c7ba52b1a0c30f1,turbine_2,2026-02-13T18:00:00Z,2026-02-13T22:00:00Z,4,4,ml-03e3b3999293875db412a925,gfs-77399ca6ad434f7f84072593,verified_object_version,0.5422801911510897,forecast-f9d73a002c7ba52b1a0c30f1,2026-02-13T18:00:00Z,2026-02-14T03:00:00+05:00
forecast-f9d73a002c7ba52b1a0c30f1,turbine_2,2026-02-13T18:00:00Z,2026-02-13T23:00:00Z,5,5,ml-03e3b3999293875db412a925,gfs-77399ca6ad434f7f84072593,verified_object_version,0.46402398799642947,forecast-f9d73a002c7ba52b1a0c30f1,2026-02-13T18:00:00Z,2026-02-14T04:00:00+05:00
forecast-f9d73a002c7ba52b1a0c30f1,turbine_2,2026-02-13T18:00:00Z,2026-02-14T00:00:00Z,6,6,ml-03e3b3999293875db412a925,gfs-77399ca6ad434f7f84072593,verified_object_version,0.362272310028098,forecast-f9d73a002c7ba52b1a0c30f1,2026-02-13T18:00:00Z,2026-02-14T05:00:00+05:00
forecast-f9d73a002c7ba52b1a0c30f1,turbine_2,2026-02-13T18:00:00Z,2026-02-14T01:00:00Z,7,7,ml-03e3b3999293875db412a925,gfs-77399ca6ad434f7f84072593,verified_object_version,0.30774424072931467,forecast-f9d73a002c7ba52b1a0c30f1,2026-02-13T18:00:00Z,2026-02-14T06:00:00+05:00
forecast-f9d73a002c7ba52b1a0c30f1,turbine_2,2026-02-13T18:00:00Z,2026-02-14T02:00:00Z,8,8,ml-03e3b3999293875db412a925,gfs-77399ca6ad434f7f84072593,verified_object_version,0.20162928766766586,forecast-f9d73a002c7ba52b1a0c30f1,2026-02-13T18:00:00Z,2026-02-14T07:00:00+05:00
forecast-f9d73a002c7ba52b1a0c30f1,turbine_2,2026-02-13T18:00:00Z,2026-02-14T03:00:00Z,9,9,ml-03e3b3999293875db412a925,gfs-77399ca6ad434f7f84072593,verified_object_version,0.2341082585747482,forecast-f9d73a002c7ba52b1a0c30f1,2026-02-13T18:00:00Z,2026-02-14T08:00:00+05:00
forecast-f9d73a002c7ba52b1a0c30f1,turbine_2,2026-02-13T18:00:00Z,2026-02-14T04:00:00Z,10,10,ml-03e3b3999293875db412a925,gfs-77399ca6ad434f7f84072593,verified_object_version,0.21887406557264427,forecast-f9d73a002c7ba52b1a0c30f1,2026-02-13T18:00:00Z,2026-02-14T09:00:00+05:00
forecast-f9d73a002c7ba52b1a0c30f1,turbine_2,2026-02-13T18:00:00Z,2026-02-14T05:00:00Z,11,11,ml-03e3b3999293875db412a925,gfs-77399ca6ad434f7f84072593,verified_object_version,0.2717863948377678,forecast-f9d73a002c7ba52b1a0c30f1,2026-02-13T18:00:00Z,2026-02-14T10:00:00+05:00
forecast-f9d73a002c7ba52b1a0c30f1,turbine_2,2026-02-13T18:00:00Z,2026-02-14T06:00:00Z,12,12,ml-03e3b3999293875db412a925,gfs-77399ca6ad434f7f84072593,verified_object_version,0.4046393887671984,forecast-f9d73a002c7ba52b1a0c30f1,2026-02-13T18:00:00Z,2026-02-14T11:00:00+05:00
forecast-f9d73a002c7ba52b1a0c30f1,turbine_2,2026-02-13T18:00:00Z,2026-02-14T07:00:00Z,13,13,ml-03e3b3999293875db412a925,gfs-77399ca6ad434f7f84072593,verified_object_version,0.3131643265469218,forecast-f9d73a002c7ba52b1a0c30f1,2026-02-13T18:00:00Z,2026-02-14T12:00:00+05:00
forecast-f9d73a002c7ba52b1a0c30f1,turbine_2,2026-02-13T18:00:00Z,2026-02-14T08:00:00Z,14,14,ml-03e3b3999293875db412a925,gfs-77399ca6ad434f7f84072593,verified_object_version,0.3039796858106452,forecast-f9d73a002c7ba52b1a0c30f1,2026-02-13T18:00:00Z,2026-02-14T13:00:00+05:00
forecast-f9d73a002c7ba52b1a0c30f1,turbine_2,2026-02-13T18:00:00Z,2026-02-14T09:00:00Z,15,15,ml-03e3b3999293875db412a925,gfs-77399ca6ad434f7f84072593,verified_object_version,0.17608155667386802,forecast-f9d73a002c7ba52b1a0c30f1,2026-02-13T18:00:00Z,2026-02-14T14:00:00+05:00
forecast-f9d73a002c7ba52b1a0c30f1,turbine_2,2026-02-13T18:00:00Z,2026-02-14T10:00:00Z,16,16,ml-03e3b3999293875db412a925,gfs-77399ca6ad434f7f84072593,verified_object_version,0.050249300507658495,forecast-f9d73a002c7ba52b1a0c30f1,2026-02-13T18:00:00Z,2026-02-14T15:00:00+05:00
forecast-f9d73a002c7ba52b1a0c30f1,turbine_2,2026-02-13T18:00:00Z,2026-02-14T11:00:00Z,17,17,ml-03e3b3999293875db412a925,gfs-77399ca6ad434f7f84072593,verified_object_version,0.042254538762058286,forecast-f9d73a002c7ba52b1a0c30f1,2026-02-13T18:00:00Z,2026-02-14T16:00:00+05:00
forecast-f9d73a002c7ba52b1a0c30f1,turbine_2,2026-02-13T18:00:00Z,2026-02-14T12:00:00Z,18,18,ml-03e3b3999293875db412a925,gfs-77399ca6ad434f7f84072593,verified_object_version,0.035610123261660825,forecast-f9d73a002c7ba52b1a0c30f1,2026-02-13T18:00:00Z,2026-02-14T17:00:00+05:00
forecast-f9d73a002c7ba52b1a0c30f1,turbine_2,2026-02-13T18:00:00Z,2026-02-14T13:00:00Z,19,19,ml-03e3b3999293875db412a925,gfs-77399ca6ad434f7f84072593,verified_object_version,0.03594863951136992,forecast-f9d73a002c7ba52b1a0c30f1,2026-02-13T18:00:00Z,2026-02-14T18:00:00+05:00
forecast-f9d73a002c7ba52b1a0c30f1,turbine_2,2026-02-13T18:00:00Z,2026-02-14T14:00:00Z,20,20,ml-03e3b3999293875db412a925,gfs-77399ca6ad434f7f84072593,verified_object_version,0.06052096909922691,forecast-f9d73a002c7ba52b1a0c30f1,2026-02-13T18:00:00Z,2026-02-14T19:00:00+05:00
forecast-f9d73a002c7ba52b1a0c30f1,turbine_2,2026-02-13T18:00:00Z,2026-02-14T15:00:00Z,21,21,ml-03e3b3999293875db412a925,gfs-77399ca6ad434f7f84072593,verified_object_version,0.05789140622308808,forecast-f9d73a002c7ba52b1a0c30f1,2026-02-13T18:00:00Z,2026-02-14T20:00:00+05:00
forecast-f9d73a002c7ba52b1a0c30f1,turbine_2,2026-02-13T18:00:00Z,2026-02-14T16:00:00Z,22,22,ml-03e3b3999293875db412a925,gfs-77399ca6ad434f7f84072593,verified_object_version,0.03155738952039683,forecast-f9d73a002c7ba52b1a0c30f1,2026-02-13T18:00:00Z,2026-02-14T21:00:00+05:00
forecast-f9d73a002c7ba52b1a0c30f1,turbine_2,2026-02-13T18:00:00Z,2026-02-14T17:00:00Z,23,23,ml-03e3b3999293875db412a925,gfs-77399ca6ad434f7f84072593,verified_object_version,0.02707221463501608,forecast-f9d73a002c7ba52b1a0c30f1,2026-02-13T18:00:00Z,2026-02-14T22:00:00+05:00
forecast-f9d73a002c7ba52b1a0c30f1,turbine_2,2026-02-13T18:00:00Z,2026-02-14T18:00:00Z,24,24,ml-03e3b3999293875db412a925,gfs-77399ca6ad434f7f84072593,verified_object_version,0.06744217190341173,forecast-f9d73a002c7ba52b1a0c30f1,2026-02-13T18:00:00Z,2026-02-14T23:00:00+05:00
forecast-f5117e0d34e3b8589a88db80,turbine_2,2026-02-14T18:00:00Z,2026-02-14T19:00:00Z,1,1,ml-03e3b3999293875db412a925,gfs-777fa5425591e5578f2ab5ea,verified_object_version,0.019045739894265168,forecast-f5117e0d34e3b8589a88db80,2026-02-14T18:00:00Z,2026-02-15T00:00:00+05:00
forecast-f5117e0d34e3b8589a88db80,turbine_2,2026-02-14T18:00:00Z,2026-02-14T20:00:00Z,2,2,ml-03e3b3999293875db412a925,gfs-777fa5425591e5578f2ab5ea,verified_object_version,0.01742571730173892,forecast-f5117e0d34e3b8589a88db80,2026-02-14T18:00:00Z,2026-02-15T01:00:00+05:00
forecast-f5117e0d34e3b8589a88db80,turbine_2,2026-02-14T18:00:00Z,2026-02-14T21:00:00Z,3,3,ml-03e3b3999293875db412a925,gfs-777fa5425591e5578f2ab5ea,verified_object_version,0.022550425884730885,forecast-f5117e0d34e3b8589a88db80,2026-02-14T18:00:00Z,2026-02-15T02:00:00+05:00
forecast-f5117e0d34e3b8589a88db80,turbine_2,2026-02-14T18:00:00Z,2026-02-14T22:00:00Z,4,4,ml-03e3b3999293875db412a925,gfs-777fa5425591e5578f2ab5ea,verified_object_version,0.015158728641160413,forecast-f5117e0d34e3b8589a88db80,2026-02-14T18:00:00Z,2026-02-15T03:00:00+05:00
forecast-f5117e0d34e3b8589a88db80,turbine_2,2026-02-14T18:00:00Z,2026-02-14T23:00:00Z,5,5,ml-03e3b3999293875db412a925,gfs-777fa5425591e5578f2ab5ea,verified_object_version,0.02007005576790477,forecast-f5117e0d34e3b8589a88db80,2026-02-14T18:00:00Z,2026-02-15T04:00:00+05:00
forecast-f5117e0d34e3b8589a88db80,turbine_2,2026-02-14T18:00:00Z,2026-02-15T00:00:00Z,6,6,ml-03e3b3999293875db412a925,gfs-777fa5425591e5578f2ab5ea,verified_object_version,0.07293855710006186,forecast-f5117e0d34e3b8589a88db80,2026-02-14T18:00:00Z,2026-02-15T05:00:00+05:00
forecast-f5117e0d34e3b8589a88db80,turbine_2,2026-02-14T18:00:00Z,2026-02-15T01:00:00Z,7,7,ml-03e3b3999293875db412a925,gfs-777fa5425591e5578f2ab5ea,verified_object_version,0.16820711664259014,forecast-f5117e0d34e3b8589a88db80,2026-02-14T18:00:00Z,2026-02-15T06:00:00+05:00
forecast-f5117e0d34e3b8589a88db80,turbine_2,2026-02-14T18:00:00Z,2026-02-15T02:00:00Z,8,8,ml-03e3b3999293875db412a925,gfs-777fa5425591e5578f2ab5ea,verified_object_version,0.2064156955584723,forecast-f5117e0d34e3b8589a88db80,2026-02-14T18:00:00Z,2026-02-15T07:00:00+05:00
forecast-f5117e0d34e3b8589a88db80,turbine_2,2026-02-14T18:00:00Z,2026-02-15T03:00:00Z,9,9,ml-03e3b3999293875db412a925,gfs-777fa5425591e5578f2ab5ea,verified_object_version,0.2052087150345287,forecast-f5117e0d34e3b8589a88db80,2026-02-14T18:00:00Z,2026-02-15T08:00:00+05:00
forecast-f5117e0d34e3b8589a88db80,turbine_2,2026-02-14T18:00:00Z,2026-02-15T04:00:00Z,10,10,ml-03e3b3999293875db412a925,gfs-777fa5425591e5578f2ab5ea,verified_object_version,0.4416699012621538,forecast-f5117e0d34e3b8589a88db80,2026-02-14T18:00:00Z,2026-02-15T09:00:00+05:00
forecast-f5117e0d34e3b8589a88db80,turbine_2,2026-02-14T18:00:00Z,2026-02-15T05:00:00Z,11,11,ml-03e3b3999293875db412a925,gfs-777fa5425591e5578f2ab5ea,verified_object_version,0.7661401965922199,forecast-f5117e0d34e3b8589a88db80,2026-02-14T18:00:00Z,2026-02-15T10:00:00+05:00
forecast-f5117e0d34e3b8589a88db80,turbine_2,2026-02-14T18:00:00Z,2026-02-15T06:00:00Z,12,12,ml-03e3b3999293875db412a925,gfs-777fa5425591e5578f2ab5ea,verified_object_version,0.8427229777772197,forecast-f5117e0d34e3b8589a88db80,2026-02-14T18:00:00Z,2026-02-15T11:00:00+05:00
forecast-f5117e0d34e3b8589a88db80,turbine_2,2026-02-14T18:00:00Z,2026-02-15T07:00:00Z,13,13,ml-03e3b3999293875db412a925,gfs-777fa5425591e5578f2ab5ea,verified_object_version,0.9021124541620396,forecast-f5117e0d34e3b8589a88db80,2026-02-14T18:00:00Z,2026-02-15T12:00:00+05:00
forecast-f5117e0d34e3b8589a88db80,turbine_2,2026-02-14T18:00:00Z,2026-02-15T08:00:00Z,14,14,ml-03e3b3999293875db412a925,gfs-777fa5425591e5578f2ab5ea,verified_object_version,0.8769554216721496,forecast-f5117e0d34e3b8589a88db80,2026-02-14T18:00:00Z,2026-02-15T13:00:00+05:00
forecast-f5117e0d34e3b8589a88db80,turbine_2,2026-02-14T18:00:00Z,2026-02-15T09:00:00Z,15,15,ml-03e3b3999293875db412a925,gfs-777fa5425591e5578f2ab5ea,verified_object_version,0.7726751498485148,forecast-f5117e0d34e3b8589a88db80,2026-02-14T18:00:00Z,2026-02-15T14:00:00+05:00
forecast-f5117e0d34e3b8589a88db80,turbine_2,2026-02-14T18:00:00Z,2026-02-15T10:00:00Z,16,16,ml-03e3b3999293875db412a925,gfs-777fa5425591e5578f2ab5ea,verified_object_version,0.8176183874270967,forecast-f5117e0d34e3b8589a88db80,2026-02-14T18:00:00Z,2026-02-15T15:00:00+05:00
forecast-f5117e0d34e3b8589a88db80,turbine_2,2026-02-14T18:00:00Z,2026-02-15T11:00:00Z,17,17,ml-03e3b3999293875db412a925,gfs-777fa5425591e5578f2ab5ea,verified_object_version,0.7908427078321097,forecast-f5117e0d34e3b8589a88db80,2026-02-14T18:00:00Z,2026-02-15T16:00:00+05:00
forecast-f5117e0d34e3b8589a88db80,turbine_2,2026-02-14T18:00:00Z,2026-02-15T12:00:00Z,18,18,ml-03e3b3999293875db412a925,gfs-777fa5425591e5578f2ab5ea,verified_object_version,0.7375555043594479,forecast-f5117e0d34e3b8589a88db80,2026-02-14T18:00:00Z,2026-02-15T17:00:00+05:00
forecast-f5117e0d34e3b8589a88db80,turbine_2,2026-02-14T18:00:00Z,2026-02-15T13:00:00Z,19,19,ml-03e3b3999293875db412a925,gfs-777fa5425591e5578f2ab5ea,verified_object_version,0.6583604725287606,forecast-f5117e0d34e3b8589a88db80,2026-02-14T18:00:00Z,2026-02-15T18:00:00+05:00
forecast-f5117e0d34e3b8589a88db80,turbine_2,2026-02-14T18:00:00Z,2026-02-15T14:00:00Z,20,20,ml-03e3b3999293875db412a925,gfs-777fa5425591e5578f2ab5ea,verified_object_version,0.6499595409148545,forecast-f5117e0d34e3b8589a88db80,2026-02-14T18:00:00Z,2026-02-15T19:00:00+05:00
forecast-f5117e0d34e3b8589a88db80,turbine_2,2026-02-14T18:00:00Z,2026-02-15T15:00:00Z,21,21,ml-03e3b3999293875db412a925,gfs-777fa5425591e5578f2ab5ea,verified_object_version,0.673935901219249,forecast-f5117e0d34e3b8589a88db80,2026-02-14T18:00:00Z,2026-02-15T20:00:00+05:00
forecast-f5117e0d34e3b8589a88db80,turbine_2,2026-02-14T18:00:00Z,2026-02-15T16:00:00Z,22,22,ml-03e3b3999293875db412a925,gfs-777fa5425591e5578f2ab5ea,verified_object_version,0.6533450370233381,forecast-f5117e0d34e3b8589a88db80,2026-02-14T18:00:00Z,2026-02-15T21:00:00+05:00
forecast-f5117e0d34e3b8589a88db80,turbine_2,2026-02-14T18:00:00Z,2026-02-15T17:00:00Z,23,23,ml-03e3b3999293875db412a925,gfs-777fa5425591e5578f2ab5ea,verified_object_version,0.7096088443230908,forecast-f5117e0d34e3b8589a88db80,2026-02-14T18:00:00Z,2026-02-15T22:00:00+05:00
forecast-f5117e0d34e3b8589a88db80,turbine_2,2026-02-14T18:00:00Z,2026-02-15T18:00:00Z,24,24,ml-03e3b3999293875db412a925,gfs-777fa5425591e5578f2ab5ea,verified_object_version,0.5265000744728909,forecast-f5117e0d34e3b8589a88db80,2026-02-14T18:00:00Z,2026-02-15T23:00:00+05:00
forecast-af20a94aac8d8c18517e06f0,turbine_2,2026-02-15T18:00:00Z,2026-02-15T19:00:00Z,1,1,ml-03e3b3999293875db412a925,gfs-0802cd4406434a3ba48f4526,verified_object_version,0.5499833810156125,forecast-af20a94aac8d8c18517e06f0,2026-02-15T18:00:00Z,2026-02-16T00:00:00+05:00
forecast-af20a94aac8d8c18517e06f0,turbine_2,2026-02-15T18:00:00Z,2026-02-15T20:00:00Z,2,2,ml-03e3b3999293875db412a925,gfs-0802cd4406434a3ba48f4526,verified_object_version,0.6886449166293958,forecast-af20a94aac8d8c18517e06f0,2026-02-15T18:00:00Z,2026-02-16T01:00:00+05:00
forecast-af20a94aac8d8c18517e06f0,turbine_2,2026-02-15T18:00:00Z,2026-02-15T21:00:00Z,3,3,ml-03e3b3999293875db412a925,gfs-0802cd4406434a3ba48f4526,verified_object_version,0.4596595227659763,forecast-af20a94aac8d8c18517e06f0,2026-02-15T18:00:00Z,2026-02-16T02:00:00+05:00
forecast-af20a94aac8d8c18517e06f0,turbine_2,2026-02-15T18:00:00Z,2026-02-15T22:00:00Z,4,4,ml-03e3b3999293875db412a925,gfs-0802cd4406434a3ba48f4526,verified_object_version,0.6818591401552807,forecast-af20a94aac8d8c18517e06f0,2026-02-15T18:00:00Z,2026-02-16T03:00:00+05:00
forecast-af20a94aac8d8c18517e06f0,turbine_2,2026-02-15T18:00:00Z,2026-02-15T23:00:00Z,5,5,ml-03e3b3999293875db412a925,gfs-0802cd4406434a3ba48f4526,verified_object_version,0.6558893062601663,forecast-af20a94aac8d8c18517e06f0,2026-02-15T18:00:00Z,2026-02-16T04:00:00+05:00
forecast-af20a94aac8d8c18517e06f0,turbine_2,2026-02-15T18:00:00Z,2026-02-16T00:00:00Z,6,6,ml-03e3b3999293875db412a925,gfs-0802cd4406434a3ba48f4526,verified_object_version,0.4889479722011129,forecast-af20a94aac8d8c18517e06f0,2026-02-15T18:00:00Z,2026-02-16T05:00:00+05:00
forecast-af20a94aac8d8c18517e06f0,turbine_2,2026-02-15T18:00:00Z,2026-02-16T01:00:00Z,7,7,ml-03e3b3999293875db412a925,gfs-0802cd4406434a3ba48f4526,verified_object_version,0.4099560761111357,forecast-af20a94aac8d8c18517e06f0,2026-02-15T18:00:00Z,2026-02-16T06:00:00+05:00
forecast-af20a94aac8d8c18517e06f0,turbine_2,2026-02-15T18:00:00Z,2026-02-16T02:00:00Z,8,8,ml-03e3b3999293875db412a925,gfs-0802cd4406434a3ba48f4526,verified_object_version,0.3171648681961647,forecast-af20a94aac8d8c18517e06f0,2026-02-15T18:00:00Z,2026-02-16T07:00:00+05:00
forecast-af20a94aac8d8c18517e06f0,turbine_2,2026-02-15T18:00:00Z,2026-02-16T03:00:00Z,9,9,ml-03e3b3999293875db412a925,gfs-0802cd4406434a3ba48f4526,verified_object_version,0.2941865556226266,forecast-af20a94aac8d8c18517e06f0,2026-02-15T18:00:00Z,2026-02-16T08:00:00+05:00
forecast-af20a94aac8d8c18517e06f0,turbine_2,2026-02-15T18:00:00Z,2026-02-16T04:00:00Z,10,10,ml-03e3b3999293875db412a925,gfs-0802cd4406434a3ba48f4526,verified_object_version,0.25301260807014386,forecast-af20a94aac8d8c18517e06f0,2026-02-15T18:00:00Z,2026-02-16T09:00:00+05:00
forecast-af20a94aac8d8c18517e06f0,turbine_2,2026-02-15T18:00:00Z,2026-02-16T05:00:00Z,11,11,ml-03e3b3999293875db412a925,gfs-0802cd4406434a3ba48f4526,verified_object_version,0.26373705302209083,forecast-af20a94aac8d8c18517e06f0,2026-02-15T18:00:00Z,2026-02-16T10:00:00+05:00
forecast-af20a94aac8d8c18517e06f0,turbine_2,2026-02-15T18:00:00Z,2026-02-16T06:00:00Z,12,12,ml-03e3b3999293875db412a925,gfs-0802cd4406434a3ba48f4526,verified_object_version,0.5677176869103122,forecast-af20a94aac8d8c18517e06f0,2026-02-15T18:00:00Z,2026-02-16T11:00:00+05:00
forecast-af20a94aac8d8c18517e06f0,turbine_2,2026-02-15T18:00:00Z,2026-02-16T07:00:00Z,13,13,ml-03e3b3999293875db412a925,gfs-0802cd4406434a3ba48f4526,verified_object_version,0.35259189261065504,forecast-af20a94aac8d8c18517e06f0,2026-02-15T18:00:00Z,2026-02-16T12:00:00+05:00
forecast-af20a94aac8d8c18517e06f0,turbine_2,2026-02-15T18:00:00Z,2026-02-16T08:00:00Z,14,14,ml-03e3b3999293875db412a925,gfs-0802cd4406434a3ba48f4526,verified_object_version,0.738674565959209,forecast-af20a94aac8d8c18517e06f0,2026-02-15T18:00:00Z,2026-02-16T13:00:00+05:00
forecast-af20a94aac8d8c18517e06f0,turbine_2,2026-02-15T18:00:00Z,2026-02-16T09:00:00Z,15,15,ml-03e3b3999293875db412a925,gfs-0802cd4406434a3ba48f4526,verified_object_version,0.7699754340070041,forecast-af20a94aac8d8c18517e06f0,2026-02-15T18:00:00Z,2026-02-16T14:00:00+05:00
forecast-af20a94aac8d8c18517e06f0,turbine_2,2026-02-15T18:00:00Z,2026-02-16T10:00:00Z,16,16,ml-03e3b3999293875db412a925,gfs-0802cd4406434a3ba48f4526,verified_object_version,0.9586808346062049,forecast-af20a94aac8d8c18517e06f0,2026-02-15T18:00:00Z,2026-02-16T15:00:00+05:00
forecast-af20a94aac8d8c18517e06f0,turbine_2,2026-02-15T18:00:00Z,2026-02-16T11:00:00Z,17,17,ml-03e3b3999293875db412a925,gfs-0802cd4406434a3ba48f4526,verified_object_version,0.9547429612915994,forecast-af20a94aac8d8c18517e06f0,2026-02-15T18:00:00Z,2026-02-16T16:00:00+05:00
forecast-af20a94aac8d8c18517e06f0,turbine_2,2026-02-15T18:00:00Z,2026-02-16T12:00:00Z,18,18,ml-03e3b3999293875db412a925,gfs-0802cd4406434a3ba48f4526,verified_object_version,0.9532240543366417,forecast-af20a94aac8d8c18517e06f0,2026-02-15T18:00:00Z,2026-02-16T17:00:00+05:00
forecast-af20a94aac8d8c18517e06f0,turbine_2,2026-02-15T18:00:00Z,2026-02-16T13:00:00Z,19,19,ml-03e3b3999293875db412a925,gfs-0802cd4406434a3ba48f4526,verified_object_version,0.955410063179747,forecast-af20a94aac8d8c18517e06f0,2026-02-15T18:00:00Z,2026-02-16T18:00:00+05:00
forecast-af20a94aac8d8c18517e06f0,turbine_2,2026-02-15T18:00:00Z,2026-02-16T14:00:00Z,20,20,ml-03e3b3999293875db412a925,gfs-0802cd4406434a3ba48f4526,verified_object_version,0.9548772485384733,forecast-af20a94aac8d8c18517e06f0,2026-02-15T18:00:00Z,2026-02-16T19:00:00+05:00
forecast-af20a94aac8d8c18517e06f0,turbine_2,2026-02-15T18:00:00Z,2026-02-16T15:00:00Z,21,21,ml-03e3b3999293875db412a925,gfs-0802cd4406434a3ba48f4526,verified_object_version,0.9656824993281031,forecast-af20a94aac8d8c18517e06f0,2026-02-15T18:00:00Z,2026-02-16T20:00:00+05:00
forecast-af20a94aac8d8c18517e06f0,turbine_2,2026-02-15T18:00:00Z,2026-02-16T16:00:00Z,22,22,ml-03e3b3999293875db412a925,gfs-0802cd4406434a3ba48f4526,verified_object_version,0.9240951399894316,forecast-af20a94aac8d8c18517e06f0,2026-02-15T18:00:00Z,2026-02-16T21:00:00+05:00
forecast-af20a94aac8d8c18517e06f0,turbine_2,2026-02-15T18:00:00Z,2026-02-16T17:00:00Z,23,23,ml-03e3b3999293875db412a925,gfs-0802cd4406434a3ba48f4526,verified_object_version,0.9045133102205379,forecast-af20a94aac8d8c18517e06f0,2026-02-15T18:00:00Z,2026-02-16T22:00:00+05:00
forecast-af20a94aac8d8c18517e06f0,turbine_2,2026-02-15T18:00:00Z,2026-02-16T18:00:00Z,24,24,ml-03e3b3999293875db412a925,gfs-0802cd4406434a3ba48f4526,verified_object_version,0.8350748341533851,forecast-af20a94aac8d8c18517e06f0,2026-02-15T18:00:00Z,2026-02-16T23:00:00+05:00
forecast-8cf785e48dc483a22afb3d3a,turbine_2,2026-02-16T18:00:00Z,2026-02-16T19:00:00Z,1,1,ml-03e3b3999293875db412a925,gfs-9437458179ea5776b1a56442,verified_object_version,0.7822442212305624,forecast-8cf785e48dc483a22afb3d3a,2026-02-16T18:00:00Z,2026-02-17T00:00:00+05:00
forecast-8cf785e48dc483a22afb3d3a,turbine_2,2026-02-16T18:00:00Z,2026-02-16T20:00:00Z,2,2,ml-03e3b3999293875db412a925,gfs-9437458179ea5776b1a56442,verified_object_version,0.4919084241238342,forecast-8cf785e48dc483a22afb3d3a,2026-02-16T18:00:00Z,2026-02-17T01:00:00+05:00
forecast-8cf785e48dc483a22afb3d3a,turbine_2,2026-02-16T18:00:00Z,2026-02-16T21:00:00Z,3,3,ml-03e3b3999293875db412a925,gfs-9437458179ea5776b1a56442,verified_object_version,0.46588516383740963,forecast-8cf785e48dc483a22afb3d3a,2026-02-16T18:00:00Z,2026-02-17T02:00:00+05:00
forecast-8cf785e48dc483a22afb3d3a,turbine_2,2026-02-16T18:00:00Z,2026-02-16T22:00:00Z,4,4,ml-03e3b3999293875db412a925,gfs-9437458179ea5776b1a56442,verified_object_version,0.41026522690979783,forecast-8cf785e48dc483a22afb3d3a,2026-02-16T18:00:00Z,2026-02-17T03:00:00+05:00
forecast-8cf785e48dc483a22afb3d3a,turbine_2,2026-02-16T18:00:00Z,2026-02-16T23:00:00Z,5,5,ml-03e3b3999293875db412a925,gfs-9437458179ea5776b1a56442,verified_object_version,0.3564372605280045,forecast-8cf785e48dc483a22afb3d3a,2026-02-16T18:00:00Z,2026-02-17T04:00:00+05:00
forecast-8cf785e48dc483a22afb3d3a,turbine_2,2026-02-16T18:00:00Z,2026-02-17T00:00:00Z,6,6,ml-03e3b3999293875db412a925,gfs-9437458179ea5776b1a56442,verified_object_version,0.25998315721413784,forecast-8cf785e48dc483a22afb3d3a,2026-02-16T18:00:00Z,2026-02-17T05:00:00+05:00
forecast-8cf785e48dc483a22afb3d3a,turbine_2,2026-02-16T18:00:00Z,2026-02-17T01:00:00Z,7,7,ml-03e3b3999293875db412a925,gfs-9437458179ea5776b1a56442,verified_object_version,0.1760589909563777,forecast-8cf785e48dc483a22afb3d3a,2026-02-16T18:00:00Z,2026-02-17T06:00:00+05:00
forecast-8cf785e48dc483a22afb3d3a,turbine_2,2026-02-16T18:00:00Z,2026-02-17T02:00:00Z,8,8,ml-03e3b3999293875db412a925,gfs-9437458179ea5776b1a56442,verified_object_version,0.10940773101959413,forecast-8cf785e48dc483a22afb3d3a,2026-02-16T18:00:00Z,2026-02-17T07:00:00+05:00
forecast-8cf785e48dc483a22afb3d3a,turbine_2,2026-02-16T18:00:00Z,2026-02-17T03:00:00Z,9,9,ml-03e3b3999293875db412a925,gfs-9437458179ea5776b1a56442,verified_object_version,0.05197508431343176,forecast-8cf785e48dc483a22afb3d3a,2026-02-16T18:00:00Z,2026-02-17T08:00:00+05:00
forecast-8cf785e48dc483a22afb3d3a,turbine_2,2026-02-16T18:00:00Z,2026-02-17T04:00:00Z,10,10,ml-03e3b3999293875db412a925,gfs-9437458179ea5776b1a56442,verified_object_version,0.08406243493934691,forecast-8cf785e48dc483a22afb3d3a,2026-02-16T18:00:00Z,2026-02-17T09:00:00+05:00
forecast-8cf785e48dc483a22afb3d3a,turbine_2,2026-02-16T18:00:00Z,2026-02-17T05:00:00Z,11,11,ml-03e3b3999293875db412a925,gfs-9437458179ea5776b1a56442,verified_object_version,0.07424325705696719,forecast-8cf785e48dc483a22afb3d3a,2026-02-16T18:00:00Z,2026-02-17T10:00:00+05:00
forecast-8cf785e48dc483a22afb3d3a,turbine_2,2026-02-16T18:00:00Z,2026-02-17T06:00:00Z,12,12,ml-03e3b3999293875db412a925,gfs-9437458179ea5776b1a56442,verified_object_version,0.05697880997980728,forecast-8cf785e48dc483a22afb3d3a,2026-02-16T18:00:00Z,2026-02-17T11:00:00+05:00
forecast-8cf785e48dc483a22afb3d3a,turbine_2,2026-02-16T18:00:00Z,2026-02-17T07:00:00Z,13,13,ml-03e3b3999293875db412a925,gfs-9437458179ea5776b1a56442,verified_object_version,0.08385853194016325,forecast-8cf785e48dc483a22afb3d3a,2026-02-16T18:00:00Z,2026-02-17T12:00:00+05:00
forecast-8cf785e48dc483a22afb3d3a,turbine_2,2026-02-16T18:00:00Z,2026-02-17T08:00:00Z,14,14,ml-03e3b3999293875db412a925,gfs-9437458179ea5776b1a56442,verified_object_version,0.19702357285653363,forecast-8cf785e48dc483a22afb3d3a,2026-02-16T18:00:00Z,2026-02-17T13:00:00+05:00
forecast-8cf785e48dc483a22afb3d3a,turbine_2,2026-02-16T18:00:00Z,2026-02-17T09:00:00Z,15,15,ml-03e3b3999293875db412a925,gfs-9437458179ea5776b1a56442,verified_object_version,0.2232186704023762,forecast-8cf785e48dc483a22afb3d3a,2026-02-16T18:00:00Z,2026-02-17T14:00:00+05:00
forecast-8cf785e48dc483a22afb3d3a,turbine_2,2026-02-16T18:00:00Z,2026-02-17T10:00:00Z,16,16,ml-03e3b3999293875db412a925,gfs-9437458179ea5776b1a56442,verified_object_version,0.27258250549065277,forecast-8cf785e48dc483a22afb3d3a,2026-02-16T18:00:00Z,2026-02-17T15:00:00+05:00
forecast-8cf785e48dc483a22afb3d3a,turbine_2,2026-02-16T18:00:00Z,2026-02-17T11:00:00Z,17,17,ml-03e3b3999293875db412a925,gfs-9437458179ea5776b1a56442,verified_object_version,0.34656565676653195,forecast-8cf785e48dc483a22afb3d3a,2026-02-16T18:00:00Z,2026-02-17T16:00:00+05:00
forecast-8cf785e48dc483a22afb3d3a,turbine_2,2026-02-16T18:00:00Z,2026-02-17T12:00:00Z,18,18,ml-03e3b3999293875db412a925,gfs-9437458179ea5776b1a56442,verified_object_version,0.4493596635718906,forecast-8cf785e48dc483a22afb3d3a,2026-02-16T18:00:00Z,2026-02-17T17:00:00+05:00
forecast-8cf785e48dc483a22afb3d3a,turbine_2,2026-02-16T18:00:00Z,2026-02-17T13:00:00Z,19,19,ml-03e3b3999293875db412a925,gfs-9437458179ea5776b1a56442,verified_object_version,0.5630080320959858,forecast-8cf785e48dc483a22afb3d3a,2026-02-16T18:00:00Z,2026-02-17T18:00:00+05:00
forecast-8cf785e48dc483a22afb3d3a,turbine_2,2026-02-16T18:00:00Z,2026-02-17T14:00:00Z,20,20,ml-03e3b3999293875db412a925,gfs-9437458179ea5776b1a56442,verified_object_version,0.5962824969010296,forecast-8cf785e48dc483a22afb3d3a,2026-02-16T18:00:00Z,2026-02-17T19:00:00+05:00
forecast-8cf785e48dc483a22afb3d3a,turbine_2,2026-02-16T18:00:00Z,2026-02-17T15:00:00Z,21,21,ml-03e3b3999293875db412a925,gfs-9437458179ea5776b1a56442,verified_object_version,0.5971173411981607,forecast-8cf785e48dc483a22afb3d3a,2026-02-16T18:00:00Z,2026-02-17T20:00:00+05:00
forecast-8cf785e48dc483a22afb3d3a,turbine_2,2026-02-16T18:00:00Z,2026-02-17T16:00:00Z,22,22,ml-03e3b3999293875db412a925,gfs-9437458179ea5776b1a56442,verified_object_version,0.6251175708399592,forecast-8cf785e48dc483a22afb3d3a,2026-02-16T18:00:00Z,2026-02-17T21:00:00+05:00
forecast-8cf785e48dc483a22afb3d3a,turbine_2,2026-02-16T18:00:00Z,2026-02-17T17:00:00Z,23,23,ml-03e3b3999293875db412a925,gfs-9437458179ea5776b1a56442,verified_object_version,0.5594437561951261,forecast-8cf785e48dc483a22afb3d3a,2026-02-16T18:00:00Z,2026-02-17T22:00:00+05:00
forecast-8cf785e48dc483a22afb3d3a,turbine_2,2026-02-16T18:00:00Z,2026-02-17T18:00:00Z,24,24,ml-03e3b3999293875db412a925,gfs-9437458179ea5776b1a56442,verified_object_version,0.6558038161085151,forecast-8cf785e48dc483a22afb3d3a,2026-02-16T18:00:00Z,2026-02-17T23:00:00+05:00
forecast-fce499b0deb36b03f5c4b444,turbine_2,2026-02-17T18:00:00Z,2026-02-17T19:00:00Z,1,1,ml-03e3b3999293875db412a925,gfs-2a3e38b40450fa05a15b4ac1,verified_object_version,0.8701418074885615,forecast-fce499b0deb36b03f5c4b444,2026-02-17T18:00:00Z,2026-02-18T00:00:00+05:00
forecast-fce499b0deb36b03f5c4b444,turbine_2,2026-02-17T18:00:00Z,2026-02-17T20:00:00Z,2,2,ml-03e3b3999293875db412a925,gfs-2a3e38b40450fa05a15b4ac1,verified_object_version,0.7822788558952671,forecast-fce499b0deb36b03f5c4b444,2026-02-17T18:00:00Z,2026-02-18T01:00:00+05:00
forecast-fce499b0deb36b03f5c4b444,turbine_2,2026-02-17T18:00:00Z,2026-02-17T21:00:00Z,3,3,ml-03e3b3999293875db412a925,gfs-2a3e38b40450fa05a15b4ac1,verified_object_version,0.8177674737395118,forecast-fce499b0deb36b03f5c4b444,2026-02-17T18:00:00Z,2026-02-18T02:00:00+05:00
forecast-fce499b0deb36b03f5c4b444,turbine_2,2026-02-17T18:00:00Z,2026-02-17T22:00:00Z,4,4,ml-03e3b3999293875db412a925,gfs-2a3e38b40450fa05a15b4ac1,verified_object_version,0.7957181649358442,forecast-fce499b0deb36b03f5c4b444,2026-02-17T18:00:00Z,2026-02-18T03:00:00+05:00
forecast-fce499b0deb36b03f5c4b444,turbine_2,2026-02-17T18:00:00Z,2026-02-17T23:00:00Z,5,5,ml-03e3b3999293875db412a925,gfs-2a3e38b40450fa05a15b4ac1,verified_object_version,0.7707638696966486,forecast-fce499b0deb36b03f5c4b444,2026-02-17T18:00:00Z,2026-02-18T04:00:00+05:00
forecast-fce499b0deb36b03f5c4b444,turbine_2,2026-02-17T18:00:00Z,2026-02-18T00:00:00Z,6,6,ml-03e3b3999293875db412a925,gfs-2a3e38b40450fa05a15b4ac1,verified_object_version,0.7700144285423556,forecast-fce499b0deb36b03f5c4b444,2026-02-17T18:00:00Z,2026-02-18T05:00:00+05:00
forecast-fce499b0deb36b03f5c4b444,turbine_2,2026-02-17T18:00:00Z,2026-02-18T01:00:00Z,7,7,ml-03e3b3999293875db412a925,gfs-2a3e38b40450fa05a15b4ac1,verified_object_version,0.8221947569230308,forecast-fce499b0deb36b03f5c4b444,2026-02-17T18:00:00Z,2026-02-18T06:00:00+05:00
forecast-fce499b0deb36b03f5c4b444,turbine_2,2026-02-17T18:00:00Z,2026-02-18T02:00:00Z,8,8,ml-03e3b3999293875db412a925,gfs-2a3e38b40450fa05a15b4ac1,verified_object_version,0.758820446795116,forecast-fce499b0deb36b03f5c4b444,2026-02-17T18:00:00Z,2026-02-18T07:00:00+05:00
forecast-fce499b0deb36b03f5c4b444,turbine_2,2026-02-17T18:00:00Z,2026-02-18T03:00:00Z,9,9,ml-03e3b3999293875db412a925,gfs-2a3e38b40450fa05a15b4ac1,verified_object_version,0.7901755062578839,forecast-fce499b0deb36b03f5c4b444,2026-02-17T18:00:00Z,2026-02-18T08:00:00+05:00
forecast-fce499b0deb36b03f5c4b444,turbine_2,2026-02-17T18:00:00Z,2026-02-18T04:00:00Z,10,10,ml-03e3b3999293875db412a925,gfs-2a3e38b40450fa05a15b4ac1,verified_object_version,0.9123021784977523,forecast-fce499b0deb36b03f5c4b444,2026-02-17T18:00:00Z,2026-02-18T09:00:00+05:00
forecast-fce499b0deb36b03f5c4b444,turbine_2,2026-02-17T18:00:00Z,2026-02-18T05:00:00Z,11,11,ml-03e3b3999293875db412a925,gfs-2a3e38b40450fa05a15b4ac1,verified_object_version,0.9440706651775594,forecast-fce499b0deb36b03f5c4b444,2026-02-17T18:00:00Z,2026-02-18T10:00:00+05:00
forecast-fce499b0deb36b03f5c4b444,turbine_2,2026-02-17T18:00:00Z,2026-02-18T06:00:00Z,12,12,ml-03e3b3999293875db412a925,gfs-2a3e38b40450fa05a15b4ac1,verified_object_version,0.9582954801877429,forecast-fce499b0deb36b03f5c4b444,2026-02-17T18:00:00Z,2026-02-18T11:00:00+05:00
forecast-fce499b0deb36b03f5c4b444,turbine_2,2026-02-17T18:00:00Z,2026-02-18T07:00:00Z,13,13,ml-03e3b3999293875db412a925,gfs-2a3e38b40450fa05a15b4ac1,verified_object_version,0.9602682397903941,forecast-fce499b0deb36b03f5c4b444,2026-02-17T18:00:00Z,2026-02-18T12:00:00+05:00
forecast-fce499b0deb36b03f5c4b444,turbine_2,2026-02-17T18:00:00Z,2026-02-18T08:00:00Z,14,14,ml-03e3b3999293875db412a925,gfs-2a3e38b40450fa05a15b4ac1,verified_object_version,0.9756826659836227,forecast-fce499b0deb36b03f5c4b444,2026-02-17T18:00:00Z,2026-02-18T13:00:00+05:00
forecast-fce499b0deb36b03f5c4b444,turbine_2,2026-02-17T18:00:00Z,2026-02-18T09:00:00Z,15,15,ml-03e3b3999293875db412a925,gfs-2a3e38b40450fa05a15b4ac1,verified_object_version,0.9896480887237793,forecast-fce499b0deb36b03f5c4b444,2026-02-17T18:00:00Z,2026-02-18T14:00:00+05:00
forecast-fce499b0deb36b03f5c4b444,turbine_2,2026-02-17T18:00:00Z,2026-02-18T10:00:00Z,16,16,ml-03e3b3999293875db412a925,gfs-2a3e38b40450fa05a15b4ac1,verified_object_version,0.9939724406330609,forecast-fce499b0deb36b03f5c4b444,2026-02-17T18:00:00Z,2026-02-18T15:00:00+05:00
forecast-fce499b0deb36b03f5c4b444,turbine_2,2026-02-17T18:00:00Z,2026-02-18T11:00:00Z,17,17,ml-03e3b3999293875db412a925,gfs-2a3e38b40450fa05a15b4ac1,verified_object_version,0.9795749200095559,forecast-fce499b0deb36b03f5c4b444,2026-02-17T18:00:00Z,2026-02-18T16:00:00+05:00
forecast-fce499b0deb36b03f5c4b444,turbine_2,2026-02-17T18:00:00Z,2026-02-18T12:00:00Z,18,18,ml-03e3b3999293875db412a925,gfs-2a3e38b40450fa05a15b4ac1,verified_object_version,0.9498575370283664,forecast-fce499b0deb36b03f5c4b444,2026-02-17T18:00:00Z,2026-02-18T17:00:00+05:00
forecast-fce499b0deb36b03f5c4b444,turbine_2,2026-02-17T18:00:00Z,2026-02-18T13:00:00Z,19,19,ml-03e3b3999293875db412a925,gfs-2a3e38b40450fa05a15b4ac1,verified_object_version,0.7130350818716242,forecast-fce499b0deb36b03f5c4b444,2026-02-17T18:00:00Z,2026-02-18T18:00:00+05:00
forecast-fce499b0deb36b03f5c4b444,turbine_2,2026-02-17T18:00:00Z,2026-02-18T14:00:00Z,20,20,ml-03e3b3999293875db412a925,gfs-2a3e38b40450fa05a15b4ac1,verified_object_version,0.6645476899543115,forecast-fce499b0deb36b03f5c4b444,2026-02-17T18:00:00Z,2026-02-18T19:00:00+05:00
forecast-fce499b0deb36b03f5c4b444,turbine_2,2026-02-17T18:00:00Z,2026-02-18T15:00:00Z,21,21,ml-03e3b3999293875db412a925,gfs-2a3e38b40450fa05a15b4ac1,verified_object_version,0.6200811514491814,forecast-fce499b0deb36b03f5c4b444,2026-02-17T18:00:00Z,2026-02-18T20:00:00+05:00
forecast-fce499b0deb36b03f5c4b444,turbine_2,2026-02-17T18:00:00Z,2026-02-18T16:00:00Z,22,22,ml-03e3b3999293875db412a925,gfs-2a3e38b40450fa05a15b4ac1,verified_object_version,0.615477776503107,forecast-fce499b0deb36b03f5c4b444,2026-02-17T18:00:00Z,2026-02-18T21:00:00+05:00
forecast-fce499b0deb36b03f5c4b444,turbine_2,2026-02-17T18:00:00Z,2026-02-18T17:00:00Z,23,23,ml-03e3b3999293875db412a925,gfs-2a3e38b40450fa05a15b4ac1,verified_object_version,0.8369984880376059,forecast-fce499b0deb36b03f5c4b444,2026-02-17T18:00:00Z,2026-02-18T22:00:00+05:00
forecast-fce499b0deb36b03f5c4b444,turbine_2,2026-02-17T18:00:00Z,2026-02-18T18:00:00Z,24,24,ml-03e3b3999293875db412a925,gfs-2a3e38b40450fa05a15b4ac1,verified_object_version,0.8167777143023903,forecast-fce499b0deb36b03f5c4b444,2026-02-17T18:00:00Z,2026-02-18T23:00:00+05:00
forecast-ac0901c260e1403f37d0b95f,turbine_2,2026-02-18T18:00:00Z,2026-02-18T19:00:00Z,1,1,ml-03e3b3999293875db412a925,gfs-a36079ec291be0a114e69375,verified_object_version,0.775512994683687,forecast-ac0901c260e1403f37d0b95f,2026-02-18T18:00:00Z,2026-02-19T00:00:00+05:00
forecast-ac0901c260e1403f37d0b95f,turbine_2,2026-02-18T18:00:00Z,2026-02-18T20:00:00Z,2,2,ml-03e3b3999293875db412a925,gfs-a36079ec291be0a114e69375,verified_object_version,0.6825286103967712,forecast-ac0901c260e1403f37d0b95f,2026-02-18T18:00:00Z,2026-02-19T01:00:00+05:00
forecast-ac0901c260e1403f37d0b95f,turbine_2,2026-02-18T18:00:00Z,2026-02-18T21:00:00Z,3,3,ml-03e3b3999293875db412a925,gfs-a36079ec291be0a114e69375,verified_object_version,0.47090973732873087,forecast-ac0901c260e1403f37d0b95f,2026-02-18T18:00:00Z,2026-02-19T02:00:00+05:00
forecast-ac0901c260e1403f37d0b95f,turbine_2,2026-02-18T18:00:00Z,2026-02-18T22:00:00Z,4,4,ml-03e3b3999293875db412a925,gfs-a36079ec291be0a114e69375,verified_object_version,0.4844223879649442,forecast-ac0901c260e1403f37d0b95f,2026-02-18T18:00:00Z,2026-02-19T03:00:00+05:00
forecast-ac0901c260e1403f37d0b95f,turbine_2,2026-02-18T18:00:00Z,2026-02-18T23:00:00Z,5,5,ml-03e3b3999293875db412a925,gfs-a36079ec291be0a114e69375,verified_object_version,0.4547903109139777,forecast-ac0901c260e1403f37d0b95f,2026-02-18T18:00:00Z,2026-02-19T04:00:00+05:00
forecast-ac0901c260e1403f37d0b95f,turbine_2,2026-02-18T18:00:00Z,2026-02-19T00:00:00Z,6,6,ml-03e3b3999293875db412a925,gfs-a36079ec291be0a114e69375,verified_object_version,0.42670546574885404,forecast-ac0901c260e1403f37d0b95f,2026-02-18T18:00:00Z,2026-02-19T05:00:00+05:00
forecast-ac0901c260e1403f37d0b95f,turbine_2,2026-02-18T18:00:00Z,2026-02-19T01:00:00Z,7,7,ml-03e3b3999293875db412a925,gfs-a36079ec291be0a114e69375,verified_object_version,0.3859395496271917,forecast-ac0901c260e1403f37d0b95f,2026-02-18T18:00:00Z,2026-02-19T06:00:00+05:00
forecast-ac0901c260e1403f37d0b95f,turbine_2,2026-02-18T18:00:00Z,2026-02-19T02:00:00Z,8,8,ml-03e3b3999293875db412a925,gfs-a36079ec291be0a114e69375,verified_object_version,0.486095071715934,forecast-ac0901c260e1403f37d0b95f,2026-02-18T18:00:00Z,2026-02-19T07:00:00+05:00
forecast-ac0901c260e1403f37d0b95f,turbine_2,2026-02-18T18:00:00Z,2026-02-19T03:00:00Z,9,9,ml-03e3b3999293875db412a925,gfs-a36079ec291be0a114e69375,verified_object_version,0.44220101856800986,forecast-ac0901c260e1403f37d0b95f,2026-02-18T18:00:00Z,2026-02-19T08:00:00+05:00
forecast-ac0901c260e1403f37d0b95f,turbine_2,2026-02-18T18:00:00Z,2026-02-19T04:00:00Z,10,10,ml-03e3b3999293875db412a925,gfs-a36079ec291be0a114e69375,verified_object_version,0.46125172457581787,forecast-ac0901c260e1403f37d0b95f,2026-02-18T18:00:00Z,2026-02-19T09:00:00+05:00
forecast-ac0901c260e1403f37d0b95f,turbine_2,2026-02-18T18:00:00Z,2026-02-19T05:00:00Z,11,11,ml-03e3b3999293875db412a925,gfs-a36079ec291be0a114e69375,verified_object_version,0.41041331753904897,forecast-ac0901c260e1403f37d0b95f,2026-02-18T18:00:00Z,2026-02-19T10:00:00+05:00
forecast-ac0901c260e1403f37d0b95f,turbine_2,2026-02-18T18:00:00Z,2026-02-19T06:00:00Z,12,12,ml-03e3b3999293875db412a925,gfs-a36079ec291be0a114e69375,verified_object_version,0.3460318388714605,forecast-ac0901c260e1403f37d0b95f,2026-02-18T18:00:00Z,2026-02-19T11:00:00+05:00
forecast-ac0901c260e1403f37d0b95f,turbine_2,2026-02-18T18:00:00Z,2026-02-19T07:00:00Z,13,13,ml-03e3b3999293875db412a925,gfs-a36079ec291be0a114e69375,verified_object_version,0.262071257701129,forecast-ac0901c260e1403f37d0b95f,2026-02-18T18:00:00Z,2026-02-19T12:00:00+05:00
forecast-ac0901c260e1403f37d0b95f,turbine_2,2026-02-18T18:00:00Z,2026-02-19T08:00:00Z,14,14,ml-03e3b3999293875db412a925,gfs-a36079ec291be0a114e69375,verified_object_version,0.3052077201913741,forecast-ac0901c260e1403f37d0b95f,2026-02-18T18:00:00Z,2026-02-19T13:00:00+05:00
forecast-ac0901c260e1403f37d0b95f,turbine_2,2026-02-18T18:00:00Z,2026-02-19T09:00:00Z,15,15,ml-03e3b3999293875db412a925,gfs-a36079ec291be0a114e69375,verified_object_version,0.2570366739817339,forecast-ac0901c260e1403f37d0b95f,2026-02-18T18:00:00Z,2026-02-19T14:00:00+05:00
forecast-ac0901c260e1403f37d0b95f,turbine_2,2026-02-18T18:00:00Z,2026-02-19T10:00:00Z,16,16,ml-03e3b3999293875db412a925,gfs-a36079ec291be0a114e69375,verified_object_version,0.141343319944522,forecast-ac0901c260e1403f37d0b95f,2026-02-18T18:00:00Z,2026-02-19T15:00:00+05:00
forecast-ac0901c260e1403f37d0b95f,turbine_2,2026-02-18T18:00:00Z,2026-02-19T11:00:00Z,17,17,ml-03e3b3999293875db412a925,gfs-a36079ec291be0a114e69375,verified_object_version,0.12976318205850146,forecast-ac0901c260e1403f37d0b95f,2026-02-18T18:00:00Z,2026-02-19T16:00:00+05:00
forecast-ac0901c260e1403f37d0b95f,turbine_2,2026-02-18T18:00:00Z,2026-02-19T12:00:00Z,18,18,ml-03e3b3999293875db412a925,gfs-a36079ec291be0a114e69375,verified_object_version,0.12989513206984904,forecast-ac0901c260e1403f37d0b95f,2026-02-18T18:00:00Z,2026-02-19T17:00:00+05:00
forecast-ac0901c260e1403f37d0b95f,turbine_2,2026-02-18T18:00:00Z,2026-02-19T13:00:00Z,19,19,ml-03e3b3999293875db412a925,gfs-a36079ec291be0a114e69375,verified_object_version,0.1417689565591345,forecast-ac0901c260e1403f37d0b95f,2026-02-18T18:00:00Z,2026-02-19T18:00:00+05:00
forecast-ac0901c260e1403f37d0b95f,turbine_2,2026-02-18T18:00:00Z,2026-02-19T14:00:00Z,20,20,ml-03e3b3999293875db412a925,gfs-a36079ec291be0a114e69375,verified_object_version,0.23089508363071348,forecast-ac0901c260e1403f37d0b95f,2026-02-18T18:00:00Z,2026-02-19T19:00:00+05:00
forecast-ac0901c260e1403f37d0b95f,turbine_2,2026-02-18T18:00:00Z,2026-02-19T15:00:00Z,21,21,ml-03e3b3999293875db412a925,gfs-a36079ec291be0a114e69375,verified_object_version,0.15257955088487488,forecast-ac0901c260e1403f37d0b95f,2026-02-18T18:00:00Z,2026-02-19T20:00:00+05:00
forecast-ac0901c260e1403f37d0b95f,turbine_2,2026-02-18T18:00:00Z,2026-02-19T16:00:00Z,22,22,ml-03e3b3999293875db412a925,gfs-a36079ec291be0a114e69375,verified_object_version,0.11216484867673468,forecast-ac0901c260e1403f37d0b95f,2026-02-18T18:00:00Z,2026-02-19T21:00:00+05:00
forecast-ac0901c260e1403f37d0b95f,turbine_2,2026-02-18T18:00:00Z,2026-02-19T17:00:00Z,23,23,ml-03e3b3999293875db412a925,gfs-a36079ec291be0a114e69375,verified_object_version,0.11315433881319863,forecast-ac0901c260e1403f37d0b95f,2026-02-18T18:00:00Z,2026-02-19T22:00:00+05:00
forecast-ac0901c260e1403f37d0b95f,turbine_2,2026-02-18T18:00:00Z,2026-02-19T18:00:00Z,24,24,ml-03e3b3999293875db412a925,gfs-a36079ec291be0a114e69375,verified_object_version,0.06778427415981603,forecast-ac0901c260e1403f37d0b95f,2026-02-18T18:00:00Z,2026-02-19T23:00:00+05:00
forecast-85425196408bbe7c6c8416ce,turbine_2,2026-02-19T18:00:00Z,2026-02-19T19:00:00Z,1,1,ml-03e3b3999293875db412a925,gfs-7a66239ba6e46cf13e00a8ac,verified_object_version,0.022313502322213713,forecast-85425196408bbe7c6c8416ce,2026-02-19T18:00:00Z,2026-02-20T00:00:00+05:00
forecast-85425196408bbe7c6c8416ce,turbine_2,2026-02-19T18:00:00Z,2026-02-19T20:00:00Z,2,2,ml-03e3b3999293875db412a925,gfs-7a66239ba6e46cf13e00a8ac,verified_object_version,0.015671411688214704,forecast-85425196408bbe7c6c8416ce,2026-02-19T18:00:00Z,2026-02-20T01:00:00+05:00
forecast-85425196408bbe7c6c8416ce,turbine_2,2026-02-19T18:00:00Z,2026-02-19T21:00:00Z,3,3,ml-03e3b3999293875db412a925,gfs-7a66239ba6e46cf13e00a8ac,verified_object_version,0.01507206508998668,forecast-85425196408bbe7c6c8416ce,2026-02-19T18:00:00Z,2026-02-20T02:00:00+05:00
forecast-85425196408bbe7c6c8416ce,turbine_2,2026-02-19T18:00:00Z,2026-02-19T22:00:00Z,4,4,ml-03e3b3999293875db412a925,gfs-7a66239ba6e46cf13e00a8ac,verified_object_version,0.03578651634636357,forecast-85425196408bbe7c6c8416ce,2026-02-19T18:00:00Z,2026-02-20T03:00:00+05:00
forecast-85425196408bbe7c6c8416ce,turbine_2,2026-02-19T18:00:00Z,2026-02-19T23:00:00Z,5,5,ml-03e3b3999293875db412a925,gfs-7a66239ba6e46cf13e00a8ac,verified_object_version,0.07801102662290668,forecast-85425196408bbe7c6c8416ce,2026-02-19T18:00:00Z,2026-02-20T04:00:00+05:00
forecast-85425196408bbe7c6c8416ce,turbine_2,2026-02-19T18:00:00Z,2026-02-20T00:00:00Z,6,6,ml-03e3b3999293875db412a925,gfs-7a66239ba6e46cf13e00a8ac,verified_object_version,0.11082086735349143,forecast-85425196408bbe7c6c8416ce,2026-02-19T18:00:00Z,2026-02-20T05:00:00+05:00
forecast-85425196408bbe7c6c8416ce,turbine_2,2026-02-19T18:00:00Z,2026-02-20T01:00:00Z,7,7,ml-03e3b3999293875db412a925,gfs-7a66239ba6e46cf13e00a8ac,verified_object_version,0.1319027744579139,forecast-85425196408bbe7c6c8416ce,2026-02-19T18:00:00Z,2026-02-20T06:00:00+05:00
forecast-85425196408bbe7c6c8416ce,turbine_2,2026-02-19T18:00:00Z,2026-02-20T02:00:00Z,8,8,ml-03e3b3999293875db412a925,gfs-7a66239ba6e46cf13e00a8ac,verified_object_version,0.12550200030411474,forecast-85425196408bbe7c6c8416ce,2026-02-19T18:00:00Z,2026-02-20T07:00:00+05:00
forecast-85425196408bbe7c6c8416ce,turbine_2,2026-02-19T18:00:00Z,2026-02-20T03:00:00Z,9,9,ml-03e3b3999293875db412a925,gfs-7a66239ba6e46cf13e00a8ac,verified_object_version,0.1242103963871701,forecast-85425196408bbe7c6c8416ce,2026-02-19T18:00:00Z,2026-02-20T08:00:00+05:00
forecast-85425196408bbe7c6c8416ce,turbine_2,2026-02-19T18:00:00Z,2026-02-20T04:00:00Z,10,10,ml-03e3b3999293875db412a925,gfs-7a66239ba6e46cf13e00a8ac,verified_object_version,0.14776904341737862,forecast-85425196408bbe7c6c8416ce,2026-02-19T18:00:00Z,2026-02-20T09:00:00+05:00
forecast-85425196408bbe7c6c8416ce,turbine_2,2026-02-19T18:00:00Z,2026-02-20T05:00:00Z,11,11,ml-03e3b3999293875db412a925,gfs-7a66239ba6e46cf13e00a8ac,verified_object_version,0.16753049180307789,forecast-85425196408bbe7c6c8416ce,2026-02-19T18:00:00Z,2026-02-20T10:00:00+05:00
forecast-85425196408bbe7c6c8416ce,turbine_2,2026-02-19T18:00:00Z,2026-02-20T06:00:00Z,12,12,ml-03e3b3999293875db412a925,gfs-7a66239ba6e46cf13e00a8ac,verified_object_version,0.15396032957558642,forecast-85425196408bbe7c6c8416ce,2026-02-19T18:00:00Z,2026-02-20T11:00:00+05:00
forecast-85425196408bbe7c6c8416ce,turbine_2,2026-02-19T18:00:00Z,2026-02-20T07:00:00Z,13,13,ml-03e3b3999293875db412a925,gfs-7a66239ba6e46cf13e00a8ac,verified_object_version,0.14176531059709235,forecast-85425196408bbe7c6c8416ce,2026-02-19T18:00:00Z,2026-02-20T12:00:00+05:00
forecast-85425196408bbe7c6c8416ce,turbine_2,2026-02-19T18:00:00Z,2026-02-20T08:00:00Z,14,14,ml-03e3b3999293875db412a925,gfs-7a66239ba6e46cf13e00a8ac,verified_object_version,0.12352752745025229,forecast-85425196408bbe7c6c8416ce,2026-02-19T18:00:00Z,2026-02-20T13:00:00+05:00
forecast-85425196408bbe7c6c8416ce,turbine_2,2026-02-19T18:00:00Z,2026-02-20T09:00:00Z,15,15,ml-03e3b3999293875db412a925,gfs-7a66239ba6e46cf13e00a8ac,verified_object_version,0.09896901724460326,forecast-85425196408bbe7c6c8416ce,2026-02-19T18:00:00Z,2026-02-20T14:00:00+05:00
forecast-85425196408bbe7c6c8416ce,turbine_2,2026-02-19T18:00:00Z,2026-02-20T10:00:00Z,16,16,ml-03e3b3999293875db412a925,gfs-7a66239ba6e46cf13e00a8ac,verified_object_version,0.06077876306398661,forecast-85425196408bbe7c6c8416ce,2026-02-19T18:00:00Z,2026-02-20T15:00:00+05:00
forecast-85425196408bbe7c6c8416ce,turbine_2,2026-02-19T18:00:00Z,2026-02-20T11:00:00Z,17,17,ml-03e3b3999293875db412a925,gfs-7a66239ba6e46cf13e00a8ac,verified_object_version,0.04674849016084745,forecast-85425196408bbe7c6c8416ce,2026-02-19T18:00:00Z,2026-02-20T16:00:00+05:00
forecast-85425196408bbe7c6c8416ce,turbine_2,2026-02-19T18:00:00Z,2026-02-20T12:00:00Z,18,18,ml-03e3b3999293875db412a925,gfs-7a66239ba6e46cf13e00a8ac,verified_object_version,0.04357853380505469,forecast-85425196408bbe7c6c8416ce,2026-02-19T18:00:00Z,2026-02-20T17:00:00+05:00
forecast-85425196408bbe7c6c8416ce,turbine_2,2026-02-19T18:00:00Z,2026-02-20T13:00:00Z,19,19,ml-03e3b3999293875db412a925,gfs-7a66239ba6e46cf13e00a8ac,verified_object_version,0.08668305052770987,forecast-85425196408bbe7c6c8416ce,2026-02-19T18:00:00Z,2026-02-20T18:00:00+05:00
forecast-85425196408bbe7c6c8416ce,turbine_2,2026-02-19T18:00:00Z,2026-02-20T14:00:00Z,20,20,ml-03e3b3999293875db412a925,gfs-7a66239ba6e46cf13e00a8ac,verified_object_version,0.6575545387665168,forecast-85425196408bbe7c6c8416ce,2026-02-19T18:00:00Z,2026-02-20T19:00:00+05:00
forecast-85425196408bbe7c6c8416ce,turbine_2,2026-02-19T18:00:00Z,2026-02-20T15:00:00Z,21,21,ml-03e3b3999293875db412a925,gfs-7a66239ba6e46cf13e00a8ac,verified_object_version,0.8744553343090704,forecast-85425196408bbe7c6c8416ce,2026-02-19T18:00:00Z,2026-02-20T20:00:00+05:00
forecast-85425196408bbe7c6c8416ce,turbine_2,2026-02-19T18:00:00Z,2026-02-20T16:00:00Z,22,22,ml-03e3b3999293875db412a925,gfs-7a66239ba6e46cf13e00a8ac,verified_object_version,0.9245924680561246,forecast-85425196408bbe7c6c8416ce,2026-02-19T18:00:00Z,2026-02-20T21:00:00+05:00
forecast-85425196408bbe7c6c8416ce,turbine_2,2026-02-19T18:00:00Z,2026-02-20T17:00:00Z,23,23,ml-03e3b3999293875db412a925,gfs-7a66239ba6e46cf13e00a8ac,verified_object_version,0.9272000125716121,forecast-85425196408bbe7c6c8416ce,2026-02-19T18:00:00Z,2026-02-20T22:00:00+05:00
forecast-85425196408bbe7c6c8416ce,turbine_2,2026-02-19T18:00:00Z,2026-02-20T18:00:00Z,24,24,ml-03e3b3999293875db412a925,gfs-7a66239ba6e46cf13e00a8ac,verified_object_version,0.9066095699508763,forecast-85425196408bbe7c6c8416ce,2026-02-19T18:00:00Z,2026-02-20T23:00:00+05:00
forecast-787af6d7b1bf606aa07d392a,turbine_2,2026-02-20T18:00:00Z,2026-02-20T19:00:00Z,1,1,ml-03e3b3999293875db412a925,gfs-e3977ca1233baebc0e01066b,verified_object_version,0.8350686461201445,forecast-787af6d7b1bf606aa07d392a,2026-02-20T18:00:00Z,2026-02-21T00:00:00+05:00
forecast-787af6d7b1bf606aa07d392a,turbine_2,2026-02-20T18:00:00Z,2026-02-20T20:00:00Z,2,2,ml-03e3b3999293875db412a925,gfs-e3977ca1233baebc0e01066b,verified_object_version,0.797955156403071,forecast-787af6d7b1bf606aa07d392a,2026-02-20T18:00:00Z,2026-02-21T01:00:00+05:00
forecast-787af6d7b1bf606aa07d392a,turbine_2,2026-02-20T18:00:00Z,2026-02-20T21:00:00Z,3,3,ml-03e3b3999293875db412a925,gfs-e3977ca1233baebc0e01066b,verified_object_version,0.7830830860589495,forecast-787af6d7b1bf606aa07d392a,2026-02-20T18:00:00Z,2026-02-21T02:00:00+05:00
forecast-787af6d7b1bf606aa07d392a,turbine_2,2026-02-20T18:00:00Z,2026-02-20T22:00:00Z,4,4,ml-03e3b3999293875db412a925,gfs-e3977ca1233baebc0e01066b,verified_object_version,0.7205605053977341,forecast-787af6d7b1bf606aa07d392a,2026-02-20T18:00:00Z,2026-02-21T03:00:00+05:00
forecast-787af6d7b1bf606aa07d392a,turbine_2,2026-02-20T18:00:00Z,2026-02-20T23:00:00Z,5,5,ml-03e3b3999293875db412a925,gfs-e3977ca1233baebc0e01066b,verified_object_version,0.6216104463882967,forecast-787af6d7b1bf606aa07d392a,2026-02-20T18:00:00Z,2026-02-21T04:00:00+05:00
forecast-787af6d7b1bf606aa07d392a,turbine_2,2026-02-20T18:00:00Z,2026-02-21T00:00:00Z,6,6,ml-03e3b3999293875db412a925,gfs-e3977ca1233baebc0e01066b,verified_object_version,0.46227595923521736,forecast-787af6d7b1bf606aa07d392a,2026-02-20T18:00:00Z,2026-02-21T05:00:00+05:00
forecast-787af6d7b1bf606aa07d392a,turbine_2,2026-02-20T18:00:00Z,2026-02-21T01:00:00Z,7,7,ml-03e3b3999293875db412a925,gfs-e3977ca1233baebc0e01066b,verified_object_version,0.4369351068093611,forecast-787af6d7b1bf606aa07d392a,2026-02-20T18:00:00Z,2026-02-21T06:00:00+05:00
forecast-787af6d7b1bf606aa07d392a,turbine_2,2026-02-20T18:00:00Z,2026-02-21T02:00:00Z,8,8,ml-03e3b3999293875db412a925,gfs-e3977ca1233baebc0e01066b,verified_object_version,0.49450465127707555,forecast-787af6d7b1bf606aa07d392a,2026-02-20T18:00:00Z,2026-02-21T07:00:00+05:00
forecast-787af6d7b1bf606aa07d392a,turbine_2,2026-02-20T18:00:00Z,2026-02-21T03:00:00Z,9,9,ml-03e3b3999293875db412a925,gfs-e3977ca1233baebc0e01066b,verified_object_version,0.3548079786157088,forecast-787af6d7b1bf606aa07d392a,2026-02-20T18:00:00Z,2026-02-21T08:00:00+05:00
forecast-787af6d7b1bf606aa07d392a,turbine_2,2026-02-20T18:00:00Z,2026-02-21T04:00:00Z,10,10,ml-03e3b3999293875db412a925,gfs-e3977ca1233baebc0e01066b,verified_object_version,0.41199314881213644,forecast-787af6d7b1bf606aa07d392a,2026-02-20T18:00:00Z,2026-02-21T09:00:00+05:00
forecast-787af6d7b1bf606aa07d392a,turbine_2,2026-02-20T18:00:00Z,2026-02-21T05:00:00Z,11,11,ml-03e3b3999293875db412a925,gfs-e3977ca1233baebc0e01066b,verified_object_version,0.08124137919071943,forecast-787af6d7b1bf606aa07d392a,2026-02-20T18:00:00Z,2026-02-21T10:00:00+05:00
forecast-787af6d7b1bf606aa07d392a,turbine_2,2026-02-20T18:00:00Z,2026-02-21T06:00:00Z,12,12,ml-03e3b3999293875db412a925,gfs-e3977ca1233baebc0e01066b,verified_object_version,0.018124937793486867,forecast-787af6d7b1bf606aa07d392a,2026-02-20T18:00:00Z,2026-02-21T11:00:00+05:00
forecast-787af6d7b1bf606aa07d392a,turbine_2,2026-02-20T18:00:00Z,2026-02-21T07:00:00Z,13,13,ml-03e3b3999293875db412a925,gfs-e3977ca1233baebc0e01066b,verified_object_version,0.9555454183916955,forecast-787af6d7b1bf606aa07d392a,2026-02-20T18:00:00Z,2026-02-21T12:00:00+05:00
forecast-787af6d7b1bf606aa07d392a,turbine_2,2026-02-20T18:00:00Z,2026-02-21T08:00:00Z,14,14,ml-03e3b3999293875db412a925,gfs-e3977ca1233baebc0e01066b,verified_object_version,0.918098430647497,forecast-787af6d7b1bf606aa07d392a,2026-02-20T18:00:00Z,2026-02-21T13:00:00+05:00
forecast-787af6d7b1bf606aa07d392a,turbine_2,2026-02-20T18:00:00Z,2026-02-21T09:00:00Z,15,15,ml-03e3b3999293875db412a925,gfs-e3977ca1233baebc0e01066b,verified_object_version,0.9696653678637571,forecast-787af6d7b1bf606aa07d392a,2026-02-20T18:00:00Z,2026-02-21T14:00:00+05:00
forecast-787af6d7b1bf606aa07d392a,turbine_2,2026-02-20T18:00:00Z,2026-02-21T10:00:00Z,16,16,ml-03e3b3999293875db412a925,gfs-e3977ca1233baebc0e01066b,verified_object_version,0.9504842919003117,forecast-787af6d7b1bf606aa07d392a,2026-02-20T18:00:00Z,2026-02-21T15:00:00+05:00
forecast-787af6d7b1bf606aa07d392a,turbine_2,2026-02-20T18:00:00Z,2026-02-21T11:00:00Z,17,17,ml-03e3b3999293875db412a925,gfs-e3977ca1233baebc0e01066b,verified_object_version,0.6376065838891398,forecast-787af6d7b1bf606aa07d392a,2026-02-20T18:00:00Z,2026-02-21T16:00:00+05:00
forecast-787af6d7b1bf606aa07d392a,turbine_2,2026-02-20T18:00:00Z,2026-02-21T12:00:00Z,18,18,ml-03e3b3999293875db412a925,gfs-e3977ca1233baebc0e01066b,verified_object_version,0.5129228202948288,forecast-787af6d7b1bf606aa07d392a,2026-02-20T18:00:00Z,2026-02-21T17:00:00+05:00
forecast-787af6d7b1bf606aa07d392a,turbine_2,2026-02-20T18:00:00Z,2026-02-21T13:00:00Z,19,19,ml-03e3b3999293875db412a925,gfs-e3977ca1233baebc0e01066b,verified_object_version,0.4247593192606955,forecast-787af6d7b1bf606aa07d392a,2026-02-20T18:00:00Z,2026-02-21T18:00:00+05:00
forecast-787af6d7b1bf606aa07d392a,turbine_2,2026-02-20T18:00:00Z,2026-02-21T14:00:00Z,20,20,ml-03e3b3999293875db412a925,gfs-e3977ca1233baebc0e01066b,verified_object_version,0.700277960574977,forecast-787af6d7b1bf606aa07d392a,2026-02-20T18:00:00Z,2026-02-21T19:00:00+05:00
forecast-787af6d7b1bf606aa07d392a,turbine_2,2026-02-20T18:00:00Z,2026-02-21T15:00:00Z,21,21,ml-03e3b3999293875db412a925,gfs-e3977ca1233baebc0e01066b,verified_object_version,0.6717992177364566,forecast-787af6d7b1bf606aa07d392a,2026-02-20T18:00:00Z,2026-02-21T20:00:00+05:00
forecast-787af6d7b1bf606aa07d392a,turbine_2,2026-02-20T18:00:00Z,2026-02-21T16:00:00Z,22,22,ml-03e3b3999293875db412a925,gfs-e3977ca1233baebc0e01066b,verified_object_version,0.34136871668659424,forecast-787af6d7b1bf606aa07d392a,2026-02-20T18:00:00Z,2026-02-21T21:00:00+05:00
forecast-787af6d7b1bf606aa07d392a,turbine_2,2026-02-20T18:00:00Z,2026-02-21T17:00:00Z,23,23,ml-03e3b3999293875db412a925,gfs-e3977ca1233baebc0e01066b,verified_object_version,0.14852028262489764,forecast-787af6d7b1bf606aa07d392a,2026-02-20T18:00:00Z,2026-02-21T22:00:00+05:00
forecast-787af6d7b1bf606aa07d392a,turbine_2,2026-02-20T18:00:00Z,2026-02-21T18:00:00Z,24,24,ml-03e3b3999293875db412a925,gfs-e3977ca1233baebc0e01066b,verified_object_version,0.10578133806267746,forecast-787af6d7b1bf606aa07d392a,2026-02-20T18:00:00Z,2026-02-21T23:00:00+05:00
forecast-a4c5c3a2d3473552e060b1a7,turbine_2,2026-02-21T18:00:00Z,2026-02-21T19:00:00Z,1,1,ml-03e3b3999293875db412a925,gfs-a68354390bf8097632ab58b6,verified_object_version,0.01694999621595808,forecast-a4c5c3a2d3473552e060b1a7,2026-02-21T18:00:00Z,2026-02-22T00:00:00+05:00
forecast-a4c5c3a2d3473552e060b1a7,turbine_2,2026-02-21T18:00:00Z,2026-02-21T20:00:00Z,2,2,ml-03e3b3999293875db412a925,gfs-a68354390bf8097632ab58b6,verified_object_version,0.01357481727582685,forecast-a4c5c3a2d3473552e060b1a7,2026-02-21T18:00:00Z,2026-02-22T01:00:00+05:00
forecast-a4c5c3a2d3473552e060b1a7,turbine_2,2026-02-21T18:00:00Z,2026-02-21T21:00:00Z,3,3,ml-03e3b3999293875db412a925,gfs-a68354390bf8097632ab58b6,verified_object_version,0.013332277101774176,forecast-a4c5c3a2d3473552e060b1a7,2026-02-21T18:00:00Z,2026-02-22T02:00:00+05:00
forecast-a4c5c3a2d3473552e060b1a7,turbine_2,2026-02-21T18:00:00Z,2026-02-21T22:00:00Z,4,4,ml-03e3b3999293875db412a925,gfs-a68354390bf8097632ab58b6,verified_object_version,0.012294268283154108,forecast-a4c5c3a2d3473552e060b1a7,2026-02-21T18:00:00Z,2026-02-22T03:00:00+05:00
forecast-a4c5c3a2d3473552e060b1a7,turbine_2,2026-02-21T18:00:00Z,2026-02-21T23:00:00Z,5,5,ml-03e3b3999293875db412a925,gfs-a68354390bf8097632ab58b6,verified_object_version,0.010623217629606274,forecast-a4c5c3a2d3473552e060b1a7,2026-02-21T18:00:00Z,2026-02-22T04:00:00+05:00
forecast-a4c5c3a2d3473552e060b1a7,turbine_2,2026-02-21T18:00:00Z,2026-02-22T00:00:00Z,6,6,ml-03e3b3999293875db412a925,gfs-a68354390bf8097632ab58b6,verified_object_version,0.011507415821901096,forecast-a4c5c3a2d3473552e060b1a7,2026-02-21T18:00:00Z,2026-02-22T05:00:00+05:00
forecast-a4c5c3a2d3473552e060b1a7,turbine_2,2026-02-21T18:00:00Z,2026-02-22T01:00:00Z,7,7,ml-03e3b3999293875db412a925,gfs-a68354390bf8097632ab58b6,verified_object_version,0.04228582204933193,forecast-a4c5c3a2d3473552e060b1a7,2026-02-21T18:00:00Z,2026-02-22T06:00:00+05:00
forecast-a4c5c3a2d3473552e060b1a7,turbine_2,2026-02-21T18:00:00Z,2026-02-22T02:00:00Z,8,8,ml-03e3b3999293875db412a925,gfs-a68354390bf8097632ab58b6,verified_object_version,0.38237553486627535,forecast-a4c5c3a2d3473552e060b1a7,2026-02-21T18:00:00Z,2026-02-22T07:00:00+05:00
forecast-a4c5c3a2d3473552e060b1a7,turbine_2,2026-02-21T18:00:00Z,2026-02-22T03:00:00Z,9,9,ml-03e3b3999293875db412a925,gfs-a68354390bf8097632ab58b6,verified_object_version,0.6943350400936483,forecast-a4c5c3a2d3473552e060b1a7,2026-02-21T18:00:00Z,2026-02-22T08:00:00+05:00
forecast-a4c5c3a2d3473552e060b1a7,turbine_2,2026-02-21T18:00:00Z,2026-02-22T04:00:00Z,10,10,ml-03e3b3999293875db412a925,gfs-a68354390bf8097632ab58b6,verified_object_version,0.8920167940247655,forecast-a4c5c3a2d3473552e060b1a7,2026-02-21T18:00:00Z,2026-02-22T09:00:00+05:00
forecast-a4c5c3a2d3473552e060b1a7,turbine_2,2026-02-21T18:00:00Z,2026-02-22T05:00:00Z,11,11,ml-03e3b3999293875db412a925,gfs-a68354390bf8097632ab58b6,verified_object_version,0.9471431826933348,forecast-a4c5c3a2d3473552e060b1a7,2026-02-21T18:00:00Z,2026-02-22T10:00:00+05:00
forecast-a4c5c3a2d3473552e060b1a7,turbine_2,2026-02-21T18:00:00Z,2026-02-22T06:00:00Z,12,12,ml-03e3b3999293875db412a925,gfs-a68354390bf8097632ab58b6,verified_object_version,0.9456385039260904,forecast-a4c5c3a2d3473552e060b1a7,2026-02-21T18:00:00Z,2026-02-22T11:00:00+05:00
forecast-a4c5c3a2d3473552e060b1a7,turbine_2,2026-02-21T18:00:00Z,2026-02-22T07:00:00Z,13,13,ml-03e3b3999293875db412a925,gfs-a68354390bf8097632ab58b6,verified_object_version,0.948664475429009,forecast-a4c5c3a2d3473552e060b1a7,2026-02-21T18:00:00Z,2026-02-22T12:00:00+05:00
forecast-a4c5c3a2d3473552e060b1a7,turbine_2,2026-02-21T18:00:00Z,2026-02-22T08:00:00Z,14,14,ml-03e3b3999293875db412a925,gfs-a68354390bf8097632ab58b6,verified_object_version,0.9710682747602531,forecast-a4c5c3a2d3473552e060b1a7,2026-02-21T18:00:00Z,2026-02-22T13:00:00+05:00
forecast-a4c5c3a2d3473552e060b1a7,turbine_2,2026-02-21T18:00:00Z,2026-02-22T09:00:00Z,15,15,ml-03e3b3999293875db412a925,gfs-a68354390bf8097632ab58b6,verified_object_version,0.9716635929109836,forecast-a4c5c3a2d3473552e060b1a7,2026-02-21T18:00:00Z,2026-02-22T14:00:00+05:00
forecast-a4c5c3a2d3473552e060b1a7,turbine_2,2026-02-21T18:00:00Z,2026-02-22T10:00:00Z,16,16,ml-03e3b3999293875db412a925,gfs-a68354390bf8097632ab58b6,verified_object_version,0.9916496640526784,forecast-a4c5c3a2d3473552e060b1a7,2026-02-21T18:00:00Z,2026-02-22T15:00:00+05:00
forecast-a4c5c3a2d3473552e060b1a7,turbine_2,2026-02-21T18:00:00Z,2026-02-22T11:00:00Z,17,17,ml-03e3b3999293875db412a925,gfs-a68354390bf8097632ab58b6,verified_object_version,0.9577333435299797,forecast-a4c5c3a2d3473552e060b1a7,2026-02-21T18:00:00Z,2026-02-22T16:00:00+05:00
forecast-a4c5c3a2d3473552e060b1a7,turbine_2,2026-02-21T18:00:00Z,2026-02-22T12:00:00Z,18,18,ml-03e3b3999293875db412a925,gfs-a68354390bf8097632ab58b6,verified_object_version,0.920838772596033,forecast-a4c5c3a2d3473552e060b1a7,2026-02-21T18:00:00Z,2026-02-22T17:00:00+05:00
forecast-a4c5c3a2d3473552e060b1a7,turbine_2,2026-02-21T18:00:00Z,2026-02-22T13:00:00Z,19,19,ml-03e3b3999293875db412a925,gfs-a68354390bf8097632ab58b6,verified_object_version,0.8942202329135399,forecast-a4c5c3a2d3473552e060b1a7,2026-02-21T18:00:00Z,2026-02-22T18:00:00+05:00
forecast-a4c5c3a2d3473552e060b1a7,turbine_2,2026-02-21T18:00:00Z,2026-02-22T14:00:00Z,20,20,ml-03e3b3999293875db412a925,gfs-a68354390bf8097632ab58b6,verified_object_version,0.6717389569842157,forecast-a4c5c3a2d3473552e060b1a7,2026-02-21T18:00:00Z,2026-02-22T19:00:00+05:00
forecast-a4c5c3a2d3473552e060b1a7,turbine_2,2026-02-21T18:00:00Z,2026-02-22T15:00:00Z,21,21,ml-03e3b3999293875db412a925,gfs-a68354390bf8097632ab58b6,verified_object_version,0.6077189593457331,forecast-a4c5c3a2d3473552e060b1a7,2026-02-21T18:00:00Z,2026-02-22T20:00:00+05:00
forecast-a4c5c3a2d3473552e060b1a7,turbine_2,2026-02-21T18:00:00Z,2026-02-22T16:00:00Z,22,22,ml-03e3b3999293875db412a925,gfs-a68354390bf8097632ab58b6,verified_object_version,0.4628929272757288,forecast-a4c5c3a2d3473552e060b1a7,2026-02-21T18:00:00Z,2026-02-22T21:00:00+05:00
forecast-a4c5c3a2d3473552e060b1a7,turbine_2,2026-02-21T18:00:00Z,2026-02-22T17:00:00Z,23,23,ml-03e3b3999293875db412a925,gfs-a68354390bf8097632ab58b6,verified_object_version,0.35646910452932046,forecast-a4c5c3a2d3473552e060b1a7,2026-02-21T18:00:00Z,2026-02-22T22:00:00+05:00
forecast-a4c5c3a2d3473552e060b1a7,turbine_2,2026-02-21T18:00:00Z,2026-02-22T18:00:00Z,24,24,ml-03e3b3999293875db412a925,gfs-a68354390bf8097632ab58b6,verified_object_version,0.21270995512926338,forecast-a4c5c3a2d3473552e060b1a7,2026-02-21T18:00:00Z,2026-02-22T23:00:00+05:00
forecast-b3232c2c17f43111b63b9c5b,turbine_2,2026-02-22T18:00:00Z,2026-02-22T19:00:00Z,1,1,ml-03e3b3999293875db412a925,gfs-76d5ade05227a9a22ad82637,verified_object_version,0.05366939054567024,forecast-b3232c2c17f43111b63b9c5b,2026-02-22T18:00:00Z,2026-02-23T00:00:00+05:00
forecast-b3232c2c17f43111b63b9c5b,turbine_2,2026-02-22T18:00:00Z,2026-02-22T20:00:00Z,2,2,ml-03e3b3999293875db412a925,gfs-76d5ade05227a9a22ad82637,verified_object_version,0.03225000751997911,forecast-b3232c2c17f43111b63b9c5b,2026-02-22T18:00:00Z,2026-02-23T01:00:00+05:00
forecast-b3232c2c17f43111b63b9c5b,turbine_2,2026-02-22T18:00:00Z,2026-02-22T21:00:00Z,3,3,ml-03e3b3999293875db412a925,gfs-76d5ade05227a9a22ad82637,verified_object_version,0.0326301651351141,forecast-b3232c2c17f43111b63b9c5b,2026-02-22T18:00:00Z,2026-02-23T02:00:00+05:00
forecast-b3232c2c17f43111b63b9c5b,turbine_2,2026-02-22T18:00:00Z,2026-02-22T22:00:00Z,4,4,ml-03e3b3999293875db412a925,gfs-76d5ade05227a9a22ad82637,verified_object_version,0.0296741109001932,forecast-b3232c2c17f43111b63b9c5b,2026-02-22T18:00:00Z,2026-02-23T03:00:00+05:00
forecast-b3232c2c17f43111b63b9c5b,turbine_2,2026-02-22T18:00:00Z,2026-02-22T23:00:00Z,5,5,ml-03e3b3999293875db412a925,gfs-76d5ade05227a9a22ad82637,verified_object_version,0.02851189149772393,forecast-b3232c2c17f43111b63b9c5b,2026-02-22T18:00:00Z,2026-02-23T04:00:00+05:00
forecast-b3232c2c17f43111b63b9c5b,turbine_2,2026-02-22T18:00:00Z,2026-02-23T00:00:00Z,6,6,ml-03e3b3999293875db412a925,gfs-76d5ade05227a9a22ad82637,verified_object_version,0.018406329043924086,forecast-b3232c2c17f43111b63b9c5b,2026-02-22T18:00:00Z,2026-02-23T05:00:00+05:00
forecast-b3232c2c17f43111b63b9c5b,turbine_2,2026-02-22T18:00:00Z,2026-02-23T01:00:00Z,7,7,ml-03e3b3999293875db412a925,gfs-76d5ade05227a9a22ad82637,verified_object_version,0.0137314451180576,forecast-b3232c2c17f43111b63b9c5b,2026-02-22T18:00:00Z,2026-02-23T06:00:00+05:00
forecast-b3232c2c17f43111b63b9c5b,turbine_2,2026-02-22T18:00:00Z,2026-02-23T02:00:00Z,8,8,ml-03e3b3999293875db412a925,gfs-76d5ade05227a9a22ad82637,verified_object_version,0.013373528499149107,forecast-b3232c2c17f43111b63b9c5b,2026-02-22T18:00:00Z,2026-02-23T07:00:00+05:00
forecast-b3232c2c17f43111b63b9c5b,turbine_2,2026-02-22T18:00:00Z,2026-02-23T03:00:00Z,9,9,ml-03e3b3999293875db412a925,gfs-76d5ade05227a9a22ad82637,verified_object_version,0.0112231844974095,forecast-b3232c2c17f43111b63b9c5b,2026-02-22T18:00:00Z,2026-02-23T08:00:00+05:00
forecast-b3232c2c17f43111b63b9c5b,turbine_2,2026-02-22T18:00:00Z,2026-02-23T04:00:00Z,10,10,ml-03e3b3999293875db412a925,gfs-76d5ade05227a9a22ad82637,verified_object_version,0.012880748889742388,forecast-b3232c2c17f43111b63b9c5b,2026-02-22T18:00:00Z,2026-02-23T09:00:00+05:00
forecast-b3232c2c17f43111b63b9c5b,turbine_2,2026-02-22T18:00:00Z,2026-02-23T05:00:00Z,11,11,ml-03e3b3999293875db412a925,gfs-76d5ade05227a9a22ad82637,verified_object_version,0.01440963306284529,forecast-b3232c2c17f43111b63b9c5b,2026-02-22T18:00:00Z,2026-02-23T10:00:00+05:00
forecast-b3232c2c17f43111b63b9c5b,turbine_2,2026-02-22T18:00:00Z,2026-02-23T06:00:00Z,12,12,ml-03e3b3999293875db412a925,gfs-76d5ade05227a9a22ad82637,verified_object_version,0.029560621838770812,forecast-b3232c2c17f43111b63b9c5b,2026-02-22T18:00:00Z,2026-02-23T11:00:00+05:00
forecast-b3232c2c17f43111b63b9c5b,turbine_2,2026-02-22T18:00:00Z,2026-02-23T07:00:00Z,13,13,ml-03e3b3999293875db412a925,gfs-76d5ade05227a9a22ad82637,verified_object_version,0.24857898741248802,forecast-b3232c2c17f43111b63b9c5b,2026-02-22T18:00:00Z,2026-02-23T12:00:00+05:00
forecast-b3232c2c17f43111b63b9c5b,turbine_2,2026-02-22T18:00:00Z,2026-02-23T08:00:00Z,14,14,ml-03e3b3999293875db412a925,gfs-76d5ade05227a9a22ad82637,verified_object_version,0.8037683403871018,forecast-b3232c2c17f43111b63b9c5b,2026-02-22T18:00:00Z,2026-02-23T13:00:00+05:00
forecast-b3232c2c17f43111b63b9c5b,turbine_2,2026-02-22T18:00:00Z,2026-02-23T09:00:00Z,15,15,ml-03e3b3999293875db412a925,gfs-76d5ade05227a9a22ad82637,verified_object_version,0.8126281179227545,forecast-b3232c2c17f43111b63b9c5b,2026-02-22T18:00:00Z,2026-02-23T14:00:00+05:00
forecast-b3232c2c17f43111b63b9c5b,turbine_2,2026-02-22T18:00:00Z,2026-02-23T10:00:00Z,16,16,ml-03e3b3999293875db412a925,gfs-76d5ade05227a9a22ad82637,verified_object_version,0.7223636108666159,forecast-b3232c2c17f43111b63b9c5b,2026-02-22T18:00:00Z,2026-02-23T15:00:00+05:00
forecast-b3232c2c17f43111b63b9c5b,turbine_2,2026-02-22T18:00:00Z,2026-02-23T11:00:00Z,17,17,ml-03e3b3999293875db412a925,gfs-76d5ade05227a9a22ad82637,verified_object_version,0.7893601705114385,forecast-b3232c2c17f43111b63b9c5b,2026-02-22T18:00:00Z,2026-02-23T16:00:00+05:00
forecast-b3232c2c17f43111b63b9c5b,turbine_2,2026-02-22T18:00:00Z,2026-02-23T12:00:00Z,18,18,ml-03e3b3999293875db412a925,gfs-76d5ade05227a9a22ad82637,verified_object_version,0.7284684890216556,forecast-b3232c2c17f43111b63b9c5b,2026-02-22T18:00:00Z,2026-02-23T17:00:00+05:00
forecast-b3232c2c17f43111b63b9c5b,turbine_2,2026-02-22T18:00:00Z,2026-02-23T13:00:00Z,19,19,ml-03e3b3999293875db412a925,gfs-76d5ade05227a9a22ad82637,verified_object_version,0.6754050524526363,forecast-b3232c2c17f43111b63b9c5b,2026-02-22T18:00:00Z,2026-02-23T18:00:00+05:00
forecast-b3232c2c17f43111b63b9c5b,turbine_2,2026-02-22T18:00:00Z,2026-02-23T14:00:00Z,20,20,ml-03e3b3999293875db412a925,gfs-76d5ade05227a9a22ad82637,verified_object_version,0.5042491139921492,forecast-b3232c2c17f43111b63b9c5b,2026-02-22T18:00:00Z,2026-02-23T19:00:00+05:00
forecast-b3232c2c17f43111b63b9c5b,turbine_2,2026-02-22T18:00:00Z,2026-02-23T15:00:00Z,21,21,ml-03e3b3999293875db412a925,gfs-76d5ade05227a9a22ad82637,verified_object_version,0.5917876707196643,forecast-b3232c2c17f43111b63b9c5b,2026-02-22T18:00:00Z,2026-02-23T20:00:00+05:00
forecast-b3232c2c17f43111b63b9c5b,turbine_2,2026-02-22T18:00:00Z,2026-02-23T16:00:00Z,22,22,ml-03e3b3999293875db412a925,gfs-76d5ade05227a9a22ad82637,verified_object_version,0.593472917907599,forecast-b3232c2c17f43111b63b9c5b,2026-02-22T18:00:00Z,2026-02-23T21:00:00+05:00
forecast-b3232c2c17f43111b63b9c5b,turbine_2,2026-02-22T18:00:00Z,2026-02-23T17:00:00Z,23,23,ml-03e3b3999293875db412a925,gfs-76d5ade05227a9a22ad82637,verified_object_version,0.690870681217822,forecast-b3232c2c17f43111b63b9c5b,2026-02-22T18:00:00Z,2026-02-23T22:00:00+05:00
forecast-b3232c2c17f43111b63b9c5b,turbine_2,2026-02-22T18:00:00Z,2026-02-23T18:00:00Z,24,24,ml-03e3b3999293875db412a925,gfs-76d5ade05227a9a22ad82637,verified_object_version,0.7608882286302908,forecast-b3232c2c17f43111b63b9c5b,2026-02-22T18:00:00Z,2026-02-23T23:00:00+05:00
forecast-612542a52eb3ad8f07aa8b10,turbine_2,2026-02-23T18:00:00Z,2026-02-23T19:00:00Z,1,1,ml-03e3b3999293875db412a925,gfs-5b7476387736a8c5b258e846,verified_object_version,0.8001567817739347,forecast-612542a52eb3ad8f07aa8b10,2026-02-23T18:00:00Z,2026-02-24T00:00:00+05:00
forecast-612542a52eb3ad8f07aa8b10,turbine_2,2026-02-23T18:00:00Z,2026-02-23T20:00:00Z,2,2,ml-03e3b3999293875db412a925,gfs-5b7476387736a8c5b258e846,verified_object_version,0.7361961272657329,forecast-612542a52eb3ad8f07aa8b10,2026-02-23T18:00:00Z,2026-02-24T01:00:00+05:00
forecast-612542a52eb3ad8f07aa8b10,turbine_2,2026-02-23T18:00:00Z,2026-02-23T21:00:00Z,3,3,ml-03e3b3999293875db412a925,gfs-5b7476387736a8c5b258e846,verified_object_version,0.7328963184349678,forecast-612542a52eb3ad8f07aa8b10,2026-02-23T18:00:00Z,2026-02-24T02:00:00+05:00
forecast-612542a52eb3ad8f07aa8b10,turbine_2,2026-02-23T18:00:00Z,2026-02-23T22:00:00Z,4,4,ml-03e3b3999293875db412a925,gfs-5b7476387736a8c5b258e846,verified_object_version,0.7316521328308995,forecast-612542a52eb3ad8f07aa8b10,2026-02-23T18:00:00Z,2026-02-24T03:00:00+05:00
forecast-612542a52eb3ad8f07aa8b10,turbine_2,2026-02-23T18:00:00Z,2026-02-23T23:00:00Z,5,5,ml-03e3b3999293875db412a925,gfs-5b7476387736a8c5b258e846,verified_object_version,0.7362962930706768,forecast-612542a52eb3ad8f07aa8b10,2026-02-23T18:00:00Z,2026-02-24T04:00:00+05:00
forecast-612542a52eb3ad8f07aa8b10,turbine_2,2026-02-23T18:00:00Z,2026-02-24T00:00:00Z,6,6,ml-03e3b3999293875db412a925,gfs-5b7476387736a8c5b258e846,verified_object_version,0.7671793382803682,forecast-612542a52eb3ad8f07aa8b10,2026-02-23T18:00:00Z,2026-02-24T05:00:00+05:00
forecast-612542a52eb3ad8f07aa8b10,turbine_2,2026-02-23T18:00:00Z,2026-02-24T01:00:00Z,7,7,ml-03e3b3999293875db412a925,gfs-5b7476387736a8c5b258e846,verified_object_version,0.724838967381818,forecast-612542a52eb3ad8f07aa8b10,2026-02-23T18:00:00Z,2026-02-24T06:00:00+05:00
forecast-612542a52eb3ad8f07aa8b10,turbine_2,2026-02-23T18:00:00Z,2026-02-24T02:00:00Z,8,8,ml-03e3b3999293875db412a925,gfs-5b7476387736a8c5b258e846,verified_object_version,0.6932587095769548,forecast-612542a52eb3ad8f07aa8b10,2026-02-23T18:00:00Z,2026-02-24T07:00:00+05:00
forecast-612542a52eb3ad8f07aa8b10,turbine_2,2026-02-23T18:00:00Z,2026-02-24T03:00:00Z,9,9,ml-03e3b3999293875db412a925,gfs-5b7476387736a8c5b258e846,verified_object_version,0.6550372620704608,forecast-612542a52eb3ad8f07aa8b10,2026-02-23T18:00:00Z,2026-02-24T08:00:00+05:00
forecast-612542a52eb3ad8f07aa8b10,turbine_2,2026-02-23T18:00:00Z,2026-02-24T04:00:00Z,10,10,ml-03e3b3999293875db412a925,gfs-5b7476387736a8c5b258e846,verified_object_version,0.6238340479338087,forecast-612542a52eb3ad8f07aa8b10,2026-02-23T18:00:00Z,2026-02-24T09:00:00+05:00
forecast-612542a52eb3ad8f07aa8b10,turbine_2,2026-02-23T18:00:00Z,2026-02-24T05:00:00Z,11,11,ml-03e3b3999293875db412a925,gfs-5b7476387736a8c5b258e846,verified_object_version,0.5700521522702099,forecast-612542a52eb3ad8f07aa8b10,2026-02-23T18:00:00Z,2026-02-24T10:00:00+05:00
forecast-612542a52eb3ad8f07aa8b10,turbine_2,2026-02-23T18:00:00Z,2026-02-24T06:00:00Z,12,12,ml-03e3b3999293875db412a925,gfs-5b7476387736a8c5b258e846,verified_object_version,0.5604150416383494,forecast-612542a52eb3ad8f07aa8b10,2026-02-23T18:00:00Z,2026-02-24T11:00:00+05:00
forecast-612542a52eb3ad8f07aa8b10,turbine_2,2026-02-23T18:00:00Z,2026-02-24T07:00:00Z,13,13,ml-03e3b3999293875db412a925,gfs-5b7476387736a8c5b258e846,verified_object_version,0.5795366534432332,forecast-612542a52eb3ad8f07aa8b10,2026-02-23T18:00:00Z,2026-02-24T12:00:00+05:00
forecast-612542a52eb3ad8f07aa8b10,turbine_2,2026-02-23T18:00:00Z,2026-02-24T08:00:00Z,14,14,ml-03e3b3999293875db412a925,gfs-5b7476387736a8c5b258e846,verified_object_version,0.5548519009589564,forecast-612542a52eb3ad8f07aa8b10,2026-02-23T18:00:00Z,2026-02-24T13:00:00+05:00
forecast-612542a52eb3ad8f07aa8b10,turbine_2,2026-02-23T18:00:00Z,2026-02-24T09:00:00Z,15,15,ml-03e3b3999293875db412a925,gfs-5b7476387736a8c5b258e846,verified_object_version,0.5790879353163049,forecast-612542a52eb3ad8f07aa8b10,2026-02-23T18:00:00Z,2026-02-24T14:00:00+05:00
forecast-612542a52eb3ad8f07aa8b10,turbine_2,2026-02-23T18:00:00Z,2026-02-24T10:00:00Z,16,16,ml-03e3b3999293875db412a925,gfs-5b7476387736a8c5b258e846,verified_object_version,0.6116577777403087,forecast-612542a52eb3ad8f07aa8b10,2026-02-23T18:00:00Z,2026-02-24T15:00:00+05:00
forecast-612542a52eb3ad8f07aa8b10,turbine_2,2026-02-23T18:00:00Z,2026-02-24T11:00:00Z,17,17,ml-03e3b3999293875db412a925,gfs-5b7476387736a8c5b258e846,verified_object_version,0.6636311885819213,forecast-612542a52eb3ad8f07aa8b10,2026-02-23T18:00:00Z,2026-02-24T16:00:00+05:00
forecast-612542a52eb3ad8f07aa8b10,turbine_2,2026-02-23T18:00:00Z,2026-02-24T12:00:00Z,18,18,ml-03e3b3999293875db412a925,gfs-5b7476387736a8c5b258e846,verified_object_version,0.6256952799593708,forecast-612542a52eb3ad8f07aa8b10,2026-02-23T18:00:00Z,2026-02-24T17:00:00+05:00
forecast-612542a52eb3ad8f07aa8b10,turbine_2,2026-02-23T18:00:00Z,2026-02-24T13:00:00Z,19,19,ml-03e3b3999293875db412a925,gfs-5b7476387736a8c5b258e846,verified_object_version,0.5401359324602558,forecast-612542a52eb3ad8f07aa8b10,2026-02-23T18:00:00Z,2026-02-24T18:00:00+05:00
forecast-612542a52eb3ad8f07aa8b10,turbine_2,2026-02-23T18:00:00Z,2026-02-24T14:00:00Z,20,20,ml-03e3b3999293875db412a925,gfs-5b7476387736a8c5b258e846,verified_object_version,0.48961738785218356,forecast-612542a52eb3ad8f07aa8b10,2026-02-23T18:00:00Z,2026-02-24T19:00:00+05:00
forecast-612542a52eb3ad8f07aa8b10,turbine_2,2026-02-23T18:00:00Z,2026-02-24T15:00:00Z,21,21,ml-03e3b3999293875db412a925,gfs-5b7476387736a8c5b258e846,verified_object_version,0.31900023006801,forecast-612542a52eb3ad8f07aa8b10,2026-02-23T18:00:00Z,2026-02-24T20:00:00+05:00
forecast-612542a52eb3ad8f07aa8b10,turbine_2,2026-02-23T18:00:00Z,2026-02-24T16:00:00Z,22,22,ml-03e3b3999293875db412a925,gfs-5b7476387736a8c5b258e846,verified_object_version,0.23222654062673975,forecast-612542a52eb3ad8f07aa8b10,2026-02-23T18:00:00Z,2026-02-24T21:00:00+05:00
forecast-612542a52eb3ad8f07aa8b10,turbine_2,2026-02-23T18:00:00Z,2026-02-24T17:00:00Z,23,23,ml-03e3b3999293875db412a925,gfs-5b7476387736a8c5b258e846,verified_object_version,0.14680241853357734,forecast-612542a52eb3ad8f07aa8b10,2026-02-23T18:00:00Z,2026-02-24T22:00:00+05:00
forecast-612542a52eb3ad8f07aa8b10,turbine_2,2026-02-23T18:00:00Z,2026-02-24T18:00:00Z,24,24,ml-03e3b3999293875db412a925,gfs-5b7476387736a8c5b258e846,verified_object_version,0.03988781668196539,forecast-612542a52eb3ad8f07aa8b10,2026-02-23T18:00:00Z,2026-02-24T23:00:00+05:00
forecast-cd70580e1a80acd1787b0cf6,turbine_2,2026-02-24T18:00:00Z,2026-02-24T19:00:00Z,1,1,ml-03e3b3999293875db412a925,gfs-fd211ad326fb12988bc8a3f4,verified_object_version,0.01695821030074479,forecast-cd70580e1a80acd1787b0cf6,2026-02-24T18:00:00Z,2026-02-25T00:00:00+05:00
forecast-cd70580e1a80acd1787b0cf6,turbine_2,2026-02-24T18:00:00Z,2026-02-24T20:00:00Z,2,2,ml-03e3b3999293875db412a925,gfs-fd211ad326fb12988bc8a3f4,verified_object_version,0.01951624692396814,forecast-cd70580e1a80acd1787b0cf6,2026-02-24T18:00:00Z,2026-02-25T01:00:00+05:00
forecast-cd70580e1a80acd1787b0cf6,turbine_2,2026-02-24T18:00:00Z,2026-02-24T21:00:00Z,3,3,ml-03e3b3999293875db412a925,gfs-fd211ad326fb12988bc8a3f4,verified_object_version,0.014723346361391665,forecast-cd70580e1a80acd1787b0cf6,2026-02-24T18:00:00Z,2026-02-25T02:00:00+05:00
forecast-cd70580e1a80acd1787b0cf6,turbine_2,2026-02-24T18:00:00Z,2026-02-24T22:00:00Z,4,4,ml-03e3b3999293875db412a925,gfs-fd211ad326fb12988bc8a3f4,verified_object_version,0.011541097112045151,forecast-cd70580e1a80acd1787b0cf6,2026-02-24T18:00:00Z,2026-02-25T03:00:00+05:00
forecast-cd70580e1a80acd1787b0cf6,turbine_2,2026-02-24T18:00:00Z,2026-02-24T23:00:00Z,5,5,ml-03e3b3999293875db412a925,gfs-fd211ad326fb12988bc8a3f4,verified_object_version,0.010965517074651265,forecast-cd70580e1a80acd1787b0cf6,2026-02-24T18:00:00Z,2026-02-25T04:00:00+05:00
forecast-cd70580e1a80acd1787b0cf6,turbine_2,2026-02-24T18:00:00Z,2026-02-25T00:00:00Z,6,6,ml-03e3b3999293875db412a925,gfs-fd211ad326fb12988bc8a3f4,verified_object_version,0.011127058935746392,forecast-cd70580e1a80acd1787b0cf6,2026-02-24T18:00:00Z,2026-02-25T05:00:00+05:00
forecast-cd70580e1a80acd1787b0cf6,turbine_2,2026-02-24T18:00:00Z,2026-02-25T01:00:00Z,7,7,ml-03e3b3999293875db412a925,gfs-fd211ad326fb12988bc8a3f4,verified_object_version,0.011022619244877963,forecast-cd70580e1a80acd1787b0cf6,2026-02-24T18:00:00Z,2026-02-25T06:00:00+05:00
forecast-cd70580e1a80acd1787b0cf6,turbine_2,2026-02-24T18:00:00Z,2026-02-25T02:00:00Z,8,8,ml-03e3b3999293875db412a925,gfs-fd211ad326fb12988bc8a3f4,verified_object_version,0.019589673063322655,forecast-cd70580e1a80acd1787b0cf6,2026-02-24T18:00:00Z,2026-02-25T07:00:00+05:00
forecast-cd70580e1a80acd1787b0cf6,turbine_2,2026-02-24T18:00:00Z,2026-02-25T03:00:00Z,9,9,ml-03e3b3999293875db412a925,gfs-fd211ad326fb12988bc8a3f4,verified_object_version,0.02390945000172795,forecast-cd70580e1a80acd1787b0cf6,2026-02-24T18:00:00Z,2026-02-25T08:00:00+05:00
forecast-cd70580e1a80acd1787b0cf6,turbine_2,2026-02-24T18:00:00Z,2026-02-25T04:00:00Z,10,10,ml-03e3b3999293875db412a925,gfs-fd211ad326fb12988bc8a3f4,verified_object_version,0.03748685354174175,forecast-cd70580e1a80acd1787b0cf6,2026-02-24T18:00:00Z,2026-02-25T09:00:00+05:00
forecast-cd70580e1a80acd1787b0cf6,turbine_2,2026-02-24T18:00:00Z,2026-02-25T05:00:00Z,11,11,ml-03e3b3999293875db412a925,gfs-fd211ad326fb12988bc8a3f4,verified_object_version,0.048353048946512656,forecast-cd70580e1a80acd1787b0cf6,2026-02-24T18:00:00Z,2026-02-25T10:00:00+05:00
forecast-cd70580e1a80acd1787b0cf6,turbine_2,2026-02-24T18:00:00Z,2026-02-25T06:00:00Z,12,12,ml-03e3b3999293875db412a925,gfs-fd211ad326fb12988bc8a3f4,verified_object_version,0.06074397536406262,forecast-cd70580e1a80acd1787b0cf6,2026-02-24T18:00:00Z,2026-02-25T11:00:00+05:00
forecast-cd70580e1a80acd1787b0cf6,turbine_2,2026-02-24T18:00:00Z,2026-02-25T07:00:00Z,13,13,ml-03e3b3999293875db412a925,gfs-fd211ad326fb12988bc8a3f4,verified_object_version,0.06611436433423859,forecast-cd70580e1a80acd1787b0cf6,2026-02-24T18:00:00Z,2026-02-25T12:00:00+05:00
forecast-cd70580e1a80acd1787b0cf6,turbine_2,2026-02-24T18:00:00Z,2026-02-25T08:00:00Z,14,14,ml-03e3b3999293875db412a925,gfs-fd211ad326fb12988bc8a3f4,verified_object_version,0.17131408299074458,forecast-cd70580e1a80acd1787b0cf6,2026-02-24T18:00:00Z,2026-02-25T13:00:00+05:00
forecast-cd70580e1a80acd1787b0cf6,turbine_2,2026-02-24T18:00:00Z,2026-02-25T09:00:00Z,15,15,ml-03e3b3999293875db412a925,gfs-fd211ad326fb12988bc8a3f4,verified_object_version,0.18931613066001945,forecast-cd70580e1a80acd1787b0cf6,2026-02-24T18:00:00Z,2026-02-25T14:00:00+05:00
forecast-cd70580e1a80acd1787b0cf6,turbine_2,2026-02-24T18:00:00Z,2026-02-25T10:00:00Z,16,16,ml-03e3b3999293875db412a925,gfs-fd211ad326fb12988bc8a3f4,verified_object_version,0.2709719172541557,forecast-cd70580e1a80acd1787b0cf6,2026-02-24T18:00:00Z,2026-02-25T15:00:00+05:00
forecast-cd70580e1a80acd1787b0cf6,turbine_2,2026-02-24T18:00:00Z,2026-02-25T11:00:00Z,17,17,ml-03e3b3999293875db412a925,gfs-fd211ad326fb12988bc8a3f4,verified_object_version,0.32520687303902907,forecast-cd70580e1a80acd1787b0cf6,2026-02-24T18:00:00Z,2026-02-25T16:00:00+05:00
forecast-cd70580e1a80acd1787b0cf6,turbine_2,2026-02-24T18:00:00Z,2026-02-25T12:00:00Z,18,18,ml-03e3b3999293875db412a925,gfs-fd211ad326fb12988bc8a3f4,verified_object_version,0.4330319727859135,forecast-cd70580e1a80acd1787b0cf6,2026-02-24T18:00:00Z,2026-02-25T17:00:00+05:00
forecast-cd70580e1a80acd1787b0cf6,turbine_2,2026-02-24T18:00:00Z,2026-02-25T13:00:00Z,19,19,ml-03e3b3999293875db412a925,gfs-fd211ad326fb12988bc8a3f4,verified_object_version,0.35298676159348497,forecast-cd70580e1a80acd1787b0cf6,2026-02-24T18:00:00Z,2026-02-25T18:00:00+05:00
forecast-cd70580e1a80acd1787b0cf6,turbine_2,2026-02-24T18:00:00Z,2026-02-25T14:00:00Z,20,20,ml-03e3b3999293875db412a925,gfs-fd211ad326fb12988bc8a3f4,verified_object_version,0.3398612943492333,forecast-cd70580e1a80acd1787b0cf6,2026-02-24T18:00:00Z,2026-02-25T19:00:00+05:00
forecast-cd70580e1a80acd1787b0cf6,turbine_2,2026-02-24T18:00:00Z,2026-02-25T15:00:00Z,21,21,ml-03e3b3999293875db412a925,gfs-fd211ad326fb12988bc8a3f4,verified_object_version,0.5590039704649983,forecast-cd70580e1a80acd1787b0cf6,2026-02-24T18:00:00Z,2026-02-25T20:00:00+05:00
forecast-cd70580e1a80acd1787b0cf6,turbine_2,2026-02-24T18:00:00Z,2026-02-25T16:00:00Z,22,22,ml-03e3b3999293875db412a925,gfs-fd211ad326fb12988bc8a3f4,verified_object_version,0.5319053245584957,forecast-cd70580e1a80acd1787b0cf6,2026-02-24T18:00:00Z,2026-02-25T21:00:00+05:00
forecast-cd70580e1a80acd1787b0cf6,turbine_2,2026-02-24T18:00:00Z,2026-02-25T17:00:00Z,23,23,ml-03e3b3999293875db412a925,gfs-fd211ad326fb12988bc8a3f4,verified_object_version,0.6107240425344562,forecast-cd70580e1a80acd1787b0cf6,2026-02-24T18:00:00Z,2026-02-25T22:00:00+05:00
forecast-cd70580e1a80acd1787b0cf6,turbine_2,2026-02-24T18:00:00Z,2026-02-25T18:00:00Z,24,24,ml-03e3b3999293875db412a925,gfs-fd211ad326fb12988bc8a3f4,verified_object_version,0.831543824018545,forecast-cd70580e1a80acd1787b0cf6,2026-02-24T18:00:00Z,2026-02-25T23:00:00+05:00
forecast-d94973364e6407853248c021,turbine_2,2026-02-25T18:00:00Z,2026-02-25T19:00:00Z,1,1,ml-03e3b3999293875db412a925,gfs-39602cd3b769f18671c00572,verified_object_version,0.928508465778922,forecast-d94973364e6407853248c021,2026-02-25T18:00:00Z,2026-02-26T00:00:00+05:00
forecast-d94973364e6407853248c021,turbine_2,2026-02-25T18:00:00Z,2026-02-25T20:00:00Z,2,2,ml-03e3b3999293875db412a925,gfs-39602cd3b769f18671c00572,verified_object_version,0.9158629585512197,forecast-d94973364e6407853248c021,2026-02-25T18:00:00Z,2026-02-26T01:00:00+05:00
forecast-d94973364e6407853248c021,turbine_2,2026-02-25T18:00:00Z,2026-02-25T21:00:00Z,3,3,ml-03e3b3999293875db412a925,gfs-39602cd3b769f18671c00572,verified_object_version,0.8851568987488521,forecast-d94973364e6407853248c021,2026-02-25T18:00:00Z,2026-02-26T02:00:00+05:00
forecast-d94973364e6407853248c021,turbine_2,2026-02-25T18:00:00Z,2026-02-25T22:00:00Z,4,4,ml-03e3b3999293875db412a925,gfs-39602cd3b769f18671c00572,verified_object_version,0.7447156523280838,forecast-d94973364e6407853248c021,2026-02-25T18:00:00Z,2026-02-26T03:00:00+05:00
forecast-d94973364e6407853248c021,turbine_2,2026-02-25T18:00:00Z,2026-02-25T23:00:00Z,5,5,ml-03e3b3999293875db412a925,gfs-39602cd3b769f18671c00572,verified_object_version,0.5685581139159264,forecast-d94973364e6407853248c021,2026-02-25T18:00:00Z,2026-02-26T04:00:00+05:00
forecast-d94973364e6407853248c021,turbine_2,2026-02-25T18:00:00Z,2026-02-26T00:00:00Z,6,6,ml-03e3b3999293875db412a925,gfs-39602cd3b769f18671c00572,verified_object_version,0.530985265775743,forecast-d94973364e6407853248c021,2026-02-25T18:00:00Z,2026-02-26T05:00:00+05:00
forecast-d94973364e6407853248c021,turbine_2,2026-02-25T18:00:00Z,2026-02-26T01:00:00Z,7,7,ml-03e3b3999293875db412a925,gfs-39602cd3b769f18671c00572,verified_object_version,0.43917479095137957,forecast-d94973364e6407853248c021,2026-02-25T18:00:00Z,2026-02-26T06:00:00+05:00
forecast-d94973364e6407853248c021,turbine_2,2026-02-25T18:00:00Z,2026-02-26T02:00:00Z,8,8,ml-03e3b3999293875db412a925,gfs-39602cd3b769f18671c00572,verified_object_version,0.3013301147565371,forecast-d94973364e6407853248c021,2026-02-25T18:00:00Z,2026-02-26T07:00:00+05:00
forecast-d94973364e6407853248c021,turbine_2,2026-02-25T18:00:00Z,2026-02-26T03:00:00Z,9,9,ml-03e3b3999293875db412a925,gfs-39602cd3b769f18671c00572,verified_object_version,0.1980438555285645,forecast-d94973364e6407853248c021,2026-02-25T18:00:00Z,2026-02-26T08:00:00+05:00
forecast-d94973364e6407853248c021,turbine_2,2026-02-25T18:00:00Z,2026-02-26T04:00:00Z,10,10,ml-03e3b3999293875db412a925,gfs-39602cd3b769f18671c00572,verified_object_version,0.10978705902711919,forecast-d94973364e6407853248c021,2026-02-25T18:00:00Z,2026-02-26T09:00:00+05:00
forecast-d94973364e6407853248c021,turbine_2,2026-02-25T18:00:00Z,2026-02-26T05:00:00Z,11,11,ml-03e3b3999293875db412a925,gfs-39602cd3b769f18671c00572,verified_object_version,0.025484948194609253,forecast-d94973364e6407853248c021,2026-02-25T18:00:00Z,2026-02-26T10:00:00+05:00
forecast-d94973364e6407853248c021,turbine_2,2026-02-25T18:00:00Z,2026-02-26T06:00:00Z,12,12,ml-03e3b3999293875db412a925,gfs-39602cd3b769f18671c00572,verified_object_version,0.016628314355452645,forecast-d94973364e6407853248c021,2026-02-25T18:00:00Z,2026-02-26T11:00:00+05:00
forecast-d94973364e6407853248c021,turbine_2,2026-02-25T18:00:00Z,2026-02-26T07:00:00Z,13,13,ml-03e3b3999293875db412a925,gfs-39602cd3b769f18671c00572,verified_object_version,0.2734015759425418,forecast-d94973364e6407853248c021,2026-02-25T18:00:00Z,2026-02-26T12:00:00+05:00
forecast-d94973364e6407853248c021,turbine_2,2026-02-25T18:00:00Z,2026-02-26T08:00:00Z,14,14,ml-03e3b3999293875db412a925,gfs-39602cd3b769f18671c00572,verified_object_version,0.4577603374833795,forecast-d94973364e6407853248c021,2026-02-25T18:00:00Z,2026-02-26T13:00:00+05:00
forecast-d94973364e6407853248c021,turbine_2,2026-02-25T18:00:00Z,2026-02-26T09:00:00Z,15,15,ml-03e3b3999293875db412a925,gfs-39602cd3b769f18671c00572,verified_object_version,0.5744736624291118,forecast-d94973364e6407853248c021,2026-02-25T18:00:00Z,2026-02-26T14:00:00+05:00
forecast-d94973364e6407853248c021,turbine_2,2026-02-25T18:00:00Z,2026-02-26T10:00:00Z,16,16,ml-03e3b3999293875db412a925,gfs-39602cd3b769f18671c00572,verified_object_version,0.45303017086966296,forecast-d94973364e6407853248c021,2026-02-25T18:00:00Z,2026-02-26T15:00:00+05:00
forecast-d94973364e6407853248c021,turbine_2,2026-02-25T18:00:00Z,2026-02-26T11:00:00Z,17,17,ml-03e3b3999293875db412a925,gfs-39602cd3b769f18671c00572,verified_object_version,0.5962049788329011,forecast-d94973364e6407853248c021,2026-02-25T18:00:00Z,2026-02-26T16:00:00+05:00
forecast-d94973364e6407853248c021,turbine_2,2026-02-25T18:00:00Z,2026-02-26T12:00:00Z,18,18,ml-03e3b3999293875db412a925,gfs-39602cd3b769f18671c00572,verified_object_version,0.45777589991693873,forecast-d94973364e6407853248c021,2026-02-25T18:00:00Z,2026-02-26T17:00:00+05:00
forecast-d94973364e6407853248c021,turbine_2,2026-02-25T18:00:00Z,2026-02-26T13:00:00Z,19,19,ml-03e3b3999293875db412a925,gfs-39602cd3b769f18671c00572,verified_object_version,0.48776335219373396,forecast-d94973364e6407853248c021,2026-02-25T18:00:00Z,2026-02-26T18:00:00+05:00
forecast-d94973364e6407853248c021,turbine_2,2026-02-25T18:00:00Z,2026-02-26T14:00:00Z,20,20,ml-03e3b3999293875db412a925,gfs-39602cd3b769f18671c00572,verified_object_version,0.4908354703933076,forecast-d94973364e6407853248c021,2026-02-25T18:00:00Z,2026-02-26T19:00:00+05:00
forecast-d94973364e6407853248c021,turbine_2,2026-02-25T18:00:00Z,2026-02-26T15:00:00Z,21,21,ml-03e3b3999293875db412a925,gfs-39602cd3b769f18671c00572,verified_object_version,0.44461947625926934,forecast-d94973364e6407853248c021,2026-02-25T18:00:00Z,2026-02-26T20:00:00+05:00
forecast-d94973364e6407853248c021,turbine_2,2026-02-25T18:00:00Z,2026-02-26T16:00:00Z,22,22,ml-03e3b3999293875db412a925,gfs-39602cd3b769f18671c00572,verified_object_version,0.7272811794510482,forecast-d94973364e6407853248c021,2026-02-25T18:00:00Z,2026-02-26T21:00:00+05:00
forecast-d94973364e6407853248c021,turbine_2,2026-02-25T18:00:00Z,2026-02-26T17:00:00Z,23,23,ml-03e3b3999293875db412a925,gfs-39602cd3b769f18671c00572,verified_object_version,0.8809921867711381,forecast-d94973364e6407853248c021,2026-02-25T18:00:00Z,2026-02-26T22:00:00+05:00
forecast-d94973364e6407853248c021,turbine_2,2026-02-25T18:00:00Z,2026-02-26T18:00:00Z,24,24,ml-03e3b3999293875db412a925,gfs-39602cd3b769f18671c00572,verified_object_version,0.6553934418542324,forecast-d94973364e6407853248c021,2026-02-25T18:00:00Z,2026-02-26T23:00:00+05:00
forecast-c23741e0cab0867c1036598e,turbine_2,2026-02-26T18:00:00Z,2026-02-26T19:00:00Z,1,1,ml-03e3b3999293875db412a925,gfs-5152a82906d72c56941fc12c,verified_object_version,0.7874980728797386,forecast-c23741e0cab0867c1036598e,2026-02-26T18:00:00Z,2026-02-27T00:00:00+05:00
forecast-c23741e0cab0867c1036598e,turbine_2,2026-02-26T18:00:00Z,2026-02-26T20:00:00Z,2,2,ml-03e3b3999293875db412a925,gfs-5152a82906d72c56941fc12c,verified_object_version,0.6590210789835489,forecast-c23741e0cab0867c1036598e,2026-02-26T18:00:00Z,2026-02-27T01:00:00+05:00
forecast-c23741e0cab0867c1036598e,turbine_2,2026-02-26T18:00:00Z,2026-02-26T21:00:00Z,3,3,ml-03e3b3999293875db412a925,gfs-5152a82906d72c56941fc12c,verified_object_version,0.6012672131532403,forecast-c23741e0cab0867c1036598e,2026-02-26T18:00:00Z,2026-02-27T02:00:00+05:00
forecast-c23741e0cab0867c1036598e,turbine_2,2026-02-26T18:00:00Z,2026-02-26T22:00:00Z,4,4,ml-03e3b3999293875db412a925,gfs-5152a82906d72c56941fc12c,verified_object_version,0.6254391266492265,forecast-c23741e0cab0867c1036598e,2026-02-26T18:00:00Z,2026-02-27T03:00:00+05:00
forecast-c23741e0cab0867c1036598e,turbine_2,2026-02-26T18:00:00Z,2026-02-26T23:00:00Z,5,5,ml-03e3b3999293875db412a925,gfs-5152a82906d72c56941fc12c,verified_object_version,0.6148685575278274,forecast-c23741e0cab0867c1036598e,2026-02-26T18:00:00Z,2026-02-27T04:00:00+05:00
forecast-c23741e0cab0867c1036598e,turbine_2,2026-02-26T18:00:00Z,2026-02-27T00:00:00Z,6,6,ml-03e3b3999293875db412a925,gfs-5152a82906d72c56941fc12c,verified_object_version,0.5577772369763974,forecast-c23741e0cab0867c1036598e,2026-02-26T18:00:00Z,2026-02-27T05:00:00+05:00
forecast-c23741e0cab0867c1036598e,turbine_2,2026-02-26T18:00:00Z,2026-02-27T01:00:00Z,7,7,ml-03e3b3999293875db412a925,gfs-5152a82906d72c56941fc12c,verified_object_version,0.41384819764769887,forecast-c23741e0cab0867c1036598e,2026-02-26T18:00:00Z,2026-02-27T06:00:00+05:00
forecast-c23741e0cab0867c1036598e,turbine_2,2026-02-26T18:00:00Z,2026-02-27T02:00:00Z,8,8,ml-03e3b3999293875db412a925,gfs-5152a82906d72c56941fc12c,verified_object_version,0.14715574695428238,forecast-c23741e0cab0867c1036598e,2026-02-26T18:00:00Z,2026-02-27T07:00:00+05:00
forecast-c23741e0cab0867c1036598e,turbine_2,2026-02-26T18:00:00Z,2026-02-27T03:00:00Z,9,9,ml-03e3b3999293875db412a925,gfs-5152a82906d72c56941fc12c,verified_object_version,0.15194803846353633,forecast-c23741e0cab0867c1036598e,2026-02-26T18:00:00Z,2026-02-27T08:00:00+05:00
forecast-c23741e0cab0867c1036598e,turbine_2,2026-02-26T18:00:00Z,2026-02-27T04:00:00Z,10,10,ml-03e3b3999293875db412a925,gfs-5152a82906d72c56941fc12c,verified_object_version,0.22616951290843434,forecast-c23741e0cab0867c1036598e,2026-02-26T18:00:00Z,2026-02-27T09:00:00+05:00
forecast-c23741e0cab0867c1036598e,turbine_2,2026-02-26T18:00:00Z,2026-02-27T05:00:00Z,11,11,ml-03e3b3999293875db412a925,gfs-5152a82906d72c56941fc12c,verified_object_version,0.24535312477306614,forecast-c23741e0cab0867c1036598e,2026-02-26T18:00:00Z,2026-02-27T10:00:00+05:00
forecast-c23741e0cab0867c1036598e,turbine_2,2026-02-26T18:00:00Z,2026-02-27T06:00:00Z,12,12,ml-03e3b3999293875db412a925,gfs-5152a82906d72c56941fc12c,verified_object_version,0.33358291522737893,forecast-c23741e0cab0867c1036598e,2026-02-26T18:00:00Z,2026-02-27T11:00:00+05:00
forecast-c23741e0cab0867c1036598e,turbine_2,2026-02-26T18:00:00Z,2026-02-27T07:00:00Z,13,13,ml-03e3b3999293875db412a925,gfs-5152a82906d72c56941fc12c,verified_object_version,0.4017404175507284,forecast-c23741e0cab0867c1036598e,2026-02-26T18:00:00Z,2026-02-27T12:00:00+05:00
forecast-c23741e0cab0867c1036598e,turbine_2,2026-02-26T18:00:00Z,2026-02-27T08:00:00Z,14,14,ml-03e3b3999293875db412a925,gfs-5152a82906d72c56941fc12c,verified_object_version,0.6199052492096817,forecast-c23741e0cab0867c1036598e,2026-02-26T18:00:00Z,2026-02-27T13:00:00+05:00
forecast-c23741e0cab0867c1036598e,turbine_2,2026-02-26T18:00:00Z,2026-02-27T09:00:00Z,15,15,ml-03e3b3999293875db412a925,gfs-5152a82906d72c56941fc12c,verified_object_version,0.7372119893230568,forecast-c23741e0cab0867c1036598e,2026-02-26T18:00:00Z,2026-02-27T14:00:00+05:00
forecast-c23741e0cab0867c1036598e,turbine_2,2026-02-26T18:00:00Z,2026-02-27T10:00:00Z,16,16,ml-03e3b3999293875db412a925,gfs-5152a82906d72c56941fc12c,verified_object_version,0.771079515733675,forecast-c23741e0cab0867c1036598e,2026-02-26T18:00:00Z,2026-02-27T15:00:00+05:00
forecast-c23741e0cab0867c1036598e,turbine_2,2026-02-26T18:00:00Z,2026-02-27T11:00:00Z,17,17,ml-03e3b3999293875db412a925,gfs-5152a82906d72c56941fc12c,verified_object_version,0.80003589553406,forecast-c23741e0cab0867c1036598e,2026-02-26T18:00:00Z,2026-02-27T16:00:00+05:00
forecast-c23741e0cab0867c1036598e,turbine_2,2026-02-26T18:00:00Z,2026-02-27T12:00:00Z,18,18,ml-03e3b3999293875db412a925,gfs-5152a82906d72c56941fc12c,verified_object_version,0.8981946898105141,forecast-c23741e0cab0867c1036598e,2026-02-26T18:00:00Z,2026-02-27T17:00:00+05:00
forecast-c23741e0cab0867c1036598e,turbine_2,2026-02-26T18:00:00Z,2026-02-27T13:00:00Z,19,19,ml-03e3b3999293875db412a925,gfs-5152a82906d72c56941fc12c,verified_object_version,0.9566467097274615,forecast-c23741e0cab0867c1036598e,2026-02-26T18:00:00Z,2026-02-27T18:00:00+05:00
forecast-c23741e0cab0867c1036598e,turbine_2,2026-02-26T18:00:00Z,2026-02-27T14:00:00Z,20,20,ml-03e3b3999293875db412a925,gfs-5152a82906d72c56941fc12c,verified_object_version,0.9366872845748553,forecast-c23741e0cab0867c1036598e,2026-02-26T18:00:00Z,2026-02-27T19:00:00+05:00
forecast-c23741e0cab0867c1036598e,turbine_2,2026-02-26T18:00:00Z,2026-02-27T15:00:00Z,21,21,ml-03e3b3999293875db412a925,gfs-5152a82906d72c56941fc12c,verified_object_version,0.9274833950537726,forecast-c23741e0cab0867c1036598e,2026-02-26T18:00:00Z,2026-02-27T20:00:00+05:00
forecast-c23741e0cab0867c1036598e,turbine_2,2026-02-26T18:00:00Z,2026-02-27T16:00:00Z,22,22,ml-03e3b3999293875db412a925,gfs-5152a82906d72c56941fc12c,verified_object_version,0.8872283952602142,forecast-c23741e0cab0867c1036598e,2026-02-26T18:00:00Z,2026-02-27T21:00:00+05:00
forecast-c23741e0cab0867c1036598e,turbine_2,2026-02-26T18:00:00Z,2026-02-27T17:00:00Z,23,23,ml-03e3b3999293875db412a925,gfs-5152a82906d72c56941fc12c,verified_object_version,0.8412138486788027,forecast-c23741e0cab0867c1036598e,2026-02-26T18:00:00Z,2026-02-27T22:00:00+05:00
forecast-c23741e0cab0867c1036598e,turbine_2,2026-02-26T18:00:00Z,2026-02-27T18:00:00Z,24,24,ml-03e3b3999293875db412a925,gfs-5152a82906d72c56941fc12c,verified_object_version,0.80925918765697,forecast-c23741e0cab0867c1036598e,2026-02-26T18:00:00Z,2026-02-27T23:00:00+05:00
forecast-99206de5ff4317cbcbacc2de,turbine_2,2026-02-27T18:00:00Z,2026-02-27T19:00:00Z,1,1,ml-03e3b3999293875db412a925,gfs-ad9ce9efe2cbea4a368af143,verified_object_version,0.8218748183994588,forecast-99206de5ff4317cbcbacc2de,2026-02-27T18:00:00Z,2026-02-28T00:00:00+05:00
forecast-99206de5ff4317cbcbacc2de,turbine_2,2026-02-27T18:00:00Z,2026-02-27T20:00:00Z,2,2,ml-03e3b3999293875db412a925,gfs-ad9ce9efe2cbea4a368af143,verified_object_version,0.7706231821681161,forecast-99206de5ff4317cbcbacc2de,2026-02-27T18:00:00Z,2026-02-28T01:00:00+05:00
forecast-99206de5ff4317cbcbacc2de,turbine_2,2026-02-27T18:00:00Z,2026-02-27T21:00:00Z,3,3,ml-03e3b3999293875db412a925,gfs-ad9ce9efe2cbea4a368af143,verified_object_version,0.8772808890850378,forecast-99206de5ff4317cbcbacc2de,2026-02-27T18:00:00Z,2026-02-28T02:00:00+05:00
forecast-99206de5ff4317cbcbacc2de,turbine_2,2026-02-27T18:00:00Z,2026-02-27T22:00:00Z,4,4,ml-03e3b3999293875db412a925,gfs-ad9ce9efe2cbea4a368af143,verified_object_version,0.7756044873665816,forecast-99206de5ff4317cbcbacc2de,2026-02-27T18:00:00Z,2026-02-28T03:00:00+05:00
forecast-99206de5ff4317cbcbacc2de,turbine_2,2026-02-27T18:00:00Z,2026-02-27T23:00:00Z,5,5,ml-03e3b3999293875db412a925,gfs-ad9ce9efe2cbea4a368af143,verified_object_version,0.7515216888694594,forecast-99206de5ff4317cbcbacc2de,2026-02-27T18:00:00Z,2026-02-28T04:00:00+05:00
forecast-99206de5ff4317cbcbacc2de,turbine_2,2026-02-27T18:00:00Z,2026-02-28T00:00:00Z,6,6,ml-03e3b3999293875db412a925,gfs-ad9ce9efe2cbea4a368af143,verified_object_version,0.7514331904992813,forecast-99206de5ff4317cbcbacc2de,2026-02-27T18:00:00Z,2026-02-28T05:00:00+05:00
forecast-99206de5ff4317cbcbacc2de,turbine_2,2026-02-27T18:00:00Z,2026-02-28T01:00:00Z,7,7,ml-03e3b3999293875db412a925,gfs-ad9ce9efe2cbea4a368af143,verified_object_version,0.6787032795764124,forecast-99206de5ff4317cbcbacc2de,2026-02-27T18:00:00Z,2026-02-28T06:00:00+05:00
forecast-99206de5ff4317cbcbacc2de,turbine_2,2026-02-27T18:00:00Z,2026-02-28T02:00:00Z,8,8,ml-03e3b3999293875db412a925,gfs-ad9ce9efe2cbea4a368af143,verified_object_version,0.7292816192623347,forecast-99206de5ff4317cbcbacc2de,2026-02-27T18:00:00Z,2026-02-28T07:00:00+05:00
forecast-99206de5ff4317cbcbacc2de,turbine_2,2026-02-27T18:00:00Z,2026-02-28T03:00:00Z,9,9,ml-03e3b3999293875db412a925,gfs-ad9ce9efe2cbea4a368af143,verified_object_version,0.8477346291498006,forecast-99206de5ff4317cbcbacc2de,2026-02-27T18:00:00Z,2026-02-28T08:00:00+05:00
forecast-99206de5ff4317cbcbacc2de,turbine_2,2026-02-27T18:00:00Z,2026-02-28T04:00:00Z,10,10,ml-03e3b3999293875db412a925,gfs-ad9ce9efe2cbea4a368af143,verified_object_version,0.8616337353770211,forecast-99206de5ff4317cbcbacc2de,2026-02-27T18:00:00Z,2026-02-28T09:00:00+05:00
forecast-99206de5ff4317cbcbacc2de,turbine_2,2026-02-27T18:00:00Z,2026-02-28T05:00:00Z,11,11,ml-03e3b3999293875db412a925,gfs-ad9ce9efe2cbea4a368af143,verified_object_version,0.8784562179472442,forecast-99206de5ff4317cbcbacc2de,2026-02-27T18:00:00Z,2026-02-28T10:00:00+05:00
forecast-99206de5ff4317cbcbacc2de,turbine_2,2026-02-27T18:00:00Z,2026-02-28T06:00:00Z,12,12,ml-03e3b3999293875db412a925,gfs-ad9ce9efe2cbea4a368af143,verified_object_version,0.8882641430196747,forecast-99206de5ff4317cbcbacc2de,2026-02-27T18:00:00Z,2026-02-28T11:00:00+05:00
forecast-99206de5ff4317cbcbacc2de,turbine_2,2026-02-27T18:00:00Z,2026-02-28T07:00:00Z,13,13,ml-03e3b3999293875db412a925,gfs-ad9ce9efe2cbea4a368af143,verified_object_version,0.8920014057467118,forecast-99206de5ff4317cbcbacc2de,2026-02-27T18:00:00Z,2026-02-28T12:00:00+05:00
forecast-99206de5ff4317cbcbacc2de,turbine_2,2026-02-27T18:00:00Z,2026-02-28T08:00:00Z,14,14,ml-03e3b3999293875db412a925,gfs-ad9ce9efe2cbea4a368af143,verified_object_version,0.9173624246128042,forecast-99206de5ff4317cbcbacc2de,2026-02-27T18:00:00Z,2026-02-28T13:00:00+05:00
forecast-99206de5ff4317cbcbacc2de,turbine_2,2026-02-27T18:00:00Z,2026-02-28T09:00:00Z,15,15,ml-03e3b3999293875db412a925,gfs-ad9ce9efe2cbea4a368af143,verified_object_version,0.9149644444784589,forecast-99206de5ff4317cbcbacc2de,2026-02-27T18:00:00Z,2026-02-28T14:00:00+05:00
forecast-99206de5ff4317cbcbacc2de,turbine_2,2026-02-27T18:00:00Z,2026-02-28T10:00:00Z,16,16,ml-03e3b3999293875db412a925,gfs-ad9ce9efe2cbea4a368af143,verified_object_version,0.9255692244080117,forecast-99206de5ff4317cbcbacc2de,2026-02-27T18:00:00Z,2026-02-28T15:00:00+05:00
forecast-99206de5ff4317cbcbacc2de,turbine_2,2026-02-27T18:00:00Z,2026-02-28T11:00:00Z,17,17,ml-03e3b3999293875db412a925,gfs-ad9ce9efe2cbea4a368af143,verified_object_version,0.8992832239564021,forecast-99206de5ff4317cbcbacc2de,2026-02-27T18:00:00Z,2026-02-28T16:00:00+05:00
forecast-99206de5ff4317cbcbacc2de,turbine_2,2026-02-27T18:00:00Z,2026-02-28T12:00:00Z,18,18,ml-03e3b3999293875db412a925,gfs-ad9ce9efe2cbea4a368af143,verified_object_version,0.8232553096909314,forecast-99206de5ff4317cbcbacc2de,2026-02-27T18:00:00Z,2026-02-28T17:00:00+05:00
forecast-99206de5ff4317cbcbacc2de,turbine_2,2026-02-27T18:00:00Z,2026-02-28T13:00:00Z,19,19,ml-03e3b3999293875db412a925,gfs-ad9ce9efe2cbea4a368af143,verified_object_version,0.6701448455410622,forecast-99206de5ff4317cbcbacc2de,2026-02-27T18:00:00Z,2026-02-28T18:00:00+05:00
forecast-99206de5ff4317cbcbacc2de,turbine_2,2026-02-27T18:00:00Z,2026-02-28T14:00:00Z,20,20,ml-03e3b3999293875db412a925,gfs-ad9ce9efe2cbea4a368af143,verified_object_version,0.6232483481477151,forecast-99206de5ff4317cbcbacc2de,2026-02-27T18:00:00Z,2026-02-28T19:00:00+05:00
forecast-99206de5ff4317cbcbacc2de,turbine_2,2026-02-27T18:00:00Z,2026-02-28T15:00:00Z,21,21,ml-03e3b3999293875db412a925,gfs-ad9ce9efe2cbea4a368af143,verified_object_version,0.590659438596286,forecast-99206de5ff4317cbcbacc2de,2026-02-27T18:00:00Z,2026-02-28T20:00:00+05:00
forecast-99206de5ff4317cbcbacc2de,turbine_2,2026-02-27T18:00:00Z,2026-02-28T16:00:00Z,22,22,ml-03e3b3999293875db412a925,gfs-ad9ce9efe2cbea4a368af143,verified_object_version,0.5686639938706206,forecast-99206de5ff4317cbcbacc2de,2026-02-27T18:00:00Z,2026-02-28T21:00:00+05:00
forecast-99206de5ff4317cbcbacc2de,turbine_2,2026-02-27T18:00:00Z,2026-02-28T17:00:00Z,23,23,ml-03e3b3999293875db412a925,gfs-ad9ce9efe2cbea4a368af143,verified_object_version,0.528404031309281,forecast-99206de5ff4317cbcbacc2de,2026-02-27T18:00:00Z,2026-02-28T22:00:00+05:00
forecast-99206de5ff4317cbcbacc2de,turbine_2,2026-02-27T18:00:00Z,2026-02-28T18:00:00Z,24,24,ml-03e3b3999293875db412a925,gfs-ad9ce9efe2cbea4a368af143,verified_object_version,0.525179827013783,forecast-99206de5ff4317cbcbacc2de,2026-02-27T18:00:00Z,2026-02-28T23:00:00+05:00
