site_id,forecast_origin,target_time,lead_hours,actual,incumbent_prediction,candidate_prediction
turbine_1,2025-11-30T18:00:00Z,2025-11-30T19:00:00Z,1.0,0.01,0.04032347886996196,0.0645688223272106
turbine_1,2025-11-30T18:00:00Z,2025-11-30T20:00:00Z,2.0,0.01,0.022075839373186357,0.05759528830932632
turbine_1,2025-11-30T18:00:00Z,2025-11-30T21:00:00Z,3.0,0.01,0.0321925157883792,0.058872163029041726
turbine_1,2025-11-30T18:00:00Z,2025-11-30T22:00:00Z,4.0,0.0083333333333333,0.030511024141320203,0.05753874013150478
turbine_1,2025-11-30T18:00:00Z,2025-11-30T23:00:00Z,5.0,0.01,0.0292895955444,0.05382999662078346
turbine_1,2025-11-30T18:00:00Z,2025-12-01T00:00:00Z,6.0,0.0133333333333333,0.037851113389293395,0.07501512105784296
turbine_1,2025-11-30T18:00:00Z,2025-12-01T01:00:00Z,7.0,0.015,0.06576750400088521,0.08332793063801634
turbine_1,2025-11-30T18:00:00Z,2025-12-01T02:00:00Z,8.0,0.0633333333333333,0.09873870471690499,0.1285352034082043
turbine_1,2025-11-30T18:00:00Z,2025-12-01T03:00:00Z,9.0,0.0733333333333333,0.3414845787120854,0.2897532760799393
turbine_1,2025-11-30T18:00:00Z,2025-12-01T04:00:00Z,10.0,0.1849999999999999,0.4656507216751057,0.38780138257278723
turbine_1,2025-11-30T18:00:00Z,2025-12-01T05:00:00Z,11.0,0.1833333333333333,0.7282020574596623,0.6951897141516495
turbine_1,2025-11-30T18:00:00Z,2025-12-01T06:00:00Z,12.0,0.1316666666666666,0.8946608953405005,0.9384717223174422
turbine_1,2025-11-30T18:00:00Z,2025-12-01T07:00:00Z,13.0,0.4783333333333333,0.9617153267059503,0.9680265930042861
turbine_1,2025-11-30T18:00:00Z,2025-12-01T08:00:00Z,14.0,0.9366666666666666,0.9668394183721286,0.9677969785784399
turbine_1,2025-11-30T18:00:00Z,2025-12-01T09:00:00Z,15.0,0.9766666666666666,0.9535476872677173,0.9900538174411887
turbine_1,2025-11-30T18:00:00Z,2025-12-01T10:00:00Z,16.0,0.8533333333333334,0.9230918455152093,0.8920881574365767
turbine_1,2025-11-30T18:00:00Z,2025-12-01T11:00:00Z,17.0,0.6816666666666666,0.8469427196410403,0.8482744951734132
turbine_1,2025-11-30T18:00:00Z,2025-12-01T12:00:00Z,18.0,0.5983333333333333,0.7166784308924458,0.6893923310270175
turbine_1,2025-11-30T18:00:00Z,2025-12-01T13:00:00Z,19.0,0.7050000000000001,0.6783795481327738,0.5984822502608591
turbine_1,2025-11-30T18:00:00Z,2025-12-01T14:00:00Z,20.0,0.9083333333333332,0.6471517549581924,0.5113635470359722
turbine_1,2025-11-30T18:00:00Z,2025-12-01T15:00:00Z,21.0,0.99,0.665499830675246,0.5278693422699073
turbine_1,2025-11-30T18:00:00Z,2025-12-01T16:00:00Z,22.0,0.9833333333333334,0.6399333324882815,0.5280426773855259
turbine_1,2025-11-30T18:00:00Z,2025-12-01T17:00:00Z,23.0,0.9833333333333334,0.6329750934935028,0.51015676692855
turbine_1,2025-11-30T18:00:00Z,2025-12-01T18:00:00Z,24.0,0.8266666666666667,0.5947876578879405,0.48943907889768307
turbine_1,2025-11-30T18:00:00Z,2025-12-01T19:00:00Z,25.0,0.65,0.6233506582639351,0.48984087059016185
turbine_1,2025-11-30T18:00:00Z,2025-12-01T20:00:00Z,26.0,0.645,0.5705710080465712,0.5153572381622877
turbine_1,2025-11-30T18:00:00Z,2025-12-01T21:00:00Z,27.0,0.1733333333333333,0.5696024705408583,0.5202161558467984
turbine_1,2025-11-30T18:00:00Z,2025-12-01T22:00:00Z,28.0,0.0683333333333333,0.5334096111071869,0.4706894792049093
turbine_1,2025-11-30T18:00:00Z,2025-12-01T23:00:00Z,29.0,0.0383333333333333,0.4397819035041083,0.3919765744743937
turbine_1,2025-11-30T18:00:00Z,2025-12-02T00:00:00Z,30.0,0.0249999999999999,0.2960951370220444,0.30379521941238746
turbine_1,2025-11-30T18:00:00Z,2025-12-02T01:00:00Z,31.0,0.0383333333333333,0.10211887242035912,0.14834902383695633
turbine_1,2025-11-30T18:00:00Z,2025-12-02T02:00:00Z,32.0,0.1066666666666666,0.061376216089075675,0.08531179923696494
turbine_1,2025-11-30T18:00:00Z,2025-12-02T03:00:00Z,33.0,0.1366666666666666,0.044489473968641335,0.07153119948097852
turbine_1,2025-11-30T18:00:00Z,2025-12-02T04:00:00Z,34.0,0.1066666666666666,0.020665265526461418,0.043982434310122304
turbine_1,2025-11-30T18:00:00Z,2025-12-02T05:00:00Z,35.0,0.0999999999999999,0.014958568862425081,0.040922287657933355
turbine_1,2025-11-30T18:00:00Z,2025-12-02T06:00:00Z,36.0,0.0933333333333333,0.01392646361911315,0.04509204110732082
turbine_1,2025-11-30T18:00:00Z,2025-12-02T07:00:00Z,37.0,0.0666666666666666,0.018248613189124074,0.05244606782375001
turbine_1,2025-11-30T18:00:00Z,2025-12-02T08:00:00Z,38.0,0.0383333333333333,0.028988572543486912,0.06206781744888016
turbine_1,2025-11-30T18:00:00Z,2025-12-02T09:00:00Z,39.0,0.0633333333333333,0.036508974366193936,0.06716900565157374
turbine_1,2025-11-30T18:00:00Z,2025-12-02T10:00:00Z,40.0,0.045,0.04144594659546191,0.06783708093836935
turbine_1,2025-11-30T18:00:00Z,2025-12-02T11:00:00Z,41.0,0.0116666666666666,0.07937689131518179,0.10504171817509013
turbine_1,2025-11-30T18:00:00Z,2025-12-02T12:00:00Z,42.0,0.01,0.11238660975812798,0.12138633165708226
turbine_1,2025-11-30T18:00:00Z,2025-12-02T13:00:00Z,43.0,0.01,0.1187440837096312,0.14260820216057662
turbine_1,2025-11-30T18:00:00Z,2025-12-02T14:00:00Z,44.0,0.01,0.08397577103487693,0.11584949194292
turbine_1,2025-11-30T18:00:00Z,2025-12-02T15:00:00Z,45.0,0.01,0.052312159660437396,0.0979483867373286
turbine_1,2025-11-30T18:00:00Z,2025-12-02T16:00:00Z,46.0,0.0133333333333333,0.03952567818490188,0.08255326922560062
turbine_1,2025-11-30T18:00:00Z,2025-12-02T17:00:00Z,47.0,0.01,0.03803478612353961,0.07418128429975067
turbine_1,2025-11-30T18:00:00Z,2025-12-02T18:00:00Z,48.0,0.01,0.03221266091296948,0.06785765259301371
turbine_1,2025-12-01T18:00:00Z,2025-12-01T19:00:00Z,1.0,0.65,0.5488924169053431,0.4148348314625989
turbine_1,2025-12-01T18:00:00Z,2025-12-01T20:00:00Z,2.0,0.645,0.4787371421095234,0.39102329468529284
turbine_1,2025-12-01T18:00:00Z,2025-12-01T21:00:00Z,3.0,0.1733333333333333,0.45824421518001707,0.383947522804729
turbine_1,2025-12-01T18:00:00Z,2025-12-01T22:00:00Z,4.0,0.0683333333333333,0.36441598630611644,0.30872676531354226
turbine_1,2025-12-01T18:00:00Z,2025-12-01T23:00:00Z,5.0,0.0383333333333333,0.14484084602946998,0.18368988427226468
turbine_1,2025-12-01T18:00:00Z,2025-12-02T00:00:00Z,6.0,0.0249999999999999,0.05499249125627112,0.09324288480482128
turbine_1,2025-12-01T18:00:00Z,2025-12-02T01:00:00Z,7.0,0.0383333333333333,0.021964007699263183,0.05627435242260255
turbine_1,2025-12-01T18:00:00Z,2025-12-02T02:00:00Z,8.0,0.1066666666666666,0.013318836119523392,0.039358370734094324
turbine_1,2025-12-01T18:00:00Z,2025-12-02T03:00:00Z,9.0,0.1366666666666666,0.009941453285977231,0.037281649961994436
turbine_1,2025-12-01T18:00:00Z,2025-12-02T04:00:00Z,10.0,0.1066666666666666,0.015443477591060462,0.04064897357499952
turbine_1,2025-12-01T18:00:00Z,2025-12-02T05:00:00Z,11.0,0.0999999999999999,0.016569502503187172,0.0397556089286483
turbine_1,2025-12-01T18:00:00Z,2025-12-02T06:00:00Z,12.0,0.0933333333333333,0.014655468051713194,0.04837928573437865
turbine_1,2025-12-01T18:00:00Z,2025-12-02T07:00:00Z,13.0,0.0666666666666666,0.022420254236000303,0.056339980143702235
turbine_1,2025-12-01T18:00:00Z,2025-12-02T08:00:00Z,14.0,0.0383333333333333,0.02795714778266578,0.05729579490944255
turbine_1,2025-12-01T18:00:00Z,2025-12-02T09:00:00Z,15.0,0.0633333333333333,0.04111442393665293,0.07148095379361262
turbine_1,2025-12-01T18:00:00Z,2025-12-02T10:00:00Z,16.0,0.045,0.05858101234647112,0.07319942574030018
turbine_1,2025-12-01T18:00:00Z,2025-12-02T11:00:00Z,17.0,0.0116666666666666,0.06862932861264746,0.09906540914656291
turbine_1,2025-12-01T18:00:00Z,2025-12-02T12:00:00Z,18.0,0.01,0.06998234235782888,0.0934876292153572
turbine_1,2025-12-01T18:00:00Z,2025-12-02T13:00:00Z,19.0,0.01,0.06076115322426068,0.10184246669011388
turbine_1,2025-12-01T18:00:00Z,2025-12-02T14:00:00Z,20.0,0.01,0.055122724049919136,0.09513271957532533
turbine_1,2025-12-01T18:00:00Z,2025-12-02T15:00:00Z,21.0,0.01,0.04185025866728914,0.08821681368758265
turbine_1,2025-12-01T18:00:00Z,2025-12-02T16:00:00Z,22.0,0.0133333333333333,0.04032068847614689,0.07742905702534096
turbine_1,2025-12-01T18:00:00Z,2025-12-02T17:00:00Z,23.0,0.01,0.039535616246753,0.07487207519003458
turbine_1,2025-12-01T18:00:00Z,2025-12-02T18:00:00Z,24.0,0.01,0.03217893334482397,0.06943320988296536
turbine_1,2025-12-01T18:00:00Z,2025-12-02T19:00:00Z,25.0,0.0116666666666666,0.04836402964359815,0.06676190444817319
turbine_1,2025-12-01T18:00:00Z,2025-12-02T20:00:00Z,26.0,0.1116666666666666,0.0462694778253738,0.06994954250865462
turbine_1,2025-12-01T18:00:00Z,2025-12-02T21:00:00Z,27.0,0.1949999999999999,0.06999838169876656,0.09664815646978885
turbine_1,2025-12-01T18:00:00Z,2025-12-02T22:00:00Z,28.0,0.22,0.08706372471614958,0.11399603735008292
turbine_1,2025-12-01T18:00:00Z,2025-12-02T23:00:00Z,29.0,0.3066666666666667,0.12251109224568142,0.15216535289889602
turbine_1,2025-12-01T18:00:00Z,2025-12-03T00:00:00Z,30.0,0.3783333333333333,0.13059295063656284,0.17726195563250097
turbine_1,2025-12-01T18:00:00Z,2025-12-03T01:00:00Z,31.0,0.3883333333333333,0.10625855326996612,0.1407467929326567
turbine_1,2025-12-01T18:00:00Z,2025-12-03T02:00:00Z,32.0,0.6466666666666666,0.0988640895617503,0.1332700159944521
turbine_1,2025-12-01T18:00:00Z,2025-12-03T03:00:00Z,33.0,0.7083333333333334,0.10746220245592103,0.1542602849536466
turbine_1,2025-12-01T18:00:00Z,2025-12-03T04:00:00Z,34.0,0.6283333333333333,0.2175047158955207,0.17874870051913938
turbine_1,2025-12-01T18:00:00Z,2025-12-03T05:00:00Z,35.0,0.2799999999999999,0.2788636356415235,0.26934344049438985
turbine_1,2025-12-01T18:00:00Z,2025-12-03T06:00:00Z,36.0,0.2,0.32296315429182093,0.3102986782995899
turbine_1,2025-12-01T18:00:00Z,2025-12-03T07:00:00Z,37.0,0.2666666666666666,0.3751870416194903,0.33273168681759147
turbine_1,2025-12-01T18:00:00Z,2025-12-03T08:00:00Z,38.0,0.3183333333333333,0.3281319189996398,0.3299180520549235
turbine_1,2025-12-01T18:00:00Z,2025-12-03T09:00:00Z,39.0,0.1716666666666666,0.31818065525505057,0.31187963475735797
turbine_1,2025-12-01T18:00:00Z,2025-12-03T10:00:00Z,40.0,0.1166666666666666,0.29128136825019924,0.2451174464764326
turbine_1,2025-12-01T18:00:00Z,2025-12-03T11:00:00Z,41.0,0.1166666666666666,0.22020241889862477,0.21694731679774124
turbine_1,2025-12-01T18:00:00Z,2025-12-03T12:00:00Z,42.0,0.15,0.22717167893208523,0.21672092694960066
turbine_1,2025-12-01T18:00:00Z,2025-12-03T13:00:00Z,43.0,0.3,0.1971519690081377,0.16377298117796812
turbine_1,2025-12-01T18:00:00Z,2025-12-03T14:00:00Z,44.0,0.4333333333333333,0.21845005374810061,0.2126256733243212
turbine_1,2025-12-01T18:00:00Z,2025-12-03T15:00:00Z,45.0,0.365,0.21572667549090416,0.22792595902089646
turbine_1,2025-12-01T18:00:00Z,2025-12-03T16:00:00Z,46.0,0.265,0.2514339977278157,0.2520699788728235
turbine_1,2025-12-01T18:00:00Z,2025-12-03T17:00:00Z,47.0,0.1816666666666666,0.28623108012730253,0.24848999913895367
turbine_1,2025-12-01T18:00:00Z,2025-12-03T18:00:00Z,48.0,0.3116666666666667,0.3029584134267804,0.24418366282325388
turbine_1,2025-12-02T18:00:00Z,2025-12-02T19:00:00Z,1.0,0.0116666666666666,0.06354810925551227,0.08295435958620358
turbine_1,2025-12-02T18:00:00Z,2025-12-02T20:00:00Z,2.0,0.1116666666666666,0.05817639979650749,0.08452398966428293
turbine_1,2025-12-02T18:00:00Z,2025-12-02T21:00:00Z,3.0,0.1949999999999999,0.0916672523176379,0.10846861432435446
turbine_1,2025-12-02T18:00:00Z,2025-12-02T22:00:00Z,4.0,0.22,0.10224297910353207,0.1215487084948661
turbine_1,2025-12-02T18:00:00Z,2025-12-02T23:00:00Z,5.0,0.3066666666666667,0.12161270122391728,0.15504897810621152
turbine_1,2025-12-02T18:00:00Z,2025-12-03T00:00:00Z,6.0,0.3783333333333333,0.12577111417511067,0.16765403516079555
turbine_1,2025-12-02T18:00:00Z,2025-12-03T01:00:00Z,7.0,0.3883333333333333,0.10211887242035912,0.15647135287309835
turbine_1,2025-12-02T18:00:00Z,2025-12-03T02:00:00Z,8.0,0.6466666666666666,0.10296505155949717,0.15767703090320898
turbine_1,2025-12-02T18:00:00Z,2025-12-03T03:00:00Z,9.0,0.7083333333333334,0.10878754951738145,0.16071885046366444
turbine_1,2025-12-02T18:00:00Z,2025-12-03T04:00:00Z,10.0,0.6283333333333333,0.2175047158955207,0.1884251425552291
turbine_1,2025-12-02T18:00:00Z,2025-12-03T05:00:00Z,11.0,0.2799999999999999,0.24978629491828702,0.26575496321508857
turbine_1,2025-12-02T18:00:00Z,2025-12-03T06:00:00Z,12.0,0.2,0.28011483069371423,0.2772522782993837
turbine_1,2025-12-02T18:00:00Z,2025-12-03T07:00:00Z,13.0,0.2666666666666666,0.3465686091704113,0.32017592982113907
turbine_1,2025-12-02T18:00:00Z,2025-12-03T08:00:00Z,14.0,0.3183333333333333,0.3281319189996398,0.334491351596485
turbine_1,2025-12-02T18:00:00Z,2025-12-03T09:00:00Z,15.0,0.1716666666666666,0.35001398925148575,0.32362282132420667
turbine_1,2025-12-02T18:00:00Z,2025-12-03T10:00:00Z,16.0,0.1166666666666666,0.3194971591524196,0.28057157957058215
turbine_1,2025-12-02T18:00:00Z,2025-12-03T11:00:00Z,17.0,0.1166666666666666,0.2804919942347841,0.2358300185309483
turbine_1,2025-12-02T18:00:00Z,2025-12-03T12:00:00Z,18.0,0.15,0.22513063062450178,0.20880628783020327
turbine_1,2025-12-02T18:00:00Z,2025-12-03T13:00:00Z,19.0,0.3,0.2683399032220441,0.2281178585359767
turbine_1,2025-12-02T18:00:00Z,2025-12-03T14:00:00Z,20.0,0.4333333333333333,0.20519822675488364,0.2069756171201095
turbine_1,2025-12-02T18:00:00Z,2025-12-03T15:00:00Z,21.0,0.365,0.28562059755936475,0.26208996992550126
turbine_1,2025-12-02T18:00:00Z,2025-12-03T16:00:00Z,22.0,0.265,0.2266262958189039,0.21372519959955133
turbine_1,2025-12-02T18:00:00Z,2025-12-03T17:00:00Z,23.0,0.1816666666666666,0.27247502232555587,0.2394024245940836
turbine_1,2025-12-02T18:00:00Z,2025-12-03T18:00:00Z,24.0,0.3116666666666667,0.22893370773608052,0.2226263841189247
turbine_1,2025-12-02T18:00:00Z,2025-12-03T19:00:00Z,25.0,0.185,0.21934581255537058,0.20197200507503182
turbine_1,2025-12-02T18:00:00Z,2025-12-03T20:00:00Z,26.0,0.0999999999999999,0.16782770965776975,0.1842590567624914
turbine_1,2025-12-02T18:00:00Z,2025-12-03T21:00:00Z,27.0,0.1783333333333333,0.24979024711956888,0.21942441537704332
turbine_1,2025-12-02T18:00:00Z,2025-12-03T22:00:00Z,28.0,0.1516666666666666,0.31523653275842517,0.2711380884661822
turbine_1,2025-12-02T18:00:00Z,2025-12-03T23:00:00Z,29.0,0.0933333333333333,0.303040077006746,0.28366000684207204
turbine_1,2025-12-02T18:00:00Z,2025-12-04T00:00:00Z,30.0,0.105,0.5488306240736021,0.4888733761365548
turbine_1,2025-12-02T18:00:00Z,2025-12-04T01:00:00Z,31.0,0.1016666666666666,0.38479790548242077,0.3333931194651838
turbine_1,2025-12-02T18:00:00Z,2025-12-04T02:00:00Z,32.0,0.165,0.4144250040204337,0.34643144813307813
turbine_1,2025-12-02T18:00:00Z,2025-12-04T03:00:00Z,33.0,0.1999999999999999,0.44314740865681435,0.34555724428671086
turbine_1,2025-12-02T18:00:00Z,2025-12-04T04:00:00Z,34.0,0.115,0.1558226356747047,0.1392287036384583
turbine_1,2025-12-02T18:00:00Z,2025-12-04T05:00:00Z,35.0,0.0583333333333333,0.15507625376377515,0.14142963605792327
turbine_1,2025-12-02T18:00:00Z,2025-12-04T06:00:00Z,36.0,0.0216666666666666,0.09941002485318401,0.1073760624561508
turbine_1,2025-12-02T18:00:00Z,2025-12-04T07:00:00Z,37.0,0.04,0.08079537351095,0.1124041876801835
turbine_1,2025-12-02T18:00:00Z,2025-12-04T08:00:00Z,38.0,0.0433333333333333,0.07216994842208406,0.08713780003086567
turbine_1,2025-12-02T18:00:00Z,2025-12-04T09:00:00Z,39.0,0.0516666666666666,0.04837313267579574,0.07622704064855185
turbine_1,2025-12-02T18:00:00Z,2025-12-04T10:00:00Z,40.0,0.0249999999999999,0.03694551873864699,0.06700747653832129
turbine_1,2025-12-02T18:00:00Z,2025-12-04T11:00:00Z,41.0,0.1816666666666666,0.04044578956446182,0.08386285799251747
turbine_1,2025-12-02T18:00:00Z,2025-12-04T12:00:00Z,42.0,0.225,0.03785507943817784,0.08274809929537055
turbine_1,2025-12-02T18:00:00Z,2025-12-04T13:00:00Z,43.0,0.185,0.037151751516955656,0.08435539551779234
turbine_1,2025-12-02T18:00:00Z,2025-12-04T14:00:00Z,44.0,0.0633333333333333,0.19033685818332943,0.17086713243526797
turbine_1,2025-12-02T18:00:00Z,2025-12-04T15:00:00Z,45.0,0.0133333333333333,0.23873524505605143,0.20475772335682346
turbine_1,2025-12-02T18:00:00Z,2025-12-04T16:00:00Z,46.0,0.12,0.21900889605738927,0.2171238181097592
turbine_1,2025-12-02T18:00:00Z,2025-12-04T17:00:00Z,47.0,0.0883333333333333,0.17105270659646582,0.16611041171412705
turbine_1,2025-12-02T18:00:00Z,2025-12-04T18:00:00Z,48.0,0.0366666666666666,0.13917184489167506,0.1460510982604093
turbine_1,2025-12-03T18:00:00Z,2025-12-03T19:00:00Z,1.0,0.185,0.19123319220744428,0.1888076449447604
turbine_1,2025-12-03T18:00:00Z,2025-12-03T20:00:00Z,2.0,0.0999999999999999,0.1408264743663895,0.16360671447394418
turbine_1,2025-12-03T18:00:00Z,2025-12-03T21:00:00Z,3.0,0.1783333333333333,0.13778839973271556,0.12355331744534301
turbine_1,2025-12-03T18:00:00Z,2025-12-03T22:00:00Z,4.0,0.1516666666666666,0.13004234277746662,0.14301384293800254
turbine_1,2025-12-03T18:00:00Z,2025-12-03T23:00:00Z,5.0,0.0933333333333333,0.11538265117821765,0.12695744618843136
turbine_1,2025-12-03T18:00:00Z,2025-12-04T00:00:00Z,6.0,0.105,0.09712977358851034,0.1466810805344651
turbine_1,2025-12-03T18:00:00Z,2025-12-04T01:00:00Z,7.0,0.1016666666666666,0.1327253010376939,0.1703179129928375
turbine_1,2025-12-03T18:00:00Z,2025-12-04T02:00:00Z,8.0,0.165,0.0995493353019441,0.11795986983230455
turbine_1,2025-12-03T18:00:00Z,2025-12-04T03:00:00Z,9.0,0.1999999999999999,0.11040950186851872,0.10457460389986636
turbine_1,2025-12-03T18:00:00Z,2025-12-04T04:00:00Z,10.0,0.115,0.15442565316566562,0.1444887899176639
turbine_1,2025-12-03T18:00:00Z,2025-12-04T05:00:00Z,11.0,0.0583333333333333,0.1846971190528354,0.18590526912018634
turbine_1,2025-12-03T18:00:00Z,2025-12-04T06:00:00Z,12.0,0.0216666666666666,0.15279048653443394,0.15878561048157008
turbine_1,2025-12-03T18:00:00Z,2025-12-04T07:00:00Z,13.0,0.04,0.20833708978265167,0.2232322263799778
turbine_1,2025-12-03T18:00:00Z,2025-12-04T08:00:00Z,14.0,0.0433333333333333,0.1947805377055624,0.20146768416895863
turbine_1,2025-12-03T18:00:00Z,2025-12-04T09:00:00Z,15.0,0.0516666666666666,0.16575956950787069,0.15860993345972493
turbine_1,2025-12-03T18:00:00Z,2025-12-04T10:00:00Z,16.0,0.0249999999999999,0.07734633854750934,0.09128943892659291
turbine_1,2025-12-03T18:00:00Z,2025-12-04T11:00:00Z,17.0,0.1816666666666666,0.04616644071796522,0.07884767191575746
turbine_1,2025-12-03T18:00:00Z,2025-12-04T12:00:00Z,18.0,0.225,0.038350468502883095,0.07893224658283313
turbine_1,2025-12-03T18:00:00Z,2025-12-04T13:00:00Z,19.0,0.185,0.037961739256578086,0.08785152443065351
turbine_1,2025-12-03T18:00:00Z,2025-12-04T14:00:00Z,20.0,0.0633333333333333,0.08123991962809485,0.10817245273622086
turbine_1,2025-12-03T18:00:00Z,2025-12-04T15:00:00Z,21.0,0.0133333333333333,0.09696984001966215,0.12151300102094743
turbine_1,2025-12-03T18:00:00Z,2025-12-04T16:00:00Z,22.0,0.12,0.1155996475427199,0.13349582002727844
turbine_1,2025-12-03T18:00:00Z,2025-12-04T17:00:00Z,23.0,0.0883333333333333,0.15106276298052346,0.14310802334546854
turbine_1,2025-12-03T18:00:00Z,2025-12-04T18:00:00Z,24.0,0.0366666666666666,0.08133316243784586,0.09753573087406678
turbine_1,2025-12-03T18:00:00Z,2025-12-04T19:00:00Z,25.0,0.0166666666666666,0.05970004467469031,0.08609046461068323
turbine_1,2025-12-03T18:00:00Z,2025-12-04T20:00:00Z,26.0,0.0133333333333333,0.04307604296682349,0.07314154359253043
turbine_1,2025-12-03T18:00:00Z,2025-12-04T21:00:00Z,27.0,0.015,0.026810759547252594,0.045271366240610324
turbine_1,2025-12-03T18:00:00Z,2025-12-04T22:00:00Z,28.0,0.0283333333333333,0.05630019174392634,0.06476282686009252
turbine_1,2025-12-03T18:00:00Z,2025-12-04T23:00:00Z,29.0,0.0566666666666666,0.0724382819215606,0.07786879395255815
turbine_1,2025-12-03T18:00:00Z,2025-12-05T00:00:00Z,30.0,0.035,0.06332608259943082,0.074109795698151
turbine_1,2025-12-03T18:00:00Z,2025-12-05T01:00:00Z,31.0,0.065,0.05289833469571881,0.06854799596177219
turbine_1,2025-12-03T18:00:00Z,2025-12-05T02:00:00Z,32.0,0.0116666666666666,0.07126466744379599,0.07989938033550553
turbine_1,2025-12-03T18:00:00Z,2025-12-05T03:00:00Z,33.0,0.01,0.04813358092820963,0.05887891540209472
turbine_1,2025-12-03T18:00:00Z,2025-12-05T04:00:00Z,34.0,0.0133333333333333,0.03176885039515043,0.06285108691082673
turbine_1,2025-12-03T18:00:00Z,2025-12-05T05:00:00Z,35.0,0.01,0.017008397714297352,0.04253788889842491
turbine_1,2025-12-03T18:00:00Z,2025-12-05T06:00:00Z,36.0,0.01,0.023560954398331613,0.053148071118517846
turbine_1,2025-12-03T18:00:00Z,2025-12-05T07:00:00Z,37.0,0.01,0.038834741078527746,0.05557214902983924
turbine_1,2025-12-03T18:00:00Z,2025-12-05T08:00:00Z,38.0,0.01,0.05270744288427692,0.07536586570715804
turbine_1,2025-12-03T18:00:00Z,2025-12-05T09:00:00Z,39.0,0.01,0.09979918724016267,0.09621355246382897
turbine_1,2025-12-03T18:00:00Z,2025-12-05T10:00:00Z,40.0,0.01,0.10495626418710034,0.10623615980798456
turbine_1,2025-12-03T18:00:00Z,2025-12-05T11:00:00Z,41.0,0.0083333333333333,0.15041549431266554,0.15544839951834433
turbine_1,2025-12-03T18:00:00Z,2025-12-05T12:00:00Z,42.0,0.0216666666666666,0.2658197686080113,0.2477745135660847
turbine_1,2025-12-03T18:00:00Z,2025-12-05T13:00:00Z,43.0,0.16,0.3721643296132092,0.33178804873803747
turbine_1,2025-12-03T18:00:00Z,2025-12-05T14:00:00Z,44.0,0.1816666666666666,0.45212370555676695,0.4113607240757187
turbine_1,2025-12-03T18:00:00Z,2025-12-05T15:00:00Z,45.0,0.1733333333333333,0.4506984165744924,0.38371416942491754
turbine_1,2025-12-03T18:00:00Z,2025-12-05T16:00:00Z,46.0,0.0766666666666666,0.4205306264375548,0.36583793615265275
turbine_1,2025-12-03T18:00:00Z,2025-12-05T17:00:00Z,47.0,0.1216666666666666,0.36683451408413,0.3354921635981346
turbine_1,2025-12-03T18:00:00Z,2025-12-05T18:00:00Z,48.0,0.1433333333333333,0.31648871959495795,0.2727893665609455
turbine_1,2025-12-04T18:00:00Z,2025-12-04T19:00:00Z,1.0,0.0166666666666666,0.047378054449550455,0.07386721626188322
turbine_1,2025-12-04T18:00:00Z,2025-12-04T20:00:00Z,2.0,0.0133333333333333,0.033426821328710665,0.057857672359620464
turbine_1,2025-12-04T18:00:00Z,2025-12-04T21:00:00Z,3.0,0.015,0.022591734915646255,0.04002576000753357
turbine_1,2025-12-04T18:00:00Z,2025-12-04T22:00:00Z,4.0,0.0283333333333333,0.014859086258270038,0.04514091207295186
turbine_1,2025-12-04T18:00:00Z,2025-12-04T23:00:00Z,5.0,0.0566666666666666,0.015642650944148406,0.04318240135879162
turbine_1,2025-12-04T18:00:00Z,2025-12-05T00:00:00Z,6.0,0.035,0.011204281599215549,0.03618256950426454
turbine_1,2025-12-04T18:00:00Z,2025-12-05T01:00:00Z,7.0,0.065,0.031901703592957964,0.05170166150616896
turbine_1,2025-12-04T18:00:00Z,2025-12-05T02:00:00Z,8.0,0.0116666666666666,0.033546181056284485,0.059773067833021984
turbine_1,2025-12-04T18:00:00Z,2025-12-05T03:00:00Z,9.0,0.01,0.024770834362323968,0.05023330294393884
turbine_1,2025-12-04T18:00:00Z,2025-12-05T04:00:00Z,10.0,0.0133333333333333,0.025628214512413094,0.05657318894184182
turbine_1,2025-12-04T18:00:00Z,2025-12-05T05:00:00Z,11.0,0.01,0.026257143548209794,0.057291268621226216
turbine_1,2025-12-04T18:00:00Z,2025-12-05T06:00:00Z,12.0,0.01,0.04133705889481415,0.0675503695609734
turbine_1,2025-12-04T18:00:00Z,2025-12-05T07:00:00Z,13.0,0.01,0.08063656008743471,0.09189177584526513
turbine_1,2025-12-04T18:00:00Z,2025-12-05T08:00:00Z,14.0,0.01,0.16392291150237373,0.1526285156070851
turbine_1,2025-12-04T18:00:00Z,2025-12-05T09:00:00Z,15.0,0.01,0.3064316221834986,0.25938626243352114
turbine_1,2025-12-04T18:00:00Z,2025-12-05T10:00:00Z,16.0,0.01,0.3995786299913918,0.3537876732852879
turbine_1,2025-12-04T18:00:00Z,2025-12-05T11:00:00Z,17.0,0.0083333333333333,0.4954281681296726,0.4540712820251791
turbine_1,2025-12-04T18:00:00Z,2025-12-05T12:00:00Z,18.0,0.0216666666666666,0.6397758445696404,0.5727035999625926
turbine_1,2025-12-04T18:00:00Z,2025-12-05T13:00:00Z,19.0,0.16,0.5461549827492912,0.46529387091446156
turbine_1,2025-12-04T18:00:00Z,2025-12-05T14:00:00Z,20.0,0.1816666666666666,0.6560966701344395,0.6025753276058767
turbine_1,2025-12-04T18:00:00Z,2025-12-05T15:00:00Z,21.0,0.1733333333333333,0.571547496459859,0.5422304973227848
turbine_1,2025-12-04T18:00:00Z,2025-12-05T16:00:00Z,22.0,0.0766666666666666,0.6190506261298365,0.5784665464400189
turbine_1,2025-12-04T18:00:00Z,2025-12-05T17:00:00Z,23.0,0.1216666666666666,0.5349731022410582,0.480911799508428
turbine_1,2025-12-04T18:00:00Z,2025-12-05T18:00:00Z,24.0,0.1433333333333333,0.42054333685466655,0.4079222940745442
turbine_1,2025-12-04T18:00:00Z,2025-12-05T19:00:00Z,25.0,0.0116666666666666,0.36030411195066847,0.3045675952606
turbine_1,2025-12-04T18:00:00Z,2025-12-05T20:00:00Z,26.0,0.01,0.2898406494528829,0.2443151726227288
turbine_1,2025-12-04T18:00:00Z,2025-12-05T21:00:00Z,27.0,0.0116666666666666,0.19228944166289996,0.1711869030537809
turbine_1,2025-12-04T18:00:00Z,2025-12-05T22:00:00Z,28.0,0.0083333333333333,0.05179128302496924,0.07181151288609033
turbine_1,2025-12-04T18:00:00Z,2025-12-05T23:00:00Z,29.0,0.01,0.021643010656263978,0.044688889450658215
turbine_1,2025-12-04T18:00:00Z,2025-12-06T00:00:00Z,30.0,0.01,0.01240201147051051,0.03156545131094596
turbine_1,2025-12-04T18:00:00Z,2025-12-06T01:00:00Z,31.0,0.0216666666666666,0.01157989680484045,0.031771935381923654
turbine_1,2025-12-04T18:00:00Z,2025-12-06T02:00:00Z,32.0,0.0216666666666666,0.013833682946182535,0.04052692813478436
turbine_1,2025-12-04T18:00:00Z,2025-12-06T03:00:00Z,33.0,0.17,0.0166267756642412,0.04117216103227806
turbine_1,2025-12-04T18:00:00Z,2025-12-06T04:00:00Z,34.0,0.185,0.026443152925719804,0.05166652547242652
turbine_1,2025-12-04T18:00:00Z,2025-12-06T05:00:00Z,35.0,0.1066666666666666,0.04293045662908834,0.06892622336869185
turbine_1,2025-12-04T18:00:00Z,2025-12-06T06:00:00Z,36.0,0.1083333333333333,0.13457935760433545,0.11548271914127016
turbine_1,2025-12-04T18:00:00Z,2025-12-06T07:00:00Z,37.0,0.73,0.20317384626945878,0.18738899835622796
turbine_1,2025-12-04T18:00:00Z,2025-12-06T08:00:00Z,38.0,0.6533333333333333,0.28543366979446394,0.2944560918130998
turbine_1,2025-12-04T18:00:00Z,2025-12-06T09:00:00Z,39.0,0.5716666666666667,0.3805913431417609,0.3347339619778996
turbine_1,2025-12-04T18:00:00Z,2025-12-06T10:00:00Z,40.0,0.4083333333333334,0.38290807178310293,0.32877512080969856
turbine_1,2025-12-04T18:00:00Z,2025-12-06T11:00:00Z,41.0,0.3233333333333333,0.3859655497196425,0.3576368939472295
turbine_1,2025-12-04T18:00:00Z,2025-12-06T12:00:00Z,42.0,0.0933333333333333,0.5504465045012314,0.4556824111731402
turbine_1,2025-12-04T18:00:00Z,2025-12-06T13:00:00Z,43.0,0.01,0.6302759029936016,0.5338322807572214
turbine_1,2025-12-04T18:00:00Z,2025-12-06T14:00:00Z,44.0,0.01,0.6879456808249825,0.5837597201205368
turbine_1,2025-12-04T18:00:00Z,2025-12-06T15:00:00Z,45.0,0.01,0.7138719462852545,0.6264465032279061
turbine_1,2025-12-04T18:00:00Z,2025-12-06T16:00:00Z,46.0,0.01,0.6968199258927967,0.6329049939854772
turbine_1,2025-12-04T18:00:00Z,2025-12-06T17:00:00Z,47.0,0.0499999999999999,0.6924401610170958,0.622107472799788
turbine_1,2025-12-04T18:00:00Z,2025-12-06T18:00:00Z,48.0,0.09,0.680427529607339,0.6493884572309657
turbine_1,2025-12-05T18:00:00Z,2025-12-05T19:00:00Z,1.0,0.0116666666666666,0.18352662023329983,0.14590756099991997
turbine_1,2025-12-05T18:00:00Z,2025-12-05T20:00:00Z,2.0,0.01,0.08230626648742059,0.09121086005794682
turbine_1,2025-12-05T18:00:00Z,2025-12-05T21:00:00Z,3.0,0.0116666666666666,0.07502756079274574,0.07518791899254511
turbine_1,2025-12-05T18:00:00Z,2025-12-05T22:00:00Z,4.0,0.0083333333333333,0.03355153938005195,0.060352662937499725
turbine_1,2025-12-05T18:00:00Z,2025-12-05T23:00:00Z,5.0,0.01,0.012795397684824794,0.037373476765578194
turbine_1,2025-12-05T18:00:00Z,2025-12-06T00:00:00Z,6.0,0.01,0.01661724897339828,0.04462727812697641
turbine_1,2025-12-05T18:00:00Z,2025-12-06T01:00:00Z,7.0,0.0216666666666666,0.026257695131288755,0.04467656949242287
turbine_1,2025-12-05T18:00:00Z,2025-12-06T02:00:00Z,8.0,0.0216666666666666,0.03184826819110215,0.055046342765913046
turbine_1,2025-12-05T18:00:00Z,2025-12-06T03:00:00Z,9.0,0.17,0.03635500271419331,0.057299653218719514
turbine_1,2025-12-05T18:00:00Z,2025-12-06T04:00:00Z,10.0,0.185,0.04066407012968137,0.06155231101633038
turbine_1,2025-12-05T18:00:00Z,2025-12-06T05:00:00Z,11.0,0.1066666666666666,0.05358615737495609,0.08734430460564474
turbine_1,2025-12-05T18:00:00Z,2025-12-06T06:00:00Z,12.0,0.1083333333333333,0.12869670910605235,0.11859156250959536
turbine_1,2025-12-05T18:00:00Z,2025-12-06T07:00:00Z,13.0,0.73,0.20378196855745673,0.17180897155851294
turbine_1,2025-12-05T18:00:00Z,2025-12-06T08:00:00Z,14.0,0.6533333333333333,0.2537017246740035,0.25408257525204037
turbine_1,2025-12-05T18:00:00Z,2025-12-06T09:00:00Z,15.0,0.5716666666666667,0.3209140434430981,0.27647800113517507
turbine_1,2025-12-05T18:00:00Z,2025-12-06T10:00:00Z,16.0,0.4083333333333334,0.3305776002196822,0.2841069525538069
turbine_1,2025-12-05T18:00:00Z,2025-12-06T11:00:00Z,17.0,0.3233333333333333,0.38246659601679844,0.28980077514151714
turbine_1,2025-12-05T18:00:00Z,2025-12-06T12:00:00Z,18.0,0.0933333333333333,0.5568364601208045,0.43749616236347205
turbine_1,2025-12-05T18:00:00Z,2025-12-06T13:00:00Z,19.0,0.01,0.5643212211884765,0.43417212068029415
turbine_1,2025-12-05T18:00:00Z,2025-12-06T14:00:00Z,20.0,0.01,0.541582648732704,0.4093052063168079
turbine_1,2025-12-05T18:00:00Z,2025-12-06T15:00:00Z,21.0,0.01,0.33642748854660665,0.2841821773088653
turbine_1,2025-12-05T18:00:00Z,2025-12-06T16:00:00Z,22.0,0.01,0.33418882065215505,0.2863278560156541
turbine_1,2025-12-05T18:00:00Z,2025-12-06T17:00:00Z,23.0,0.0499999999999999,0.4434040215226329,0.3633910235490057
turbine_1,2025-12-05T18:00:00Z,2025-12-06T18:00:00Z,24.0,0.09,0.4804771614790122,0.4052328648043075
turbine_1,2025-12-05T18:00:00Z,2025-12-06T19:00:00Z,25.0,0.1083333333333333,0.5248331431220407,0.388552882382804
turbine_1,2025-12-05T18:00:00Z,2025-12-06T20:00:00Z,26.0,0.1416666666666666,0.4732886263675061,0.38278085617963964
turbine_1,2025-12-05T18:00:00Z,2025-12-06T21:00:00Z,27.0,0.13,0.4629664338907651,0.39209209487103935
turbine_1,2025-12-05T18:00:00Z,2025-12-06T22:00:00Z,28.0,0.2233333333333333,0.4003694192157997,0.3478513213105802
turbine_1,2025-12-05T18:00:00Z,2025-12-06T23:00:00Z,29.0,0.2933333333333333,0.43784061988082956,0.35284969308262315
turbine_1,2025-12-05T18:00:00Z,2025-12-07T00:00:00Z,30.0,0.4316666666666666,0.3584751722243712,0.3416769023631026
turbine_1,2025-12-05T18:00:00Z,2025-12-07T01:00:00Z,31.0,0.445,0.31766018088545706,0.2883807340993828
turbine_1,2025-12-05T18:00:00Z,2025-12-07T02:00:00Z,32.0,0.5066666666666667,0.14709445212578304,0.16471859858317806
turbine_1,2025-12-05T18:00:00Z,2025-12-07T03:00:00Z,33.0,0.1016666666666666,0.13483002811108075,0.164943828386638
turbine_1,2025-12-05T18:00:00Z,2025-12-07T04:00:00Z,34.0,0.03,0.13870586261709827,0.13115481113393376
turbine_1,2025-12-05T18:00:00Z,2025-12-07T05:00:00Z,35.0,0.055,0.15568651683644114,0.10448627573931231
turbine_1,2025-12-05T18:00:00Z,2025-12-07T06:00:00Z,36.0,0.01,0.10811113198191005,0.10889709865498193
turbine_1,2025-12-05T18:00:00Z,2025-12-07T07:00:00Z,37.0,0.01,0.14914389978440956,0.15501916323782258
turbine_1,2025-12-05T18:00:00Z,2025-12-07T08:00:00Z,38.0,0.0116666666666666,0.13608659697609793,0.1518468513731219
turbine_1,2025-12-05T18:00:00Z,2025-12-07T09:00:00Z,39.0,0.0116666666666666,0.08905170658569324,0.10563981271139297
turbine_1,2025-12-05T18:00:00Z,2025-12-07T10:00:00Z,40.0,0.01,0.08316693167421377,0.09656273631606482
turbine_1,2025-12-05T18:00:00Z,2025-12-07T11:00:00Z,41.0,0.0233333333333333,0.05267136211569845,0.08341331583186512
turbine_1,2025-12-05T18:00:00Z,2025-12-07T12:00:00Z,42.0,0.0166666666666666,0.036934857982108826,0.07842908077497454
turbine_1,2025-12-05T18:00:00Z,2025-12-07T13:00:00Z,43.0,0.075,0.04069362747974764,0.08147303776865654
turbine_1,2025-12-05T18:00:00Z,2025-12-07T14:00:00Z,44.0,0.0166666666666666,0.04541550480838008,0.0847219997236274
turbine_1,2025-12-05T18:00:00Z,2025-12-07T15:00:00Z,45.0,0.0116666666666666,0.05194632124651588,0.09485612744398199
turbine_1,2025-12-05T18:00:00Z,2025-12-07T16:00:00Z,46.0,0.0883333333333333,0.05981763604913365,0.09664311155119909
turbine_1,2025-12-05T18:00:00Z,2025-12-07T17:00:00Z,47.0,0.0166666666666666,0.06991545838712958,0.09065036703535426
turbine_1,2025-12-05T18:00:00Z,2025-12-07T18:00:00Z,48.0,0.01,0.07719773579124271,0.09097411523581195
turbine_1,2025-12-06T18:00:00Z,2025-12-06T19:00:00Z,1.0,0.1083333333333333,0.49441741610515055,0.383258162138406
turbine_1,2025-12-06T18:00:00Z,2025-12-06T20:00:00Z,2.0,0.1416666666666666,0.44094832972563425,0.36181328625515286
turbine_1,2025-12-06T18:00:00Z,2025-12-06T21:00:00Z,3.0,0.13,0.42448757600363707,0.3756763302625468
turbine_1,2025-12-06T18:00:00Z,2025-12-06T22:00:00Z,4.0,0.2233333333333333,0.4664330839594938,0.3795025903632395
turbine_1,2025-12-06T18:00:00Z,2025-12-06T23:00:00Z,5.0,0.2933333333333333,0.4730328889449211,0.39209945969423904
turbine_1,2025-12-06T18:00:00Z,2025-12-07T00:00:00Z,6.0,0.4316666666666666,0.5494959146499097,0.4973581506408861
turbine_1,2025-12-06T18:00:00Z,2025-12-07T01:00:00Z,7.0,0.445,0.5694653907988723,0.5739965732045376
turbine_1,2025-12-06T18:00:00Z,2025-12-07T02:00:00Z,8.0,0.5066666666666667,0.5640298208599304,0.5688310277739568
turbine_1,2025-12-06T18:00:00Z,2025-12-07T03:00:00Z,9.0,0.1016666666666666,0.62484119479872,0.614959230829203
turbine_1,2025-12-06T18:00:00Z,2025-12-07T04:00:00Z,10.0,0.03,0.6450395585379477,0.5150601363119394
turbine_1,2025-12-06T18:00:00Z,2025-12-07T05:00:00Z,11.0,0.055,0.6376107970418692,0.5609703859250927
turbine_1,2025-12-06T18:00:00Z,2025-12-07T06:00:00Z,12.0,0.01,0.5724812854292182,0.4646001209503922
turbine_1,2025-12-06T18:00:00Z,2025-12-07T07:00:00Z,13.0,0.01,0.5602026322227203,0.46166805136954575
turbine_1,2025-12-06T18:00:00Z,2025-12-07T08:00:00Z,14.0,0.0116666666666666,0.5609847815427358,0.491005655301845
turbine_1,2025-12-06T18:00:00Z,2025-12-07T09:00:00Z,15.0,0.0116666666666666,0.31546076402678613,0.30584414233074186
turbine_1,2025-12-06T18:00:00Z,2025-12-07T10:00:00Z,16.0,0.01,0.20778092259417985,0.17664945304242843
turbine_1,2025-12-06T18:00:00Z,2025-12-07T11:00:00Z,17.0,0.0233333333333333,0.13369929383095253,0.16529800204476214
turbine_1,2025-12-06T18:00:00Z,2025-12-07T12:00:00Z,18.0,0.0166666666666666,0.08165724246711345,0.10419878831343342
turbine_1,2025-12-06T18:00:00Z,2025-12-07T13:00:00Z,19.0,0.075,0.06510661911302124,0.10180735965397894
turbine_1,2025-12-06T18:00:00Z,2025-12-07T14:00:00Z,20.0,0.0166666666666666,0.07780894866160908,0.097792972793907
turbine_1,2025-12-06T18:00:00Z,2025-12-07T15:00:00Z,21.0,0.0116666666666666,0.049204819865021676,0.08302444739999507
turbine_1,2025-12-06T18:00:00Z,2025-12-07T16:00:00Z,22.0,0.0883333333333333,0.04187971824012532,0.07896433481974025
turbine_1,2025-12-06T18:00:00Z,2025-12-07T17:00:00Z,23.0,0.0166666666666666,0.0610385632176067,0.08526129664389111
turbine_1,2025-12-06T18:00:00Z,2025-12-07T18:00:00Z,24.0,0.01,0.07649167402494893,0.09378814328058423
turbine_1,2025-12-06T18:00:00Z,2025-12-07T19:00:00Z,25.0,0.01,0.07227357855497163,0.09342452613418589
turbine_1,2025-12-06T18:00:00Z,2025-12-07T20:00:00Z,26.0,0.01,0.06064085488213361,0.07884622674426582
turbine_1,2025-12-06T18:00:00Z,2025-12-07T21:00:00Z,27.0,0.01,0.10283734086454396,0.08791593250707402
turbine_1,2025-12-06T18:00:00Z,2025-12-07T22:00:00Z,28.0,0.0499999999999999,0.09600572753315734,0.11242910280690248
turbine_1,2025-12-06T18:00:00Z,2025-12-07T23:00:00Z,29.0,0.2383333333333333,0.0772057228705141,0.11862708238184753
turbine_1,2025-12-06T18:00:00Z,2025-12-08T00:00:00Z,30.0,0.1566666666666666,0.40368004303885474,0.347014737551729
turbine_1,2025-12-06T18:00:00Z,2025-12-08T01:00:00Z,31.0,0.6266666666666666,0.32349831430896253,0.27758610485979884
turbine_1,2025-12-06T18:00:00Z,2025-12-08T02:00:00Z,32.0,0.62,0.5302662526842372,0.4519604568125272
turbine_1,2025-12-06T18:00:00Z,2025-12-08T03:00:00Z,33.0,0.435,0.7256150547714423,0.6760439821864574
turbine_1,2025-12-06T18:00:00Z,2025-12-08T04:00:00Z,34.0,0.34,0.6431477433013932,0.6072765180479646
turbine_1,2025-12-06T18:00:00Z,2025-12-08T05:00:00Z,35.0,0.1783333333333333,0.6786797285312167,0.6378342944187075
turbine_1,2025-12-06T18:00:00Z,2025-12-08T06:00:00Z,36.0,0.0116666666666666,0.5965294013625506,0.5262583279991727
turbine_1,2025-12-06T18:00:00Z,2025-12-08T07:00:00Z,37.0,0.0133333333333333,0.37131578775959584,0.37153741698575554
turbine_1,2025-12-06T18:00:00Z,2025-12-08T08:00:00Z,38.0,0.01,0.19179134116307292,0.1948547003175873
turbine_1,2025-12-06T18:00:00Z,2025-12-08T09:00:00Z,39.0,0.0416666666666666,0.10593644683695479,0.11365551901422888
turbine_1,2025-12-06T18:00:00Z,2025-12-08T10:00:00Z,40.0,0.4133333333333333,0.03872910994812706,0.06726718968385587
turbine_1,2025-12-06T18:00:00Z,2025-12-08T11:00:00Z,41.0,0.5133333333333333,0.1393698465390832,0.14982030137285707
turbine_1,2025-12-06T18:00:00Z,2025-12-08T12:00:00Z,42.0,0.3083333333333333,0.3081294016148924,0.2727363031441936
turbine_1,2025-12-06T18:00:00Z,2025-12-08T13:00:00Z,43.0,0.7000000000000001,0.7067217038145566,0.6578822999313224
turbine_1,2025-12-06T18:00:00Z,2025-12-08T14:00:00Z,44.0,0.9333333333333332,0.9593281016973148,0.9383156271817781
turbine_1,2025-12-06T18:00:00Z,2025-12-08T15:00:00Z,45.0,0.955,0.949619928468579,0.9268893692477591
turbine_1,2025-12-06T18:00:00Z,2025-12-08T16:00:00Z,46.0,0.975,0.9323575967218766,0.966347702074287
turbine_1,2025-12-06T18:00:00Z,2025-12-08T17:00:00Z,47.0,0.8649999999999999,0.9267606337413681,0.9300883686423377
turbine_1,2025-12-06T18:00:00Z,2025-12-08T18:00:00Z,48.0,0.955,0.9169661626190793,0.8104529894828386
turbine_1,2025-12-07T18:00:00Z,2025-12-07T19:00:00Z,1.0,0.01,0.24866096717678773,0.1969289356235965
turbine_1,2025-12-07T18:00:00Z,2025-12-07T20:00:00Z,2.0,0.01,0.2211905440450473,0.19617945949355045
turbine_1,2025-12-07T18:00:00Z,2025-12-07T21:00:00Z,3.0,0.01,0.3139627849614129,0.27046015822332486
turbine_1,2025-12-07T18:00:00Z,2025-12-07T22:00:00Z,4.0,0.0499999999999999,0.48034434818401217,0.40407835916528334
turbine_1,2025-12-07T18:00:00Z,2025-12-07T23:00:00Z,5.0,0.2383333333333333,0.43546971308458426,0.3640515277935421
turbine_1,2025-12-07T18:00:00Z,2025-12-08T00:00:00Z,6.0,0.1566666666666666,0.46758211617462475,0.394332822776859
turbine_1,2025-12-07T18:00:00Z,2025-12-08T01:00:00Z,7.0,0.6266666666666666,0.6210415336736219,0.6471920137005297
turbine_1,2025-12-07T18:00:00Z,2025-12-08T02:00:00Z,8.0,0.62,0.5496958283695309,0.5123853671840194
turbine_1,2025-12-07T18:00:00Z,2025-12-08T03:00:00Z,9.0,0.435,0.6122051239817774,0.5637870772245588
turbine_1,2025-12-07T18:00:00Z,2025-12-08T04:00:00Z,10.0,0.34,0.7361527694046979,0.7132095595342561
turbine_1,2025-12-07T18:00:00Z,2025-12-08T05:00:00Z,11.0,0.1783333333333333,0.7089457866821348,0.6386148853349769
turbine_1,2025-12-07T18:00:00Z,2025-12-08T06:00:00Z,12.0,0.0116666666666666,0.30507578369034005,0.2818852385526529
turbine_1,2025-12-07T18:00:00Z,2025-12-08T07:00:00Z,13.0,0.0133333333333333,0.18600931431430556,0.19419732794646677
turbine_1,2025-12-07T18:00:00Z,2025-12-08T08:00:00Z,14.0,0.01,0.07565508851546486,0.08101915688796238
turbine_1,2025-12-07T18:00:00Z,2025-12-08T09:00:00Z,15.0,0.0416666666666666,0.040122642740800574,0.07564559022655479
turbine_1,2025-12-07T18:00:00Z,2025-12-08T10:00:00Z,16.0,0.4133333333333333,0.1571720096627808,0.17605299458724663
turbine_1,2025-12-07T18:00:00Z,2025-12-08T11:00:00Z,17.0,0.5133333333333333,0.589036706964562,0.5906577486428327
turbine_1,2025-12-07T18:00:00Z,2025-12-08T12:00:00Z,18.0,0.3083333333333333,0.9570521905967201,0.9766882476847201
turbine_1,2025-12-07T18:00:00Z,2025-12-08T13:00:00Z,19.0,0.7000000000000001,0.9499411856809089,0.949455074821358
turbine_1,2025-12-07T18:00:00Z,2025-12-08T14:00:00Z,20.0,0.9333333333333332,0.9421028977309622,0.917289640940301
turbine_1,2025-12-07T18:00:00Z,2025-12-08T15:00:00Z,21.0,0.955,0.936409131334376,0.8993793779153758
turbine_1,2025-12-07T18:00:00Z,2025-12-08T16:00:00Z,22.0,0.975,0.8970326150562189,0.8476311783551018
turbine_1,2025-12-07T18:00:00Z,2025-12-08T17:00:00Z,23.0,0.8649999999999999,0.9298030522964256,0.9600055470349085
turbine_1,2025-12-07T18:00:00Z,2025-12-08T18:00:00Z,24.0,0.955,0.9543793574690372,0.9021952479049833
turbine_1,2025-12-07T18:00:00Z,2025-12-08T19:00:00Z,25.0,0.775,0.9148884819481968,0.8332662566865833
turbine_1,2025-12-07T18:00:00Z,2025-12-08T20:00:00Z,26.0,0.2799999999999999,0.7132062196942697,0.6328339424134831
turbine_1,2025-12-07T18:00:00Z,2025-12-08T21:00:00Z,27.0,0.1483333333333333,0.4919185515457108,0.5078587731077749
turbine_1,2025-12-07T18:00:00Z,2025-12-08T22:00:00Z,28.0,0.1216666666666666,0.3830288799515876,0.3370237140527307
turbine_1,2025-12-07T18:00:00Z,2025-12-08T23:00:00Z,29.0,0.0716666666666666,0.24025370811064917,0.21364511861174987
turbine_1,2025-12-07T18:00:00Z,2025-12-09T00:00:00Z,30.0,0.0266666666666666,0.1153040952587484,0.13471375922423587
turbine_1,2025-12-07T18:00:00Z,2025-12-09T01:00:00Z,31.0,0.01,0.06218144528831898,0.08588809867145675
turbine_1,2025-12-07T18:00:00Z,2025-12-09T02:00:00Z,32.0,0.01,0.04030901261873254,0.058645831999974835
turbine_1,2025-12-07T18:00:00Z,2025-12-09T03:00:00Z,33.0,0.01,0.02068680939862666,0.045901606153896615
turbine_1,2025-12-07T18:00:00Z,2025-12-09T04:00:00Z,34.0,0.1766666666666666,0.012913158461026197,0.04258556709424731
turbine_1,2025-12-07T18:00:00Z,2025-12-09T05:00:00Z,35.0,0.8283333333333333,0.040638881753575995,0.0601927164055141
turbine_1,2025-12-07T18:00:00Z,2025-12-09T06:00:00Z,36.0,0.915,0.16822350700223712,0.16228798118320675
turbine_1,2025-12-07T18:00:00Z,2025-12-09T07:00:00Z,37.0,0.9866666666666668,0.7938018454570668,0.8789516237259621
turbine_1,2025-12-07T18:00:00Z,2025-12-09T08:00:00Z,38.0,0.9866666666666668,0.9834498822991792,1.0
turbine_1,2025-12-07T18:00:00Z,2025-12-09T09:00:00Z,39.0,0.9883333333333332,0.9999295498674554,1.0
turbine_1,2025-12-07T18:00:00Z,2025-12-09T10:00:00Z,40.0,0.98,0.9487980440927913,0.9722152115271827
turbine_1,2025-12-07T18:00:00Z,2025-12-09T11:00:00Z,41.0,0.9316666666666666,0.8053505544042371,0.6818804533002315
turbine_1,2025-12-07T18:00:00Z,2025-12-09T12:00:00Z,42.0,0.9416666666666668,0.6280051853959593,0.5978644443468466
turbine_1,2025-12-07T18:00:00Z,2025-12-09T13:00:00Z,43.0,0.8849999999999999,0.43405604545115906,0.3739178358511349
turbine_1,2025-12-07T18:00:00Z,2025-12-09T14:00:00Z,44.0,0.935,0.27483412906669896,0.2046946170555242
turbine_1,2025-12-07T18:00:00Z,2025-12-09T15:00:00Z,45.0,0.815,0.09489525053796291,0.11675521849501903
turbine_1,2025-12-07T18:00:00Z,2025-12-09T16:00:00Z,46.0,0.5316666666666666,0.0854755247718223,0.09852017484887242
turbine_1,2025-12-07T18:00:00Z,2025-12-09T17:00:00Z,47.0,0.165,0.038171120062396535,0.07371723262044975
turbine_1,2025-12-07T18:00:00Z,2025-12-09T18:00:00Z,48.0,0.0483333333333333,0.03304133912114815,0.0751379254944674
turbine_1,2025-12-08T18:00:00Z,2025-12-08T19:00:00Z,1.0,0.775,0.764738669035725,0.6990018474045326
turbine_1,2025-12-08T18:00:00Z,2025-12-08T20:00:00Z,2.0,0.2799999999999999,0.6979814647167327,0.6346772176036315
turbine_1,2025-12-08T18:00:00Z,2025-12-08T21:00:00Z,3.0,0.1483333333333333,0.37213336273987446,0.32527485966838676
turbine_1,2025-12-08T18:00:00Z,2025-12-08T22:00:00Z,4.0,0.1216666666666666,0.18994568787940194,0.18101827117838598
turbine_1,2025-12-08T18:00:00Z,2025-12-08T23:00:00Z,5.0,0.0716666666666666,0.06996044233189885,0.09250792350893024
turbine_1,2025-12-08T18:00:00Z,2025-12-09T00:00:00Z,6.0,0.0266666666666666,0.033262986143949014,0.04965873388245151
turbine_1,2025-12-08T18:00:00Z,2025-12-09T01:00:00Z,7.0,0.01,0.014825599751334961,0.04268044041175404
turbine_1,2025-12-08T18:00:00Z,2025-12-09T02:00:00Z,8.0,0.01,0.018321150837998013,0.043232288193652685
turbine_1,2025-12-08T18:00:00Z,2025-12-09T03:00:00Z,9.0,0.01,0.03153688334745633,0.057089012625947476
turbine_1,2025-12-08T18:00:00Z,2025-12-09T04:00:00Z,10.0,0.1766666666666666,0.11421830907329046,0.09845572303161033
turbine_1,2025-12-08T18:00:00Z,2025-12-09T05:00:00Z,11.0,0.8283333333333333,0.4666825933950993,0.3892841898616309
turbine_1,2025-12-08T18:00:00Z,2025-12-09T06:00:00Z,12.0,0.915,0.9799530071919377,1.0
turbine_1,2025-12-08T18:00:00Z,2025-12-09T07:00:00Z,13.0,0.9866666666666668,0.9827180332319544,1.0
turbine_1,2025-12-08T18:00:00Z,2025-12-09T08:00:00Z,14.0,0.9866666666666668,0.9865449610551839,1.0
turbine_1,2025-12-08T18:00:00Z,2025-12-09T09:00:00Z,15.0,0.9883333333333332,0.9805201277177592,0.9754434216639893
turbine_1,2025-12-08T18:00:00Z,2025-12-09T10:00:00Z,16.0,0.98,0.8656876888430549,0.7881299879008109
turbine_1,2025-12-08T18:00:00Z,2025-12-09T11:00:00Z,17.0,0.9316666666666666,0.6504814818955595,0.5938874556382793
turbine_1,2025-12-08T18:00:00Z,2025-12-09T12:00:00Z,18.0,0.9416666666666668,0.4739411429348317,0.4570261095679059
turbine_1,2025-12-08T18:00:00Z,2025-12-09T13:00:00Z,19.0,0.8849999999999999,0.2947808871610806,0.2323193972525595
turbine_1,2025-12-08T18:00:00Z,2025-12-09T14:00:00Z,20.0,0.935,0.14945228949170034,0.15333992896395218
turbine_1,2025-12-08T18:00:00Z,2025-12-09T15:00:00Z,21.0,0.815,0.13442814098062972,0.1321125863281763
turbine_1,2025-12-08T18:00:00Z,2025-12-09T16:00:00Z,22.0,0.5316666666666666,0.07333368508729315,0.09987050560269259
turbine_1,2025-12-08T18:00:00Z,2025-12-09T17:00:00Z,23.0,0.165,0.03814671136627912,0.07505119877711248
turbine_1,2025-12-08T18:00:00Z,2025-12-09T18:00:00Z,24.0,0.0483333333333333,0.03174559626692186,0.0660819138355663
turbine_1,2025-12-08T18:00:00Z,2025-12-09T19:00:00Z,25.0,0.3483333333333333,0.08481433807432152,0.09500140235690563
turbine_1,2025-12-08T18:00:00Z,2025-12-09T20:00:00Z,26.0,0.6333333333333333,0.15050283955413912,0.14484534555338405
turbine_1,2025-12-08T18:00:00Z,2025-12-09T21:00:00Z,27.0,0.7716666666666666,0.26861305314505385,0.24841708799866083
turbine_1,2025-12-08T18:00:00Z,2025-12-09T22:00:00Z,28.0,0.9483333333333333,0.43027877971520007,0.3731728114649954
turbine_1,2025-12-08T18:00:00Z,2025-12-09T23:00:00Z,29.0,0.99,0.6724140898176079,0.6071312132134974
turbine_1,2025-12-08T18:00:00Z,2025-12-10T00:00:00Z,30.0,0.9816666666666666,0.5685818108810847,0.5861632278724855
turbine_1,2025-12-08T18:00:00Z,2025-12-10T01:00:00Z,31.0,0.975,0.7234838877800968,0.6010654014868411
turbine_1,2025-12-08T18:00:00Z,2025-12-10T02:00:00Z,32.0,0.99,0.8653263175586737,0.8080145764931198
turbine_1,2025-12-08T18:00:00Z,2025-12-10T03:00:00Z,33.0,0.98,0.9720255679768431,0.9530509799408293
turbine_1,2025-12-08T18:00:00Z,2025-12-10T04:00:00Z,34.0,0.9166666666666666,0.9605654993566967,0.9694293276272768
turbine_1,2025-12-08T18:00:00Z,2025-12-10T05:00:00Z,35.0,0.79,0.9860962594945197,0.9242581862811347
turbine_1,2025-12-08T18:00:00Z,2025-12-10T06:00:00Z,36.0,0.915,0.9810655305895314,0.8607642971675631
turbine_1,2025-12-08T18:00:00Z,2025-12-10T07:00:00Z,37.0,0.9416666666666668,0.9347512662296209,0.887401489537299
turbine_1,2025-12-08T18:00:00Z,2025-12-10T08:00:00Z,38.0,0.9316666666666666,0.9292954493783503,0.8730351629047155
turbine_1,2025-12-08T18:00:00Z,2025-12-10T09:00:00Z,39.0,0.9666666666666668,0.93505762642492,0.8877304078131742
turbine_1,2025-12-08T18:00:00Z,2025-12-10T10:00:00Z,40.0,0.9766666666666666,0.8034274153693315,0.7835831374849215
turbine_1,2025-12-08T18:00:00Z,2025-12-10T11:00:00Z,41.0,0.99,0.4322577031439807,0.4050462334683513
turbine_1,2025-12-08T18:00:00Z,2025-12-10T12:00:00Z,42.0,0.9866666666666668,0.38863445618902004,0.3177973826200059
turbine_1,2025-12-08T18:00:00Z,2025-12-10T13:00:00Z,43.0,0.9633333333333334,0.45165352445650064,0.3636205523546468
turbine_1,2025-12-08T18:00:00Z,2025-12-10T14:00:00Z,44.0,0.99,0.7688984377030245,0.6567557793825302
turbine_1,2025-12-08T18:00:00Z,2025-12-10T15:00:00Z,45.0,0.99,0.851026372545729,0.7804454555973012
turbine_1,2025-12-08T18:00:00Z,2025-12-10T16:00:00Z,46.0,0.99,0.8801077321121994,0.851857999928792
turbine_1,2025-12-08T18:00:00Z,2025-12-10T17:00:00Z,47.0,0.99,0.9026824799653628,0.8743718500745135
turbine_1,2025-12-08T18:00:00Z,2025-12-10T18:00:00Z,48.0,0.9816666666666666,0.8685760600936129,0.7799597986881673
turbine_1,2025-12-09T18:00:00Z,2025-12-09T19:00:00Z,1.0,0.3483333333333333,0.14461579917572487,0.12667600579576904
turbine_1,2025-12-09T18:00:00Z,2025-12-09T20:00:00Z,2.0,0.6333333333333333,0.18150835478870794,0.16636711787810518
turbine_1,2025-12-09T18:00:00Z,2025-12-09T21:00:00Z,3.0,0.7716666666666666,0.4188811694280885,0.3640267869055906
turbine_1,2025-12-09T18:00:00Z,2025-12-09T22:00:00Z,4.0,0.9483333333333333,0.7256203653270925,0.643990465331507
turbine_1,2025-12-09T18:00:00Z,2025-12-09T23:00:00Z,5.0,0.99,0.8991057830093198,0.8575995691727758
turbine_1,2025-12-09T18:00:00Z,2025-12-10T00:00:00Z,6.0,0.9816666666666666,0.9678210578317002,0.9190284313079538
turbine_1,2025-12-09T18:00:00Z,2025-12-10T01:00:00Z,7.0,0.975,0.9676957081442826,0.936404714932408
turbine_1,2025-12-09T18:00:00Z,2025-12-10T02:00:00Z,8.0,0.99,0.967998833413854,0.9459176147739277
turbine_1,2025-12-09T18:00:00Z,2025-12-10T03:00:00Z,9.0,0.98,0.9604791050305107,0.9657322274022799
turbine_1,2025-12-09T18:00:00Z,2025-12-10T04:00:00Z,10.0,0.9166666666666666,0.9613822181255541,0.8993929088481651
turbine_1,2025-12-09T18:00:00Z,2025-12-10T05:00:00Z,11.0,0.79,0.9658934774619793,0.8692427242469968
turbine_1,2025-12-09T18:00:00Z,2025-12-10T06:00:00Z,12.0,0.915,0.9716699499435745,0.8425757114329382
turbine_1,2025-12-09T18:00:00Z,2025-12-10T07:00:00Z,13.0,0.9416666666666668,0.9863428250077811,0.9552794831266255
turbine_1,2025-12-09T18:00:00Z,2025-12-10T08:00:00Z,14.0,0.9316666666666666,0.9808870081565104,0.8648415543179395
turbine_1,2025-12-09T18:00:00Z,2025-12-10T09:00:00Z,15.0,0.9666666666666668,0.9528939210139074,0.8765171591551141
turbine_1,2025-12-09T18:00:00Z,2025-12-10T10:00:00Z,16.0,0.9766666666666666,0.9362923085804652,0.8909309115749795
turbine_1,2025-12-09T18:00:00Z,2025-12-10T11:00:00Z,17.0,0.99,0.929454334042223,0.8834946588451972
turbine_1,2025-12-09T18:00:00Z,2025-12-10T12:00:00Z,18.0,0.9866666666666668,0.7898444379960482,0.7356792964836021
turbine_1,2025-12-09T18:00:00Z,2025-12-10T13:00:00Z,19.0,0.9633333333333334,0.9433505390773448,0.9242330679612376
turbine_1,2025-12-09T18:00:00Z,2025-12-10T14:00:00Z,20.0,0.99,0.9428837558187756,0.8950871121745353
turbine_1,2025-12-09T18:00:00Z,2025-12-10T15:00:00Z,21.0,0.99,0.9031504378021599,0.8679580266712223
turbine_1,2025-12-09T18:00:00Z,2025-12-10T16:00:00Z,22.0,0.99,0.9042907350001245,0.8726199766276069
turbine_1,2025-12-09T18:00:00Z,2025-12-10T17:00:00Z,23.0,0.99,0.8969336752850762,0.8451838045369382
turbine_1,2025-12-09T18:00:00Z,2025-12-10T18:00:00Z,24.0,0.9816666666666666,0.8985926036866513,0.7715005927491363
turbine_1,2025-12-09T18:00:00Z,2025-12-10T19:00:00Z,25.0,0.9066666666666666,0.9052990526172492,0.7738989197446523
turbine_1,2025-12-09T18:00:00Z,2025-12-10T20:00:00Z,26.0,0.475,0.903634032254179,0.7763275307015285
turbine_1,2025-12-09T18:00:00Z,2025-12-10T21:00:00Z,27.0,0.3616666666666666,0.809689240022991,0.722296396359459
turbine_1,2025-12-09T18:00:00Z,2025-12-10T22:00:00Z,28.0,0.0933333333333333,0.7487463569435053,0.589265512376121
turbine_1,2025-12-09T18:00:00Z,2025-12-10T23:00:00Z,29.0,0.01,0.6034698279280679,0.5084894557306868
turbine_1,2025-12-09T18:00:00Z,2025-12-11T00:00:00Z,30.0,0.01,0.19413883835697002,0.17933606869360413
turbine_1,2025-12-09T18:00:00Z,2025-12-11T01:00:00Z,31.0,0.0333333333333333,0.061929596287425365,0.08671885513598167
turbine_1,2025-12-09T18:00:00Z,2025-12-11T02:00:00Z,32.0,0.01,0.01687009064047995,0.04595417572509811
turbine_1,2025-12-09T18:00:00Z,2025-12-11T03:00:00Z,33.0,0.1766666666666666,0.06491099799017772,0.07811635075444584
turbine_1,2025-12-09T18:00:00Z,2025-12-11T04:00:00Z,34.0,0.995,0.13594293262043006,0.11772367299931602
turbine_1,2025-12-09T18:00:00Z,2025-12-11T05:00:00Z,35.0,0.99,0.6579755391895691,0.5732068630083408
turbine_1,2025-12-09T18:00:00Z,2025-12-11T06:00:00Z,36.0,0.99,0.9479854367639169,0.9328110389567599
turbine_1,2025-12-09T18:00:00Z,2025-12-11T07:00:00Z,37.0,0.9883333333333332,0.9758949792208171,1.0
turbine_1,2025-12-09T18:00:00Z,2025-12-11T08:00:00Z,38.0,0.99,0.9809925176692778,1.0
turbine_1,2025-12-09T18:00:00Z,2025-12-11T09:00:00Z,39.0,0.99,1.0,1.0
turbine_1,2025-12-09T18:00:00Z,2025-12-11T10:00:00Z,40.0,0.99,1.0,1.0
turbine_1,2025-12-09T18:00:00Z,2025-12-11T11:00:00Z,41.0,0.99,0.9995267575278276,0.9879652684325773
turbine_1,2025-12-09T18:00:00Z,2025-12-11T12:00:00Z,42.0,0.99,0.9918788209486459,0.994162338624541
turbine_1,2025-12-09T18:00:00Z,2025-12-11T13:00:00Z,43.0,0.99,0.993189423916245,0.9775783431357702
turbine_1,2025-12-09T18:00:00Z,2025-12-11T14:00:00Z,44.0,0.99,0.9922271938975364,0.9535320669460304
turbine_1,2025-12-09T18:00:00Z,2025-12-11T15:00:00Z,45.0,0.99,0.9942224907966956,0.9380027285605176
turbine_1,2025-12-09T18:00:00Z,2025-12-11T16:00:00Z,46.0,0.99,0.9854057881731306,0.9671643561950024
turbine_1,2025-12-09T18:00:00Z,2025-12-11T17:00:00Z,47.0,0.99,0.9903518070954003,0.9762781365961686
turbine_1,2025-12-09T18:00:00Z,2025-12-11T18:00:00Z,48.0,0.99,0.9720360057980366,0.9320616657224673
turbine_1,2025-12-10T18:00:00Z,2025-12-10T19:00:00Z,1.0,0.9066666666666666,0.8915872361309158,0.7718900323134829
turbine_1,2025-12-10T18:00:00Z,2025-12-10T20:00:00Z,2.0,0.475,0.7186844147153975,0.5551998733189588
turbine_1,2025-12-10T18:00:00Z,2025-12-10T21:00:00Z,3.0,0.3616666666666666,0.4264768044921211,0.3333246853149085
turbine_1,2025-12-10T18:00:00Z,2025-12-10T22:00:00Z,4.0,0.0933333333333333,0.1776345791793647,0.14546194662666168
turbine_1,2025-12-10T18:00:00Z,2025-12-10T23:00:00Z,5.0,0.01,0.02161873949320986,0.04536728534580471
turbine_1,2025-12-10T18:00:00Z,2025-12-11T00:00:00Z,6.0,0.01,0.01816075795540112,0.052843740662253565
turbine_1,2025-12-10T18:00:00Z,2025-12-11T01:00:00Z,7.0,0.0333333333333333,0.05711574962063204,0.07139454956067035
turbine_1,2025-12-10T18:00:00Z,2025-12-11T02:00:00Z,8.0,0.01,0.16342891727077813,0.153547117303042
turbine_1,2025-12-10T18:00:00Z,2025-12-11T03:00:00Z,9.0,0.1766666666666666,0.8032281636891029,0.7939328421060297
turbine_1,2025-12-10T18:00:00Z,2025-12-11T04:00:00Z,10.0,0.995,0.9601236177694852,0.9616119687311317
turbine_1,2025-12-10T18:00:00Z,2025-12-11T05:00:00Z,11.0,0.99,0.9788508109918758,0.973628549257249
turbine_1,2025-12-10T18:00:00Z,2025-12-11T06:00:00Z,12.0,0.99,0.9744897613288082,0.9881000007729314
turbine_1,2025-12-10T18:00:00Z,2025-12-11T07:00:00Z,13.0,0.9883333333333332,0.9765763759910173,1.0
turbine_1,2025-12-10T18:00:00Z,2025-12-11T08:00:00Z,14.0,0.99,0.9809925176692778,1.0
turbine_1,2025-12-10T18:00:00Z,2025-12-11T09:00:00Z,15.0,0.99,1.0,0.9947058077507741
turbine_1,2025-12-10T18:00:00Z,2025-12-11T10:00:00Z,16.0,0.99,1.0,0.9890218964524313
turbine_1,2025-12-10T18:00:00Z,2025-12-11T11:00:00Z,17.0,0.99,0.9991376662706117,0.9904968883727908
turbine_1,2025-12-10T18:00:00Z,2025-12-11T12:00:00Z,18.0,0.99,0.989869504431467,0.9766928098062836
turbine_1,2025-12-10T18:00:00Z,2025-12-11T13:00:00Z,19.0,0.99,0.9918557559065516,0.9863500944313913
turbine_1,2025-12-10T18:00:00Z,2025-12-11T14:00:00Z,20.0,0.99,0.9922271938975364,0.9545266458017871
turbine_1,2025-12-10T18:00:00Z,2025-12-11T15:00:00Z,21.0,0.99,0.9942224907966956,0.9401302659644465
turbine_1,2025-12-10T18:00:00Z,2025-12-11T16:00:00Z,22.0,0.99,0.9854057881731306,0.9671643561950024
turbine_1,2025-12-10T18:00:00Z,2025-12-11T17:00:00Z,23.0,0.99,0.9903518070954003,0.9762781365961686
turbine_1,2025-12-10T18:00:00Z,2025-12-11T18:00:00Z,24.0,0.99,0.9720360057980366,0.9320616657224673
turbine_1,2025-12-10T18:00:00Z,2025-12-11T19:00:00Z,25.0,0.99,0.9735378090602229,0.9294100873742444
turbine_1,2025-12-10T18:00:00Z,2025-12-11T20:00:00Z,26.0,0.99,0.9652736980012263,0.9305772237332038
turbine_1,2025-12-10T18:00:00Z,2025-12-11T21:00:00Z,27.0,0.99,0.9687448781045161,0.9164736697550281
turbine_1,2025-12-10T18:00:00Z,2025-12-11T22:00:00Z,28.0,0.99,0.949878309671521,0.9084147162534227
turbine_1,2025-12-10T18:00:00Z,2025-12-11T23:00:00Z,29.0,0.99,0.951954996807466,0.9183076228803078
turbine_1,2025-12-10T18:00:00Z,2025-12-12T00:00:00Z,30.0,0.99,0.9495258057481565,0.9325512587302742
turbine_1,2025-12-10T18:00:00Z,2025-12-12T01:00:00Z,31.0,0.99,0.9500573953684426,0.9418491312708838
turbine_1,2025-12-10T18:00:00Z,2025-12-12T04:00:00Z,34.0,0.99,0.9603042879342581,0.9452938492276559
turbine_1,2025-12-10T18:00:00Z,2025-12-12T05:00:00Z,35.0,0.99,0.9788508109918758,0.9493024385251777
turbine_1,2025-12-10T18:00:00Z,2025-12-12T06:00:00Z,36.0,0.99,0.9749648164549097,0.9644598749290534
turbine_1,2025-12-10T18:00:00Z,2025-12-12T07:00:00Z,37.0,0.99,0.9770514311171189,0.9941158951893136
turbine_1,2025-12-10T18:00:00Z,2025-12-12T08:00:00Z,38.0,0.99,0.9821489695655795,0.993111048817293
turbine_1,2025-12-10T18:00:00Z,2025-12-12T09:00:00Z,39.0,0.99,1.0,1.0
turbine_1,2025-12-10T18:00:00Z,2025-12-12T10:00:00Z,40.0,0.9883333333333332,1.0,1.0
turbine_1,2025-12-10T18:00:00Z,2025-12-12T11:00:00Z,41.0,0.99,1.0,0.9784257690321727
turbine_1,2025-12-10T18:00:00Z,2025-12-12T12:00:00Z,42.0,0.99,0.9965394862939735,0.9747076770177742
turbine_1,2025-12-10T18:00:00Z,2025-12-12T13:00:00Z,43.0,0.99,0.997171677883765,0.9751401474112747
turbine_1,2025-12-10T18:00:00Z,2025-12-12T15:00:00Z,45.0,0.99,0.9985586724935529,0.9355645328360221
turbine_1,2025-12-10T18:00:00Z,2025-12-12T16:00:00Z,46.0,0.99,0.9855888741712358,0.9665034889368778
turbine_1,2025-12-10T18:00:00Z,2025-12-12T17:00:00Z,47.0,0.99,0.9898209818028314,0.9468587631876187
turbine_1,2025-12-10T18:00:00Z,2025-12-12T18:00:00Z,48.0,0.99,0.9718326495463305,0.9026422923139176
turbine_1,2025-12-11T18:00:00Z,2025-12-11T19:00:00Z,1.0,0.99,0.9740128641863245,0.9300960722624375
turbine_1,2025-12-11T18:00:00Z,2025-12-11T20:00:00Z,2.0,0.99,0.9652736980012263,0.9062511130011328
turbine_1,2025-12-11T18:00:00Z,2025-12-11T21:00:00Z,3.0,0.99,0.9687448781045161,0.9164736697550281
turbine_1,2025-12-11T18:00:00Z,2025-12-11T22:00:00Z,4.0,0.99,0.949878309671521,0.9084147162534227
turbine_1,2025-12-11T18:00:00Z,2025-12-11T23:00:00Z,5.0,0.99,0.951954996807466,0.9183076228803078
turbine_1,2025-12-11T18:00:00Z,2025-12-12T00:00:00Z,6.0,0.99,0.9495258057481565,0.9325512587302742
turbine_1,2025-12-11T18:00:00Z,2025-12-12T01:00:00Z,7.0,0.99,0.9500573953684426,0.9418491312708838
turbine_1,2025-12-11T18:00:00Z,2025-12-12T04:00:00Z,10.0,0.99,0.9603042879342581,0.9452938492276559
turbine_1,2025-12-11T18:00:00Z,2025-12-12T05:00:00Z,11.0,0.99,0.9788508109918758,0.9494363691244373
turbine_1,2025-12-11T18:00:00Z,2025-12-12T06:00:00Z,12.0,0.99,0.9749648164549097,0.964593805528313
turbine_1,2025-12-11T18:00:00Z,2025-12-12T07:00:00Z,13.0,0.99,0.9770514311171189,0.9942498257885732
turbine_1,2025-12-11T18:00:00Z,2025-12-12T08:00:00Z,14.0,0.99,0.9821489695655795,0.9932449794165525
turbine_1,2025-12-11T18:00:00Z,2025-12-12T09:00:00Z,15.0,0.99,1.0,1.0
turbine_1,2025-12-11T18:00:00Z,2025-12-12T10:00:00Z,16.0,0.9883333333333332,1.0,1.0
turbine_1,2025-12-11T18:00:00Z,2025-12-12T11:00:00Z,17.0,0.99,1.0,0.9994937685522958
turbine_1,2025-12-11T18:00:00Z,2025-12-12T12:00:00Z,18.0,0.99,0.9965394862939735,0.9706561433799225
turbine_1,2025-12-11T18:00:00Z,2025-12-12T13:00:00Z,19.0,0.99,0.997171677883765,0.9751401474112747
turbine_1,2025-12-11T18:00:00Z,2025-12-12T15:00:00Z,21.0,0.99,0.9981296374158761,0.9373418613023929
turbine_1,2025-12-11T18:00:00Z,2025-12-12T16:00:00Z,22.0,0.99,0.984445927802885,0.9665034889368778
turbine_1,2025-12-11T18:00:00Z,2025-12-12T17:00:00Z,23.0,0.99,0.988081639638742,0.9468587631876187
turbine_1,2025-12-11T18:00:00Z,2025-12-12T18:00:00Z,24.0,0.99,0.9718326495463305,0.9026422923139176
turbine_1,2025-12-11T18:00:00Z,2025-12-12T19:00:00Z,25.0,0.99,0.9740128641863245,0.8999907139656945
turbine_1,2025-12-11T18:00:00Z,2025-12-12T20:00:00Z,26.0,0.8983333333333333,0.9650891126028573,0.9050403849076667
turbine_1,2025-12-11T18:00:00Z,2025-12-12T21:00:00Z,27.0,0.5383333333333333,0.8491722557894548,0.8040899363179943
turbine_1,2025-12-11T18:00:00Z,2025-12-12T22:00:00Z,28.0,0.1933333333333333,0.5608016775875674,0.45618546893904244
turbine_1,2025-12-11T18:00:00Z,2025-12-12T23:00:00Z,29.0,0.0566666666666666,0.039115986971336864,0.06935372353929214
turbine_1,2025-12-11T18:00:00Z,2025-12-13T00:00:00Z,30.0,0.0116666666666666,0.026312779940373454,0.048361389750321664
turbine_1,2025-12-11T18:00:00Z,2025-12-13T01:00:00Z,31.0,0.0266666666666666,0.04083186837145367,0.06220659309796939
turbine_1,2025-12-11T18:00:00Z,2025-12-13T02:00:00Z,32.0,0.0249999999999999,0.015495190418656768,0.04146548725275565
turbine_1,2025-12-11T18:00:00Z,2025-12-13T03:00:00Z,33.0,0.015,0.02875136203174905,0.05164923646307413
turbine_1,2025-12-11T18:00:00Z,2025-12-13T04:00:00Z,34.0,0.0666666666666666,0.06353772686401979,0.07444986746557156
turbine_1,2025-12-11T18:00:00Z,2025-12-13T06:00:00Z,36.0,0.1516666666666666,0.06408361362190507,0.08590119084223478
turbine_1,2025-12-11T18:00:00Z,2025-12-13T07:00:00Z,37.0,0.265,0.20822449064361823,0.15421260380352386
turbine_1,2025-12-11T18:00:00Z,2025-12-13T08:00:00Z,38.0,0.4166666666666667,0.2910573347569211,0.22354647965509844
turbine_1,2025-12-11T18:00:00Z,2025-12-13T09:00:00Z,39.0,0.4433333333333333,0.5656171315061455,0.48689126032179236
turbine_1,2025-12-11T18:00:00Z,2025-12-13T10:00:00Z,40.0,0.5366666666666666,0.7940842898761914,0.7635161619844413
turbine_1,2025-12-11T18:00:00Z,2025-12-13T11:00:00Z,41.0,0.7383333333333333,0.9440182336853813,0.8491798014277572
turbine_1,2025-12-11T18:00:00Z,2025-12-13T12:00:00Z,42.0,0.9166666666666666,0.9314162763068153,0.8689328579436337
turbine_1,2025-12-11T18:00:00Z,2025-12-13T13:00:00Z,43.0,0.9133333333333334,0.96510131493111,0.9637189312676961
turbine_1,2025-12-11T18:00:00Z,2025-12-13T14:00:00Z,44.0,0.88,0.9447015629266692,0.8812553749668233
turbine_1,2025-12-11T18:00:00Z,2025-12-13T15:00:00Z,45.0,0.99,0.946044588586335,0.8608954262009543
turbine_1,2025-12-11T18:00:00Z,2025-12-13T16:00:00Z,46.0,0.9166666666666666,0.9561252070547183,0.888693072477116
turbine_1,2025-12-11T18:00:00Z,2025-12-13T17:00:00Z,47.0,0.8666666666666667,0.8724133288310104,0.8088783533610653
turbine_1,2025-12-11T18:00:00Z,2025-12-13T18:00:00Z,48.0,0.3166666666666666,0.8620335402571077,0.7694614130880552
turbine_1,2025-12-12T18:00:00Z,2025-12-12T19:00:00Z,1.0,0.99,0.9381666279472167,0.9046891130651266
turbine_1,2025-12-12T18:00:00Z,2025-12-12T20:00:00Z,2.0,0.8983333333333333,0.8247861760727935,0.7357287614696346
turbine_1,2025-12-12T18:00:00Z,2025-12-12T21:00:00Z,3.0,0.5383333333333333,0.09783655824739736,0.12387385907133815
turbine_1,2025-12-12T18:00:00Z,2025-12-12T22:00:00Z,4.0,0.1933333333333333,0.04898321839844752,0.08229976075115787
turbine_1,2025-12-12T18:00:00Z,2025-12-12T23:00:00Z,5.0,0.0566666666666666,0.02581013543032573,0.04806156840071885
turbine_1,2025-12-12T18:00:00Z,2025-12-13T00:00:00Z,6.0,0.0116666666666666,0.020255949213894064,0.04732033463233646
turbine_1,2025-12-12T18:00:00Z,2025-12-13T01:00:00Z,7.0,0.0266666666666666,0.02294907099461918,0.04822850246511764
turbine_1,2025-12-12T18:00:00Z,2025-12-13T02:00:00Z,8.0,0.0249999999999999,0.01620618969642723,0.041588233116677316
turbine_1,2025-12-12T18:00:00Z,2025-12-13T03:00:00Z,9.0,0.015,0.022623572999061925,0.05108077735206659
turbine_1,2025-12-12T18:00:00Z,2025-12-13T04:00:00Z,10.0,0.0666666666666666,0.020633460982300428,0.04925800672482413
turbine_1,2025-12-12T18:00:00Z,2025-12-13T06:00:00Z,12.0,0.1516666666666666,0.20842606545565628,0.15786243382792634
turbine_1,2025-12-12T18:00:00Z,2025-12-13T07:00:00Z,13.0,0.265,0.5837170292587535,0.4769633965998806
turbine_1,2025-12-12T18:00:00Z,2025-12-13T08:00:00Z,14.0,0.4166666666666667,0.8645886392851602,0.8224468404575216
turbine_1,2025-12-12T18:00:00Z,2025-12-13T09:00:00Z,15.0,0.4433333333333333,0.970119403681455,0.9450082285953743
turbine_1,2025-12-12T18:00:00Z,2025-12-13T10:00:00Z,16.0,0.5366666666666666,0.9457433755083025,0.9391533974935591
turbine_1,2025-12-12T18:00:00Z,2025-12-13T11:00:00Z,17.0,0.7383333333333333,0.9849722468969304,0.9811678822239303
turbine_1,2025-12-12T18:00:00Z,2025-12-13T12:00:00Z,18.0,0.9166666666666666,0.947461389980572,0.8939777997635197
turbine_1,2025-12-12T18:00:00Z,2025-12-13T13:00:00Z,19.0,0.9133333333333334,0.7408907369492201,0.7232251359541165
turbine_1,2025-12-12T18:00:00Z,2025-12-13T14:00:00Z,20.0,0.88,0.7681198951320037,0.7076308567383677
turbine_1,2025-12-12T18:00:00Z,2025-12-13T15:00:00Z,21.0,0.99,0.895874927664461,0.8259956650570452
turbine_1,2025-12-12T18:00:00Z,2025-12-13T16:00:00Z,22.0,0.9166666666666666,0.9313529167081733,0.8763866156594329
turbine_1,2025-12-12T18:00:00Z,2025-12-13T17:00:00Z,23.0,0.8666666666666667,0.94934188815465,0.8862325047611992
turbine_1,2025-12-12T18:00:00Z,2025-12-13T18:00:00Z,24.0,0.3166666666666666,0.9417015845091391,0.8627919835488942
turbine_1,2025-12-12T18:00:00Z,2025-12-13T19:00:00Z,25.0,0.2866666666666667,0.7982571726962202,0.6698471964883594
turbine_1,2025-12-12T18:00:00Z,2025-12-13T20:00:00Z,26.0,0.0766666666666666,0.4657491230137353,0.3820935442046354
turbine_1,2025-12-12T18:00:00Z,2025-12-13T21:00:00Z,27.0,0.3533333333333333,0.19927191537400557,0.17034357380874143
turbine_1,2025-12-12T18:00:00Z,2025-12-13T22:00:00Z,28.0,0.7083333333333334,0.05388986062914655,0.08799700940087295
turbine_1,2025-12-12T18:00:00Z,2025-12-13T23:00:00Z,29.0,0.605,0.02327242413679287,0.03807508603110645
turbine_1,2025-12-12T18:00:00Z,2025-12-14T00:00:00Z,30.0,0.3583333333333333,0.043025441439906,0.06750326424278036
turbine_1,2025-12-12T18:00:00Z,2025-12-14T01:00:00Z,31.0,0.305,0.03403469417359484,0.050564053263588524
turbine_1,2025-12-12T18:00:00Z,2025-12-14T02:00:00Z,32.0,0.3783333333333333,0.04966533232924128,0.06350769970108795
turbine_1,2025-12-12T18:00:00Z,2025-12-14T03:00:00Z,33.0,0.73,0.09958926829869023,0.13877158342303783
turbine_1,2025-12-12T18:00:00Z,2025-12-14T04:00:00Z,34.0,0.73,0.8020271719972296,0.7055380470099099
turbine_1,2025-12-12T18:00:00Z,2025-12-14T05:00:00Z,35.0,0.8216666666666667,0.8918722876421076,0.8428037993597873
turbine_1,2025-12-12T18:00:00Z,2025-12-14T06:00:00Z,36.0,0.9166666666666666,0.7321803050141946,0.6463544389079592
turbine_1,2025-12-12T18:00:00Z,2025-12-14T07:00:00Z,37.0,0.9766666666666666,0.4272812811303262,0.42606817799570085
turbine_1,2025-12-12T18:00:00Z,2025-12-14T08:00:00Z,38.0,0.9866666666666668,0.4279548282713721,0.3959540158652215
turbine_1,2025-12-12T18:00:00Z,2025-12-14T09:00:00Z,39.0,0.7600000000000001,0.3487241670186811,0.277294178402804
turbine_1,2025-12-12T18:00:00Z,2025-12-14T10:00:00Z,40.0,0.2916666666666667,0.1595875898004362,0.13939715012154535
turbine_1,2025-12-12T18:00:00Z,2025-12-14T11:00:00Z,41.0,0.03,0.057907398126915616,0.08639458660287506
turbine_1,2025-12-12T18:00:00Z,2025-12-14T12:00:00Z,42.0,0.0316666666666666,0.04364040847744727,0.08521354097569978
turbine_1,2025-12-12T18:00:00Z,2025-12-14T13:00:00Z,43.0,0.2466666666666666,0.15023858360759923,0.1333773294153955
turbine_1,2025-12-12T18:00:00Z,2025-12-14T14:00:00Z,44.0,0.8883333333333333,0.8308367725724318,0.7893399818827551
turbine_1,2025-12-12T18:00:00Z,2025-12-14T15:00:00Z,45.0,0.99,0.9739612581028486,0.8511794985929649
turbine_1,2025-12-12T18:00:00Z,2025-12-14T16:00:00Z,46.0,0.99,0.984445927802885,0.9705550225747295
turbine_1,2025-12-12T18:00:00Z,2025-12-14T17:00:00Z,47.0,0.99,0.9901484508436942,0.9509102968254705
turbine_1,2025-12-12T18:00:00Z,2025-12-14T18:00:00Z,48.0,0.99,0.971076145427791,0.9071557844803099
turbine_1,2025-12-13T18:00:00Z,2025-12-13T19:00:00Z,1.0,0.2866666666666667,0.9145477862377392,0.846401031851111
turbine_1,2025-12-13T18:00:00Z,2025-12-13T20:00:00Z,2.0,0.0766666666666666,0.47972925175083864,0.41224279821396126
turbine_1,2025-12-13T18:00:00Z,2025-12-13T21:00:00Z,3.0,0.3533333333333333,0.6160881958596585,0.6395372698998537
turbine_1,2025-12-13T18:00:00Z,2025-12-13T22:00:00Z,4.0,0.7083333333333334,0.10805545309378768,0.1462975475826959
turbine_1,2025-12-13T18:00:00Z,2025-12-13T23:00:00Z,5.0,0.605,0.027308196789691208,0.039227696582551104
turbine_1,2025-12-13T18:00:00Z,2025-12-14T00:00:00Z,6.0,0.3583333333333333,0.05645704359397796,0.07510596085002044
turbine_1,2025-12-13T18:00:00Z,2025-12-14T01:00:00Z,7.0,0.305,0.05764892397797958,0.07948935657942881
turbine_1,2025-12-13T18:00:00Z,2025-12-14T02:00:00Z,8.0,0.3783333333333333,0.6035466830196601,0.5270070739151973
turbine_1,2025-12-13T18:00:00Z,2025-12-14T03:00:00Z,9.0,0.73,0.8939851289072025,0.8122164323605875
turbine_1,2025-12-13T18:00:00Z,2025-12-14T04:00:00Z,10.0,0.73,0.7490518919637082,0.6096105840814479
turbine_1,2025-12-13T18:00:00Z,2025-12-14T05:00:00Z,11.0,0.8216666666666667,0.9251534148495524,0.8880633371182433
turbine_1,2025-12-13T18:00:00Z,2025-12-14T06:00:00Z,12.0,0.9166666666666666,0.864181847302096,0.8431404452645959
turbine_1,2025-12-13T18:00:00Z,2025-12-14T07:00:00Z,13.0,0.9766666666666666,0.7333342106861808,0.6447664233380035
turbine_1,2025-12-13T18:00:00Z,2025-12-14T08:00:00Z,14.0,0.9866666666666668,0.6737762867061916,0.653489180913915
turbine_1,2025-12-13T18:00:00Z,2025-12-14T09:00:00Z,15.0,0.7600000000000001,0.4596384775693513,0.40305777524511816
turbine_1,2025-12-13T18:00:00Z,2025-12-14T10:00:00Z,16.0,0.2916666666666667,0.2115305639211873,0.217869003791455
turbine_1,2025-12-13T18:00:00Z,2025-12-14T11:00:00Z,17.0,0.03,0.03887949828990245,0.08149172584753084
turbine_1,2025-12-13T18:00:00Z,2025-12-14T12:00:00Z,18.0,0.0316666666666666,0.0840565673104956,0.1056630254273112
turbine_1,2025-12-13T18:00:00Z,2025-12-14T13:00:00Z,19.0,0.2466666666666666,0.4482632726932831,0.35759717486568304
turbine_1,2025-12-13T18:00:00Z,2025-12-14T14:00:00Z,20.0,0.8883333333333333,0.9658110967985446,0.9811484561167262
turbine_1,2025-12-13T18:00:00Z,2025-12-14T15:00:00Z,21.0,0.99,0.9985586724935529,0.9738044708050279
turbine_1,2025-12-13T18:00:00Z,2025-12-14T16:00:00Z,22.0,0.99,0.9858808432992322,0.9477096945882357
turbine_1,2025-12-13T18:00:00Z,2025-12-14T17:00:00Z,23.0,0.99,0.9908268622215018,0.9665518379892251
turbine_1,2025-12-13T18:00:00Z,2025-12-14T18:00:00Z,24.0,0.99,0.9718326495463305,0.9395668603450931
turbine_1,2025-12-13T18:00:00Z,2025-12-14T19:00:00Z,25.0,0.99,0.9725779486899773,0.9288303168641581
turbine_1,2025-12-13T18:00:00Z,2025-12-14T20:00:00Z,26.0,0.96,0.9476661965343793,0.9052177365747129
turbine_1,2025-12-13T18:00:00Z,2025-12-14T21:00:00Z,27.0,0.89,0.881988384711204,0.8673581663271495
turbine_1,2025-12-13T18:00:00Z,2025-12-14T22:00:00Z,28.0,0.555,0.6581960953571324,0.656303920921862
turbine_1,2025-12-13T18:00:00Z,2025-12-14T23:00:00Z,29.0,0.2366666666666667,0.43723434462089295,0.39603256677079657
turbine_1,2025-12-13T18:00:00Z,2025-12-15T00:00:00Z,30.0,0.0166666666666666,0.053419791449117016,0.08535500155353609
turbine_1,2025-12-13T18:00:00Z,2025-12-15T01:00:00Z,31.0,0.0183333333333333,0.0154075666360593,0.04380048454029979
turbine_1,2025-12-13T18:00:00Z,2025-12-15T02:00:00Z,32.0,0.6433333333333333,0.03857285251617287,0.053193953083333245
turbine_1,2025-12-13T18:00:00Z,2025-12-15T03:00:00Z,33.0,0.5750000000000001,0.0990893750770951,0.11380722346063342
turbine_1,2025-12-13T18:00:00Z,2025-12-15T04:00:00Z,34.0,0.7599999999999999,0.33449773011020967,0.3064609707714507
turbine_1,2025-12-13T18:00:00Z,2025-12-15T05:00:00Z,35.0,0.9933333333333332,0.8008781865956109,0.7606031589776577
turbine_1,2025-12-13T18:00:00Z,2025-12-15T06:00:00Z,36.0,0.99,0.9381942783589857,0.934603045945814
turbine_1,2025-12-13T18:00:00Z,2025-12-15T07:00:00Z,37.0,0.99,0.9772006012656654,1.0
turbine_1,2025-12-13T18:00:00Z,2025-12-15T08:00:00Z,38.0,0.99,0.9634796792151009,0.9696395872774805
turbine_1,2025-12-13T18:00:00Z,2025-12-15T09:00:00Z,39.0,0.99,0.9562348521607372,0.9724349624552918
turbine_1,2025-12-13T18:00:00Z,2025-12-15T10:00:00Z,40.0,0.99,0.9561627486769915,0.9953614256437834
turbine_1,2025-12-13T18:00:00Z,2025-12-15T11:00:00Z,41.0,0.99,0.9491501680743742,0.948684097244762
turbine_1,2025-12-13T18:00:00Z,2025-12-15T12:00:00Z,42.0,0.99,0.9075447329109524,0.9208368940416035
turbine_1,2025-12-13T18:00:00Z,2025-12-15T13:00:00Z,43.0,0.99,0.9062525723890622,0.8297993978219914
turbine_1,2025-12-13T18:00:00Z,2025-12-15T14:00:00Z,44.0,0.99,0.8940355021378499,0.8091414818654269
turbine_1,2025-12-13T18:00:00Z,2025-12-15T15:00:00Z,45.0,0.9783333333333334,0.7216508500481456,0.6116057277375445
turbine_1,2025-12-13T18:00:00Z,2025-12-15T16:00:00Z,46.0,0.465,0.6960799338763689,0.5832709597789851
turbine_1,2025-12-13T18:00:00Z,2025-12-15T17:00:00Z,47.0,0.0349999999999999,0.40787490834033235,0.35148559530186085
turbine_1,2025-12-13T18:00:00Z,2025-12-15T18:00:00Z,48.0,0.0266666666666666,0.11635282687454301,0.10809857055894165
turbine_1,2025-12-14T18:00:00Z,2025-12-14T19:00:00Z,1.0,0.99,0.970792586477463,0.9398857083021716
turbine_1,2025-12-14T18:00:00Z,2025-12-14T20:00:00Z,2.0,0.96,0.9650491774902628,0.9149026785067496
turbine_1,2025-12-14T18:00:00Z,2025-12-14T21:00:00Z,3.0,0.89,0.9094299991016163,0.8932576181294332
turbine_1,2025-12-14T18:00:00Z,2025-12-14T22:00:00Z,4.0,0.555,0.6097586595834665,0.6128890649047365
turbine_1,2025-12-14T18:00:00Z,2025-12-14T23:00:00Z,5.0,0.2366666666666667,0.42825760982470074,0.37337483645726843
turbine_1,2025-12-14T18:00:00Z,2025-12-15T00:00:00Z,6.0,0.0166666666666666,0.05297569976937397,0.08822652045730821
turbine_1,2025-12-14T18:00:00Z,2025-12-15T01:00:00Z,7.0,0.0183333333333333,0.0686163455726758,0.10511391854617942
turbine_1,2025-12-14T18:00:00Z,2025-12-15T02:00:00Z,8.0,0.6433333333333333,0.021476471139170533,0.047369177171767404
turbine_1,2025-12-14T18:00:00Z,2025-12-15T03:00:00Z,9.0,0.5750000000000001,0.03683403479147451,0.053352715550492376
turbine_1,2025-12-14T18:00:00Z,2025-12-15T04:00:00Z,10.0,0.7599999999999999,0.13506207018845098,0.14345778512535584
turbine_1,2025-12-14T18:00:00Z,2025-12-15T05:00:00Z,11.0,0.9933333333333332,0.7151941114976429,0.6122525221051401
turbine_1,2025-12-14T18:00:00Z,2025-12-15T06:00:00Z,12.0,0.99,0.9753242242726222,1.0
turbine_1,2025-12-14T18:00:00Z,2025-12-15T07:00:00Z,13.0,0.99,0.9698460060164508,1.0
turbine_1,2025-12-14T18:00:00Z,2025-12-15T08:00:00Z,14.0,0.99,0.9644444488573761,0.9638000365702583
turbine_1,2025-12-14T18:00:00Z,2025-12-15T09:00:00Z,15.0,0.99,0.9633562439543965,0.9908004436086576
turbine_1,2025-12-14T18:00:00Z,2025-12-15T10:00:00Z,16.0,0.99,0.9554045813094413,0.9953614256437834
turbine_1,2025-12-14T18:00:00Z,2025-12-15T11:00:00Z,17.0,0.99,0.9554860070296175,0.962432522162442
turbine_1,2025-12-14T18:00:00Z,2025-12-15T12:00:00Z,18.0,0.99,0.910328824000381,0.9292382882248035
turbine_1,2025-12-14T18:00:00Z,2025-12-15T13:00:00Z,19.0,0.99,0.9054073800269523,0.8360138462651775
turbine_1,2025-12-14T18:00:00Z,2025-12-15T14:00:00Z,20.0,0.99,0.8250443421605901,0.6951535166486917
turbine_1,2025-12-14T18:00:00Z,2025-12-15T15:00:00Z,21.0,0.9783333333333334,0.696698759866518,0.5850826485853892
turbine_1,2025-12-14T18:00:00Z,2025-12-15T16:00:00Z,22.0,0.465,0.5470181993350609,0.4244641918747012
turbine_1,2025-12-14T18:00:00Z,2025-12-15T17:00:00Z,23.0,0.0349999999999999,0.319494600490582,0.24284488648767386
turbine_1,2025-12-14T18:00:00Z,2025-12-15T18:00:00Z,24.0,0.0266666666666666,0.14689326342844866,0.12078187657023075
turbine_1,2025-12-14T18:00:00Z,2025-12-15T19:00:00Z,25.0,0.01,0.06691501582170417,0.07591390546195535
turbine_1,2025-12-14T18:00:00Z,2025-12-15T20:00:00Z,26.0,0.01,0.019276100830268483,0.04756380912065805
turbine_1,2025-12-14T18:00:00Z,2025-12-15T21:00:00Z,27.0,0.0116666666666666,0.031129400419074305,0.05877118296702165
turbine_1,2025-12-14T18:00:00Z,2025-12-15T22:00:00Z,28.0,0.035,0.039407051732713055,0.07281559464342746
turbine_1,2025-12-14T18:00:00Z,2025-12-15T23:00:00Z,29.0,0.0583333333333333,0.0948218739173214,0.12563680510928035
turbine_1,2025-12-14T18:00:00Z,2025-12-16T00:00:00Z,30.0,0.3583333333333334,0.13533362144967137,0.17918349493675798
turbine_1,2025-12-14T18:00:00Z,2025-12-16T01:00:00Z,31.0,0.4333333333333333,0.21863183045216558,0.214705782993907
turbine_1,2025-12-14T18:00:00Z,2025-12-16T02:00:00Z,32.0,0.64,0.34497410057056077,0.30361357376297676
turbine_1,2025-12-14T18:00:00Z,2025-12-16T03:00:00Z,33.0,0.96,0.3834844348183215,0.32605649104745
turbine_1,2025-12-14T18:00:00Z,2025-12-16T04:00:00Z,34.0,0.9883333333333332,0.3878656010318383,0.33062406710777814
turbine_1,2025-12-14T18:00:00Z,2025-12-16T05:00:00Z,35.0,0.9383333333333334,0.5944226847076284,0.4522217184698093
turbine_1,2025-12-14T18:00:00Z,2025-12-16T06:00:00Z,36.0,0.975,0.652874529809505,0.5313022741769341
turbine_1,2025-12-14T18:00:00Z,2025-12-16T07:00:00Z,37.0,0.965,0.6271773776775421,0.55866840972509
turbine_1,2025-12-14T18:00:00Z,2025-12-16T08:00:00Z,38.0,0.9516666666666668,0.6256787096313589,0.5244856450610395
turbine_1,2025-12-14T18:00:00Z,2025-12-16T09:00:00Z,39.0,0.88,0.6830378007472373,0.5525986078118982
turbine_1,2025-12-14T18:00:00Z,2025-12-16T10:00:00Z,40.0,0.7600000000000001,0.6743916072505043,0.5392855631668954
turbine_1,2025-12-14T18:00:00Z,2025-12-16T11:00:00Z,41.0,0.6883333333333334,0.6203351809650617,0.4958721911945736
turbine_1,2025-12-14T18:00:00Z,2025-12-16T12:00:00Z,42.0,0.4583333333333333,0.4822695214690126,0.3812550600051455
turbine_1,2025-12-14T18:00:00Z,2025-12-16T13:00:00Z,43.0,0.115,0.33698819936112867,0.2751973692356629
turbine_1,2025-12-14T18:00:00Z,2025-12-16T14:00:00Z,44.0,0.0116666666666666,0.3379914157926528,0.29519589217383063
turbine_1,2025-12-14T18:00:00Z,2025-12-16T15:00:00Z,45.0,0.0116666666666666,0.33801609724405246,0.2823881939262648
turbine_1,2025-12-14T18:00:00Z,2025-12-16T16:00:00Z,46.0,0.0999999999999999,0.5655783023798702,0.4497981299102306
turbine_1,2025-12-14T18:00:00Z,2025-12-16T17:00:00Z,47.0,0.01,0.5984817017462476,0.4801839942061469
turbine_1,2025-12-14T18:00:00Z,2025-12-16T18:00:00Z,48.0,0.01,0.6564406064400519,0.5896798359948537
turbine_1,2025-12-15T18:00:00Z,2025-12-15T19:00:00Z,1.0,0.01,0.06667463241905386,0.08507295304858632
turbine_1,2025-12-15T18:00:00Z,2025-12-15T20:00:00Z,2.0,0.01,0.03018886677805993,0.05668499772861171
turbine_1,2025-12-15T18:00:00Z,2025-12-15T21:00:00Z,3.0,0.0116666666666666,0.03830386971459465,0.05134579777286958
turbine_1,2025-12-15T18:00:00Z,2025-12-15T22:00:00Z,4.0,0.035,0.011962135623280856,0.039489116863268975
turbine_1,2025-12-15T18:00:00Z,2025-12-15T23:00:00Z,5.0,0.0583333333333333,0.01826209011383001,0.050594674242239755
turbine_1,2025-12-15T18:00:00Z,2025-12-16T00:00:00Z,6.0,0.3583333333333334,0.043786716508698004,0.07728825012282067
turbine_1,2025-12-15T18:00:00Z,2025-12-16T01:00:00Z,7.0,0.4333333333333333,0.12878155006474118,0.1597882899440565
turbine_1,2025-12-15T18:00:00Z,2025-12-16T02:00:00Z,8.0,0.64,0.3753665713855744,0.38165348653417225
turbine_1,2025-12-15T18:00:00Z,2025-12-16T03:00:00Z,9.0,0.96,0.5945406916644042,0.5403984921268263
turbine_1,2025-12-15T18:00:00Z,2025-12-16T04:00:00Z,10.0,0.9883333333333332,0.7824045321469008,0.786352530482859
turbine_1,2025-12-15T18:00:00Z,2025-12-16T05:00:00Z,11.0,0.9383333333333334,0.9176842577804398,0.904335676117986
turbine_1,2025-12-15T18:00:00Z,2025-12-16T06:00:00Z,12.0,0.975,0.9502012911024769,0.9465891613240305
turbine_1,2025-12-15T18:00:00Z,2025-12-16T07:00:00Z,13.0,0.965,0.9558215193827189,0.9741841518390488
turbine_1,2025-12-15T18:00:00Z,2025-12-16T08:00:00Z,14.0,0.9516666666666668,0.8248013760141376,0.8122681416550064
turbine_1,2025-12-15T18:00:00Z,2025-12-16T09:00:00Z,15.0,0.88,0.7160537487487705,0.6122672899253716
turbine_1,2025-12-15T18:00:00Z,2025-12-16T10:00:00Z,16.0,0.7600000000000001,0.5113327856645983,0.4635037616793333
turbine_1,2025-12-15T18:00:00Z,2025-12-16T11:00:00Z,17.0,0.6883333333333334,0.4019882572358427,0.3242615622020569
turbine_1,2025-12-15T18:00:00Z,2025-12-16T12:00:00Z,18.0,0.4583333333333333,0.30853652259057107,0.2786767638482628
turbine_1,2025-12-15T18:00:00Z,2025-12-16T13:00:00Z,19.0,0.115,0.2648680807739235,0.25385300388751914
turbine_1,2025-12-15T18:00:00Z,2025-12-16T14:00:00Z,20.0,0.0116666666666666,0.2053164450374859,0.2064090887855631
turbine_1,2025-12-15T18:00:00Z,2025-12-16T15:00:00Z,21.0,0.0116666666666666,0.28555575758854373,0.27662860630365427
turbine_1,2025-12-15T18:00:00Z,2025-12-16T16:00:00Z,22.0,0.0999999999999999,0.3334937284806113,0.29329374128398367
turbine_1,2025-12-15T18:00:00Z,2025-12-16T17:00:00Z,23.0,0.01,0.5534865470020729,0.4317330655517888
turbine_1,2025-12-15T18:00:00Z,2025-12-16T18:00:00Z,24.0,0.01,0.28127679435500075,0.26009684363521673
turbine_1,2025-12-15T18:00:00Z,2025-12-16T19:00:00Z,25.0,0.01,0.27320261475087565,0.24063131678193242
turbine_1,2025-12-15T18:00:00Z,2025-12-16T20:00:00Z,26.0,0.01,0.2909885163011485,0.2632762321876456
turbine_1,2025-12-15T18:00:00Z,2025-12-16T21:00:00Z,27.0,0.0866666666666666,0.19492023974927752,0.22145129581215417
turbine_1,2025-12-15T18:00:00Z,2025-12-16T22:00:00Z,28.0,0.18,0.10466919449403868,0.14427805346617012
turbine_1,2025-12-15T18:00:00Z,2025-12-16T23:00:00Z,29.0,0.0116666666666666,0.04464985122830187,0.07804046907488014
turbine_1,2025-12-15T18:00:00Z,2025-12-17T00:00:00Z,30.0,0.01,0.02173079101892686,0.05142152482546862
turbine_1,2025-12-15T18:00:00Z,2025-12-17T01:00:00Z,31.0,0.06,0.011300496454342002,0.03725818740064944
turbine_1,2025-12-15T18:00:00Z,2025-12-17T02:00:00Z,32.0,0.1083333333333333,0.04206021815621874,0.05888505809035001
turbine_1,2025-12-15T18:00:00Z,2025-12-17T03:00:00Z,33.0,0.13,0.03720824801754413,0.05899078249370525
turbine_1,2025-12-15T18:00:00Z,2025-12-17T04:00:00Z,34.0,0.055,0.048796319389586645,0.09326082540107598
turbine_1,2025-12-15T18:00:00Z,2025-12-17T05:00:00Z,35.0,0.01,0.10160078287105569,0.09954495906198456
turbine_1,2025-12-15T18:00:00Z,2025-12-17T06:00:00Z,36.0,0.01,0.3373150026867844,0.30177553348205377
turbine_1,2025-12-15T18:00:00Z,2025-12-17T07:00:00Z,37.0,0.01,0.7399249834723144,0.67770868057615
turbine_1,2025-12-15T18:00:00Z,2025-12-17T08:00:00Z,38.0,0.01,0.739123118798158,0.6791519262884795
turbine_1,2025-12-15T18:00:00Z,2025-12-17T09:00:00Z,39.0,0.01,0.9338053620630581,0.9210001968108857
turbine_1,2025-12-15T18:00:00Z,2025-12-17T10:00:00Z,40.0,0.01,0.9213497812319819,0.9033587305773091
turbine_1,2025-12-15T18:00:00Z,2025-12-17T11:00:00Z,41.0,0.01,0.9080123005992541,0.8728749726048999
turbine_1,2025-12-15T18:00:00Z,2025-12-17T12:00:00Z,42.0,0.065,0.9092519278681964,0.9208368940416035
turbine_1,2025-12-15T18:00:00Z,2025-12-17T13:00:00Z,43.0,0.2199999999999999,0.910339210878229,0.9163113837447411
turbine_1,2025-12-15T18:00:00Z,2025-12-17T14:00:00Z,44.0,0.1949999999999999,0.8690499617592268,0.809173471107314
turbine_1,2025-12-15T18:00:00Z,2025-12-17T15:00:00Z,45.0,0.3916666666666666,0.8313725594104209,0.7783145999218517
turbine_1,2025-12-15T18:00:00Z,2025-12-17T16:00:00Z,46.0,0.425,0.7731267357435644,0.7451985735026979
turbine_1,2025-12-15T18:00:00Z,2025-12-17T17:00:00Z,47.0,0.5,0.739683032633375,0.6688333775810894
turbine_1,2025-12-15T18:00:00Z,2025-12-17T18:00:00Z,48.0,0.7166666666666667,0.6352777036802153,0.5497126471915129
turbine_1,2025-12-16T18:00:00Z,2025-12-16T19:00:00Z,1.0,0.01,0.30546780265324525,0.2557685968379389
turbine_1,2025-12-16T18:00:00Z,2025-12-16T20:00:00Z,2.0,0.01,0.22648033510112955,0.2102990829913921
turbine_1,2025-12-16T18:00:00Z,2025-12-16T21:00:00Z,3.0,0.0866666666666666,0.20251277714561405,0.2123791135893242
turbine_1,2025-12-16T18:00:00Z,2025-12-16T22:00:00Z,4.0,0.18,0.17557212899866215,0.19510805757262248
turbine_1,2025-12-16T18:00:00Z,2025-12-16T23:00:00Z,5.0,0.0116666666666666,0.07848214888353565,0.12070646334792619
turbine_1,2025-12-16T18:00:00Z,2025-12-17T00:00:00Z,6.0,0.01,0.03939494202449165,0.07132677325472142
turbine_1,2025-12-16T18:00:00Z,2025-12-17T01:00:00Z,7.0,0.06,0.04435590036225251,0.06772650010685886
turbine_1,2025-12-16T18:00:00Z,2025-12-17T02:00:00Z,8.0,0.1083333333333333,0.03848381667390838,0.0743453536508899
turbine_1,2025-12-16T18:00:00Z,2025-12-17T03:00:00Z,9.0,0.13,0.02596551975899472,0.0496094732268204
turbine_1,2025-12-16T18:00:00Z,2025-12-17T04:00:00Z,10.0,0.055,0.036880467765052105,0.0535323501178665
turbine_1,2025-12-16T18:00:00Z,2025-12-17T05:00:00Z,11.0,0.01,0.056836779024576456,0.09276490142338274
turbine_1,2025-12-16T18:00:00Z,2025-12-17T06:00:00Z,12.0,0.01,0.20540240013447694,0.20368023355691506
turbine_1,2025-12-16T18:00:00Z,2025-12-17T07:00:00Z,13.0,0.01,0.37354283633373486,0.35197100892600336
turbine_1,2025-12-16T18:00:00Z,2025-12-17T08:00:00Z,14.0,0.01,0.5389280583460644,0.48668349156534146
turbine_1,2025-12-16T18:00:00Z,2025-12-17T09:00:00Z,15.0,0.01,0.8795729590916075,0.8762207012191565
turbine_1,2025-12-16T18:00:00Z,2025-12-17T10:00:00Z,16.0,0.01,0.9549597235499306,1.0
turbine_1,2025-12-16T18:00:00Z,2025-12-17T11:00:00Z,17.0,0.01,0.929685981065648,0.9138405434780353
turbine_1,2025-12-16T18:00:00Z,2025-12-17T12:00:00Z,18.0,0.065,0.943340152199497,0.945148899303303
turbine_1,2025-12-16T18:00:00Z,2025-12-17T13:00:00Z,19.0,0.2199999999999999,0.9433505390773448,0.9323889611714219
turbine_1,2025-12-16T18:00:00Z,2025-12-17T14:00:00Z,20.0,0.1949999999999999,0.9032312903165663,0.853174951129668
turbine_1,2025-12-16T18:00:00Z,2025-12-17T15:00:00Z,21.0,0.3916666666666666,0.8950238985261555,0.8243946373886383
turbine_1,2025-12-16T18:00:00Z,2025-12-17T16:00:00Z,22.0,0.425,0.7835209445904643,0.7451985735026979
turbine_1,2025-12-16T18:00:00Z,2025-12-17T17:00:00Z,23.0,0.5,0.7544731009898268,0.7037724883397891
turbine_1,2025-12-16T18:00:00Z,2025-12-17T18:00:00Z,24.0,0.7166666666666667,0.5766997946741801,0.5158786113344385
turbine_1,2025-12-16T18:00:00Z,2025-12-17T19:00:00Z,25.0,0.8533333333333334,0.4317624802897986,0.33217745376405544
turbine_1,2025-12-16T18:00:00Z,2025-12-17T20:00:00Z,26.0,0.6533333333333333,0.23339503207133686,0.20594538337372426
turbine_1,2025-12-16T18:00:00Z,2025-12-17T21:00:00Z,27.0,0.55,0.13785138916700843,0.1249676398834171
turbine_1,2025-12-16T18:00:00Z,2025-12-17T22:00:00Z,28.0,0.335,0.0881762308973725,0.0875511350527952
turbine_1,2025-12-16T18:00:00Z,2025-12-17T23:00:00Z,29.0,0.4633333333333334,0.08278414764061254,0.09172746183322393
turbine_1,2025-12-16T18:00:00Z,2025-12-18T00:00:00Z,30.0,0.605,0.0716438640795388,0.0817731936530851
turbine_1,2025-12-16T18:00:00Z,2025-12-18T01:00:00Z,31.0,0.4866666666666666,0.06453469196001568,0.07441676903465279
turbine_1,2025-12-16T18:00:00Z,2025-12-18T02:00:00Z,32.0,0.225,0.06978404463569392,0.08284136438837218
turbine_1,2025-12-16T18:00:00Z,2025-12-18T03:00:00Z,33.0,0.165,0.04293657939844345,0.07703711142317778
turbine_1,2025-12-16T18:00:00Z,2025-12-18T04:00:00Z,34.0,0.1683333333333333,0.040886168378276216,0.08907778407987921
turbine_1,2025-12-16T18:00:00Z,2025-12-18T05:00:00Z,35.0,0.1783333333333333,0.06828262443813007,0.07651798663162601
turbine_1,2025-12-16T18:00:00Z,2025-12-18T06:00:00Z,36.0,0.14,0.04391949538987333,0.06694402051106384
turbine_1,2025-12-16T18:00:00Z,2025-12-18T07:00:00Z,37.0,0.285,0.042840976777324236,0.06681188298395538
turbine_1,2025-12-16T18:00:00Z,2025-12-18T08:00:00Z,38.0,0.6649999999999999,0.09608322730807298,0.10481093819439186
turbine_1,2025-12-16T18:00:00Z,2025-12-18T09:00:00Z,39.0,0.6966666666666667,0.2145224637089806,0.2439622993061175
turbine_1,2025-12-16T18:00:00Z,2025-12-18T10:00:00Z,40.0,0.89,0.4339272411943119,0.39692762281310046
turbine_1,2025-12-16T18:00:00Z,2025-12-18T11:00:00Z,41.0,0.93,0.5023663988460743,0.44029938993590245
turbine_1,2025-12-16T18:00:00Z,2025-12-18T12:00:00Z,42.0,0.9483333333333333,0.9054111263186305,0.8429669250924209
turbine_1,2025-12-16T18:00:00Z,2025-12-18T13:00:00Z,43.0,0.9683333333333332,0.9094320342015433,0.890228984470152
turbine_1,2025-12-16T18:00:00Z,2025-12-18T14:00:00Z,44.0,0.99,0.9254608397502976,0.8955649306795499
turbine_1,2025-12-16T18:00:00Z,2025-12-18T15:00:00Z,45.0,0.9883333333333332,0.8950238985261555,0.8243946373886383
turbine_1,2025-12-16T18:00:00Z,2025-12-18T16:00:00Z,46.0,0.9833333333333334,0.8848296551454878,0.800862594000007
turbine_1,2025-12-16T18:00:00Z,2025-12-18T17:00:00Z,47.0,0.9166666666666666,0.9004651813026289,0.7980388943946238
turbine_1,2025-12-16T18:00:00Z,2025-12-18T18:00:00Z,48.0,0.97,0.7992630376782187,0.7191870244333866
turbine_1,2025-12-17T18:00:00Z,2025-12-17T19:00:00Z,1.0,0.8533333333333334,0.5912739711099457,0.5050173605250124
turbine_1,2025-12-17T18:00:00Z,2025-12-17T20:00:00Z,2.0,0.6533333333333333,0.45024622212338467,0.36381978501060047
turbine_1,2025-12-17T18:00:00Z,2025-12-17T21:00:00Z,3.0,0.55,0.3440737273829173,0.2794274680650737
turbine_1,2025-12-17T18:00:00Z,2025-12-17T22:00:00Z,4.0,0.335,0.1525923968566685,0.14358688616195867
turbine_1,2025-12-17T18:00:00Z,2025-12-17T23:00:00Z,5.0,0.4633333333333334,0.10561182015916278,0.10717041434533606
turbine_1,2025-12-17T18:00:00Z,2025-12-18T00:00:00Z,6.0,0.605,0.09936554570708561,0.11162681447309847
turbine_1,2025-12-17T18:00:00Z,2025-12-18T01:00:00Z,7.0,0.4866666666666666,0.07764491222822234,0.09957396811310171
turbine_1,2025-12-17T18:00:00Z,2025-12-18T02:00:00Z,8.0,0.225,0.07860498068794834,0.09653803586303059
turbine_1,2025-12-17T18:00:00Z,2025-12-18T03:00:00Z,9.0,0.165,0.057576988139575874,0.10014341281811417
turbine_1,2025-12-17T18:00:00Z,2025-12-18T04:00:00Z,10.0,0.1683333333333333,0.05427489026922824,0.09757297373998802
turbine_1,2025-12-17T18:00:00Z,2025-12-18T05:00:00Z,11.0,0.1783333333333333,0.0701555790185668,0.07965820680847491
turbine_1,2025-12-17T18:00:00Z,2025-12-18T06:00:00Z,12.0,0.14,0.051037453584868386,0.07336173231538899
turbine_1,2025-12-17T18:00:00Z,2025-12-18T07:00:00Z,13.0,0.285,0.11310471905085327,0.11226792138739741
turbine_1,2025-12-17T18:00:00Z,2025-12-18T08:00:00Z,14.0,0.6649999999999999,0.2858374138249958,0.25094798475151475
turbine_1,2025-12-17T18:00:00Z,2025-12-18T09:00:00Z,15.0,0.6966666666666667,0.4960198811015588,0.43837125997661197
turbine_1,2025-12-17T18:00:00Z,2025-12-18T10:00:00Z,16.0,0.89,0.7347498545133796,0.6609411787889483
turbine_1,2025-12-17T18:00:00Z,2025-12-18T11:00:00Z,17.0,0.93,0.909754596598452,0.8190561631531118
turbine_1,2025-12-17T18:00:00Z,2025-12-18T12:00:00Z,18.0,0.9483333333333333,0.8968835010489624,0.8647625219416126
turbine_1,2025-12-17T18:00:00Z,2025-12-18T13:00:00Z,19.0,0.9683333333333332,0.9048797082246823,0.8751982541678823
turbine_1,2025-12-17T18:00:00Z,2025-12-18T14:00:00Z,20.0,0.99,0.9428837558187756,0.9015713207680326
turbine_1,2025-12-17T18:00:00Z,2025-12-18T15:00:00Z,21.0,0.9883333333333332,0.9361617660012757,0.8920398596789969
turbine_1,2025-12-17T18:00:00Z,2025-12-18T16:00:00Z,22.0,0.9833333333333334,0.9430454178670509,0.9169687280552619
turbine_1,2025-12-17T18:00:00Z,2025-12-18T17:00:00Z,23.0,0.9166666666666666,0.9434040722215059,0.9132503469474231
turbine_1,2025-12-17T18:00:00Z,2025-12-18T18:00:00Z,24.0,0.97,0.9568892697728338,0.8717571582733992
turbine_1,2025-12-17T18:00:00Z,2025-12-18T19:00:00Z,25.0,0.7399999999999999,0.9518631591102974,0.8954767495151986
turbine_1,2025-12-17T18:00:00Z,2025-12-18T20:00:00Z,26.0,0.9833333333333334,0.9571689090890668,0.8979530860466247
turbine_1,2025-12-17T18:00:00Z,2025-12-18T21:00:00Z,27.0,0.99,0.9027493242879134,0.8843041838962621
turbine_1,2025-12-17T18:00:00Z,2025-12-18T22:00:00Z,28.0,0.97,0.7682438544159144,0.6947467390731664
turbine_1,2025-12-17T18:00:00Z,2025-12-18T23:00:00Z,29.0,0.9383333333333334,0.6727838604501211,0.5726966401108315
turbine_1,2025-12-17T18:00:00Z,2025-12-19T00:00:00Z,30.0,0.5666666666666667,0.392930749011994,0.34578210158431194
turbine_1,2025-12-17T18:00:00Z,2025-12-19T01:00:00Z,31.0,0.1349999999999999,0.2057963362714966,0.22104223022261826
turbine_1,2025-12-17T18:00:00Z,2025-12-19T02:00:00Z,32.0,0.01,0.162309838782428,0.13953559964515652
turbine_1,2025-12-17T18:00:00Z,2025-12-19T03:00:00Z,33.0,0.0116666666666666,0.08265158690283599,0.09197082686030475
turbine_1,2025-12-17T18:00:00Z,2025-12-19T04:00:00Z,34.0,0.0316666666666666,0.011210082766873797,0.040933152604572226
turbine_1,2025-12-17T18:00:00Z,2025-12-19T05:00:00Z,35.0,0.01,0.015797965650633128,0.04389116710912778
turbine_1,2025-12-17T18:00:00Z,2025-12-19T06:00:00Z,36.0,0.0866666666666666,0.025717370805247386,0.05265524309080461
turbine_1,2025-12-17T18:00:00Z,2025-12-19T07:00:00Z,37.0,0.24,0.04427488877794794,0.06796340294132044
turbine_1,2025-12-17T18:00:00Z,2025-12-19T08:00:00Z,38.0,0.4866666666666666,0.0888711501135804,0.099333731599051
turbine_1,2025-12-17T18:00:00Z,2025-12-19T09:00:00Z,39.0,0.7366666666666667,0.14930386246873023,0.15499811506940678
turbine_1,2025-12-17T18:00:00Z,2025-12-19T10:00:00Z,40.0,0.8666666666666667,0.3448462099499041,0.21968680987408248
turbine_1,2025-12-17T18:00:00Z,2025-12-19T11:00:00Z,41.0,0.9866666666666668,0.5778477188337091,0.4697595083306291
turbine_1,2025-12-17T18:00:00Z,2025-12-19T12:00:00Z,42.0,0.9866666666666668,0.6736569292996483,0.5453531324947202
turbine_1,2025-12-17T18:00:00Z,2025-12-19T13:00:00Z,43.0,0.99,0.5912874613933097,0.4933219078661344
turbine_1,2025-12-17T18:00:00Z,2025-12-19T14:00:00Z,44.0,0.99,0.8104127578799722,0.7581282221589524
turbine_1,2025-12-17T18:00:00Z,2025-12-19T15:00:00Z,45.0,0.9883333333333332,0.9599094683737344,0.872126555970686
turbine_1,2025-12-17T18:00:00Z,2025-12-19T16:00:00Z,46.0,0.9116666666666666,0.9496359007120895,0.9214442329989255
turbine_1,2025-12-17T18:00:00Z,2025-12-19T17:00:00Z,47.0,0.9783333333333334,0.9576009892336314,0.8834207863222827
turbine_1,2025-12-17T18:00:00Z,2025-12-19T18:00:00Z,48.0,0.99,0.9359571234300935,0.8574363686084133
turbine_1,2025-12-18T18:00:00Z,2025-12-18T19:00:00Z,1.0,0.7399999999999999,0.7918811903060707,0.7119738008277745
turbine_1,2025-12-18T18:00:00Z,2025-12-18T20:00:00Z,2.0,0.9833333333333334,0.76015526158774,0.6678488817622614
turbine_1,2025-12-18T18:00:00Z,2025-12-18T21:00:00Z,3.0,0.99,0.6605356887974811,0.5922644597359719
turbine_1,2025-12-18T18:00:00Z,2025-12-18T22:00:00Z,4.0,0.97,0.5572251634472378,0.47864525956193693
turbine_1,2025-12-18T18:00:00Z,2025-12-18T23:00:00Z,5.0,0.9383333333333334,0.43790778342583875,0.3762348636171535
turbine_1,2025-12-18T18:00:00Z,2025-12-19T00:00:00Z,6.0,0.5666666666666667,0.3441238924687867,0.28271130587905297
turbine_1,2025-12-18T18:00:00Z,2025-12-19T01:00:00Z,7.0,0.1349999999999999,0.13758765112313925,0.14137017103904967
turbine_1,2025-12-18T18:00:00Z,2025-12-19T02:00:00Z,8.0,0.01,0.07018837010546974,0.08832128238126966
turbine_1,2025-12-18T18:00:00Z,2025-12-19T03:00:00Z,9.0,0.0116666666666666,0.03260929050912981,0.05584067637468382
turbine_1,2025-12-18T18:00:00Z,2025-12-19T04:00:00Z,10.0,0.0316666666666666,0.010927366605280486,0.042650917403248854
turbine_1,2025-12-18T18:00:00Z,2025-12-19T05:00:00Z,11.0,0.01,0.045245435967212366,0.06263956482563915
turbine_1,2025-12-18T18:00:00Z,2025-12-19T06:00:00Z,12.0,0.0866666666666666,0.11119883667699905,0.13138227742207828
turbine_1,2025-12-18T18:00:00Z,2025-12-19T07:00:00Z,13.0,0.24,0.530379159706877,0.4259890296612402
turbine_1,2025-12-18T18:00:00Z,2025-12-19T08:00:00Z,14.0,0.4866666666666666,0.8513432510837912,0.8444580781102625
turbine_1,2025-12-18T18:00:00Z,2025-12-19T09:00:00Z,15.0,0.7366666666666667,0.9004271444088238,0.9104258110535853
turbine_1,2025-12-18T18:00:00Z,2025-12-19T10:00:00Z,16.0,0.8666666666666667,0.8657296009119428,0.8146023171343727
turbine_1,2025-12-18T18:00:00Z,2025-12-19T11:00:00Z,17.0,0.9866666666666668,0.8197424910386908,0.7878419557802259
turbine_1,2025-12-18T18:00:00Z,2025-12-19T12:00:00Z,18.0,0.9866666666666668,0.803032341682888,0.7425045519387051
turbine_1,2025-12-18T18:00:00Z,2025-12-19T13:00:00Z,19.0,0.99,0.8184137144516473,0.8254940519149236
turbine_1,2025-12-18T18:00:00Z,2025-12-19T14:00:00Z,20.0,0.99,0.8392816801330213,0.8320814176424877
turbine_1,2025-12-18T18:00:00Z,2025-12-19T15:00:00Z,21.0,0.9883333333333332,0.930480885157014,0.8504015997484241
turbine_1,2025-12-18T18:00:00Z,2025-12-19T16:00:00Z,22.0,0.9116666666666666,0.9171279951430442,0.8874712390981979
turbine_1,2025-12-18T18:00:00Z,2025-12-19T17:00:00Z,23.0,0.9783333333333334,0.954984944501954,0.8702487478881562
turbine_1,2025-12-18T18:00:00Z,2025-12-19T18:00:00Z,24.0,0.99,0.9174128724270627,0.8227080196454551
turbine_1,2025-12-18T18:00:00Z,2025-12-19T19:00:00Z,25.0,0.99,0.872562667304473,0.7627206891092079
turbine_1,2025-12-18T18:00:00Z,2025-12-19T20:00:00Z,26.0,0.945,0.8602552711254844,0.8150742547437577
turbine_1,2025-12-18T18:00:00Z,2025-12-19T21:00:00Z,27.0,0.9833333333333334,0.8586775569581877,0.8317897030193233
turbine_1,2025-12-18T18:00:00Z,2025-12-19T22:00:00Z,28.0,0.98,0.6828432927935388,0.6513551785019754
turbine_1,2025-12-18T18:00:00Z,2025-12-19T23:00:00Z,29.0,0.7433333333333333,0.5307300758678364,0.5051207661047394
turbine_1,2025-12-18T18:00:00Z,2025-12-20T00:00:00Z,30.0,0.5,0.4094567536712771,0.37697911589306604
turbine_1,2025-12-18T18:00:00Z,2025-12-20T01:00:00Z,31.0,0.1283333333333333,0.3646134515233551,0.33466778797623403
turbine_1,2025-12-18T18:00:00Z,2025-12-20T02:00:00Z,32.0,0.09,0.4101068253072602,0.38185107956994996
turbine_1,2025-12-18T18:00:00Z,2025-12-20T03:00:00Z,33.0,0.1966666666666666,0.42786598482871285,0.35872153192898815
turbine_1,2025-12-18T18:00:00Z,2025-12-20T04:00:00Z,34.0,0.105,0.20860348918995686,0.22568573000863595
turbine_1,2025-12-18T18:00:00Z,2025-12-20T05:00:00Z,35.0,0.1166666666666666,0.24201832868645523,0.23058703359895996
turbine_1,2025-12-18T18:00:00Z,2025-12-20T06:00:00Z,36.0,0.145,0.23210074979140863,0.22224079318654244
turbine_1,2025-12-18T18:00:00Z,2025-12-20T07:00:00Z,37.0,0.21,0.24585238324042488,0.21389372678722116
turbine_1,2025-12-18T18:00:00Z,2025-12-20T08:00:00Z,38.0,0.3833333333333333,0.20593742297653247,0.18230099535089736
turbine_1,2025-12-18T18:00:00Z,2025-12-20T09:00:00Z,39.0,0.2633333333333333,0.11631628278898376,0.1363322330886769
turbine_1,2025-12-18T18:00:00Z,2025-12-20T10:00:00Z,40.0,0.2466666666666666,0.10073233732368114,0.09889872843051685
turbine_1,2025-12-18T18:00:00Z,2025-12-20T11:00:00Z,41.0,0.11,0.05932677711794265,0.09230259555213786
turbine_1,2025-12-18T18:00:00Z,2025-12-20T12:00:00Z,42.0,0.01,0.039501984401107304,0.08368635742032766
turbine_1,2025-12-18T18:00:00Z,2025-12-20T13:00:00Z,43.0,0.01,0.04283191685663157,0.08613698260470981
turbine_1,2025-12-18T18:00:00Z,2025-12-20T14:00:00Z,44.0,0.01,0.03542595370532753,0.08016306038755058
turbine_1,2025-12-18T18:00:00Z,2025-12-20T15:00:00Z,45.0,0.01,0.058520596341299636,0.09835833324481953
turbine_1,2025-12-18T18:00:00Z,2025-12-20T16:00:00Z,46.0,0.01,0.09416172209966027,0.11910785916330907
turbine_1,2025-12-18T18:00:00Z,2025-12-20T17:00:00Z,47.0,0.01,0.14755840331094078,0.12459875475167287
turbine_1,2025-12-18T18:00:00Z,2025-12-20T18:00:00Z,48.0,0.0583333333333333,0.0855553144230557,0.10750332859926845
turbine_1,2025-12-19T18:00:00Z,2025-12-19T19:00:00Z,1.0,0.99,0.9398622691958249,0.9133590284734867
turbine_1,2025-12-19T18:00:00Z,2025-12-19T20:00:00Z,2.0,0.945,0.9145463757962454,0.8857943379912852
turbine_1,2025-12-19T18:00:00Z,2025-12-19T21:00:00Z,3.0,0.9833333333333334,0.9058504972522292,0.8425774211262896
turbine_1,2025-12-19T18:00:00Z,2025-12-19T22:00:00Z,4.0,0.98,0.8266210548796172,0.8230447646295249
turbine_1,2025-12-19T18:00:00Z,2025-12-19T23:00:00Z,5.0,0.7433333333333333,0.6438532783407349,0.5784484105801354
turbine_1,2025-12-19T18:00:00Z,2025-12-20T00:00:00Z,6.0,0.5,0.524825042539284,0.48573664919907994
turbine_1,2025-12-19T18:00:00Z,2025-12-20T01:00:00Z,7.0,0.1283333333333333,0.353451711745034,0.35327332202356654
turbine_1,2025-12-19T18:00:00Z,2025-12-20T02:00:00Z,8.0,0.09,0.3753665713855744,0.3525602997626664
turbine_1,2025-12-19T18:00:00Z,2025-12-20T03:00:00Z,9.0,0.1966666666666666,0.3525407523881502,0.30486490532286276
turbine_1,2025-12-19T18:00:00Z,2025-12-20T04:00:00Z,10.0,0.105,0.37695832298534543,0.35734757360001834
turbine_1,2025-12-19T18:00:00Z,2025-12-20T05:00:00Z,11.0,0.1166666666666666,0.625884767440347,0.48464652721200674
turbine_1,2025-12-19T18:00:00Z,2025-12-20T06:00:00Z,12.0,0.145,0.871110262335345,0.9230786040034303
turbine_1,2025-12-19T18:00:00Z,2025-12-20T07:00:00Z,13.0,0.21,0.9548940428654777,0.9628703244569182
turbine_1,2025-12-19T18:00:00Z,2025-12-20T08:00:00Z,14.0,0.3833333333333333,0.7259714038638402,0.6894013765131461
turbine_1,2025-12-19T18:00:00Z,2025-12-20T09:00:00Z,15.0,0.2633333333333333,0.6382738077375696,0.5008367060351897
turbine_1,2025-12-19T18:00:00Z,2025-12-20T10:00:00Z,16.0,0.2466666666666666,0.34346257484479253,0.30635096346952717
turbine_1,2025-12-19T18:00:00Z,2025-12-20T11:00:00Z,17.0,0.11,0.19067243256833558,0.16629281787092948
turbine_1,2025-12-19T18:00:00Z,2025-12-20T12:00:00Z,18.0,0.01,0.09066393996716318,0.11757892374670945
turbine_1,2025-12-19T18:00:00Z,2025-12-20T13:00:00Z,19.0,0.01,0.06479366849491511,0.10068678366392257
turbine_1,2025-12-19T18:00:00Z,2025-12-20T14:00:00Z,20.0,0.01,0.040304261354311255,0.08340386991221813
turbine_1,2025-12-19T18:00:00Z,2025-12-20T15:00:00Z,21.0,0.01,0.0634199346745985,0.10177923400460098
turbine_1,2025-12-19T18:00:00Z,2025-12-20T16:00:00Z,22.0,0.01,0.16229163581031505,0.13964803045130547
turbine_1,2025-12-19T18:00:00Z,2025-12-20T17:00:00Z,23.0,0.01,0.1757130035789714,0.16265959727419435
turbine_1,2025-12-19T18:00:00Z,2025-12-20T18:00:00Z,24.0,0.0583333333333333,0.23652555000051295,0.21609077044886618
turbine_1,2025-12-19T18:00:00Z,2025-12-20T19:00:00Z,25.0,0.04,0.3219764593076483,0.27664823495002905
turbine_1,2025-12-19T18:00:00Z,2025-12-20T20:00:00Z,26.0,0.0816666666666666,0.32306463103226085,0.27136075041125607
turbine_1,2025-12-19T18:00:00Z,2025-12-20T21:00:00Z,27.0,0.2983333333333333,0.4382890617712937,0.3685683897641979
turbine_1,2025-12-19T18:00:00Z,2025-12-20T22:00:00Z,28.0,0.2283333333333333,0.5153447657902248,0.4813097226280758
turbine_1,2025-12-19T18:00:00Z,2025-12-20T23:00:00Z,29.0,0.7166666666666667,0.6504519037158816,0.5622156028148209
turbine_1,2025-12-19T18:00:00Z,2025-12-21T00:00:00Z,30.0,0.9983333333333334,0.7356527179091948,0.6061811518491484
turbine_1,2025-12-19T18:00:00Z,2025-12-21T01:00:00Z,31.0,0.8633333333333333,0.7587936896515377,0.6649169751448075
turbine_1,2025-12-19T18:00:00Z,2025-12-21T02:00:00Z,32.0,0.325,0.7643479286972432,0.6534383521655892
turbine_1,2025-12-19T18:00:00Z,2025-12-21T03:00:00Z,33.0,0.305,0.7452619549698422,0.5988672019471567
turbine_1,2025-12-19T18:00:00Z,2025-12-21T04:00:00Z,34.0,0.325,0.7869619375018625,0.6994982007348207
turbine_1,2025-12-19T18:00:00Z,2025-12-21T05:00:00Z,35.0,0.3716666666666666,0.8097902464746282,0.7629828490378998
turbine_1,2025-12-19T18:00:00Z,2025-12-21T06:00:00Z,36.0,0.3783333333333333,0.8244790686919338,0.8296245797663029
turbine_1,2025-12-19T18:00:00Z,2025-12-21T07:00:00Z,37.0,0.3116666666666666,0.9434049386716555,0.9399156279405437
turbine_1,2025-12-19T18:00:00Z,2025-12-21T08:00:00Z,38.0,0.3066666666666666,0.9279626094483155,0.9040591154951529
turbine_1,2025-12-19T18:00:00Z,2025-12-21T09:00:00Z,39.0,0.3283333333333333,0.9339792559334081,0.9109137034430305
turbine_1,2025-12-19T18:00:00Z,2025-12-21T10:00:00Z,40.0,0.5,0.8251578953493937,0.8119739425187312
turbine_1,2025-12-19T18:00:00Z,2025-12-21T11:00:00Z,41.0,0.4166666666666667,0.7780539028689222,0.7458591498593852
turbine_1,2025-12-19T18:00:00Z,2025-12-21T12:00:00Z,42.0,0.4666666666666666,0.7593836664285715,0.7067033706481834
turbine_1,2025-12-19T18:00:00Z,2025-12-21T13:00:00Z,43.0,0.5633333333333334,0.7484552694665894,0.6754489306073233
turbine_1,2025-12-19T18:00:00Z,2025-12-21T14:00:00Z,44.0,0.7516666666666666,0.6713625983437377,0.6334279183187829
turbine_1,2025-12-19T18:00:00Z,2025-12-21T15:00:00Z,45.0,0.6883333333333334,0.5483030416753902,0.4686659351430257
turbine_1,2025-12-19T18:00:00Z,2025-12-21T16:00:00Z,46.0,0.6733333333333333,0.5470181993350609,0.44444104348414637
turbine_1,2025-12-19T18:00:00Z,2025-12-21T17:00:00Z,47.0,0.5033333333333333,0.513681560243096,0.3683919256788365
turbine_1,2025-12-19T18:00:00Z,2025-12-21T18:00:00Z,48.0,0.57,0.27162805516672706,0.22561400066473986
turbine_1,2025-12-20T18:00:00Z,2025-12-20T19:00:00Z,1.0,0.04,0.20308205537416096,0.18807655409698046
turbine_1,2025-12-20T18:00:00Z,2025-12-20T20:00:00Z,2.0,0.0816666666666666,0.17228705537926928,0.15246755481169796
turbine_1,2025-12-20T18:00:00Z,2025-12-20T21:00:00Z,3.0,0.2983333333333333,0.2958059008892878,0.2602454516475726
turbine_1,2025-12-20T18:00:00Z,2025-12-20T22:00:00Z,4.0,0.2283333333333333,0.34588466203733104,0.27197040191581673
turbine_1,2025-12-20T18:00:00Z,2025-12-20T23:00:00Z,5.0,0.7166666666666667,0.6034698279280679,0.4955773770240709
turbine_1,2025-12-20T18:00:00Z,2025-12-21T00:00:00Z,6.0,0.9983333333333334,0.8461452205677107,0.7168646266755461
turbine_1,2025-12-20T18:00:00Z,2025-12-21T01:00:00Z,7.0,0.8633333333333333,0.8965209411699485,0.8556949004729775
turbine_1,2025-12-20T18:00:00Z,2025-12-21T02:00:00Z,8.0,0.325,0.8994114928387724,0.8722040824941774
turbine_1,2025-12-20T18:00:00Z,2025-12-21T03:00:00Z,9.0,0.305,0.8625892776314737,0.748989320379804
turbine_1,2025-12-20T18:00:00Z,2025-12-21T04:00:00Z,10.0,0.325,0.9635939204010041,0.9546645482264413
turbine_1,2025-12-20T18:00:00Z,2025-12-21T05:00:00Z,11.0,0.3716666666666666,0.9660752625450367,0.9495179323414387
turbine_1,2025-12-20T18:00:00Z,2025-12-21T06:00:00Z,12.0,0.3783333333333333,0.9530771078655181,0.9130287190077923
turbine_1,2025-12-20T18:00:00Z,2025-12-21T07:00:00Z,13.0,0.3116666666666666,0.9577419877395074,0.9494739363427069
turbine_1,2025-12-20T18:00:00Z,2025-12-21T08:00:00Z,14.0,0.3066666666666666,0.9422996585161674,0.9136174238973161
turbine_1,2025-12-20T18:00:00Z,2025-12-21T09:00:00Z,15.0,0.3283333333333333,0.8127014244009331,0.7591308012057357
turbine_1,2025-12-20T18:00:00Z,2025-12-21T10:00:00Z,16.0,0.5,0.6641727206434088,0.6369284471595333
turbine_1,2025-12-20T18:00:00Z,2025-12-21T11:00:00Z,17.0,0.4166666666666667,0.6025164456252902,0.6239880928700879
turbine_1,2025-12-20T18:00:00Z,2025-12-21T12:00:00Z,18.0,0.4666666666666666,0.6687537958326223,0.6267532617752614
turbine_1,2025-12-20T18:00:00Z,2025-12-21T13:00:00Z,19.0,0.5633333333333334,0.6442064731628507,0.6182495567302245
turbine_1,2025-12-20T18:00:00Z,2025-12-21T14:00:00Z,20.0,0.7516666666666666,0.6243587046711911,0.5506621495729468
turbine_1,2025-12-20T18:00:00Z,2025-12-21T15:00:00Z,21.0,0.6883333333333334,0.5493089129118018,0.42719455164244335
turbine_1,2025-12-20T18:00:00Z,2025-12-21T16:00:00Z,22.0,0.6733333333333333,0.5157113420095425,0.40330209291716285
turbine_1,2025-12-20T18:00:00Z,2025-12-21T17:00:00Z,23.0,0.5033333333333333,0.44354506238913505,0.35829058286970505
turbine_1,2025-12-20T18:00:00Z,2025-12-21T18:00:00Z,24.0,0.57,0.34333056079919605,0.2931800455461934
turbine_1,2025-12-20T18:00:00Z,2025-12-21T19:00:00Z,25.0,0.6566666666666666,0.3279367359331068,0.26794629349564547
turbine_1,2025-12-20T18:00:00Z,2025-12-21T20:00:00Z,26.0,0.4816666666666666,0.2054614460229672,0.17352387667967104
turbine_1,2025-12-20T18:00:00Z,2025-12-21T21:00:00Z,27.0,0.1783333333333333,0.12691029408719387,0.11944635104266217
turbine_1,2025-12-20T18:00:00Z,2025-12-21T22:00:00Z,28.0,0.01,0.05646746739731137,0.07003021956232414
turbine_1,2025-12-20T18:00:00Z,2025-12-21T23:00:00Z,29.0,0.015,0.014780995418018417,0.04212137165245526
turbine_1,2025-12-20T18:00:00Z,2025-12-22T00:00:00Z,30.0,0.095,0.01325820134376543,0.03712860776333979
turbine_1,2025-12-20T18:00:00Z,2025-12-22T01:00:00Z,31.0,0.1999999999999999,0.05444229541719847,0.07067701246958034
turbine_1,2025-12-20T18:00:00Z,2025-12-22T02:00:00Z,32.0,0.1333333333333333,0.13230772831172805,0.14876694799017343
turbine_1,2025-12-20T18:00:00Z,2025-12-22T03:00:00Z,33.0,0.1816666666666666,0.30394862524220784,0.2904185591005329
turbine_1,2025-12-20T18:00:00Z,2025-12-22T04:00:00Z,34.0,0.5533333333333333,0.6125502364750595,0.5337362276874434
turbine_1,2025-12-20T18:00:00Z,2025-12-22T05:00:00Z,35.0,0.965,0.9229512428883719,0.8883895505611755
turbine_1,2025-12-20T18:00:00Z,2025-12-22T06:00:00Z,36.0,0.975,0.9728699327569704,0.9847456862264751
turbine_1,2025-12-20T18:00:00Z,2025-12-22T07:00:00Z,37.0,0.9866666666666668,0.9752165678430095,0.9811513448674489
turbine_1,2025-12-20T18:00:00Z,2025-12-22T08:00:00Z,38.0,0.9566666666666668,0.9745398793741553,0.9731909231607458
turbine_1,2025-12-20T18:00:00Z,2025-12-22T09:00:00Z,39.0,0.9883333333333332,0.9812243560591222,0.9857266572224175
turbine_1,2025-12-20T18:00:00Z,2025-12-22T10:00:00Z,40.0,0.9883333333333332,0.9530021934668464,0.9555803149001
turbine_1,2025-12-20T18:00:00Z,2025-12-22T11:00:00Z,41.0,0.99,0.9599087296399264,0.886322995505509
turbine_1,2025-12-20T18:00:00Z,2025-12-22T12:00:00Z,42.0,0.99,0.7801325194869922,0.6524314046205837
turbine_1,2025-12-20T18:00:00Z,2025-12-22T13:00:00Z,43.0,0.975,0.6293823629518043,0.5161184049633394
turbine_1,2025-12-20T18:00:00Z,2025-12-22T14:00:00Z,44.0,0.5850000000000001,0.6300557589391942,0.4896943328776079
turbine_1,2025-12-20T18:00:00Z,2025-12-22T15:00:00Z,45.0,0.1149999999999999,0.6432112076767365,0.4941629322622839
turbine_1,2025-12-20T18:00:00Z,2025-12-22T16:00:00Z,46.0,0.1733333333333333,0.5619238803488803,0.42059358573063077
turbine_1,2025-12-20T18:00:00Z,2025-12-22T17:00:00Z,47.0,0.1116666666666666,0.25763405502431797,0.25436186547166206
turbine_1,2025-12-20T18:00:00Z,2025-12-22T18:00:00Z,48.0,0.075,0.21259799161530155,0.1924665233084436
turbine_1,2025-12-21T18:00:00Z,2025-12-21T19:00:00Z,1.0,0.6566666666666666,0.4247291178406203,0.31371007961752145
turbine_1,2025-12-21T18:00:00Z,2025-12-21T20:00:00Z,2.0,0.4816666666666666,0.23393227336308833,0.17913068583223013
turbine_1,2025-12-21T18:00:00Z,2025-12-21T21:00:00Z,3.0,0.1783333333333333,0.13558401859722988,0.14009221848349795
turbine_1,2025-12-21T18:00:00Z,2025-12-21T22:00:00Z,4.0,0.01,0.0703875696752885,0.0764916590889547
turbine_1,2025-12-21T18:00:00Z,2025-12-21T23:00:00Z,5.0,0.015,0.01708219548919976,0.04466759251059899
turbine_1,2025-12-21T18:00:00Z,2025-12-22T00:00:00Z,6.0,0.095,0.011122551499534006,0.03692152426478592
turbine_1,2025-12-21T18:00:00Z,2025-12-22T01:00:00Z,7.0,0.1999999999999999,0.017091157414383468,0.05093039653014354
turbine_1,2025-12-21T18:00:00Z,2025-12-22T02:00:00Z,8.0,0.1333333333333333,0.04318597878809888,0.07649635065253876
turbine_1,2025-12-21T18:00:00Z,2025-12-22T03:00:00Z,9.0,0.1816666666666666,0.11160188330552803,0.13289029326962942
turbine_1,2025-12-21T18:00:00Z,2025-12-22T04:00:00Z,10.0,0.5533333333333333,0.40183312703018337,0.3840581691703001
turbine_1,2025-12-21T18:00:00Z,2025-12-22T05:00:00Z,11.0,0.965,0.8913506371692455,0.8886539801585213
turbine_1,2025-12-21T18:00:00Z,2025-12-22T06:00:00Z,12.0,0.975,0.9677857129200168,0.9623547158336063
turbine_1,2025-12-21T18:00:00Z,2025-12-22T07:00:00Z,13.0,0.9866666666666668,0.9525727938113012,0.9604640317354535
turbine_1,2025-12-21T18:00:00Z,2025-12-22T08:00:00Z,14.0,0.9566666666666668,0.9312816233295607,0.9777063694899311
turbine_1,2025-12-21T18:00:00Z,2025-12-22T09:00:00Z,15.0,0.9883333333333332,0.9885647152043813,1.0
turbine_1,2025-12-21T18:00:00Z,2025-12-22T10:00:00Z,16.0,0.9883333333333332,0.9959894062328505,1.0
turbine_1,2025-12-21T18:00:00Z,2025-12-22T11:00:00Z,17.0,0.99,0.9635285020439315,0.913856204209229
turbine_1,2025-12-21T18:00:00Z,2025-12-22T12:00:00Z,18.0,0.99,0.7948363846362942,0.6663234282893462
turbine_1,2025-12-21T18:00:00Z,2025-12-22T13:00:00Z,19.0,0.975,0.6531395866017938,0.5775725674585075
turbine_1,2025-12-21T18:00:00Z,2025-12-22T14:00:00Z,20.0,0.5850000000000001,0.6122802540107318,0.49267710603094256
turbine_1,2025-12-21T18:00:00Z,2025-12-22T15:00:00Z,21.0,0.1149999999999999,0.37644100087786914,0.3151310855838477
turbine_1,2025-12-21T18:00:00Z,2025-12-22T16:00:00Z,22.0,0.1733333333333333,0.2264359978245652,0.20541426937735982
turbine_1,2025-12-21T18:00:00Z,2025-12-22T17:00:00Z,23.0,0.1116666666666666,0.17973201987294718,0.15936304015563973
turbine_1,2025-12-21T18:00:00Z,2025-12-22T18:00:00Z,24.0,0.075,0.11537006085951927,0.13500896965555126
turbine_1,2025-12-21T18:00:00Z,2025-12-22T19:00:00Z,25.0,0.0233333333333333,0.1069382958962889,0.11563020327045746
turbine_1,2025-12-21T18:00:00Z,2025-12-22T20:00:00Z,26.0,0.01,0.06637091079889076,0.09151785936832506
turbine_1,2025-12-21T18:00:00Z,2025-12-22T21:00:00Z,27.0,0.01,0.058201354477581985,0.08531683736752109
turbine_1,2025-12-21T18:00:00Z,2025-12-22T22:00:00Z,28.0,0.015,0.05156729201309804,0.08330437249880975
turbine_1,2025-12-21T18:00:00Z,2025-12-22T23:00:00Z,29.0,0.01,0.04928024506502951,0.08110074812542144
turbine_1,2025-12-21T18:00:00Z,2025-12-23T00:00:00Z,30.0,0.01,0.04663721646333882,0.07919013380181167
turbine_1,2025-12-21T18:00:00Z,2025-12-23T01:00:00Z,31.0,0.01,0.03227572217988253,0.06940980815545726
turbine_1,2025-12-21T18:00:00Z,2025-12-23T02:00:00Z,32.0,0.01,0.021773577998448174,0.04939881392293007
turbine_1,2025-12-21T18:00:00Z,2025-12-23T03:00:00Z,33.0,0.0349999999999999,0.018063550880830337,0.049847320407129865
turbine_1,2025-12-21T18:00:00Z,2025-12-23T04:00:00Z,34.0,0.0216666666666666,0.016021861561371475,0.045954472414289765
turbine_1,2025-12-21T18:00:00Z,2025-12-23T05:00:00Z,35.0,0.01,0.0185256852273305,0.04576547729556346
turbine_1,2025-12-21T18:00:00Z,2025-12-23T06:00:00Z,36.0,0.01,0.02181263971089853,0.051621858674031136
turbine_1,2025-12-21T18:00:00Z,2025-12-23T07:00:00Z,37.0,0.01,0.03907408250000388,0.06168996453738995
turbine_1,2025-12-21T18:00:00Z,2025-12-23T08:00:00Z,38.0,0.01,0.04390389468004707,0.0703812006961362
turbine_1,2025-12-21T18:00:00Z,2025-12-23T09:00:00Z,39.0,0.01,0.034758191783040626,0.0708705333945353
turbine_1,2025-12-21T18:00:00Z,2025-12-23T10:00:00Z,40.0,0.01,0.040133562979819015,0.07825569043057351
turbine_1,2025-12-21T18:00:00Z,2025-12-23T11:00:00Z,41.0,0.01,0.05484137513245896,0.08782085356776878
turbine_1,2025-12-21T18:00:00Z,2025-12-23T12:00:00Z,42.0,0.01,0.06403267087876374,0.09889556711145761
turbine_1,2025-12-21T18:00:00Z,2025-12-23T13:00:00Z,43.0,0.01,0.049775768960507116,0.0923698472037018
turbine_1,2025-12-21T18:00:00Z,2025-12-23T14:00:00Z,44.0,0.01,0.04931848781168563,0.08379415011418008
turbine_1,2025-12-21T18:00:00Z,2025-12-23T15:00:00Z,45.0,0.01,0.041979750248937575,0.08264759486702244
turbine_1,2025-12-21T18:00:00Z,2025-12-23T16:00:00Z,46.0,0.01,0.04966777149948015,0.08768201464424018
turbine_1,2025-12-21T18:00:00Z,2025-12-23T17:00:00Z,47.0,0.0083333333333333,0.05718319109558484,0.09234329429539324
turbine_1,2025-12-21T18:00:00Z,2025-12-23T18:00:00Z,48.0,0.0783333333333333,0.07953001593656421,0.1019142151950582
turbine_1,2025-12-22T18:00:00Z,2025-12-22T19:00:00Z,1.0,0.0233333333333333,0.1872417201602834,0.16461277161669344
turbine_1,2025-12-22T18:00:00Z,2025-12-22T20:00:00Z,2.0,0.01,0.11485877579606431,0.13039765391739114
turbine_1,2025-12-22T18:00:00Z,2025-12-22T21:00:00Z,3.0,0.01,0.10944581482472436,0.13431739589892228
turbine_1,2025-12-22T18:00:00Z,2025-12-22T22:00:00Z,4.0,0.015,0.1335260237328234,0.18592731276161678
turbine_1,2025-12-22T18:00:00Z,2025-12-22T23:00:00Z,5.0,0.01,0.1795912313963216,0.21555533031992236
turbine_1,2025-12-22T18:00:00Z,2025-12-23T00:00:00Z,6.0,0.01,0.2718177818717828,0.26998738444099646
turbine_1,2025-12-22T18:00:00Z,2025-12-23T01:00:00Z,7.0,0.01,0.15478918451600213,0.17372916199145017
turbine_1,2025-12-22T18:00:00Z,2025-12-23T02:00:00Z,8.0,0.01,0.1066777763694079,0.1298041466130294
turbine_1,2025-12-22T18:00:00Z,2025-12-23T03:00:00Z,9.0,0.0349999999999999,0.08412581025873836,0.09494406560214069
turbine_1,2025-12-22T18:00:00Z,2025-12-23T04:00:00Z,10.0,0.0216666666666666,0.07045203399277777,0.11265928112462006
turbine_1,2025-12-22T18:00:00Z,2025-12-23T05:00:00Z,11.0,0.01,0.07712369264630767,0.1155227253440904
turbine_1,2025-12-22T18:00:00Z,2025-12-23T06:00:00Z,12.0,0.01,0.08853620805150088,0.09487867797243617
turbine_1,2025-12-22T18:00:00Z,2025-12-23T07:00:00Z,13.0,0.01,0.07121896355319643,0.0828879065606956
turbine_1,2025-12-22T18:00:00Z,2025-12-23T08:00:00Z,14.0,0.01,0.0934440362938678,0.0943932643099801
turbine_1,2025-12-22T18:00:00Z,2025-12-23T09:00:00Z,15.0,0.01,0.05562621434494125,0.0923032382081061
turbine_1,2025-12-22T18:00:00Z,2025-12-23T10:00:00Z,16.0,0.01,0.04928505313721826,0.08558724241202165
turbine_1,2025-12-22T18:00:00Z,2025-12-23T11:00:00Z,17.0,0.01,0.04058966012659232,0.07910972205683596
turbine_1,2025-12-22T18:00:00Z,2025-12-23T12:00:00Z,18.0,0.01,0.053248578651316936,0.08536705884262881
turbine_1,2025-12-22T18:00:00Z,2025-12-23T13:00:00Z,19.0,0.01,0.05170580730590796,0.08770797868580876
turbine_1,2025-12-22T18:00:00Z,2025-12-23T14:00:00Z,20.0,0.01,0.053021448030218854,0.08594822123820148
turbine_1,2025-12-22T18:00:00Z,2025-12-23T15:00:00Z,21.0,0.01,0.04450523092674924,0.08245123732010984
turbine_1,2025-12-22T18:00:00Z,2025-12-23T16:00:00Z,22.0,0.01,0.042500767706201925,0.07791202309894656
turbine_1,2025-12-22T18:00:00Z,2025-12-23T17:00:00Z,23.0,0.0083333333333333,0.04530239564653821,0.07459568007711882
turbine_1,2025-12-22T18:00:00Z,2025-12-23T18:00:00Z,24.0,0.0783333333333333,0.04767905644331835,0.07462252209153307
turbine_1,2025-12-22T18:00:00Z,2025-12-23T19:00:00Z,25.0,0.18,0.10419137183372602,0.1060293480575323
turbine_1,2025-12-22T18:00:00Z,2025-12-23T20:00:00Z,26.0,0.305,0.14153196690831726,0.16017877115633114
turbine_1,2025-12-22T18:00:00Z,2025-12-23T21:00:00Z,27.0,0.735,0.20575138010778912,0.2042276259140508
turbine_1,2025-12-22T18:00:00Z,2025-12-23T22:00:00Z,28.0,0.6533333333333333,0.22048954023352393,0.225410531623406
turbine_1,2025-12-22T18:00:00Z,2025-12-23T23:00:00Z,29.0,0.5683333333333334,0.2430301595958092,0.2513978147717385
turbine_1,2025-12-22T18:00:00Z,2025-12-24T00:00:00Z,30.0,0.7633333333333333,0.20594196369510995,0.21447907948556622
turbine_1,2025-12-22T18:00:00Z,2025-12-24T01:00:00Z,31.0,0.8833333333333333,0.16447403286364143,0.18908421217353763
turbine_1,2025-12-22T18:00:00Z,2025-12-24T02:00:00Z,32.0,0.5833333333333334,0.16578895865234647,0.1796831175578548
turbine_1,2025-12-22T18:00:00Z,2025-12-24T03:00:00Z,33.0,0.6816666666666666,0.20917374769082545,0.19220998051229787
turbine_1,2025-12-22T18:00:00Z,2025-12-24T04:00:00Z,34.0,0.5583333333333333,0.2237761313674048,0.21199196354574554
turbine_1,2025-12-22T18:00:00Z,2025-12-24T05:00:00Z,35.0,0.4583333333333333,0.3297621912629136,0.2725914838522479
turbine_1,2025-12-22T18:00:00Z,2025-12-24T06:00:00Z,36.0,0.2716666666666666,0.32106558671801533,0.2814622855485679
turbine_1,2025-12-22T18:00:00Z,2025-12-24T07:00:00Z,37.0,0.2133333333333333,0.30959256985007205,0.2906116317440249
turbine_1,2025-12-22T18:00:00Z,2025-12-24T08:00:00Z,38.0,0.2299999999999999,0.3270692900193774,0.323567525960495
turbine_1,2025-12-22T18:00:00Z,2025-12-24T09:00:00Z,39.0,0.235,0.40098982464756805,0.36617452599670736
turbine_1,2025-12-22T18:00:00Z,2025-12-24T10:00:00Z,40.0,0.2083333333333333,0.48108476930441224,0.4546202549788827
turbine_1,2025-12-22T18:00:00Z,2025-12-24T11:00:00Z,41.0,0.26,0.6203351809650617,0.4902052323265919
turbine_1,2025-12-22T18:00:00Z,2025-12-24T12:00:00Z,42.0,0.295,0.6393034156218983,0.5208697446576834
turbine_1,2025-12-22T18:00:00Z,2025-12-24T13:00:00Z,43.0,0.2483333333333333,0.6316136309294967,0.514080356451761
turbine_1,2025-12-22T18:00:00Z,2025-12-24T14:00:00Z,44.0,0.2866666666666667,0.6975563719013798,0.5811450511734855
turbine_1,2025-12-22T18:00:00Z,2025-12-24T15:00:00Z,45.0,0.5516666666666666,0.7392368558096679,0.6298977823156795
turbine_1,2025-12-22T18:00:00Z,2025-12-24T16:00:00Z,46.0,0.5616666666666666,0.7191074487257536,0.6285405877218045
turbine_1,2025-12-22T18:00:00Z,2025-12-24T17:00:00Z,47.0,0.365,0.6987780733816392,0.6217663791617897
turbine_1,2025-12-22T18:00:00Z,2025-12-24T18:00:00Z,48.0,0.5433333333333333,0.7080357612875571,0.6374343986276206
turbine_1,2025-12-23T18:00:00Z,2025-12-23T19:00:00Z,1.0,0.18,0.3348355236535902,0.263210198413537
turbine_1,2025-12-23T18:00:00Z,2025-12-23T20:00:00Z,2.0,0.305,0.47825238047164953,0.4029832672132816
turbine_1,2025-12-23T18:00:00Z,2025-12-23T21:00:00Z,3.0,0.735,0.470616362638813,0.4406642419500489
turbine_1,2025-12-23T18:00:00Z,2025-12-23T22:00:00Z,4.0,0.6533333333333333,0.47839520312706574,0.4447320698794145
turbine_1,2025-12-23T18:00:00Z,2025-12-23T23:00:00Z,5.0,0.5683333333333334,0.447431832252156,0.4371824971170193
turbine_1,2025-12-23T18:00:00Z,2025-12-24T00:00:00Z,6.0,0.7633333333333333,0.4350328839340562,0.42625869455484866
turbine_1,2025-12-23T18:00:00Z,2025-12-24T01:00:00Z,7.0,0.8833333333333333,0.36657474196981965,0.3761117961514147
turbine_1,2025-12-23T18:00:00Z,2025-12-24T02:00:00Z,8.0,0.5833333333333334,0.24341618218293098,0.2635887796603333
turbine_1,2025-12-23T18:00:00Z,2025-12-24T03:00:00Z,9.0,0.6816666666666666,0.2314872520840529,0.22943488304787704
turbine_1,2025-12-23T18:00:00Z,2025-12-24T04:00:00Z,10.0,0.5583333333333333,0.24821070288592387,0.2640159348587171
turbine_1,2025-12-23T18:00:00Z,2025-12-24T05:00:00Z,11.0,0.4583333333333333,0.44134269519072566,0.3598323110582152
turbine_1,2025-12-23T18:00:00Z,2025-12-24T06:00:00Z,12.0,0.2716666666666666,0.5305243471475061,0.42185751919811715
turbine_1,2025-12-23T18:00:00Z,2025-12-24T07:00:00Z,13.0,0.2133333333333333,0.5893912632245971,0.47398447445899694
turbine_1,2025-12-23T18:00:00Z,2025-12-24T08:00:00Z,14.0,0.2299999999999999,0.6631809341943148,0.531850039956983
turbine_1,2025-12-23T18:00:00Z,2025-12-24T09:00:00Z,15.0,0.235,0.7643392594139893,0.5941288416695245
turbine_1,2025-12-23T18:00:00Z,2025-12-24T10:00:00Z,16.0,0.2083333333333333,0.7596781306047069,0.5716970579622868
turbine_1,2025-12-23T18:00:00Z,2025-12-24T11:00:00Z,17.0,0.26,0.6614393693240942,0.5363464412068123
turbine_1,2025-12-23T18:00:00Z,2025-12-24T12:00:00Z,18.0,0.295,0.6422516603734895,0.5307103169034819
turbine_1,2025-12-23T18:00:00Z,2025-12-24T13:00:00Z,19.0,0.2483333333333333,0.5877915227891383,0.4625015261372593
turbine_1,2025-12-23T18:00:00Z,2025-12-24T14:00:00Z,20.0,0.2866666666666667,0.4413987230919882,0.32903353334289887
turbine_1,2025-12-23T18:00:00Z,2025-12-24T15:00:00Z,21.0,0.5516666666666666,0.40079726576869285,0.3198729245226303
turbine_1,2025-12-23T18:00:00Z,2025-12-24T16:00:00Z,22.0,0.5616666666666666,0.588206177762925,0.4727020243558523
turbine_1,2025-12-23T18:00:00Z,2025-12-24T17:00:00Z,23.0,0.365,0.5463818498643043,0.41188789572309814
turbine_1,2025-12-23T18:00:00Z,2025-12-24T18:00:00Z,24.0,0.5433333333333333,0.6344640059443022,0.5377379862550419
turbine_1,2025-12-23T18:00:00Z,2025-12-24T19:00:00Z,25.0,0.4716666666666667,0.7140620440918028,0.6176007531529251
turbine_1,2025-12-23T18:00:00Z,2025-12-24T20:00:00Z,26.0,0.4733333333333333,0.7588384884886665,0.7292279721042795
turbine_1,2025-12-23T18:00:00Z,2025-12-24T21:00:00Z,27.0,0.6716666666666667,0.8262449016256499,0.730536062780655
turbine_1,2025-12-23T18:00:00Z,2025-12-24T22:00:00Z,28.0,0.4333333333333333,0.8594901307943736,0.8063148844411039
turbine_1,2025-12-23T18:00:00Z,2025-12-24T23:00:00Z,29.0,0.565,0.892111802388538,0.8664559557524076
turbine_1,2025-12-23T18:00:00Z,2025-12-25T00:00:00Z,30.0,0.555,0.8935039509375305,0.8876110568524134
turbine_1,2025-12-23T18:00:00Z,2025-12-25T01:00:00Z,31.0,0.3966666666666666,0.8957847603758458,0.9243927915460376
turbine_1,2025-12-23T18:00:00Z,2025-12-25T02:00:00Z,32.0,0.43,0.9019209689721868,0.9252263172658041
turbine_1,2025-12-23T18:00:00Z,2025-12-25T03:00:00Z,33.0,0.3983333333333334,0.9094401916473646,0.9464311631732727
turbine_1,2025-12-23T18:00:00Z,2025-12-25T04:00:00Z,34.0,0.1733333333333333,0.9579659616805271,0.9379718428872538
turbine_1,2025-12-23T18:00:00Z,2025-12-25T05:00:00Z,35.0,0.1483333333333333,0.9781723996140681,0.943523190960506
turbine_1,2025-12-23T18:00:00Z,2025-12-25T06:00:00Z,36.0,0.205,0.9749648164549097,0.9614167910644031
turbine_1,2025-12-23T18:00:00Z,2025-12-25T07:00:00Z,37.0,0.125,0.9770514311171189,1.0
turbine_1,2025-12-23T18:00:00Z,2025-12-25T08:00:00Z,38.0,0.2033333333333333,0.9821489695655795,1.0
turbine_1,2025-12-23T18:00:00Z,2025-12-25T09:00:00Z,39.0,0.1616666666666666,1.0,1.0
turbine_1,2025-12-23T18:00:00Z,2025-12-25T10:00:00Z,40.0,0.1966666666666666,0.9800860852270245,1.0
turbine_1,2025-12-23T18:00:00Z,2025-12-25T11:00:00Z,41.0,0.1916666666666666,0.946887503119658,0.8683227660770333
turbine_1,2025-12-23T18:00:00Z,2025-12-25T12:00:00Z,42.0,0.1483333333333333,0.9058828769404753,0.8400355603332731
turbine_1,2025-12-23T18:00:00Z,2025-12-25T13:00:00Z,43.0,0.1516666666666666,0.9075985246513821,0.8351607162538043
turbine_1,2025-12-23T18:00:00Z,2025-12-25T14:00:00Z,44.0,0.3533333333333333,0.907468883918421,0.8132130234309198
turbine_1,2025-12-23T18:00:00Z,2025-12-25T15:00:00Z,45.0,0.7666666666666666,0.9088119095780868,0.8020675255685896
turbine_1,2025-12-23T18:00:00Z,2025-12-25T16:00:00Z,46.0,0.85,0.8900703772329105,0.8442529028253702
turbine_1,2025-12-23T18:00:00Z,2025-12-25T17:00:00Z,47.0,0.455,0.8894051698062478,0.809335367480879
turbine_1,2025-12-23T18:00:00Z,2025-12-25T18:00:00Z,48.0,0.2533333333333333,0.8620335402571077,0.7667252493880337
turbine_1,2025-12-24T18:00:00Z,2025-12-24T19:00:00Z,1.0,0.4716666666666667,0.822193221063259,0.678398656795776
turbine_1,2025-12-24T18:00:00Z,2025-12-24T20:00:00Z,2.0,0.4733333333333333,0.8799865970291136,0.7932567257439637
turbine_1,2025-12-24T18:00:00Z,2025-12-24T21:00:00Z,3.0,0.6716666666666667,0.9124936065028472,0.870200714353174
turbine_1,2025-12-24T18:00:00Z,2025-12-24T22:00:00Z,4.0,0.4333333333333333,0.9217306291637921,0.9046451761269814
turbine_1,2025-12-24T18:00:00Z,2025-12-24T23:00:00Z,5.0,0.565,0.9075910689484001,0.8995185296314684
turbine_1,2025-12-24T18:00:00Z,2025-12-25T00:00:00Z,6.0,0.555,0.8951571367749214,0.915094919005428
turbine_1,2025-12-24T18:00:00Z,2025-12-25T01:00:00Z,7.0,0.3966666666666666,0.8957847603758458,0.9243927915460376
turbine_1,2025-12-24T18:00:00Z,2025-12-25T02:00:00Z,8.0,0.43,0.8904564967212373,0.8977424551127894
turbine_1,2025-12-24T18:00:00Z,2025-12-25T03:00:00Z,9.0,0.3983333333333334,0.9013245464824141,0.9307749678495617
turbine_1,2025-12-24T18:00:00Z,2025-12-25T04:00:00Z,10.0,0.1733333333333333,0.9292953591477434,0.9269224451024688
turbine_1,2025-12-24T18:00:00Z,2025-12-25T05:00:00Z,11.0,0.1483333333333333,0.9732157547667248,0.944716595884797
turbine_1,2025-12-24T18:00:00Z,2025-12-25T06:00:00Z,12.0,0.205,0.9749648164549097,0.9614167910644031
turbine_1,2025-12-24T18:00:00Z,2025-12-25T07:00:00Z,13.0,0.125,0.9770514311171189,1.0
turbine_1,2025-12-24T18:00:00Z,2025-12-25T08:00:00Z,14.0,0.2033333333333333,0.9807091447972028,1.0
turbine_1,2025-12-24T18:00:00Z,2025-12-25T09:00:00Z,15.0,0.1616666666666666,1.0,1.0
turbine_1,2025-12-24T18:00:00Z,2025-12-25T10:00:00Z,16.0,0.1966666666666666,1.0,1.0
turbine_1,2025-12-24T18:00:00Z,2025-12-25T11:00:00Z,17.0,0.1916666666666666,0.978397969996254,0.9828951883187722
turbine_1,2025-12-24T18:00:00Z,2025-12-25T12:00:00Z,18.0,0.1483333333333333,0.9329151134229724,0.8733519212680705
turbine_1,2025-12-24T18:00:00Z,2025-12-25T13:00:00Z,19.0,0.1516666666666666,0.9071934799080744,0.8110974681023135
turbine_1,2025-12-24T18:00:00Z,2025-12-25T14:00:00Z,20.0,0.3533333333333333,0.8995687161017274,0.8362323433273463
turbine_1,2025-12-24T18:00:00Z,2025-12-25T15:00:00Z,21.0,0.7666666666666666,0.8528628094523331,0.7531198228810588
turbine_1,2025-12-24T18:00:00Z,2025-12-25T16:00:00Z,22.0,0.85,0.8864684297757244,0.7905038309802943
turbine_1,2025-12-24T18:00:00Z,2025-12-25T17:00:00Z,23.0,0.455,0.7304509888200778,0.6589375510640169
turbine_1,2025-12-24T18:00:00Z,2025-12-25T18:00:00Z,24.0,0.2533333333333333,0.6754711275907194,0.6409575546235402
turbine_1,2025-12-24T18:00:00Z,2025-12-25T19:00:00Z,25.0,0.3133333333333333,0.7064045684642913,0.6266710259342472
turbine_1,2025-12-24T18:00:00Z,2025-12-25T20:00:00Z,26.0,0.4516666666666666,0.6514355186794663,0.6280667923601175
turbine_1,2025-12-24T18:00:00Z,2025-12-25T21:00:00Z,27.0,0.64,0.8120837674389108,0.6621017627053677
turbine_1,2025-12-24T18:00:00Z,2025-12-25T22:00:00Z,28.0,0.2766666666666666,0.5667033224269384,0.5270211682334776
turbine_1,2025-12-24T18:00:00Z,2025-12-25T23:00:00Z,29.0,0.345,0.3770854556956794,0.32723017238039526
turbine_1,2025-12-24T18:00:00Z,2025-12-26T00:00:00Z,30.0,0.235,0.11900413916865266,0.10818140331708903
turbine_1,2025-12-24T18:00:00Z,2025-12-26T01:00:00Z,31.0,0.12,0.04315433189356899,0.07396229548729058
turbine_1,2025-12-24T18:00:00Z,2025-12-26T02:00:00Z,32.0,0.0516666666666666,0.021506451897589512,0.05277579258479517
turbine_1,2025-12-24T18:00:00Z,2025-12-26T03:00:00Z,33.0,0.0266666666666666,0.010676706369277145,0.03902461542500864
turbine_1,2025-12-24T18:00:00Z,2025-12-26T04:00:00Z,34.0,0.0166666666666666,0.051547920931083596,0.09672804682330907
turbine_1,2025-12-24T18:00:00Z,2025-12-26T05:00:00Z,35.0,0.1566666666666666,0.31141777964686473,0.23065688180616703
turbine_1,2025-12-24T18:00:00Z,2025-12-26T06:00:00Z,36.0,0.0583333333333333,0.715219375229387,0.6221678471309191
turbine_1,2025-12-24T18:00:00Z,2025-12-26T07:00:00Z,37.0,0.0833333333333333,0.9812835760249009,1.0
turbine_1,2025-12-24T18:00:00Z,2025-12-26T08:00:00Z,38.0,0.2316666666666666,0.9720430808694772,0.9858228449202254
turbine_1,2025-12-24T18:00:00Z,2025-12-26T09:00:00Z,39.0,0.8283333333333333,0.9382661799843811,0.9380891165982401
turbine_1,2025-12-24T18:00:00Z,2025-12-26T10:00:00Z,40.0,0.9916666666666668,0.9302873455838118,0.9761627717378292
turbine_1,2025-12-24T18:00:00Z,2025-12-26T11:00:00Z,41.0,0.99,0.7555158796614847,0.7141286363029207
turbine_1,2025-12-24T18:00:00Z,2025-12-26T12:00:00Z,42.0,0.99,0.5287740450977045,0.440973052795738
turbine_1,2025-12-24T18:00:00Z,2025-12-26T13:00:00Z,43.0,0.9633333333333334,0.3706069901560731,0.35057978194780753
turbine_1,2025-12-24T18:00:00Z,2025-12-26T14:00:00Z,44.0,0.7366666666666667,0.308912383471819,0.2915122570821352
turbine_1,2025-12-24T18:00:00Z,2025-12-26T15:00:00Z,45.0,0.8516666666666666,0.44836403222074234,0.4144718101581346
turbine_1,2025-12-24T18:00:00Z,2025-12-26T16:00:00Z,46.0,0.3883333333333333,0.5081227086534685,0.4103978754309882
turbine_1,2025-12-24T18:00:00Z,2025-12-26T17:00:00Z,47.0,0.2916666666666667,0.49895273738301016,0.3878681541967459
turbine_1,2025-12-24T18:00:00Z,2025-12-26T18:00:00Z,48.0,0.2133333333333333,0.5014214139007267,0.3943591688968639
turbine_1,2025-12-25T18:00:00Z,2025-12-25T19:00:00Z,1.0,0.3133333333333333,0.6149492240850771,0.4978324133750327
turbine_1,2025-12-25T18:00:00Z,2025-12-25T20:00:00Z,2.0,0.4516666666666666,0.6111912161823058,0.6087425821715404
turbine_1,2025-12-25T18:00:00Z,2025-12-25T21:00:00Z,3.0,0.64,0.7361773920488972,0.688686369281555
turbine_1,2025-12-25T18:00:00Z,2025-12-25T22:00:00Z,4.0,0.2766666666666666,0.6958967545830232,0.6381679344182697
turbine_1,2025-12-25T18:00:00Z,2025-12-25T23:00:00Z,5.0,0.345,0.579048591747028,0.587301397629058
turbine_1,2025-12-25T18:00:00Z,2025-12-26T00:00:00Z,6.0,0.235,0.13257541286271468,0.17500846087577185
turbine_1,2025-12-25T18:00:00Z,2025-12-26T01:00:00Z,7.0,0.12,0.08053532758634348,0.09265326183754759
turbine_1,2025-12-25T18:00:00Z,2025-12-26T02:00:00Z,8.0,0.0516666666666666,0.024624527525785533,0.04794812380284914
turbine_1,2025-12-25T18:00:00Z,2025-12-26T03:00:00Z,9.0,0.0266666666666666,0.01075512512821214,0.040482390798957484
turbine_1,2025-12-25T18:00:00Z,2025-12-26T04:00:00Z,10.0,0.0166666666666666,0.023335016098611994,0.05159869128252608
turbine_1,2025-12-25T18:00:00Z,2025-12-26T05:00:00Z,11.0,0.1566666666666666,0.06279432756606673,0.06444583092598535
turbine_1,2025-12-25T18:00:00Z,2025-12-26T06:00:00Z,12.0,0.0583333333333333,0.12060008628646297,0.1074514663388336
turbine_1,2025-12-25T18:00:00Z,2025-12-26T07:00:00Z,13.0,0.0833333333333333,0.33881523283888937,0.2751656562274462
turbine_1,2025-12-25T18:00:00Z,2025-12-26T08:00:00Z,14.0,0.2316666666666666,0.4051075860327961,0.3536518929145523
turbine_1,2025-12-25T18:00:00Z,2025-12-26T09:00:00Z,15.0,0.8283333333333333,0.6336750032745606,0.6349875151984528
turbine_1,2025-12-25T18:00:00Z,2025-12-26T10:00:00Z,16.0,0.9916666666666668,0.8049044528430364,0.7861201411964919
turbine_1,2025-12-25T18:00:00Z,2025-12-26T11:00:00Z,17.0,0.99,0.8780566371505509,0.7994276142708757
turbine_1,2025-12-25T18:00:00Z,2025-12-26T12:00:00Z,18.0,0.99,0.8619268732820754,0.7921438550843327
turbine_1,2025-12-25T18:00:00Z,2025-12-26T13:00:00Z,19.0,0.9633333333333334,0.8474186751552681,0.7924987061984453
turbine_1,2025-12-25T18:00:00Z,2025-12-26T14:00:00Z,20.0,0.7366666666666667,0.7178792774129553,0.6917810433511089
turbine_1,2025-12-25T18:00:00Z,2025-12-26T15:00:00Z,21.0,0.8516666666666666,0.6465022591225862,0.6324247874120479
turbine_1,2025-12-25T18:00:00Z,2025-12-26T16:00:00Z,22.0,0.3883333333333333,0.6960799338763689,0.6339865936619323
turbine_1,2025-12-25T18:00:00Z,2025-12-26T17:00:00Z,23.0,0.2916666666666667,0.5378482280646026,0.4350164829645522
turbine_1,2025-12-25T18:00:00Z,2025-12-26T18:00:00Z,24.0,0.2133333333333333,0.2680024298208036,0.23714249685499164
turbine_1,2025-12-25T18:00:00Z,2025-12-26T19:00:00Z,25.0,0.2533333333333333,0.120591563596295,0.11653230971565046
turbine_1,2025-12-25T18:00:00Z,2025-12-26T20:00:00Z,26.0,0.18,0.027337924360788413,0.05518709086698311
turbine_1,2025-12-25T18:00:00Z,2025-12-26T21:00:00Z,27.0,0.2016666666666666,0.016647601288784675,0.038968167977107886
turbine_1,2025-12-25T18:00:00Z,2025-12-26T22:00:00Z,28.0,0.1383333333333333,0.011962135623280856,0.03966599080723907
turbine_1,2025-12-25T18:00:00Z,2025-12-26T23:00:00Z,29.0,0.0183333333333333,0.030096200627248743,0.05474343955173138
turbine_1,2025-12-25T18:00:00Z,2025-12-27T00:00:00Z,30.0,0.0416666666666666,0.23300672774823883,0.24094459035029514
turbine_1,2025-12-25T18:00:00Z,2025-12-27T01:00:00Z,31.0,0.1183333333333333,0.5206011431600677,0.43756048679675674
turbine_1,2025-12-25T18:00:00Z,2025-12-27T02:00:00Z,32.0,0.2233333333333333,0.5956050119672324,0.4981600105637416
turbine_1,2025-12-25T18:00:00Z,2025-12-27T03:00:00Z,33.0,0.2066666666666666,0.816792148401478,0.8058705687081552
turbine_1,2025-12-25T18:00:00Z,2025-12-27T04:00:00Z,34.0,0.255,0.9563080250734801,0.9643481324311532
turbine_1,2025-12-25T18:00:00Z,2025-12-27T05:00:00Z,35.0,0.7483333333333334,0.9783757558657742,0.9758126586683369
turbine_1,2025-12-25T18:00:00Z,2025-12-27T06:00:00Z,36.0,0.97,0.9744897613288082,0.9909700950722125
turbine_1,2025-12-25T18:00:00Z,2025-12-27T07:00:00Z,37.0,0.9066666666666666,0.9758949792208171,1.0
turbine_1,2025-12-25T18:00:00Z,2025-12-27T08:00:00Z,38.0,0.9116666666666666,0.9809925176692778,1.0
turbine_1,2025-12-25T18:00:00Z,2025-12-27T09:00:00Z,39.0,0.925,1.0,0.9970957339779422
turbine_1,2025-12-25T18:00:00Z,2025-12-27T10:00:00Z,40.0,0.9133333333333334,0.970276085959491,1.0
turbine_1,2025-12-25T18:00:00Z,2025-12-27T11:00:00Z,41.0,0.8733333333333334,0.9708769971069087,0.9475527754414209
turbine_1,2025-12-25T18:00:00Z,2025-12-27T12:00:00Z,42.0,0.95,0.7783282873633415,0.7096068626470307
turbine_1,2025-12-25T18:00:00Z,2025-12-27T13:00:00Z,43.0,0.9183333333333332,0.6412014288277416,0.5395255689068614
turbine_1,2025-12-25T18:00:00Z,2025-12-27T14:00:00Z,44.0,0.6033333333333334,0.616736331162475,0.4974167789878968
turbine_1,2025-12-25T18:00:00Z,2025-12-27T15:00:00Z,45.0,0.27,0.62537500661582,0.5054987857367343
turbine_1,2025-12-25T18:00:00Z,2025-12-27T16:00:00Z,46.0,0.1516666666666666,0.5945988650040369,0.49226418770709635
turbine_1,2025-12-25T18:00:00Z,2025-12-27T17:00:00Z,47.0,0.3916666666666666,0.5958986004090964,0.4975601038945835
turbine_1,2025-12-25T18:00:00Z,2025-12-27T18:00:00Z,48.0,0.2783333333333333,0.5596724552499988,0.47591711405265336
turbine_1,2025-12-26T18:00:00Z,2025-12-26T19:00:00Z,1.0,0.2533333333333333,0.07415111399981018,0.0798049614392288
turbine_1,2025-12-26T18:00:00Z,2025-12-26T20:00:00Z,2.0,0.18,0.025399396569070476,0.06175763899715292
turbine_1,2025-12-26T18:00:00Z,2025-12-26T21:00:00Z,3.0,0.2016666666666666,0.017562976933727437,0.046493935280932035
turbine_1,2025-12-26T18:00:00Z,2025-12-26T22:00:00Z,4.0,0.1383333333333333,0.011490925672033414,0.03916282499938048
turbine_1,2025-12-26T18:00:00Z,2025-12-26T23:00:00Z,5.0,0.0183333333333333,0.02089549716656164,0.04229596598573232
turbine_1,2025-12-26T18:00:00Z,2025-12-27T00:00:00Z,6.0,0.0416666666666666,0.06148766004176373,0.11116279196135613
turbine_1,2025-12-26T18:00:00Z,2025-12-27T01:00:00Z,7.0,0.1183333333333333,0.23010804912567745,0.2528856887723702
turbine_1,2025-12-26T18:00:00Z,2025-12-27T02:00:00Z,8.0,0.2233333333333333,0.4240743513056052,0.4110205885477123
turbine_1,2025-12-26T18:00:00Z,2025-12-27T03:00:00Z,9.0,0.2066666666666666,0.6408086264566479,0.6122343707951646
turbine_1,2025-12-26T18:00:00Z,2025-12-27T04:00:00Z,10.0,0.255,0.9567830801995817,0.9407080065872753
turbine_1,2025-12-26T18:00:00Z,2025-12-27T05:00:00Z,11.0,0.7483333333333334,0.9783757558657742,0.9758126586683369
turbine_1,2025-12-26T18:00:00Z,2025-12-27T06:00:00Z,12.0,0.97,0.973808364558608,0.9909700950722125
turbine_1,2025-12-26T18:00:00Z,2025-12-27T07:00:00Z,13.0,0.9066666666666666,0.9758949792208171,1.0
turbine_1,2025-12-26T18:00:00Z,2025-12-27T08:00:00Z,14.0,0.9116666666666666,0.9806034264120619,0.9976508867456454
turbine_1,2025-12-26T18:00:00Z,2025-12-27T09:00:00Z,15.0,0.925,0.9819142731970044,0.9705149612213959
turbine_1,2025-12-26T18:00:00Z,2025-12-27T10:00:00Z,16.0,0.9133333333333334,0.8870125434147274,0.8448648957284413
turbine_1,2025-12-26T18:00:00Z,2025-12-27T11:00:00Z,17.0,0.8733333333333334,0.7978547440031395,0.6595386315976132
turbine_1,2025-12-26T18:00:00Z,2025-12-27T12:00:00Z,18.0,0.95,0.7191186375072748,0.6572931369443291
turbine_1,2025-12-26T18:00:00Z,2025-12-27T13:00:00Z,19.0,0.9183333333333332,0.5950093650508974,0.48910721102254134
turbine_1,2025-12-26T18:00:00Z,2025-12-27T14:00:00Z,20.0,0.6033333333333334,0.5195072844566769,0.4259965088981821
turbine_1,2025-12-26T18:00:00Z,2025-12-27T15:00:00Z,21.0,0.27,0.4410301611881381,0.3368708054569771
turbine_1,2025-12-26T18:00:00Z,2025-12-27T16:00:00Z,22.0,0.1516666666666666,0.42054497332233215,0.3041119731743617
turbine_1,2025-12-26T18:00:00Z,2025-12-27T17:00:00Z,23.0,0.3916666666666666,0.5249833390525691,0.3814157880125313
turbine_1,2025-12-26T18:00:00Z,2025-12-27T18:00:00Z,24.0,0.2783333333333333,0.5350586194941966,0.41292957344098696
turbine_1,2025-12-26T18:00:00Z,2025-12-27T19:00:00Z,25.0,0.73,0.5682904043694299,0.45741455327176606
turbine_1,2025-12-26T18:00:00Z,2025-12-27T20:00:00Z,26.0,0.5983333333333333,0.5675180498534783,0.5191579571261448
turbine_1,2025-12-26T18:00:00Z,2025-12-27T21:00:00Z,27.0,0.8816666666666667,0.6284772553857825,0.6071249315416133
turbine_1,2025-12-26T18:00:00Z,2025-12-27T22:00:00Z,28.0,0.9033333333333332,0.6326353073650718,0.625529366612125
turbine_1,2025-12-26T18:00:00Z,2025-12-27T23:00:00Z,29.0,0.97,0.6532278789430428,0.6456927984454224
turbine_1,2025-12-26T18:00:00Z,2025-12-28T00:00:00Z,30.0,0.89,0.7218165291905141,0.688178247216783
turbine_1,2025-12-26T18:00:00Z,2025-12-28T01:00:00Z,31.0,0.735,0.7698341289904467,0.7431441508408522
turbine_1,2025-12-26T18:00:00Z,2025-12-28T02:00:00Z,32.0,0.6333333333333333,0.8325639081358256,0.791339787758671
turbine_1,2025-12-26T18:00:00Z,2025-12-28T03:00:00Z,33.0,0.6733333333333333,0.845855311100364,0.8063662977497609
turbine_1,2025-12-26T18:00:00Z,2025-12-28T04:00:00Z,34.0,0.52,0.9016146395454572,0.8735223646498739
turbine_1,2025-12-26T18:00:00Z,2025-12-28T05:00:00Z,35.0,0.6766666666666667,0.9761730370261488,0.9462593546605275
turbine_1,2025-12-26T18:00:00Z,2025-12-28T06:00:00Z,36.0,0.8383333333333334,0.9749648164549097,0.9614167910644031
turbine_1,2025-12-26T18:00:00Z,2025-12-28T07:00:00Z,37.0,0.87,0.9770514311171189,0.9942498257885732
turbine_1,2025-12-26T18:00:00Z,2025-12-28T08:00:00Z,38.0,0.8966666666666666,0.9821489695655795,0.9987526996299234
turbine_1,2025-12-26T18:00:00Z,2025-12-28T09:00:00Z,39.0,0.635,1.0,1.0
turbine_1,2025-12-26T18:00:00Z,2025-12-28T10:00:00Z,40.0,0.8250000000000001,0.9612168741661848,0.9277500838663444
turbine_1,2025-12-26T18:00:00Z,2025-12-28T11:00:00Z,41.0,0.8450000000000001,0.9168559401920092,0.8549218762195803
turbine_1,2025-12-26T18:00:00Z,2025-12-28T12:00:00Z,42.0,0.96,0.9043877301900753,0.8420271408954297
turbine_1,2025-12-26T18:00:00Z,2025-12-28T13:00:00Z,43.0,0.6516666666666667,0.8411718524117555,0.8085719594547691
turbine_1,2025-12-26T18:00:00Z,2025-12-28T14:00:00Z,44.0,0.83,0.9008100466665516,0.8075721508170518
turbine_1,2025-12-26T18:00:00Z,2025-12-28T15:00:00Z,45.0,0.5933333333333334,0.9128891482749338,0.7995420169210452
turbine_1,2025-12-26T18:00:00Z,2025-12-28T16:00:00Z,46.0,0.5533333333333333,0.8559027090824683,0.7986550142465487
turbine_1,2025-12-26T18:00:00Z,2025-12-28T17:00:00Z,47.0,0.2616666666666666,0.8847334275981806,0.8077991432219116
turbine_1,2025-12-26T18:00:00Z,2025-12-28T18:00:00Z,48.0,0.385,0.8620335402571077,0.7694614130880552
turbine_1,2025-12-27T18:00:00Z,2025-12-27T19:00:00Z,1.0,0.73,0.6300084773706678,0.57775812500649
turbine_1,2025-12-27T18:00:00Z,2025-12-27T20:00:00Z,2.0,0.5983333333333333,0.6616760956441289,0.6225243838191695
turbine_1,2025-12-27T18:00:00Z,2025-12-27T21:00:00Z,3.0,0.8816666666666667,0.6513539031673877,0.6250695212599106
turbine_1,2025-12-27T18:00:00Z,2025-12-27T22:00:00Z,4.0,0.9033333333333332,0.6877922811098249,0.6786590357398914
turbine_1,2025-12-27T18:00:00Z,2025-12-27T23:00:00Z,5.0,0.97,0.6858139615113206,0.664363449095184
turbine_1,2025-12-27T18:00:00Z,2025-12-28T00:00:00Z,6.0,0.89,0.6866268518225639,0.6657701835117099
turbine_1,2025-12-27T18:00:00Z,2025-12-28T01:00:00Z,7.0,0.735,0.6865971996522164,0.6779910684391662
turbine_1,2025-12-27T18:00:00Z,2025-12-28T02:00:00Z,8.0,0.6333333333333333,0.7787606754642705,0.7397949331687037
turbine_1,2025-12-27T18:00:00Z,2025-12-28T03:00:00Z,9.0,0.6733333333333333,0.8930282513944053,0.822399970140258
turbine_1,2025-12-27T18:00:00Z,2025-12-28T04:00:00Z,10.0,0.52,0.9393601641311037,0.9269224451024688
turbine_1,2025-12-27T18:00:00Z,2025-12-28T05:00:00Z,11.0,0.6766666666666667,0.9781723996140681,0.9462593546605275
turbine_1,2025-12-27T18:00:00Z,2025-12-28T06:00:00Z,12.0,0.8383333333333334,0.9749648164549097,0.9614167910644031
turbine_1,2025-12-27T18:00:00Z,2025-12-28T07:00:00Z,13.0,0.87,0.9770514311171189,0.9981989412237247
turbine_1,2025-12-27T18:00:00Z,2025-12-28T08:00:00Z,14.0,0.8966666666666666,0.9811430891469091,1.0
turbine_1,2025-12-27T18:00:00Z,2025-12-28T09:00:00Z,15.0,0.635,1.0,1.0
turbine_1,2025-12-27T18:00:00Z,2025-12-28T10:00:00Z,16.0,0.8250000000000001,0.9752226016259468,0.9548535171885346
turbine_1,2025-12-27T18:00:00Z,2025-12-28T11:00:00Z,17.0,0.8450000000000001,0.9168559401920092,0.8549218762195803
turbine_1,2025-12-27T18:00:00Z,2025-12-28T12:00:00Z,18.0,0.96,0.818930095457648,0.7447034999439177
turbine_1,2025-12-27T18:00:00Z,2025-12-28T13:00:00Z,19.0,0.6516666666666667,0.8246301208076903,0.7625124415706409
turbine_1,2025-12-27T18:00:00Z,2025-12-28T14:00:00Z,20.0,0.83,0.8250124289165313,0.7827613675288561
turbine_1,2025-12-27T18:00:00Z,2025-12-28T15:00:00Z,21.0,0.5933333333333334,0.7878212644042893,0.7296077376175636
turbine_1,2025-12-27T18:00:00Z,2025-12-28T16:00:00Z,22.0,0.5533333333333333,0.7151271687837716,0.6410114336920698
turbine_1,2025-12-27T18:00:00Z,2025-12-28T17:00:00Z,23.0,0.2616666666666666,0.6900836502619982,0.6056874384871364
turbine_1,2025-12-27T18:00:00Z,2025-12-28T18:00:00Z,24.0,0.385,0.2787876084724296,0.2634460510766735
turbine_1,2025-12-27T18:00:00Z,2025-12-28T19:00:00Z,25.0,0.3416666666666666,0.19908519948208325,0.18174818653946537
turbine_1,2025-12-27T18:00:00Z,2025-12-28T20:00:00Z,26.0,0.3416666666666666,0.13884501262516988,0.14515637814217294
turbine_1,2025-12-27T18:00:00Z,2025-12-28T21:00:00Z,27.0,0.36,0.12510029411831636,0.14345479692903185
turbine_1,2025-12-27T18:00:00Z,2025-12-28T22:00:00Z,28.0,0.2933333333333333,0.17722749846156008,0.16760686525241247
turbine_1,2025-12-27T18:00:00Z,2025-12-28T23:00:00Z,29.0,0.2783333333333333,0.16151941833993738,0.16582607140596498
turbine_1,2025-12-27T18:00:00Z,2025-12-29T00:00:00Z,30.0,0.31,0.24417927447746146,0.24187521014115876
turbine_1,2025-12-27T18:00:00Z,2025-12-29T01:00:00Z,31.0,0.4983333333333333,0.41156286086287674,0.37386129505294785
turbine_1,2025-12-27T18:00:00Z,2025-12-29T02:00:00Z,32.0,0.6583333333333333,0.5415573687406496,0.4561404428040084
turbine_1,2025-12-27T18:00:00Z,2025-12-29T03:00:00Z,33.0,0.8850000000000001,0.5022844352696406,0.40544388301173895
turbine_1,2025-12-27T18:00:00Z,2025-12-29T04:00:00Z,34.0,0.5499999999999999,0.6251946314707602,0.5517907151664566
turbine_1,2025-12-27T18:00:00Z,2025-12-29T05:00:00Z,35.0,0.295,0.8488128198923662,0.8598942457975849
turbine_1,2025-12-27T18:00:00Z,2025-12-29T06:00:00Z,36.0,0.225,0.9392707662662864,0.9277820650507319
turbine_1,2025-12-27T18:00:00Z,2025-12-29T07:00:00Z,37.0,0.6133333333333333,0.9709278471601692,1.0
turbine_1,2025-12-27T18:00:00Z,2025-12-29T08:00:00Z,38.0,0.4666666666666666,0.824274459485383,0.8331076445270669
turbine_1,2025-12-27T18:00:00Z,2025-12-29T09:00:00Z,39.0,0.7599999999999999,0.6859908585448621,0.5367997497880895
turbine_1,2025-12-27T18:00:00Z,2025-12-29T10:00:00Z,40.0,0.9333333333333332,0.6020652959143996,0.5006364759307926
turbine_1,2025-12-27T18:00:00Z,2025-12-29T11:00:00Z,41.0,0.9566666666666668,0.638110685893524,0.5147535401460235
turbine_1,2025-12-27T18:00:00Z,2025-12-29T12:00:00Z,42.0,0.9883333333333332,0.6709493132407046,0.5428416242575838
turbine_1,2025-12-27T18:00:00Z,2025-12-29T13:00:00Z,43.0,0.99,0.7536309553593431,0.7005345253753054
turbine_1,2025-12-27T18:00:00Z,2025-12-29T14:00:00Z,44.0,0.99,0.7377529297036632,0.6978471541840447
turbine_1,2025-12-27T18:00:00Z,2025-12-29T15:00:00Z,45.0,0.99,0.8637483867977576,0.8253096801688521
turbine_1,2025-12-27T18:00:00Z,2025-12-29T16:00:00Z,46.0,0.99,0.8794078362573244,0.8312542984016189
turbine_1,2025-12-27T18:00:00Z,2025-12-29T17:00:00Z,47.0,0.99,0.9600173858065028,0.8708256751942278
turbine_1,2025-12-27T18:00:00Z,2025-12-29T18:00:00Z,48.0,0.99,0.9417015845091391,0.8363383354128942
turbine_1,2025-12-28T18:00:00Z,2025-12-28T19:00:00Z,1.0,0.3416666666666666,0.11106705321668935,0.13127258116525783
turbine_1,2025-12-28T18:00:00Z,2025-12-28T20:00:00Z,2.0,0.3416666666666666,0.0804218617585092,0.1102505362383578
turbine_1,2025-12-28T18:00:00Z,2025-12-28T21:00:00Z,3.0,0.36,0.171453706981211,0.1610928308596684
turbine_1,2025-12-28T18:00:00Z,2025-12-28T22:00:00Z,4.0,0.2933333333333333,0.1468859461607485,0.1635657507207761
turbine_1,2025-12-28T18:00:00Z,2025-12-28T23:00:00Z,5.0,0.2783333333333333,0.23674290557468236,0.2228443364948812
turbine_1,2025-12-28T18:00:00Z,2025-12-29T00:00:00Z,6.0,0.31,0.45163028259262644,0.4218718469328332
turbine_1,2025-12-28T18:00:00Z,2025-12-29T01:00:00Z,7.0,0.4983333333333333,0.4852688769277741,0.4846758835016283
turbine_1,2025-12-28T18:00:00Z,2025-12-29T02:00:00Z,8.0,0.6583333333333333,0.607926294934357,0.5811819571222192
turbine_1,2025-12-28T18:00:00Z,2025-12-29T03:00:00Z,9.0,0.8850000000000001,0.7065471150698714,0.694475690448606
turbine_1,2025-12-28T18:00:00Z,2025-12-29T04:00:00Z,10.0,0.5499999999999999,0.7781310497176872,0.770786051431887
turbine_1,2025-12-28T18:00:00Z,2025-12-29T05:00:00Z,11.0,0.295,0.9212556016397637,0.9040457458848865
turbine_1,2025-12-28T18:00:00Z,2025-12-29T06:00:00Z,12.0,0.225,0.9722870424891827,0.995605195395557
turbine_1,2025-12-28T18:00:00Z,2025-12-29T07:00:00Z,13.0,0.6133333333333333,0.973341438892084,1.0
turbine_1,2025-12-28T18:00:00Z,2025-12-29T08:00:00Z,14.0,0.4666666666666666,0.980066022908654,1.0
turbine_1,2025-12-28T18:00:00Z,2025-12-29T09:00:00Z,15.0,0.7599999999999999,0.9121479036791008,0.975469148114357
turbine_1,2025-12-28T18:00:00Z,2025-12-29T10:00:00Z,16.0,0.9333333333333332,0.8909868345741153,0.8271448798246845
turbine_1,2025-12-28T18:00:00Z,2025-12-29T11:00:00Z,17.0,0.9566666666666668,0.8443869673716827,0.7636660571027982
turbine_1,2025-12-28T18:00:00Z,2025-12-29T12:00:00Z,18.0,0.9883333333333332,0.8520328284286268,0.8399251273302061
turbine_1,2025-12-28T18:00:00Z,2025-12-29T13:00:00Z,19.0,0.99,0.8984867377101633,0.841277064632005
turbine_1,2025-12-28T18:00:00Z,2025-12-29T14:00:00Z,20.0,0.99,0.9120262700968681,0.8289494705312888
turbine_1,2025-12-28T18:00:00Z,2025-12-29T15:00:00Z,21.0,0.99,0.9418922471511956,0.8595314448426312
turbine_1,2025-12-28T18:00:00Z,2025-12-29T16:00:00Z,22.0,0.99,0.9576183184228843,0.9707399295077691
turbine_1,2025-12-28T18:00:00Z,2025-12-29T17:00:00Z,23.0,0.99,0.9905348930935054,0.9526876252918413
turbine_1,2025-12-28T18:00:00Z,2025-12-29T18:00:00Z,24.0,0.99,0.9718326495463305,0.9053784560139391
turbine_1,2025-12-28T18:00:00Z,2025-12-29T19:00:00Z,25.0,0.99,0.9740128641863245,0.902726877665716
turbine_1,2025-12-28T18:00:00Z,2025-12-29T20:00:00Z,26.0,0.99,0.9652736980012263,0.903074098537223
turbine_1,2025-12-28T18:00:00Z,2025-12-29T21:00:00Z,27.0,0.99,0.9687448781045161,0.9106944221903563
turbine_1,2025-12-28T18:00:00Z,2025-12-29T22:00:00Z,28.0,0.99,0.949878309671521,0.902635468688751
turbine_1,2025-12-28T18:00:00Z,2025-12-29T23:00:00Z,29.0,0.99,0.951954996807466,0.912528375315636
turbine_1,2025-12-28T18:00:00Z,2025-12-30T00:00:00Z,30.0,0.99,0.9495258057481565,0.9267720111656025
turbine_1,2025-12-28T18:00:00Z,2025-12-30T01:00:00Z,31.0,0.99,0.9493789839906349,0.936069883706212
turbine_1,2025-12-28T18:00:00Z,2025-12-30T02:00:00Z,32.0,0.9866666666666668,0.9463823175512249,0.9481301588778096
turbine_1,2025-12-28T18:00:00Z,2025-12-30T03:00:00Z,33.0,0.8649999999999999,0.9547253153965929,0.9536788094615672
turbine_1,2025-12-28T18:00:00Z,2025-12-30T04:00:00Z,34.0,0.945,0.9393601641311037,0.9296586088024903
turbine_1,2025-12-28T18:00:00Z,2025-12-30T05:00:00Z,35.0,0.9716666666666668,0.4282415449000405,0.38204518474277127
turbine_1,2025-12-28T18:00:00Z,2025-12-30T06:00:00Z,36.0,0.9283333333333332,0.2624474125503016,0.24038782165713246
turbine_1,2025-12-28T18:00:00Z,2025-12-30T07:00:00Z,37.0,0.99,0.22099061159129021,0.1771258341410554
turbine_1,2025-12-28T18:00:00Z,2025-12-30T08:00:00Z,38.0,0.9516666666666668,0.2708231840857571,0.23314212446776084
turbine_1,2025-12-28T18:00:00Z,2025-12-30T09:00:00Z,39.0,0.99,0.2920467163011713,0.22767574363327717
turbine_1,2025-12-28T18:00:00Z,2025-12-30T10:00:00Z,40.0,0.9883333333333332,0.1303938800491018,0.13889020537627167
turbine_1,2025-12-28T18:00:00Z,2025-12-30T11:00:00Z,41.0,0.99,0.1361931792371544,0.13163087066401416
turbine_1,2025-12-28T18:00:00Z,2025-12-30T12:00:00Z,42.0,0.99,0.2752743570644617,0.2232820878592633
turbine_1,2025-12-28T18:00:00Z,2025-12-30T13:00:00Z,43.0,0.96,0.4201422376595051,0.32755268208320554
turbine_1,2025-12-28T18:00:00Z,2025-12-30T14:00:00Z,44.0,0.9566666666666668,0.7188774710165777,0.6107961297801342
turbine_1,2025-12-28T18:00:00Z,2025-12-30T15:00:00Z,45.0,0.5883333333333334,0.6614589398110058,0.5139286021714392
turbine_1,2025-12-28T18:00:00Z,2025-12-30T16:00:00Z,46.0,0.745,0.6844770882152403,0.550552522324983
turbine_1,2025-12-28T18:00:00Z,2025-12-30T17:00:00Z,47.0,0.6533333333333333,0.6851155327951127,0.5625977826185172
turbine_1,2025-12-28T18:00:00Z,2025-12-30T18:00:00Z,48.0,0.8583333333333334,0.467861520815028,0.383174374609919
turbine_1,2025-12-29T18:00:00Z,2025-12-29T19:00:00Z,1.0,0.99,0.9740128641863245,0.9085061252303878
turbine_1,2025-12-29T18:00:00Z,2025-12-29T20:00:00Z,2.0,0.99,0.9652736980012263,0.9089872767011543
turbine_1,2025-12-29T18:00:00Z,2025-12-29T21:00:00Z,3.0,0.99,0.9687448781045161,0.9192098334550496
turbine_1,2025-12-29T18:00:00Z,2025-12-29T22:00:00Z,4.0,0.99,0.949878309671521,0.9052377017895129
turbine_1,2025-12-29T18:00:00Z,2025-12-29T23:00:00Z,5.0,0.99,0.951954996807466,0.9151306084163979
turbine_1,2025-12-29T18:00:00Z,2025-12-30T00:00:00Z,6.0,0.99,0.9495258057481565,0.9293742442663644
turbine_1,2025-12-29T18:00:00Z,2025-12-30T01:00:00Z,7.0,0.99,0.9500573953684426,0.9386721168069739
turbine_1,2025-12-29T18:00:00Z,2025-12-30T02:00:00Z,8.0,0.9866666666666668,0.9463823175512249,0.9508663225778311
turbine_1,2025-12-29T18:00:00Z,2025-12-30T03:00:00Z,9.0,0.8649999999999999,0.954465294972763,0.9564149731615887
turbine_1,2025-12-29T18:00:00Z,2025-12-30T04:00:00Z,10.0,0.945,0.8466793332194692,0.7750042415855457
turbine_1,2025-12-29T18:00:00Z,2025-12-30T05:00:00Z,11.0,0.9716666666666668,0.4053564096817377,0.3412958516089702
turbine_1,2025-12-29T18:00:00Z,2025-12-30T06:00:00Z,12.0,0.9283333333333332,0.2172580841855957,0.1640691390741114
turbine_1,2025-12-29T18:00:00Z,2025-12-30T07:00:00Z,13.0,0.99,0.1729448321235134,0.14984257225686798
turbine_1,2025-12-29T18:00:00Z,2025-12-30T08:00:00Z,14.0,0.9516666666666668,0.1975032669269573,0.18892112882125583
turbine_1,2025-12-29T18:00:00Z,2025-12-30T09:00:00Z,15.0,0.99,0.12397486861995946,0.135755950155769
turbine_1,2025-12-29T18:00:00Z,2025-12-30T10:00:00Z,16.0,0.9883333333333332,0.09135017595356151,0.11242884543029409
turbine_1,2025-12-29T18:00:00Z,2025-12-30T11:00:00Z,17.0,0.99,0.10145683216425083,0.11363938121968685
turbine_1,2025-12-29T18:00:00Z,2025-12-30T12:00:00Z,18.0,0.99,0.09128038491469939,0.1062821032229946
turbine_1,2025-12-29T18:00:00Z,2025-12-30T13:00:00Z,19.0,0.96,0.09914220710123943,0.11112052871059248
turbine_1,2025-12-29T18:00:00Z,2025-12-30T14:00:00Z,20.0,0.9566666666666668,0.1695916379611231,0.15922937060666567
turbine_1,2025-12-29T18:00:00Z,2025-12-30T15:00:00Z,21.0,0.5883333333333334,0.34116183049594706,0.28429627737559826
turbine_1,2025-12-29T18:00:00Z,2025-12-30T16:00:00Z,22.0,0.745,0.3017079559413343,0.25798940073537313
turbine_1,2025-12-29T18:00:00Z,2025-12-30T17:00:00Z,23.0,0.6533333333333333,0.2955862880438225,0.24891195011288295
turbine_1,2025-12-29T18:00:00Z,2025-12-30T18:00:00Z,24.0,0.8583333333333334,0.5033710888802261,0.39409183519371216
turbine_1,2025-12-29T18:00:00Z,2025-12-30T19:00:00Z,25.0,0.395,0.43556162059020126,0.37680104316229607
turbine_1,2025-12-29T18:00:00Z,2025-12-30T20:00:00Z,26.0,0.2566666666666666,0.37766536025384306,0.3601265281891664
turbine_1,2025-12-29T18:00:00Z,2025-12-30T21:00:00Z,27.0,0.1383333333333333,0.1624491341059272,0.19511203144899572
turbine_1,2025-12-29T18:00:00Z,2025-12-30T22:00:00Z,28.0,0.0183333333333333,0.11350025037611995,0.10661362004520566
turbine_1,2025-12-29T18:00:00Z,2025-12-30T23:00:00Z,29.0,0.01,0.04805396385832808,0.06753025589837143
turbine_1,2025-12-29T18:00:00Z,2025-12-31T00:00:00Z,30.0,0.01,0.02136837445881848,0.0479023197122694
turbine_1,2025-12-29T18:00:00Z,2025-12-31T01:00:00Z,31.0,0.1583333333333333,0.030382077779198158,0.052848222689103545
turbine_1,2025-12-29T18:00:00Z,2025-12-31T02:00:00Z,32.0,0.2583333333333333,0.01537454842722552,0.04241452136205993
turbine_1,2025-12-29T18:00:00Z,2025-12-31T03:00:00Z,33.0,0.735,0.017424732986119074,0.04554312273182842
turbine_1,2025-12-29T18:00:00Z,2025-12-31T04:00:00Z,34.0,0.2033333333333333,0.014565011331320654,0.045181396751111255
turbine_1,2025-12-29T18:00:00Z,2025-12-31T05:00:00Z,35.0,0.11,0.03200770221888649,0.05299525543874104
turbine_1,2025-12-29T18:00:00Z,2025-12-31T06:00:00Z,36.0,0.08,0.05938734058931494,0.06848141914056484
turbine_1,2025-12-29T18:00:00Z,2025-12-31T07:00:00Z,37.0,0.165,0.06232788786221438,0.07185103375586775
turbine_1,2025-12-29T18:00:00Z,2025-12-31T08:00:00Z,38.0,0.3233333333333333,0.09307400022714096,0.09648269446616313
turbine_1,2025-12-29T18:00:00Z,2025-12-31T09:00:00Z,39.0,0.1,0.08474313222839067,0.09442525957181883
turbine_1,2025-12-29T18:00:00Z,2025-12-31T10:00:00Z,40.0,0.01,0.11861381937179605,0.1286364764443963
turbine_1,2025-12-29T18:00:00Z,2025-12-31T11:00:00Z,41.0,0.01,0.1433786406275965,0.14678677786817332
turbine_1,2025-12-29T18:00:00Z,2025-12-31T12:00:00Z,42.0,0.04,0.16271164714190559,0.16128475934734382
turbine_1,2025-12-29T18:00:00Z,2025-12-31T13:00:00Z,43.0,0.0516666666666666,0.154236256246304,0.17007691348126788
turbine_1,2025-12-29T18:00:00Z,2025-12-31T14:00:00Z,44.0,0.0233333333333333,0.23070464585717493,0.20720340351261093
turbine_1,2025-12-29T18:00:00Z,2025-12-31T15:00:00Z,45.0,0.0283333333333333,0.22547694481496122,0.18561954700267377
turbine_1,2025-12-29T18:00:00Z,2025-12-31T16:00:00Z,46.0,0.0316666666666666,0.18465614008186942,0.17404296378468648
turbine_1,2025-12-30T18:00:00Z,2025-12-30T19:00:00Z,1.0,0.395,0.19860383404881607,0.1640224375367673
turbine_1,2025-12-30T18:00:00Z,2025-12-30T20:00:00Z,2.0,0.2566666666666666,0.15021993510967746,0.10946853784227793
turbine_1,2025-12-30T18:00:00Z,2025-12-30T21:00:00Z,3.0,0.1383333333333333,0.06349657983589269,0.09074944704583368
turbine_1,2025-12-30T18:00:00Z,2025-12-30T22:00:00Z,4.0,0.0183333333333333,0.025164351778163063,0.052882108089327064
turbine_1,2025-12-30T18:00:00Z,2025-12-30T23:00:00Z,5.0,0.01,0.023357621777481075,0.04473113248716634
turbine_1,2025-12-30T18:00:00Z,2025-12-31T00:00:00Z,6.0,0.01,0.018184287471353422,0.0485337118251644
turbine_1,2025-12-30T18:00:00Z,2025-12-31T01:00:00Z,7.0,0.1583333333333333,0.013914825189225377,0.03636352767839481
turbine_1,2025-12-30T18:00:00Z,2025-12-31T02:00:00Z,8.0,0.2583333333333333,0.012484438182025936,0.03913770396779543
turbine_1,2025-12-30T18:00:00Z,2025-12-31T03:00:00Z,9.0,0.735,0.01075512512821214,0.03979590207551719
turbine_1,2025-12-30T18:00:00Z,2025-12-31T04:00:00Z,10.0,0.2033333333333333,0.012585320732833638,0.040611008225957854
turbine_1,2025-12-30T18:00:00Z,2025-12-31T05:00:00Z,11.0,0.11,0.03167274055392172,0.052999344982898634
turbine_1,2025-12-30T18:00:00Z,2025-12-31T06:00:00Z,12.0,0.08,0.05252783570636832,0.06985473064401439
turbine_1,2025-12-30T18:00:00Z,2025-12-31T07:00:00Z,13.0,0.165,0.08508499308598005,0.10875571474301148
turbine_1,2025-12-30T18:00:00Z,2025-12-31T08:00:00Z,14.0,0.3233333333333333,0.20780081037978707,0.1759210767070453
turbine_1,2025-12-30T18:00:00Z,2025-12-31T09:00:00Z,15.0,0.1,0.3076251936994361,0.2425065737266034
turbine_1,2025-12-30T18:00:00Z,2025-12-31T10:00:00Z,16.0,0.01,0.24386556036109724,0.19698384762340382
turbine_1,2025-12-30T18:00:00Z,2025-12-31T11:00:00Z,17.0,0.01,0.3575837380164513,0.2724867565384923
turbine_1,2025-12-30T18:00:00Z,2025-12-31T12:00:00Z,18.0,0.04,0.33859947947135605,0.28827827191813754
turbine_1,2025-12-30T18:00:00Z,2025-12-31T13:00:00Z,19.0,0.0516666666666666,0.45121755548861214,0.355317429130458
turbine_1,2025-12-30T18:00:00Z,2025-12-31T14:00:00Z,20.0,0.0233333333333333,0.5842039084215136,0.46238283032334604
turbine_1,2025-12-30T18:00:00Z,2025-12-31T15:00:00Z,21.0,0.0283333333333333,0.5450928038015659,0.42211936491944513
turbine_1,2025-12-30T18:00:00Z,2025-12-31T16:00:00Z,22.0,0.0316666666666666,0.3315112662544595,0.28284852268766586
