site_id,forecast_origin,target_time,lead_hours,actual,incumbent_prediction,candidate_prediction
turbine_1,2025-11-30T18:00:00Z,2025-11-30T19:00:00Z,1.0,0.01,0.04032347886996196,0.10081279782745153
turbine_1,2025-11-30T18:00:00Z,2025-11-30T20:00:00Z,2.0,0.01,0.022075839373186357,0.07814054566226036
turbine_1,2025-11-30T18:00:00Z,2025-11-30T21:00:00Z,3.0,0.01,0.0321925157883792,0.08489729446533412
turbine_1,2025-11-30T18:00:00Z,2025-11-30T22:00:00Z,4.0,0.0083333333333333,0.030511024141320203,0.08984761774003092
turbine_1,2025-11-30T18:00:00Z,2025-11-30T23:00:00Z,5.0,0.01,0.0292895955444,0.08758628428037141
turbine_1,2025-11-30T18:00:00Z,2025-12-01T00:00:00Z,6.0,0.0133333333333333,0.037851113389293395,0.098660460740436
turbine_1,2025-11-30T18:00:00Z,2025-12-01T01:00:00Z,7.0,0.015,0.06576750400088521,0.13868431729411818
turbine_1,2025-11-30T18:00:00Z,2025-12-01T02:00:00Z,8.0,0.0633333333333333,0.09873870471690499,0.2577486978093897
turbine_1,2025-11-30T18:00:00Z,2025-12-01T03:00:00Z,9.0,0.0733333333333333,0.3414845787120854,0.44829950198351654
turbine_1,2025-11-30T18:00:00Z,2025-12-01T04:00:00Z,10.0,0.1849999999999999,0.4656507216751057,0.5542083527274071
turbine_1,2025-11-30T18:00:00Z,2025-12-01T05:00:00Z,11.0,0.1833333333333333,0.7282020574596623,0.6799441142202289
turbine_1,2025-11-30T18:00:00Z,2025-12-01T06:00:00Z,12.0,0.1316666666666666,0.8946608953405005,0.8251447171574058
turbine_1,2025-11-30T18:00:00Z,2025-12-01T07:00:00Z,13.0,0.4783333333333333,0.9617153267059503,0.8721073752364868
turbine_1,2025-11-30T18:00:00Z,2025-12-01T08:00:00Z,14.0,0.9366666666666666,0.9668394183721286,0.8885134225463289
turbine_1,2025-11-30T18:00:00Z,2025-12-01T09:00:00Z,15.0,0.9766666666666666,0.9535476872677173,0.8865771972098946
turbine_1,2025-11-30T18:00:00Z,2025-12-01T10:00:00Z,16.0,0.8533333333333334,0.9230918455152093,0.8275361261453287
turbine_1,2025-11-30T18:00:00Z,2025-12-01T11:00:00Z,17.0,0.6816666666666666,0.8469427196410403,0.7476698458714865
turbine_1,2025-11-30T18:00:00Z,2025-12-01T12:00:00Z,18.0,0.5983333333333333,0.7166784308924458,0.7367824318407166
turbine_1,2025-11-30T18:00:00Z,2025-12-01T13:00:00Z,19.0,0.7050000000000001,0.6783795481327738,0.6645735743232719
turbine_1,2025-11-30T18:00:00Z,2025-12-01T14:00:00Z,20.0,0.9083333333333332,0.6471517549581924,0.6151818682501211
turbine_1,2025-11-30T18:00:00Z,2025-12-01T15:00:00Z,21.0,0.99,0.665499830675246,0.6505249375051211
turbine_1,2025-11-30T18:00:00Z,2025-12-01T16:00:00Z,22.0,0.9833333333333334,0.6399333324882815,0.6518030892452165
turbine_1,2025-11-30T18:00:00Z,2025-12-01T17:00:00Z,23.0,0.9833333333333334,0.6329750934935028,0.6332471319605255
turbine_1,2025-11-30T18:00:00Z,2025-12-01T18:00:00Z,24.0,0.8266666666666667,0.5947876578879405,0.6075361353867603
turbine_1,2025-11-30T18:00:00Z,2025-12-01T19:00:00Z,25.0,0.65,0.6233506582639351,0.5834483744398516
turbine_1,2025-11-30T18:00:00Z,2025-12-01T20:00:00Z,26.0,0.645,0.5705710080465712,0.5689465752124953
turbine_1,2025-11-30T18:00:00Z,2025-12-01T21:00:00Z,27.0,0.1733333333333333,0.5696024705408583,0.573216263808042
turbine_1,2025-11-30T18:00:00Z,2025-12-01T22:00:00Z,28.0,0.0683333333333333,0.5334096111071869,0.5642898422286493
turbine_1,2025-11-30T18:00:00Z,2025-12-01T23:00:00Z,29.0,0.0383333333333333,0.4397819035041083,0.5202347574801812
turbine_1,2025-11-30T18:00:00Z,2025-12-02T00:00:00Z,30.0,0.0249999999999999,0.2960951370220444,0.3976446706682816
turbine_1,2025-11-30T18:00:00Z,2025-12-02T01:00:00Z,31.0,0.0383333333333333,0.10211887242035912,0.2694259775044841
turbine_1,2025-11-30T18:00:00Z,2025-12-02T02:00:00Z,32.0,0.1066666666666666,0.061376216089075675,0.17116257755941544
turbine_1,2025-11-30T18:00:00Z,2025-12-02T03:00:00Z,33.0,0.1366666666666666,0.044489473968641335,0.0956792225159499
turbine_1,2025-11-30T18:00:00Z,2025-12-02T04:00:00Z,34.0,0.1066666666666666,0.020665265526461418,0.06964099495524195
turbine_1,2025-11-30T18:00:00Z,2025-12-02T05:00:00Z,35.0,0.0999999999999999,0.014958568862425081,0.07436195331555717
turbine_1,2025-11-30T18:00:00Z,2025-12-02T06:00:00Z,36.0,0.0933333333333333,0.01392646361911315,0.08280873740244843
turbine_1,2025-11-30T18:00:00Z,2025-12-02T07:00:00Z,37.0,0.0666666666666666,0.018248613189124074,0.1042788499308728
turbine_1,2025-11-30T18:00:00Z,2025-12-02T08:00:00Z,38.0,0.0383333333333333,0.028988572543486912,0.12102928012539513
turbine_1,2025-11-30T18:00:00Z,2025-12-02T09:00:00Z,39.0,0.0633333333333333,0.036508974366193936,0.13002470111323586
turbine_1,2025-11-30T18:00:00Z,2025-12-02T10:00:00Z,40.0,0.045,0.04144594659546191,0.1398175007534509
turbine_1,2025-11-30T18:00:00Z,2025-12-02T11:00:00Z,41.0,0.0116666666666666,0.07937689131518179,0.16888682101029262
turbine_1,2025-11-30T18:00:00Z,2025-12-02T12:00:00Z,42.0,0.01,0.11238660975812798,0.17258953982453856
turbine_1,2025-11-30T18:00:00Z,2025-12-02T13:00:00Z,43.0,0.01,0.1187440837096312,0.16633082664857107
turbine_1,2025-11-30T18:00:00Z,2025-12-02T14:00:00Z,44.0,0.01,0.08397577103487693,0.14947722995692647
turbine_1,2025-11-30T18:00:00Z,2025-12-02T15:00:00Z,45.0,0.01,0.052312159660437396,0.13872859196047438
turbine_1,2025-11-30T18:00:00Z,2025-12-02T16:00:00Z,46.0,0.0133333333333333,0.03952567818490188,0.1286258034882333
turbine_1,2025-11-30T18:00:00Z,2025-12-02T17:00:00Z,47.0,0.01,0.03803478612353961,0.11760810480055867
turbine_1,2025-11-30T18:00:00Z,2025-12-02T18:00:00Z,48.0,0.01,0.03221266091296948,0.10383040906472524
turbine_1,2025-12-01T18:00:00Z,2025-12-01T19:00:00Z,1.0,0.65,0.5488924169053431,0.5572113173763746
turbine_1,2025-12-01T18:00:00Z,2025-12-01T20:00:00Z,2.0,0.645,0.4787371421095234,0.5145720677292915
turbine_1,2025-12-01T18:00:00Z,2025-12-01T21:00:00Z,3.0,0.1733333333333333,0.45824421518001707,0.4929696952231305
turbine_1,2025-12-01T18:00:00Z,2025-12-01T22:00:00Z,4.0,0.0683333333333333,0.36441598630611644,0.4173429395708239
turbine_1,2025-12-01T18:00:00Z,2025-12-01T23:00:00Z,5.0,0.0383333333333333,0.14484084602946998,0.30438752884986986
turbine_1,2025-12-01T18:00:00Z,2025-12-02T00:00:00Z,6.0,0.0249999999999999,0.05499249125627112,0.14969782457820782
turbine_1,2025-12-01T18:00:00Z,2025-12-02T01:00:00Z,7.0,0.0383333333333333,0.021964007699263183,0.07872051735762547
turbine_1,2025-12-01T18:00:00Z,2025-12-02T02:00:00Z,8.0,0.1066666666666666,0.013318836119523392,0.06385321598948263
turbine_1,2025-12-01T18:00:00Z,2025-12-02T03:00:00Z,9.0,0.1366666666666666,0.009941453285977231,0.057067026937719256
turbine_1,2025-12-01T18:00:00Z,2025-12-02T04:00:00Z,10.0,0.1066666666666666,0.015443477591060462,0.060339769242325425
turbine_1,2025-12-01T18:00:00Z,2025-12-02T05:00:00Z,11.0,0.0999999999999999,0.016569502503187172,0.0729077697403338
turbine_1,2025-12-01T18:00:00Z,2025-12-02T06:00:00Z,12.0,0.0933333333333333,0.014655468051713194,0.08414090992838663
turbine_1,2025-12-01T18:00:00Z,2025-12-02T07:00:00Z,13.0,0.0666666666666666,0.022420254236000303,0.10719174079196128
turbine_1,2025-12-01T18:00:00Z,2025-12-02T08:00:00Z,14.0,0.0383333333333333,0.02795714778266578,0.11836101209040806
turbine_1,2025-12-01T18:00:00Z,2025-12-02T09:00:00Z,15.0,0.0633333333333333,0.04111442393665293,0.13078267947056943
turbine_1,2025-12-01T18:00:00Z,2025-12-02T10:00:00Z,16.0,0.045,0.05858101234647112,0.14051499046080668
turbine_1,2025-12-01T18:00:00Z,2025-12-02T11:00:00Z,17.0,0.0116666666666666,0.06862932861264746,0.15255594527548474
turbine_1,2025-12-01T18:00:00Z,2025-12-02T12:00:00Z,18.0,0.01,0.06998234235782888,0.15089829935475493
turbine_1,2025-12-01T18:00:00Z,2025-12-02T13:00:00Z,19.0,0.01,0.06076115322426068,0.13670364203121899
turbine_1,2025-12-01T18:00:00Z,2025-12-02T14:00:00Z,20.0,0.01,0.055122724049919136,0.1360799061832789
turbine_1,2025-12-01T18:00:00Z,2025-12-02T15:00:00Z,21.0,0.01,0.04185025866728914,0.1356025045259055
turbine_1,2025-12-01T18:00:00Z,2025-12-02T16:00:00Z,22.0,0.0133333333333333,0.04032068847614689,0.13137003736742484
turbine_1,2025-12-01T18:00:00Z,2025-12-02T17:00:00Z,23.0,0.01,0.039535616246753,0.12680916968260672
turbine_1,2025-12-01T18:00:00Z,2025-12-02T18:00:00Z,24.0,0.01,0.03217893334482397,0.11130064153410055
turbine_1,2025-12-01T18:00:00Z,2025-12-02T19:00:00Z,25.0,0.0116666666666666,0.04836402964359815,0.1062432732334844
turbine_1,2025-12-01T18:00:00Z,2025-12-02T20:00:00Z,26.0,0.1116666666666666,0.0462694778253738,0.10057839576390912
turbine_1,2025-12-01T18:00:00Z,2025-12-02T21:00:00Z,27.0,0.1949999999999999,0.06999838169876656,0.13117893429318003
turbine_1,2025-12-01T18:00:00Z,2025-12-02T22:00:00Z,28.0,0.22,0.08706372471614958,0.18278361315412037
turbine_1,2025-12-01T18:00:00Z,2025-12-02T23:00:00Z,29.0,0.3066666666666667,0.12251109224568142,0.2720668052995731
turbine_1,2025-12-01T18:00:00Z,2025-12-03T00:00:00Z,30.0,0.3783333333333333,0.13059295063656284,0.30364083052220353
turbine_1,2025-12-01T18:00:00Z,2025-12-03T01:00:00Z,31.0,0.3883333333333333,0.10625855326996612,0.2776535687154201
turbine_1,2025-12-01T18:00:00Z,2025-12-03T02:00:00Z,32.0,0.6466666666666666,0.0988640895617503,0.2797298994898192
turbine_1,2025-12-01T18:00:00Z,2025-12-03T03:00:00Z,33.0,0.7083333333333334,0.10746220245592103,0.31926022891640593
turbine_1,2025-12-01T18:00:00Z,2025-12-03T04:00:00Z,34.0,0.6283333333333333,0.2175047158955207,0.29514780428874754
turbine_1,2025-12-01T18:00:00Z,2025-12-03T05:00:00Z,35.0,0.2799999999999999,0.2788636356415235,0.3578816563364046
turbine_1,2025-12-01T18:00:00Z,2025-12-03T06:00:00Z,36.0,0.2,0.32296315429182093,0.40163923618460473
turbine_1,2025-12-01T18:00:00Z,2025-12-03T07:00:00Z,37.0,0.2666666666666666,0.3751870416194903,0.42072395119012385
turbine_1,2025-12-01T18:00:00Z,2025-12-03T08:00:00Z,38.0,0.3183333333333333,0.3281319189996398,0.4406639436964236
turbine_1,2025-12-01T18:00:00Z,2025-12-03T09:00:00Z,39.0,0.1716666666666666,0.31818065525505057,0.4081756579584098
turbine_1,2025-12-01T18:00:00Z,2025-12-03T10:00:00Z,40.0,0.1166666666666666,0.29128136825019924,0.3072566128147978
turbine_1,2025-12-01T18:00:00Z,2025-12-03T11:00:00Z,41.0,0.1166666666666666,0.22020241889862477,0.312991284993251
turbine_1,2025-12-01T18:00:00Z,2025-12-03T12:00:00Z,42.0,0.15,0.22717167893208523,0.3103924985345962
turbine_1,2025-12-01T18:00:00Z,2025-12-03T13:00:00Z,43.0,0.3,0.1971519690081377,0.2587909883077827
turbine_1,2025-12-01T18:00:00Z,2025-12-03T14:00:00Z,44.0,0.4333333333333333,0.21845005374810061,0.3114866178985159
turbine_1,2025-12-01T18:00:00Z,2025-12-03T15:00:00Z,45.0,0.365,0.21572667549090416,0.2952534519750026
turbine_1,2025-12-01T18:00:00Z,2025-12-03T16:00:00Z,46.0,0.265,0.2514339977278157,0.36853945350636214
turbine_1,2025-12-01T18:00:00Z,2025-12-03T17:00:00Z,47.0,0.1816666666666666,0.28623108012730253,0.4053719490668154
turbine_1,2025-12-01T18:00:00Z,2025-12-03T18:00:00Z,48.0,0.3116666666666667,0.3029584134267804,0.3545113264315409
turbine_1,2025-12-02T18:00:00Z,2025-12-02T19:00:00Z,1.0,0.0116666666666666,0.06354810925551227,0.12552916813999934
turbine_1,2025-12-02T18:00:00Z,2025-12-02T20:00:00Z,2.0,0.1116666666666666,0.05817639979650749,0.11575764275077083
turbine_1,2025-12-02T18:00:00Z,2025-12-02T21:00:00Z,3.0,0.1949999999999999,0.0916672523176379,0.15414005836827824
turbine_1,2025-12-02T18:00:00Z,2025-12-02T22:00:00Z,4.0,0.22,0.10224297910353207,0.21534129152106918
turbine_1,2025-12-02T18:00:00Z,2025-12-02T23:00:00Z,5.0,0.3066666666666667,0.12161270122391728,0.26550578355021814
turbine_1,2025-12-02T18:00:00Z,2025-12-03T00:00:00Z,6.0,0.3783333333333333,0.12577111417511067,0.29689432524843773
turbine_1,2025-12-02T18:00:00Z,2025-12-03T01:00:00Z,7.0,0.3883333333333333,0.10211887242035912,0.2846425942005106
turbine_1,2025-12-02T18:00:00Z,2025-12-03T02:00:00Z,8.0,0.6466666666666666,0.10296505155949717,0.3157184549454212
turbine_1,2025-12-02T18:00:00Z,2025-12-03T03:00:00Z,9.0,0.7083333333333334,0.10878754951738145,0.33957654824566
turbine_1,2025-12-02T18:00:00Z,2025-12-03T04:00:00Z,10.0,0.6283333333333333,0.2175047158955207,0.30943050754882623
turbine_1,2025-12-02T18:00:00Z,2025-12-03T05:00:00Z,11.0,0.2799999999999999,0.24978629491828702,0.35147238919653073
turbine_1,2025-12-02T18:00:00Z,2025-12-03T06:00:00Z,12.0,0.2,0.28011483069371423,0.3683127639568457
turbine_1,2025-12-02T18:00:00Z,2025-12-03T07:00:00Z,13.0,0.2666666666666666,0.3465686091704113,0.4132511345096167
turbine_1,2025-12-02T18:00:00Z,2025-12-03T08:00:00Z,14.0,0.3183333333333333,0.3281319189996398,0.43735588611626974
turbine_1,2025-12-02T18:00:00Z,2025-12-03T09:00:00Z,15.0,0.1716666666666666,0.35001398925148575,0.4146172902957883
turbine_1,2025-12-02T18:00:00Z,2025-12-03T10:00:00Z,16.0,0.1166666666666666,0.3194971591524196,0.3580343584426192
turbine_1,2025-12-02T18:00:00Z,2025-12-03T11:00:00Z,17.0,0.1166666666666666,0.2804919942347841,0.3646381324795072
turbine_1,2025-12-02T18:00:00Z,2025-12-03T12:00:00Z,18.0,0.15,0.22513063062450178,0.3051088100344418
turbine_1,2025-12-02T18:00:00Z,2025-12-03T13:00:00Z,19.0,0.3,0.2683399032220441,0.362964255896651
turbine_1,2025-12-02T18:00:00Z,2025-12-03T14:00:00Z,20.0,0.4333333333333333,0.20519822675488364,0.2546595390680569
turbine_1,2025-12-02T18:00:00Z,2025-12-03T15:00:00Z,21.0,0.365,0.28562059755936475,0.40368414032679817
turbine_1,2025-12-02T18:00:00Z,2025-12-03T16:00:00Z,22.0,0.265,0.2266262958189039,0.31266084177149966
turbine_1,2025-12-02T18:00:00Z,2025-12-03T17:00:00Z,23.0,0.1816666666666666,0.27247502232555587,0.36940425080902567
turbine_1,2025-12-02T18:00:00Z,2025-12-03T18:00:00Z,24.0,0.3116666666666667,0.22893370773608052,0.3426205444130535
turbine_1,2025-12-02T18:00:00Z,2025-12-03T19:00:00Z,25.0,0.185,0.21934581255537058,0.30749025100532257
turbine_1,2025-12-02T18:00:00Z,2025-12-03T20:00:00Z,26.0,0.0999999999999999,0.16782770965776975,0.24916391483883277
turbine_1,2025-12-02T18:00:00Z,2025-12-03T21:00:00Z,27.0,0.1783333333333333,0.24979024711956888,0.3106733811255558
turbine_1,2025-12-02T18:00:00Z,2025-12-03T22:00:00Z,28.0,0.1516666666666666,0.31523653275842517,0.40399170538578316
turbine_1,2025-12-02T18:00:00Z,2025-12-03T23:00:00Z,29.0,0.0933333333333333,0.303040077006746,0.41850498725468266
turbine_1,2025-12-02T18:00:00Z,2025-12-04T00:00:00Z,30.0,0.105,0.5488306240736021,0.5638825532857807
turbine_1,2025-12-02T18:00:00Z,2025-12-04T01:00:00Z,31.0,0.1016666666666666,0.38479790548242077,0.4804869079334946
turbine_1,2025-12-02T18:00:00Z,2025-12-04T02:00:00Z,32.0,0.165,0.4144250040204337,0.4729801101026797
turbine_1,2025-12-02T18:00:00Z,2025-12-04T03:00:00Z,33.0,0.1999999999999999,0.44314740865681435,0.5115048047385378
turbine_1,2025-12-02T18:00:00Z,2025-12-04T04:00:00Z,34.0,0.115,0.1558226356747047,0.21962334622792806
turbine_1,2025-12-02T18:00:00Z,2025-12-04T05:00:00Z,35.0,0.0583333333333333,0.15507625376377515,0.21666344082900393
turbine_1,2025-12-02T18:00:00Z,2025-12-04T06:00:00Z,36.0,0.0216666666666666,0.09941002485318401,0.16211612266945813
turbine_1,2025-12-02T18:00:00Z,2025-12-04T07:00:00Z,37.0,0.04,0.08079537351095,0.15099781913431246
turbine_1,2025-12-02T18:00:00Z,2025-12-04T08:00:00Z,38.0,0.0433333333333333,0.07216994842208406,0.1451654402629174
turbine_1,2025-12-02T18:00:00Z,2025-12-04T09:00:00Z,39.0,0.0516666666666666,0.04837313267579574,0.14185224571905908
turbine_1,2025-12-02T18:00:00Z,2025-12-04T10:00:00Z,40.0,0.0249999999999999,0.03694551873864699,0.14205921997522045
turbine_1,2025-12-02T18:00:00Z,2025-12-04T11:00:00Z,41.0,0.1816666666666666,0.04044578956446182,0.15136943294225283
turbine_1,2025-12-02T18:00:00Z,2025-12-04T12:00:00Z,42.0,0.225,0.03785507943817784,0.14625769653271553
turbine_1,2025-12-02T18:00:00Z,2025-12-04T13:00:00Z,43.0,0.185,0.037151751516955656,0.14178904231441697
turbine_1,2025-12-02T18:00:00Z,2025-12-04T14:00:00Z,44.0,0.0633333333333333,0.19033685818332943,0.21458498935423378
turbine_1,2025-12-02T18:00:00Z,2025-12-04T15:00:00Z,45.0,0.0133333333333333,0.23873524505605143,0.24759793755318607
turbine_1,2025-12-02T18:00:00Z,2025-12-04T16:00:00Z,46.0,0.12,0.21900889605738927,0.23414077247558146
turbine_1,2025-12-02T18:00:00Z,2025-12-04T17:00:00Z,47.0,0.0883333333333333,0.17105270659646582,0.19579567645118107
turbine_1,2025-12-02T18:00:00Z,2025-12-04T18:00:00Z,48.0,0.0366666666666666,0.13917184489167506,0.17112707950001776
turbine_1,2025-12-03T18:00:00Z,2025-12-03T19:00:00Z,1.0,0.185,0.19123319220744428,0.25262476794080035
turbine_1,2025-12-03T18:00:00Z,2025-12-03T20:00:00Z,2.0,0.0999999999999999,0.1408264743663895,0.22307134519688374
turbine_1,2025-12-03T18:00:00Z,2025-12-03T21:00:00Z,3.0,0.1783333333333333,0.13778839973271556,0.18125498087250186
turbine_1,2025-12-03T18:00:00Z,2025-12-03T22:00:00Z,4.0,0.1516666666666666,0.13004234277746662,0.23545424085822653
turbine_1,2025-12-03T18:00:00Z,2025-12-03T23:00:00Z,5.0,0.0933333333333333,0.11538265117821765,0.2604113235692772
turbine_1,2025-12-03T18:00:00Z,2025-12-04T00:00:00Z,6.0,0.105,0.09712977358851034,0.25606043313896376
turbine_1,2025-12-03T18:00:00Z,2025-12-04T01:00:00Z,7.0,0.1016666666666666,0.1327253010376939,0.31027301835758525
turbine_1,2025-12-03T18:00:00Z,2025-12-04T02:00:00Z,8.0,0.165,0.0995493353019441,0.2554078347152037
turbine_1,2025-12-03T18:00:00Z,2025-12-04T03:00:00Z,9.0,0.1999999999999999,0.11040950186851872,0.24164120068851663
turbine_1,2025-12-03T18:00:00Z,2025-12-04T04:00:00Z,10.0,0.115,0.15442565316566562,0.22683430001176563
turbine_1,2025-12-03T18:00:00Z,2025-12-04T05:00:00Z,11.0,0.0583333333333333,0.1846971190528354,0.2815242458669603
turbine_1,2025-12-03T18:00:00Z,2025-12-04T06:00:00Z,12.0,0.0216666666666666,0.15279048653443394,0.21538729541116544
turbine_1,2025-12-03T18:00:00Z,2025-12-04T07:00:00Z,13.0,0.04,0.20833708978265167,0.2701404733856284
turbine_1,2025-12-03T18:00:00Z,2025-12-04T08:00:00Z,14.0,0.0433333333333333,0.1947805377055624,0.2816830614828623
turbine_1,2025-12-03T18:00:00Z,2025-12-04T09:00:00Z,15.0,0.0516666666666666,0.16575956950787069,0.23193169509675401
turbine_1,2025-12-03T18:00:00Z,2025-12-04T10:00:00Z,16.0,0.0249999999999999,0.07734633854750934,0.15621693565352865
turbine_1,2025-12-03T18:00:00Z,2025-12-04T11:00:00Z,17.0,0.1816666666666666,0.04616644071796522,0.15051091127530877
turbine_1,2025-12-03T18:00:00Z,2025-12-04T12:00:00Z,18.0,0.225,0.038350468502883095,0.1506472245210077
turbine_1,2025-12-03T18:00:00Z,2025-12-04T13:00:00Z,19.0,0.185,0.037961739256578086,0.14376765640008055
turbine_1,2025-12-03T18:00:00Z,2025-12-04T14:00:00Z,20.0,0.0633333333333333,0.08123991962809485,0.16304977109964863
turbine_1,2025-12-03T18:00:00Z,2025-12-04T15:00:00Z,21.0,0.0133333333333333,0.09696984001966215,0.16465288618535068
turbine_1,2025-12-03T18:00:00Z,2025-12-04T16:00:00Z,22.0,0.12,0.1155996475427199,0.1713633232438617
turbine_1,2025-12-03T18:00:00Z,2025-12-04T17:00:00Z,23.0,0.0883333333333333,0.15106276298052346,0.1748354790728269
turbine_1,2025-12-03T18:00:00Z,2025-12-04T18:00:00Z,24.0,0.0366666666666666,0.08133316243784586,0.12207564334616966
turbine_1,2025-12-03T18:00:00Z,2025-12-04T19:00:00Z,25.0,0.0166666666666666,0.05970004467469031,0.11296281421725865
turbine_1,2025-12-03T18:00:00Z,2025-12-04T20:00:00Z,26.0,0.0133333333333333,0.04307604296682349,0.08179286940212677
turbine_1,2025-12-03T18:00:00Z,2025-12-04T21:00:00Z,27.0,0.015,0.026810759547252594,0.06000288066850207
turbine_1,2025-12-03T18:00:00Z,2025-12-04T22:00:00Z,28.0,0.0283333333333333,0.05630019174392634,0.0691512866576991
turbine_1,2025-12-03T18:00:00Z,2025-12-04T23:00:00Z,29.0,0.0566666666666666,0.0724382819215606,0.08508021157820611
turbine_1,2025-12-03T18:00:00Z,2025-12-05T00:00:00Z,30.0,0.035,0.06332608259943082,0.0779353558850821
turbine_1,2025-12-03T18:00:00Z,2025-12-05T01:00:00Z,31.0,0.065,0.05289833469571881,0.07094619655499407
turbine_1,2025-12-03T18:00:00Z,2025-12-05T02:00:00Z,32.0,0.0116666666666666,0.07126466744379599,0.0888249560420813
turbine_1,2025-12-03T18:00:00Z,2025-12-05T03:00:00Z,33.0,0.01,0.04813358092820963,0.06737267006681702
turbine_1,2025-12-03T18:00:00Z,2025-12-05T04:00:00Z,34.0,0.0133333333333333,0.03176885039515043,0.07146182437275372
turbine_1,2025-12-03T18:00:00Z,2025-12-05T05:00:00Z,35.0,0.01,0.017008397714297352,0.07293812655181425
turbine_1,2025-12-03T18:00:00Z,2025-12-05T06:00:00Z,36.0,0.01,0.023560954398331613,0.08018207646277536
turbine_1,2025-12-03T18:00:00Z,2025-12-05T07:00:00Z,37.0,0.01,0.038834741078527746,0.09875644769724246
turbine_1,2025-12-03T18:00:00Z,2025-12-05T08:00:00Z,38.0,0.01,0.05270744288427692,0.1255914012731774
turbine_1,2025-12-03T18:00:00Z,2025-12-05T09:00:00Z,39.0,0.01,0.09979918724016267,0.15609156242822264
turbine_1,2025-12-03T18:00:00Z,2025-12-05T10:00:00Z,40.0,0.01,0.10495626418710034,0.1720904861338535
turbine_1,2025-12-03T18:00:00Z,2025-12-05T11:00:00Z,41.0,0.0083333333333333,0.15041549431266554,0.21982026128676319
turbine_1,2025-12-03T18:00:00Z,2025-12-05T12:00:00Z,42.0,0.0216666666666666,0.2658197686080113,0.28251440304889697
turbine_1,2025-12-03T18:00:00Z,2025-12-05T13:00:00Z,43.0,0.16,0.3721643296132092,0.37104230648421954
turbine_1,2025-12-03T18:00:00Z,2025-12-05T14:00:00Z,44.0,0.1816666666666666,0.45212370555676695,0.4825732162568326
turbine_1,2025-12-03T18:00:00Z,2025-12-05T15:00:00Z,45.0,0.1733333333333333,0.4506984165744924,0.4689176446602195
turbine_1,2025-12-03T18:00:00Z,2025-12-05T16:00:00Z,46.0,0.0766666666666666,0.4205306264375548,0.46363207808681617
turbine_1,2025-12-03T18:00:00Z,2025-12-05T17:00:00Z,47.0,0.1216666666666666,0.36683451408413,0.3782800000255654
turbine_1,2025-12-03T18:00:00Z,2025-12-05T18:00:00Z,48.0,0.1433333333333333,0.31648871959495795,0.32777971349393054
turbine_1,2025-12-04T18:00:00Z,2025-12-04T19:00:00Z,1.0,0.0166666666666666,0.047378054449550455,0.11587222765343308
turbine_1,2025-12-04T18:00:00Z,2025-12-04T20:00:00Z,2.0,0.0133333333333333,0.033426821328710665,0.08335618499453729
turbine_1,2025-12-04T18:00:00Z,2025-12-04T21:00:00Z,3.0,0.015,0.022591734915646255,0.06326253958339018
turbine_1,2025-12-04T18:00:00Z,2025-12-04T22:00:00Z,4.0,0.0283333333333333,0.014859086258270038,0.06328540837461266
turbine_1,2025-12-04T18:00:00Z,2025-12-04T23:00:00Z,5.0,0.0566666666666666,0.015642650944148406,0.061587283384821834
turbine_1,2025-12-04T18:00:00Z,2025-12-05T00:00:00Z,6.0,0.035,0.011204281599215549,0.05423143808906178
turbine_1,2025-12-04T18:00:00Z,2025-12-05T01:00:00Z,7.0,0.065,0.031901703592957964,0.06838097121799225
turbine_1,2025-12-04T18:00:00Z,2025-12-05T02:00:00Z,8.0,0.0116666666666666,0.033546181056284485,0.07030720483463082
turbine_1,2025-12-04T18:00:00Z,2025-12-05T03:00:00Z,9.0,0.01,0.024770834362323968,0.05973074164218761
turbine_1,2025-12-04T18:00:00Z,2025-12-05T04:00:00Z,10.0,0.0133333333333333,0.025628214512413094,0.07002296751432441
turbine_1,2025-12-04T18:00:00Z,2025-12-05T05:00:00Z,11.0,0.01,0.026257143548209794,0.07485960527972979
turbine_1,2025-12-04T18:00:00Z,2025-12-05T06:00:00Z,12.0,0.01,0.04133705889481415,0.0941066364184256
turbine_1,2025-12-04T18:00:00Z,2025-12-05T07:00:00Z,13.0,0.01,0.08063656008743471,0.12941262204632129
turbine_1,2025-12-04T18:00:00Z,2025-12-05T08:00:00Z,14.0,0.01,0.16392291150237373,0.2259344460489657
turbine_1,2025-12-04T18:00:00Z,2025-12-05T09:00:00Z,15.0,0.01,0.3064316221834986,0.3448505625996329
turbine_1,2025-12-04T18:00:00Z,2025-12-05T10:00:00Z,16.0,0.01,0.3995786299913918,0.4275571922991138
turbine_1,2025-12-04T18:00:00Z,2025-12-05T11:00:00Z,17.0,0.0083333333333333,0.4954281681296726,0.5691235494316492
turbine_1,2025-12-04T18:00:00Z,2025-12-05T12:00:00Z,18.0,0.0216666666666666,0.6397758445696404,0.6446973236161206
turbine_1,2025-12-04T18:00:00Z,2025-12-05T13:00:00Z,19.0,0.16,0.5461549827492912,0.5714437274958932
turbine_1,2025-12-04T18:00:00Z,2025-12-05T14:00:00Z,20.0,0.1816666666666666,0.6560966701344395,0.6856898775605216
turbine_1,2025-12-04T18:00:00Z,2025-12-05T15:00:00Z,21.0,0.1733333333333333,0.571547496459859,0.5887361101738284
turbine_1,2025-12-04T18:00:00Z,2025-12-05T16:00:00Z,22.0,0.0766666666666666,0.6190506261298365,0.6167291867717382
turbine_1,2025-12-04T18:00:00Z,2025-12-05T17:00:00Z,23.0,0.1216666666666666,0.5349731022410582,0.5684573736755447
turbine_1,2025-12-04T18:00:00Z,2025-12-05T18:00:00Z,24.0,0.1433333333333333,0.42054333685466655,0.4959988086766608
turbine_1,2025-12-04T18:00:00Z,2025-12-05T19:00:00Z,25.0,0.0116666666666666,0.36030411195066847,0.3684055485243955
turbine_1,2025-12-04T18:00:00Z,2025-12-05T20:00:00Z,26.0,0.01,0.2898406494528829,0.292518851140296
turbine_1,2025-12-04T18:00:00Z,2025-12-05T21:00:00Z,27.0,0.0116666666666666,0.19228944166289996,0.19288135951853627
turbine_1,2025-12-04T18:00:00Z,2025-12-05T22:00:00Z,28.0,0.0083333333333333,0.05179128302496924,0.08631003631220646
turbine_1,2025-12-04T18:00:00Z,2025-12-05T23:00:00Z,29.0,0.01,0.021643010656263978,0.06562917008662628
turbine_1,2025-12-04T18:00:00Z,2025-12-06T00:00:00Z,30.0,0.01,0.01240201147051051,0.055282671937112615
turbine_1,2025-12-04T18:00:00Z,2025-12-06T01:00:00Z,31.0,0.0216666666666666,0.01157989680484045,0.05519211714155048
turbine_1,2025-12-04T18:00:00Z,2025-12-06T02:00:00Z,32.0,0.0216666666666666,0.013833682946182535,0.06339794412692051
turbine_1,2025-12-04T18:00:00Z,2025-12-06T03:00:00Z,33.0,0.17,0.0166267756642412,0.06519515938441783
turbine_1,2025-12-04T18:00:00Z,2025-12-06T04:00:00Z,34.0,0.185,0.026443152925719804,0.07165681542819241
turbine_1,2025-12-04T18:00:00Z,2025-12-06T05:00:00Z,35.0,0.1066666666666666,0.04293045662908834,0.11231650608377505
turbine_1,2025-12-04T18:00:00Z,2025-12-06T06:00:00Z,36.0,0.1083333333333333,0.13457935760433545,0.20529644733902463
turbine_1,2025-12-04T18:00:00Z,2025-12-06T07:00:00Z,37.0,0.73,0.20317384626945878,0.3017406849791703
turbine_1,2025-12-04T18:00:00Z,2025-12-06T08:00:00Z,38.0,0.6533333333333333,0.28543366979446394,0.40577828729442333
turbine_1,2025-12-04T18:00:00Z,2025-12-06T09:00:00Z,39.0,0.5716666666666667,0.3805913431417609,0.5123115415854494
turbine_1,2025-12-04T18:00:00Z,2025-12-06T10:00:00Z,40.0,0.4083333333333334,0.38290807178310293,0.50324823591576
turbine_1,2025-12-04T18:00:00Z,2025-12-06T11:00:00Z,41.0,0.3233333333333333,0.3859655497196425,0.498602889004082
turbine_1,2025-12-04T18:00:00Z,2025-12-06T12:00:00Z,42.0,0.0933333333333333,0.5504465045012314,0.5589350702741491
turbine_1,2025-12-04T18:00:00Z,2025-12-06T13:00:00Z,43.0,0.01,0.6302759029936016,0.6470766166353943
turbine_1,2025-12-04T18:00:00Z,2025-12-06T14:00:00Z,44.0,0.01,0.6879456808249825,0.619672729349982
turbine_1,2025-12-04T18:00:00Z,2025-12-06T15:00:00Z,45.0,0.01,0.7138719462852545,0.679269307866919
turbine_1,2025-12-04T18:00:00Z,2025-12-06T16:00:00Z,46.0,0.01,0.6968199258927967,0.7191861079263533
turbine_1,2025-12-04T18:00:00Z,2025-12-06T17:00:00Z,47.0,0.0499999999999999,0.6924401610170958,0.696308619558075
turbine_1,2025-12-04T18:00:00Z,2025-12-06T18:00:00Z,48.0,0.09,0.680427529607339,0.6517558135754069
turbine_1,2025-12-05T18:00:00Z,2025-12-05T19:00:00Z,1.0,0.0116666666666666,0.18352662023329983,0.17982514596192475
turbine_1,2025-12-05T18:00:00Z,2025-12-05T20:00:00Z,2.0,0.01,0.08230626648742059,0.10583727770654863
turbine_1,2025-12-05T18:00:00Z,2025-12-05T21:00:00Z,3.0,0.0116666666666666,0.07502756079274574,0.08002626436540217
turbine_1,2025-12-05T18:00:00Z,2025-12-05T22:00:00Z,4.0,0.0083333333333333,0.03355153938005195,0.06742631377813113
turbine_1,2025-12-05T18:00:00Z,2025-12-05T23:00:00Z,5.0,0.01,0.012795397684824794,0.05642300253780275
turbine_1,2025-12-05T18:00:00Z,2025-12-06T00:00:00Z,6.0,0.01,0.01661724897339828,0.0734897362555198
turbine_1,2025-12-05T18:00:00Z,2025-12-06T01:00:00Z,7.0,0.0216666666666666,0.026257695131288755,0.07039893064899616
turbine_1,2025-12-05T18:00:00Z,2025-12-06T02:00:00Z,8.0,0.0216666666666666,0.03184826819110215,0.09423004292333609
turbine_1,2025-12-05T18:00:00Z,2025-12-06T03:00:00Z,9.0,0.17,0.03635500271419331,0.09319187287101349
turbine_1,2025-12-05T18:00:00Z,2025-12-06T04:00:00Z,10.0,0.185,0.04066407012968137,0.09214736716314692
turbine_1,2025-12-05T18:00:00Z,2025-12-06T05:00:00Z,11.0,0.1066666666666666,0.05358615737495609,0.13542737927935328
turbine_1,2025-12-05T18:00:00Z,2025-12-06T06:00:00Z,12.0,0.1083333333333333,0.12869670910605235,0.2170884398854373
turbine_1,2025-12-05T18:00:00Z,2025-12-06T07:00:00Z,13.0,0.73,0.20378196855745673,0.28513429542521795
turbine_1,2025-12-05T18:00:00Z,2025-12-06T08:00:00Z,14.0,0.6533333333333333,0.2537017246740035,0.3590377335576061
turbine_1,2025-12-05T18:00:00Z,2025-12-06T09:00:00Z,15.0,0.5716666666666667,0.3209140434430981,0.3941834962244046
turbine_1,2025-12-05T18:00:00Z,2025-12-06T10:00:00Z,16.0,0.4083333333333334,0.3305776002196822,0.39907086115469564
turbine_1,2025-12-05T18:00:00Z,2025-12-06T11:00:00Z,17.0,0.3233333333333333,0.38246659601679844,0.4379490486294918
turbine_1,2025-12-05T18:00:00Z,2025-12-06T12:00:00Z,18.0,0.0933333333333333,0.5568364601208045,0.5493688379370755
turbine_1,2025-12-05T18:00:00Z,2025-12-06T13:00:00Z,19.0,0.01,0.5643212211884765,0.5647619011045195
turbine_1,2025-12-05T18:00:00Z,2025-12-06T14:00:00Z,20.0,0.01,0.541582648732704,0.5413030255099331
turbine_1,2025-12-05T18:00:00Z,2025-12-06T15:00:00Z,21.0,0.01,0.33642748854660665,0.4893228587437109
turbine_1,2025-12-05T18:00:00Z,2025-12-06T16:00:00Z,22.0,0.01,0.33418882065215505,0.47488825797169754
turbine_1,2025-12-05T18:00:00Z,2025-12-06T17:00:00Z,23.0,0.0499999999999999,0.4434040215226329,0.5270426808085955
turbine_1,2025-12-05T18:00:00Z,2025-12-06T18:00:00Z,24.0,0.09,0.4804771614790122,0.5284868011599364
turbine_1,2025-12-05T18:00:00Z,2025-12-06T19:00:00Z,25.0,0.1083333333333333,0.5248331431220407,0.4917070054346535
turbine_1,2025-12-05T18:00:00Z,2025-12-06T20:00:00Z,26.0,0.1416666666666666,0.4732886263675061,0.49118163810385473
turbine_1,2025-12-05T18:00:00Z,2025-12-06T21:00:00Z,27.0,0.13,0.4629664338907651,0.5013504828339467
turbine_1,2025-12-05T18:00:00Z,2025-12-06T22:00:00Z,28.0,0.2233333333333333,0.4003694192157997,0.47727835984309086
turbine_1,2025-12-05T18:00:00Z,2025-12-06T23:00:00Z,29.0,0.2933333333333333,0.43784061988082956,0.488271718251998
turbine_1,2025-12-05T18:00:00Z,2025-12-07T00:00:00Z,30.0,0.4316666666666666,0.3584751722243712,0.4623478730402391
turbine_1,2025-12-05T18:00:00Z,2025-12-07T01:00:00Z,31.0,0.445,0.31766018088545706,0.42070047930068605
turbine_1,2025-12-05T18:00:00Z,2025-12-07T02:00:00Z,32.0,0.5066666666666667,0.14709445212578304,0.33543648212729166
turbine_1,2025-12-05T18:00:00Z,2025-12-07T03:00:00Z,33.0,0.1016666666666666,0.13483002811108075,0.3068180586037618
turbine_1,2025-12-05T18:00:00Z,2025-12-07T04:00:00Z,34.0,0.03,0.13870586261709827,0.23144475471526077
turbine_1,2025-12-05T18:00:00Z,2025-12-07T05:00:00Z,35.0,0.055,0.15568651683644114,0.20522343553514552
turbine_1,2025-12-05T18:00:00Z,2025-12-07T06:00:00Z,36.0,0.01,0.10811113198191005,0.17702846745929363
turbine_1,2025-12-05T18:00:00Z,2025-12-07T07:00:00Z,37.0,0.01,0.14914389978440956,0.22526703997715053
turbine_1,2025-12-05T18:00:00Z,2025-12-07T08:00:00Z,38.0,0.0116666666666666,0.13608659697609793,0.21826347622117667
turbine_1,2025-12-05T18:00:00Z,2025-12-07T09:00:00Z,39.0,0.0116666666666666,0.08905170658569324,0.18988545782963867
turbine_1,2025-12-05T18:00:00Z,2025-12-07T10:00:00Z,40.0,0.01,0.08316693167421377,0.1653329969027017
turbine_1,2025-12-05T18:00:00Z,2025-12-07T11:00:00Z,41.0,0.0233333333333333,0.05267136211569845,0.15349562825342433
turbine_1,2025-12-05T18:00:00Z,2025-12-07T12:00:00Z,42.0,0.0166666666666666,0.036934857982108826,0.15035525887316548
turbine_1,2025-12-05T18:00:00Z,2025-12-07T13:00:00Z,43.0,0.075,0.04069362747974764,0.15090642749899244
turbine_1,2025-12-05T18:00:00Z,2025-12-07T14:00:00Z,44.0,0.0166666666666666,0.04541550480838008,0.15099831678747055
turbine_1,2025-12-05T18:00:00Z,2025-12-07T15:00:00Z,45.0,0.0116666666666666,0.05194632124651588,0.15022031022641222
turbine_1,2025-12-05T18:00:00Z,2025-12-07T16:00:00Z,46.0,0.0883333333333333,0.05981763604913365,0.14960115839431695
turbine_1,2025-12-05T18:00:00Z,2025-12-07T17:00:00Z,47.0,0.0166666666666666,0.06991545838712958,0.14294039103649708
turbine_1,2025-12-05T18:00:00Z,2025-12-07T18:00:00Z,48.0,0.01,0.07719773579124271,0.13138202169180324
turbine_1,2025-12-06T18:00:00Z,2025-12-06T19:00:00Z,1.0,0.1083333333333333,0.49441741610515055,0.5099768883141128
turbine_1,2025-12-06T18:00:00Z,2025-12-06T20:00:00Z,2.0,0.1416666666666666,0.44094832972563425,0.46896191577700647
turbine_1,2025-12-06T18:00:00Z,2025-12-06T21:00:00Z,3.0,0.13,0.42448757600363707,0.4747192669050747
turbine_1,2025-12-06T18:00:00Z,2025-12-06T22:00:00Z,4.0,0.2233333333333333,0.4664330839594938,0.49690952461657445
turbine_1,2025-12-06T18:00:00Z,2025-12-06T23:00:00Z,5.0,0.2933333333333333,0.4730328889449211,0.5203525990940321
turbine_1,2025-12-06T18:00:00Z,2025-12-07T00:00:00Z,6.0,0.4316666666666666,0.5494959146499097,0.5714934647433081
turbine_1,2025-12-06T18:00:00Z,2025-12-07T01:00:00Z,7.0,0.445,0.5694653907988723,0.5895837315612005
turbine_1,2025-12-06T18:00:00Z,2025-12-07T02:00:00Z,8.0,0.5066666666666667,0.5640298208599304,0.6051633344934765
turbine_1,2025-12-06T18:00:00Z,2025-12-07T03:00:00Z,9.0,0.1016666666666666,0.62484119479872,0.6545141959252132
turbine_1,2025-12-06T18:00:00Z,2025-12-07T04:00:00Z,10.0,0.03,0.6450395585379477,0.5997299966468298
turbine_1,2025-12-06T18:00:00Z,2025-12-07T05:00:00Z,11.0,0.055,0.6376107970418692,0.6028941093980433
turbine_1,2025-12-06T18:00:00Z,2025-12-07T06:00:00Z,12.0,0.01,0.5724812854292182,0.5668471332309497
turbine_1,2025-12-06T18:00:00Z,2025-12-07T07:00:00Z,13.0,0.01,0.5602026322227203,0.5396677896720737
turbine_1,2025-12-06T18:00:00Z,2025-12-07T08:00:00Z,14.0,0.0116666666666666,0.5609847815427358,0.5812904224417426
turbine_1,2025-12-06T18:00:00Z,2025-12-07T09:00:00Z,15.0,0.0116666666666666,0.31546076402678613,0.38109722416399255
turbine_1,2025-12-06T18:00:00Z,2025-12-07T10:00:00Z,16.0,0.01,0.20778092259417985,0.2630741104419059
turbine_1,2025-12-06T18:00:00Z,2025-12-07T11:00:00Z,17.0,0.0233333333333333,0.13369929383095253,0.23040389432076513
turbine_1,2025-12-06T18:00:00Z,2025-12-07T12:00:00Z,18.0,0.0166666666666666,0.08165724246711345,0.16611339342753248
turbine_1,2025-12-06T18:00:00Z,2025-12-07T13:00:00Z,19.0,0.075,0.06510661911302124,0.1593045303266791
turbine_1,2025-12-06T18:00:00Z,2025-12-07T14:00:00Z,20.0,0.0166666666666666,0.07780894866160908,0.15357174153400793
turbine_1,2025-12-06T18:00:00Z,2025-12-07T15:00:00Z,21.0,0.0116666666666666,0.049204819865021676,0.14860072469649413
turbine_1,2025-12-06T18:00:00Z,2025-12-07T16:00:00Z,22.0,0.0883333333333333,0.04187971824012532,0.14165669212804521
turbine_1,2025-12-06T18:00:00Z,2025-12-07T17:00:00Z,23.0,0.0166666666666666,0.0610385632176067,0.1353519976828505
turbine_1,2025-12-06T18:00:00Z,2025-12-07T18:00:00Z,24.0,0.01,0.07649167402494893,0.14028097903240147
turbine_1,2025-12-06T18:00:00Z,2025-12-07T19:00:00Z,25.0,0.01,0.07227357855497163,0.13991365311389353
turbine_1,2025-12-06T18:00:00Z,2025-12-07T20:00:00Z,26.0,0.01,0.06064085488213361,0.11830225520417562
turbine_1,2025-12-06T18:00:00Z,2025-12-07T21:00:00Z,27.0,0.01,0.10283734086454396,0.16041020790280747
turbine_1,2025-12-06T18:00:00Z,2025-12-07T22:00:00Z,28.0,0.0499999999999999,0.09600572753315734,0.17315592344082006
turbine_1,2025-12-06T18:00:00Z,2025-12-07T23:00:00Z,29.0,0.2383333333333333,0.0772057228705141,0.19196042343994454
turbine_1,2025-12-06T18:00:00Z,2025-12-08T00:00:00Z,30.0,0.1566666666666666,0.40368004303885474,0.4597127867522244
turbine_1,2025-12-06T18:00:00Z,2025-12-08T01:00:00Z,31.0,0.6266666666666666,0.32349831430896253,0.4026034003512048
turbine_1,2025-12-06T18:00:00Z,2025-12-08T02:00:00Z,32.0,0.62,0.5302662526842372,0.5586308071961134
turbine_1,2025-12-06T18:00:00Z,2025-12-08T03:00:00Z,33.0,0.435,0.7256150547714423,0.7159763673460695
turbine_1,2025-12-06T18:00:00Z,2025-12-08T04:00:00Z,34.0,0.34,0.6431477433013932,0.6409631032653142
turbine_1,2025-12-06T18:00:00Z,2025-12-08T05:00:00Z,35.0,0.1783333333333333,0.6786797285312167,0.6580764526035965
turbine_1,2025-12-06T18:00:00Z,2025-12-08T06:00:00Z,36.0,0.0116666666666666,0.5965294013625506,0.6169450133176058
turbine_1,2025-12-06T18:00:00Z,2025-12-08T07:00:00Z,37.0,0.0133333333333333,0.37131578775959584,0.4626135175432583
turbine_1,2025-12-06T18:00:00Z,2025-12-08T08:00:00Z,38.0,0.01,0.19179134116307292,0.2745188340273636
turbine_1,2025-12-06T18:00:00Z,2025-12-08T09:00:00Z,39.0,0.0416666666666666,0.10593644683695479,0.19124252344576284
turbine_1,2025-12-06T18:00:00Z,2025-12-08T10:00:00Z,40.0,0.4133333333333333,0.03872910994812706,0.14836889801683578
turbine_1,2025-12-06T18:00:00Z,2025-12-08T11:00:00Z,41.0,0.5133333333333333,0.1393698465390832,0.19829557753839627
turbine_1,2025-12-06T18:00:00Z,2025-12-08T12:00:00Z,42.0,0.3083333333333333,0.3081294016148924,0.3426535668948298
turbine_1,2025-12-06T18:00:00Z,2025-12-08T13:00:00Z,43.0,0.7000000000000001,0.7067217038145566,0.6815708580457385
turbine_1,2025-12-06T18:00:00Z,2025-12-08T14:00:00Z,44.0,0.9333333333333332,0.9593281016973148,0.9022536378569621
turbine_1,2025-12-06T18:00:00Z,2025-12-08T15:00:00Z,45.0,0.955,0.949619928468579,0.8946247775906307
turbine_1,2025-12-06T18:00:00Z,2025-12-08T16:00:00Z,46.0,0.975,0.9323575967218766,0.875466346616309
turbine_1,2025-12-06T18:00:00Z,2025-12-08T17:00:00Z,47.0,0.8649999999999999,0.9267606337413681,0.8876029403423858
turbine_1,2025-12-06T18:00:00Z,2025-12-08T18:00:00Z,48.0,0.955,0.9169661626190793,0.8226031364305569
turbine_1,2025-12-07T18:00:00Z,2025-12-07T19:00:00Z,1.0,0.01,0.24866096717678773,0.32591880866448697
turbine_1,2025-12-07T18:00:00Z,2025-12-07T20:00:00Z,2.0,0.01,0.2211905440450473,0.31797578507547747
turbine_1,2025-12-07T18:00:00Z,2025-12-07T21:00:00Z,3.0,0.01,0.3139627849614129,0.3460192058133944
turbine_1,2025-12-07T18:00:00Z,2025-12-07T22:00:00Z,4.0,0.0499999999999999,0.48034434818401217,0.49023830967656284
turbine_1,2025-12-07T18:00:00Z,2025-12-07T23:00:00Z,5.0,0.2383333333333333,0.43546971308458426,0.47598356441890655
turbine_1,2025-12-07T18:00:00Z,2025-12-08T00:00:00Z,6.0,0.1566666666666666,0.46758211617462475,0.5085863513003186
turbine_1,2025-12-07T18:00:00Z,2025-12-08T01:00:00Z,7.0,0.6266666666666666,0.6210415336736219,0.653754124465687
turbine_1,2025-12-07T18:00:00Z,2025-12-08T02:00:00Z,8.0,0.62,0.5496958283695309,0.611689076690531
turbine_1,2025-12-07T18:00:00Z,2025-12-08T03:00:00Z,9.0,0.435,0.6122051239817774,0.6499756681483966
turbine_1,2025-12-07T18:00:00Z,2025-12-08T04:00:00Z,10.0,0.34,0.7361527694046979,0.7038662402462706
turbine_1,2025-12-07T18:00:00Z,2025-12-08T05:00:00Z,11.0,0.1783333333333333,0.7089457866821348,0.6580764526035965
turbine_1,2025-12-07T18:00:00Z,2025-12-08T06:00:00Z,12.0,0.0116666666666666,0.30507578369034005,0.36011352919194817
turbine_1,2025-12-07T18:00:00Z,2025-12-08T07:00:00Z,13.0,0.0133333333333333,0.18600931431430556,0.23834001157773457
turbine_1,2025-12-07T18:00:00Z,2025-12-08T08:00:00Z,14.0,0.01,0.07565508851546486,0.13624470292049173
turbine_1,2025-12-07T18:00:00Z,2025-12-08T09:00:00Z,15.0,0.0416666666666666,0.040122642740800574,0.14034133347616615
turbine_1,2025-12-07T18:00:00Z,2025-12-08T10:00:00Z,16.0,0.4133333333333333,0.1571720096627808,0.24368211262425332
turbine_1,2025-12-07T18:00:00Z,2025-12-08T11:00:00Z,17.0,0.5133333333333333,0.589036706964562,0.6256261274003039
turbine_1,2025-12-07T18:00:00Z,2025-12-08T12:00:00Z,18.0,0.3083333333333333,0.9570521905967201,0.9060123380529772
turbine_1,2025-12-07T18:00:00Z,2025-12-08T13:00:00Z,19.0,0.7000000000000001,0.9499411856809089,0.8608183186416444
turbine_1,2025-12-07T18:00:00Z,2025-12-08T14:00:00Z,20.0,0.9333333333333332,0.9421028977309622,0.8548157020271558
turbine_1,2025-12-07T18:00:00Z,2025-12-08T15:00:00Z,21.0,0.955,0.936409131334376,0.8682678791994672
turbine_1,2025-12-07T18:00:00Z,2025-12-08T16:00:00Z,22.0,0.975,0.8970326150562189,0.8378023525089571
turbine_1,2025-12-07T18:00:00Z,2025-12-08T17:00:00Z,23.0,0.8649999999999999,0.9298030522964256,0.892973244629457
turbine_1,2025-12-07T18:00:00Z,2025-12-08T18:00:00Z,24.0,0.955,0.9543793574690372,0.895510040472602
turbine_1,2025-12-07T18:00:00Z,2025-12-08T19:00:00Z,25.0,0.775,0.9148884819481968,0.832708464592774
turbine_1,2025-12-07T18:00:00Z,2025-12-08T20:00:00Z,26.0,0.2799999999999999,0.7132062196942697,0.6439591645587395
turbine_1,2025-12-07T18:00:00Z,2025-12-08T21:00:00Z,27.0,0.1483333333333333,0.4919185515457108,0.5264952793751695
turbine_1,2025-12-07T18:00:00Z,2025-12-08T22:00:00Z,28.0,0.1216666666666666,0.3830288799515876,0.43167344380449474
turbine_1,2025-12-07T18:00:00Z,2025-12-08T23:00:00Z,29.0,0.0716666666666666,0.24025370811064917,0.26368088623467045
turbine_1,2025-12-07T18:00:00Z,2025-12-09T00:00:00Z,30.0,0.0266666666666666,0.1153040952587484,0.15802458117886817
turbine_1,2025-12-07T18:00:00Z,2025-12-09T01:00:00Z,31.0,0.01,0.06218144528831898,0.1008998028227798
turbine_1,2025-12-07T18:00:00Z,2025-12-09T02:00:00Z,32.0,0.01,0.04030901261873254,0.07652288349291214
turbine_1,2025-12-07T18:00:00Z,2025-12-09T03:00:00Z,33.0,0.01,0.02068680939862666,0.06304870037783866
turbine_1,2025-12-07T18:00:00Z,2025-12-09T04:00:00Z,34.0,0.1766666666666666,0.012913158461026197,0.06474699803445977
turbine_1,2025-12-07T18:00:00Z,2025-12-09T05:00:00Z,35.0,0.8283333333333333,0.040638881753575995,0.10294435405966545
turbine_1,2025-12-07T18:00:00Z,2025-12-09T06:00:00Z,36.0,0.915,0.16822350700223712,0.25667683634647065
turbine_1,2025-12-07T18:00:00Z,2025-12-09T07:00:00Z,37.0,0.9866666666666668,0.7938018454570668,0.7575444968687065
turbine_1,2025-12-07T18:00:00Z,2025-12-09T08:00:00Z,38.0,0.9866666666666668,0.9834498822991792,0.9625294302713443
turbine_1,2025-12-07T18:00:00Z,2025-12-09T09:00:00Z,39.0,0.9883333333333332,0.9999295498674554,0.9790101748438086
turbine_1,2025-12-07T18:00:00Z,2025-12-09T10:00:00Z,40.0,0.98,0.9487980440927913,0.9241415374284595
turbine_1,2025-12-07T18:00:00Z,2025-12-09T11:00:00Z,41.0,0.9316666666666666,0.8053505544042371,0.791296826254557
turbine_1,2025-12-07T18:00:00Z,2025-12-09T12:00:00Z,42.0,0.9416666666666668,0.6280051853959593,0.7591974404641704
turbine_1,2025-12-07T18:00:00Z,2025-12-09T13:00:00Z,43.0,0.8849999999999999,0.43405604545115906,0.5459925808263182
turbine_1,2025-12-07T18:00:00Z,2025-12-09T14:00:00Z,44.0,0.935,0.27483412906669896,0.33814050139242247
turbine_1,2025-12-07T18:00:00Z,2025-12-09T15:00:00Z,45.0,0.815,0.09489525053796291,0.17643308198039218
turbine_1,2025-12-07T18:00:00Z,2025-12-09T16:00:00Z,46.0,0.5316666666666666,0.0854755247718223,0.14888103997085828
turbine_1,2025-12-07T18:00:00Z,2025-12-09T17:00:00Z,47.0,0.165,0.038171120062396535,0.12447713386833104
turbine_1,2025-12-07T18:00:00Z,2025-12-09T18:00:00Z,48.0,0.0483333333333333,0.03304133912114815,0.11072610832074303
turbine_1,2025-12-08T18:00:00Z,2025-12-08T19:00:00Z,1.0,0.775,0.764738669035725,0.6861256176587371
turbine_1,2025-12-08T18:00:00Z,2025-12-08T20:00:00Z,2.0,0.2799999999999999,0.6979814647167327,0.6333542817578091
turbine_1,2025-12-08T18:00:00Z,2025-12-08T21:00:00Z,3.0,0.1483333333333333,0.37213336273987446,0.3673294778664949
turbine_1,2025-12-08T18:00:00Z,2025-12-08T22:00:00Z,4.0,0.1216666666666666,0.18994568787940194,0.21242048625545837
turbine_1,2025-12-08T18:00:00Z,2025-12-08T23:00:00Z,5.0,0.0716666666666666,0.06996044233189885,0.11299535879430544
turbine_1,2025-12-08T18:00:00Z,2025-12-09T00:00:00Z,6.0,0.0266666666666666,0.033262986143949014,0.06567986652422003
turbine_1,2025-12-08T18:00:00Z,2025-12-09T01:00:00Z,7.0,0.01,0.014825599751334961,0.058014262109251924
turbine_1,2025-12-08T18:00:00Z,2025-12-09T02:00:00Z,8.0,0.01,0.018321150837998013,0.06511364034027545
turbine_1,2025-12-08T18:00:00Z,2025-12-09T03:00:00Z,9.0,0.01,0.03153688334745633,0.09396012491980493
turbine_1,2025-12-08T18:00:00Z,2025-12-09T04:00:00Z,10.0,0.1766666666666666,0.11421830907329046,0.1906175050744485
turbine_1,2025-12-08T18:00:00Z,2025-12-09T05:00:00Z,11.0,0.8283333333333333,0.4666825933950993,0.48471379571155304
turbine_1,2025-12-08T18:00:00Z,2025-12-09T06:00:00Z,12.0,0.915,0.9799530071919377,0.9351723770900074
turbine_1,2025-12-08T18:00:00Z,2025-12-09T07:00:00Z,13.0,0.9866666666666668,0.9827180332319544,0.9629001420295554
turbine_1,2025-12-08T18:00:00Z,2025-12-09T08:00:00Z,14.0,0.9866666666666668,0.9865449610551839,0.979491424363344
turbine_1,2025-12-08T18:00:00Z,2025-12-09T09:00:00Z,15.0,0.9883333333333332,0.9805201277177592,0.9474800113583972
turbine_1,2025-12-08T18:00:00Z,2025-12-09T10:00:00Z,16.0,0.98,0.8656876888430549,0.8247089699218068
turbine_1,2025-12-08T18:00:00Z,2025-12-09T11:00:00Z,17.0,0.9316666666666666,0.6504814818955595,0.7628658811153359
turbine_1,2025-12-08T18:00:00Z,2025-12-09T12:00:00Z,18.0,0.9416666666666668,0.4739411429348317,0.5932708184396227
turbine_1,2025-12-08T18:00:00Z,2025-12-09T13:00:00Z,19.0,0.8849999999999999,0.2947808871610806,0.36219270964375605
turbine_1,2025-12-08T18:00:00Z,2025-12-09T14:00:00Z,20.0,0.935,0.14945228949170034,0.2225896309440339
turbine_1,2025-12-08T18:00:00Z,2025-12-09T15:00:00Z,21.0,0.815,0.13442814098062972,0.1932128287214874
turbine_1,2025-12-08T18:00:00Z,2025-12-09T16:00:00Z,22.0,0.5316666666666666,0.07333368508729315,0.14622458554434256
turbine_1,2025-12-08T18:00:00Z,2025-12-09T17:00:00Z,23.0,0.165,0.03814671136627912,0.12453522019565852
turbine_1,2025-12-08T18:00:00Z,2025-12-09T18:00:00Z,24.0,0.0483333333333333,0.03174559626692186,0.1024114828161918
turbine_1,2025-12-08T18:00:00Z,2025-12-09T19:00:00Z,25.0,0.3483333333333333,0.08481433807432152,0.134694235774894
turbine_1,2025-12-08T18:00:00Z,2025-12-09T20:00:00Z,26.0,0.6333333333333333,0.15050283955413912,0.15702403508785964
turbine_1,2025-12-08T18:00:00Z,2025-12-09T21:00:00Z,27.0,0.7716666666666666,0.26861305314505385,0.27814296623231033
turbine_1,2025-12-08T18:00:00Z,2025-12-09T22:00:00Z,28.0,0.9483333333333333,0.43027877971520007,0.477278501423609
turbine_1,2025-12-08T18:00:00Z,2025-12-09T23:00:00Z,29.0,0.99,0.6724140898176079,0.6139343242119273
turbine_1,2025-12-08T18:00:00Z,2025-12-10T00:00:00Z,30.0,0.9816666666666666,0.5685818108810847,0.6002655883242687
turbine_1,2025-12-08T18:00:00Z,2025-12-10T01:00:00Z,31.0,0.975,0.7234838877800968,0.616342626848274
turbine_1,2025-12-08T18:00:00Z,2025-12-10T02:00:00Z,32.0,0.99,0.8653263175586737,0.7321617388398165
turbine_1,2025-12-08T18:00:00Z,2025-12-10T03:00:00Z,33.0,0.98,0.9720255679768431,0.8809180614504433
turbine_1,2025-12-08T18:00:00Z,2025-12-10T04:00:00Z,34.0,0.9166666666666666,0.9605654993566967,0.8806764077858568
turbine_1,2025-12-08T18:00:00Z,2025-12-10T05:00:00Z,35.0,0.79,0.9860962594945197,0.8883074429458945
turbine_1,2025-12-08T18:00:00Z,2025-12-10T06:00:00Z,36.0,0.915,0.9810655305895314,0.8954094049142896
turbine_1,2025-12-08T18:00:00Z,2025-12-10T07:00:00Z,37.0,0.9416666666666668,0.9347512662296209,0.8875677112204611
turbine_1,2025-12-08T18:00:00Z,2025-12-10T08:00:00Z,38.0,0.9316666666666666,0.9292954493783503,0.892228790622721
turbine_1,2025-12-08T18:00:00Z,2025-12-10T09:00:00Z,39.0,0.9666666666666668,0.93505762642492,0.8878914444966902
turbine_1,2025-12-08T18:00:00Z,2025-12-10T10:00:00Z,40.0,0.9766666666666666,0.8034274153693315,0.7812484309277712
turbine_1,2025-12-08T18:00:00Z,2025-12-10T11:00:00Z,41.0,0.99,0.4322577031439807,0.5913814809262866
turbine_1,2025-12-08T18:00:00Z,2025-12-10T12:00:00Z,42.0,0.9866666666666668,0.38863445618902004,0.4321594610050534
turbine_1,2025-12-08T18:00:00Z,2025-12-10T13:00:00Z,43.0,0.9633333333333334,0.45165352445650064,0.5025072624668799
turbine_1,2025-12-08T18:00:00Z,2025-12-10T14:00:00Z,44.0,0.99,0.7688984377030245,0.6853671840318488
turbine_1,2025-12-08T18:00:00Z,2025-12-10T15:00:00Z,45.0,0.99,0.851026372545729,0.744439060662212
turbine_1,2025-12-08T18:00:00Z,2025-12-10T16:00:00Z,46.0,0.99,0.8801077321121994,0.7963447724384397
turbine_1,2025-12-08T18:00:00Z,2025-12-10T17:00:00Z,47.0,0.99,0.9026824799653628,0.8100363624671559
turbine_1,2025-12-08T18:00:00Z,2025-12-10T18:00:00Z,48.0,0.9816666666666666,0.8685760600936129,0.7543771423899421
turbine_1,2025-12-09T18:00:00Z,2025-12-09T19:00:00Z,1.0,0.3483333333333333,0.14461579917572487,0.1468326391053819
turbine_1,2025-12-09T18:00:00Z,2025-12-09T20:00:00Z,2.0,0.6333333333333333,0.18150835478870794,0.2005352863300003
turbine_1,2025-12-09T18:00:00Z,2025-12-09T21:00:00Z,3.0,0.7716666666666666,0.4188811694280885,0.42038670685428897
turbine_1,2025-12-09T18:00:00Z,2025-12-09T22:00:00Z,4.0,0.9483333333333333,0.7256203653270925,0.6213198391667
turbine_1,2025-12-09T18:00:00Z,2025-12-09T23:00:00Z,5.0,0.99,0.8991057830093198,0.7969790547356899
turbine_1,2025-12-09T18:00:00Z,2025-12-10T00:00:00Z,6.0,0.9816666666666666,0.9678210578317002,0.8749571552767387
turbine_1,2025-12-09T18:00:00Z,2025-12-10T01:00:00Z,7.0,0.975,0.9676957081442826,0.876180798457095
turbine_1,2025-12-09T18:00:00Z,2025-12-10T02:00:00Z,8.0,0.99,0.967998833413854,0.8835243885998898
turbine_1,2025-12-09T18:00:00Z,2025-12-10T03:00:00Z,9.0,0.98,0.9604791050305107,0.8778286572617912
turbine_1,2025-12-09T18:00:00Z,2025-12-10T04:00:00Z,10.0,0.9166666666666666,0.9613822181255541,0.8669975947613102
turbine_1,2025-12-09T18:00:00Z,2025-12-10T05:00:00Z,11.0,0.79,0.9658934774619793,0.840532746308232
turbine_1,2025-12-09T18:00:00Z,2025-12-10T06:00:00Z,12.0,0.915,0.9716699499435745,0.8686397053729462
turbine_1,2025-12-09T18:00:00Z,2025-12-10T07:00:00Z,13.0,0.9416666666666668,0.9863428250077811,0.8974994558441013
turbine_1,2025-12-09T18:00:00Z,2025-12-10T08:00:00Z,14.0,0.9316666666666666,0.9808870081565104,0.8917538816464765
turbine_1,2025-12-09T18:00:00Z,2025-12-10T09:00:00Z,15.0,0.9666666666666668,0.9528939210139074,0.8879833065164366
turbine_1,2025-12-09T18:00:00Z,2025-12-10T10:00:00Z,16.0,0.9766666666666666,0.9362923085804652,0.8660726636523668
turbine_1,2025-12-09T18:00:00Z,2025-12-10T11:00:00Z,17.0,0.99,0.929454334042223,0.8187709954802357
turbine_1,2025-12-09T18:00:00Z,2025-12-10T12:00:00Z,18.0,0.9866666666666668,0.7898444379960482,0.7060083958616196
turbine_1,2025-12-09T18:00:00Z,2025-12-10T13:00:00Z,19.0,0.9633333333333334,0.9433505390773448,0.8430234004366446
turbine_1,2025-12-09T18:00:00Z,2025-12-10T14:00:00Z,20.0,0.99,0.9428837558187756,0.8325560427183607
turbine_1,2025-12-09T18:00:00Z,2025-12-10T15:00:00Z,21.0,0.99,0.9031504378021599,0.8211986633866557
turbine_1,2025-12-09T18:00:00Z,2025-12-10T16:00:00Z,22.0,0.99,0.9042907350001245,0.8192125888811075
turbine_1,2025-12-09T18:00:00Z,2025-12-10T17:00:00Z,23.0,0.99,0.8969336752850762,0.8057227376286797
turbine_1,2025-12-09T18:00:00Z,2025-12-10T18:00:00Z,24.0,0.9816666666666666,0.8985926036866513,0.7854769932800066
turbine_1,2025-12-09T18:00:00Z,2025-12-10T19:00:00Z,25.0,0.9066666666666666,0.9052990526172492,0.7573166786848723
turbine_1,2025-12-09T18:00:00Z,2025-12-10T20:00:00Z,26.0,0.475,0.903634032254179,0.7606907219106843
turbine_1,2025-12-09T18:00:00Z,2025-12-10T21:00:00Z,27.0,0.3616666666666666,0.809689240022991,0.6892489351105984
turbine_1,2025-12-09T18:00:00Z,2025-12-10T22:00:00Z,28.0,0.0933333333333333,0.7487463569435053,0.6317622864209134
turbine_1,2025-12-09T18:00:00Z,2025-12-10T23:00:00Z,29.0,0.01,0.6034698279280679,0.5710639301424807
turbine_1,2025-12-09T18:00:00Z,2025-12-11T00:00:00Z,30.0,0.01,0.19413883835697002,0.23185181658715803
turbine_1,2025-12-09T18:00:00Z,2025-12-11T01:00:00Z,31.0,0.0333333333333333,0.061929596287425365,0.08995108061044327
turbine_1,2025-12-09T18:00:00Z,2025-12-11T02:00:00Z,32.0,0.01,0.01687009064047995,0.07510490889628901
turbine_1,2025-12-09T18:00:00Z,2025-12-11T03:00:00Z,33.0,0.1766666666666666,0.06491099799017772,0.12165940309882187
turbine_1,2025-12-09T18:00:00Z,2025-12-11T04:00:00Z,34.0,0.995,0.13594293262043006,0.221164313781081
turbine_1,2025-12-09T18:00:00Z,2025-12-11T05:00:00Z,35.0,0.99,0.6579755391895691,0.6611354231173803
turbine_1,2025-12-09T18:00:00Z,2025-12-11T06:00:00Z,36.0,0.99,0.9479854367639169,0.8694898229821635
turbine_1,2025-12-09T18:00:00Z,2025-12-11T07:00:00Z,37.0,0.9883333333333332,0.9758949792208171,0.9557436789086908
turbine_1,2025-12-09T18:00:00Z,2025-12-11T08:00:00Z,38.0,0.99,0.9809925176692778,0.9732706976126618
turbine_1,2025-12-09T18:00:00Z,2025-12-11T09:00:00Z,39.0,0.99,1.0,0.9817032921781793
turbine_1,2025-12-09T18:00:00Z,2025-12-11T10:00:00Z,40.0,0.99,1.0,0.9781030249284162
turbine_1,2025-12-09T18:00:00Z,2025-12-11T11:00:00Z,41.0,0.99,0.9995267575278276,0.9661882873402837
turbine_1,2025-12-09T18:00:00Z,2025-12-11T12:00:00Z,42.0,0.99,0.9918788209486459,0.9492291390850129
turbine_1,2025-12-09T18:00:00Z,2025-12-11T13:00:00Z,43.0,0.99,0.993189423916245,0.9427543850449394
turbine_1,2025-12-09T18:00:00Z,2025-12-11T14:00:00Z,44.0,0.99,0.9922271938975364,0.9440512287682663
turbine_1,2025-12-09T18:00:00Z,2025-12-11T15:00:00Z,45.0,0.99,0.9942224907966956,0.9406558477142394
turbine_1,2025-12-09T18:00:00Z,2025-12-11T16:00:00Z,46.0,0.99,0.9854057881731306,0.940434111088679
turbine_1,2025-12-09T18:00:00Z,2025-12-11T17:00:00Z,47.0,0.99,0.9903518070954003,0.9439620976505676
turbine_1,2025-12-09T18:00:00Z,2025-12-11T18:00:00Z,48.0,0.99,0.9720360057980366,0.9237536725940729
turbine_1,2025-12-10T18:00:00Z,2025-12-10T19:00:00Z,1.0,0.9066666666666666,0.8915872361309158,0.750999515466714
turbine_1,2025-12-10T18:00:00Z,2025-12-10T20:00:00Z,2.0,0.475,0.7186844147153975,0.620242308616893
turbine_1,2025-12-10T18:00:00Z,2025-12-10T21:00:00Z,3.0,0.3616666666666666,0.4264768044921211,0.39354375302401323
turbine_1,2025-12-10T18:00:00Z,2025-12-10T22:00:00Z,4.0,0.0933333333333333,0.1776345791793647,0.17526282515321953
turbine_1,2025-12-10T18:00:00Z,2025-12-10T23:00:00Z,5.0,0.01,0.02161873949320986,0.06169598658907305
turbine_1,2025-12-10T18:00:00Z,2025-12-11T00:00:00Z,6.0,0.01,0.01816075795540112,0.07962289863266675
turbine_1,2025-12-10T18:00:00Z,2025-12-11T01:00:00Z,7.0,0.0333333333333333,0.05711574962063204,0.1088731620632323
turbine_1,2025-12-10T18:00:00Z,2025-12-11T02:00:00Z,8.0,0.01,0.16342891727077813,0.2575079472407853
turbine_1,2025-12-10T18:00:00Z,2025-12-11T03:00:00Z,9.0,0.1766666666666666,0.8032281636891029,0.7366886198531263
turbine_1,2025-12-10T18:00:00Z,2025-12-11T04:00:00Z,10.0,0.995,0.9601236177694852,0.9081775372522373
turbine_1,2025-12-10T18:00:00Z,2025-12-11T05:00:00Z,11.0,0.99,0.9788508109918758,0.9313848963131279
turbine_1,2025-12-10T18:00:00Z,2025-12-11T06:00:00Z,12.0,0.99,0.9744897613288082,0.9355646224792113
turbine_1,2025-12-10T18:00:00Z,2025-12-11T07:00:00Z,13.0,0.9883333333333332,0.9765763759910173,0.9530076477989669
turbine_1,2025-12-10T18:00:00Z,2025-12-11T08:00:00Z,14.0,0.99,0.9809925176692778,0.9760053904740226
turbine_1,2025-12-10T18:00:00Z,2025-12-11T09:00:00Z,15.0,0.99,1.0,0.9786041254440568
turbine_1,2025-12-10T18:00:00Z,2025-12-11T10:00:00Z,16.0,0.99,1.0,0.968027258880394
turbine_1,2025-12-10T18:00:00Z,2025-12-11T11:00:00Z,17.0,0.99,0.9991376662706117,0.9589437168667058
turbine_1,2025-12-10T18:00:00Z,2025-12-11T12:00:00Z,18.0,0.99,0.989869504431467,0.9604764883302565
turbine_1,2025-12-10T18:00:00Z,2025-12-11T13:00:00Z,19.0,0.99,0.9918557559065516,0.9594592172969679
turbine_1,2025-12-10T18:00:00Z,2025-12-11T14:00:00Z,20.0,0.99,0.9922271938975364,0.9564612304198771
turbine_1,2025-12-10T18:00:00Z,2025-12-11T15:00:00Z,21.0,0.99,0.9942224907966956,0.9433691485820087
turbine_1,2025-12-10T18:00:00Z,2025-12-11T16:00:00Z,22.0,0.99,0.9854057881731306,0.9429244331389596
turbine_1,2025-12-10T18:00:00Z,2025-12-11T17:00:00Z,23.0,0.99,0.9903518070954003,0.9443198746051096
turbine_1,2025-12-10T18:00:00Z,2025-12-11T18:00:00Z,24.0,0.99,0.9720360057980366,0.9209627424566331
turbine_1,2025-12-10T18:00:00Z,2025-12-11T19:00:00Z,25.0,0.99,0.9735378090602229,0.915017478601445
turbine_1,2025-12-10T18:00:00Z,2025-12-11T20:00:00Z,26.0,0.99,0.9652736980012263,0.9097995245263092
turbine_1,2025-12-10T18:00:00Z,2025-12-11T21:00:00Z,27.0,0.99,0.9687448781045161,0.9251765976890487
turbine_1,2025-12-10T18:00:00Z,2025-12-11T22:00:00Z,28.0,0.99,0.949878309671521,0.9251576824845043
turbine_1,2025-12-10T18:00:00Z,2025-12-11T23:00:00Z,29.0,0.99,0.951954996807466,0.925737410055637
turbine_1,2025-12-10T18:00:00Z,2025-12-12T00:00:00Z,30.0,0.99,0.9495258057481565,0.9222275220377717
turbine_1,2025-12-10T18:00:00Z,2025-12-12T01:00:00Z,31.0,0.99,0.9500573953684426,0.9230301662916162
turbine_1,2025-12-10T18:00:00Z,2025-12-12T04:00:00Z,34.0,0.99,0.9603042879342581,0.9306263874504654
turbine_1,2025-12-10T18:00:00Z,2025-12-12T05:00:00Z,35.0,0.99,0.9788508109918758,0.9313848963131279
turbine_1,2025-12-10T18:00:00Z,2025-12-12T06:00:00Z,36.0,0.99,0.9749648164549097,0.938223403224445
turbine_1,2025-12-10T18:00:00Z,2025-12-12T07:00:00Z,37.0,0.99,0.9770514311171189,0.9556167411329136
turbine_1,2025-12-10T18:00:00Z,2025-12-12T08:00:00Z,38.0,0.99,0.9821489695655795,0.9624615025727473
turbine_1,2025-12-10T18:00:00Z,2025-12-12T09:00:00Z,39.0,0.99,1.0,0.9662626993902075
turbine_1,2025-12-10T18:00:00Z,2025-12-12T10:00:00Z,40.0,0.9883333333333332,1.0,0.9619951191702006
turbine_1,2025-12-10T18:00:00Z,2025-12-12T11:00:00Z,41.0,0.99,1.0,0.9527910756833611
turbine_1,2025-12-10T18:00:00Z,2025-12-12T12:00:00Z,42.0,0.99,0.9965394862939735,0.9497100972274778
turbine_1,2025-12-10T18:00:00Z,2025-12-12T13:00:00Z,43.0,0.99,0.997171677883765,0.9399179173479489
turbine_1,2025-12-10T18:00:00Z,2025-12-12T15:00:00Z,45.0,0.99,0.9985586724935529,0.93443704130322
turbine_1,2025-12-10T18:00:00Z,2025-12-12T16:00:00Z,46.0,0.99,0.9855888741712358,0.9363573099102139
turbine_1,2025-12-10T18:00:00Z,2025-12-12T17:00:00Z,47.0,0.99,0.9898209818028314,0.9423567385400032
turbine_1,2025-12-10T18:00:00Z,2025-12-12T18:00:00Z,48.0,0.99,0.9718326495463305,0.9193573833460688
turbine_1,2025-12-11T18:00:00Z,2025-12-11T19:00:00Z,1.0,0.99,0.9740128641863245,0.9148853292092388
turbine_1,2025-12-11T18:00:00Z,2025-12-11T20:00:00Z,2.0,0.99,0.9652736980012263,0.9097995245263092
turbine_1,2025-12-11T18:00:00Z,2025-12-11T21:00:00Z,3.0,0.99,0.9687448781045161,0.9251765976890487
turbine_1,2025-12-11T18:00:00Z,2025-12-11T22:00:00Z,4.0,0.99,0.949878309671521,0.9251576824845043
turbine_1,2025-12-11T18:00:00Z,2025-12-11T23:00:00Z,5.0,0.99,0.951954996807466,0.925737410055637
turbine_1,2025-12-11T18:00:00Z,2025-12-12T00:00:00Z,6.0,0.99,0.9495258057481565,0.9222275220377717
turbine_1,2025-12-11T18:00:00Z,2025-12-12T01:00:00Z,7.0,0.99,0.9500573953684426,0.9230301662916162
turbine_1,2025-12-11T18:00:00Z,2025-12-12T04:00:00Z,10.0,0.99,0.9603042879342581,0.9306263874504654
turbine_1,2025-12-11T18:00:00Z,2025-12-12T05:00:00Z,11.0,0.99,0.9788508109918758,0.9313848963131279
turbine_1,2025-12-11T18:00:00Z,2025-12-12T06:00:00Z,12.0,0.99,0.9749648164549097,0.938223403224445
turbine_1,2025-12-11T18:00:00Z,2025-12-12T07:00:00Z,13.0,0.99,0.9770514311171189,0.9556167411329136
turbine_1,2025-12-11T18:00:00Z,2025-12-12T08:00:00Z,14.0,0.99,0.9821489695655795,0.9624615025727473
turbine_1,2025-12-11T18:00:00Z,2025-12-12T09:00:00Z,15.0,0.99,1.0,0.9662626993902075
turbine_1,2025-12-11T18:00:00Z,2025-12-12T10:00:00Z,16.0,0.9883333333333332,1.0,0.9619951191702006
turbine_1,2025-12-11T18:00:00Z,2025-12-12T11:00:00Z,17.0,0.99,1.0,0.9506548235927185
turbine_1,2025-12-11T18:00:00Z,2025-12-12T12:00:00Z,18.0,0.99,0.9965394862939735,0.9497100972274778
turbine_1,2025-12-11T18:00:00Z,2025-12-12T13:00:00Z,19.0,0.99,0.997171677883765,0.9399179173479489
turbine_1,2025-12-11T18:00:00Z,2025-12-12T15:00:00Z,21.0,0.99,0.9981296374158761,0.9259715070312594
turbine_1,2025-12-11T18:00:00Z,2025-12-12T16:00:00Z,22.0,0.99,0.984445927802885,0.9353225551217004
turbine_1,2025-12-11T18:00:00Z,2025-12-12T17:00:00Z,23.0,0.99,0.988081639638742,0.9400997757860711
turbine_1,2025-12-11T18:00:00Z,2025-12-12T18:00:00Z,24.0,0.99,0.9718326495463305,0.9236482163158927
turbine_1,2025-12-11T18:00:00Z,2025-12-12T19:00:00Z,25.0,0.99,0.9740128641863245,0.9148853292092388
turbine_1,2025-12-11T18:00:00Z,2025-12-12T20:00:00Z,26.0,0.8983333333333333,0.9650891126028573,0.8979595186097478
turbine_1,2025-12-11T18:00:00Z,2025-12-12T21:00:00Z,27.0,0.5383333333333333,0.8491722557894548,0.7952075713138405
turbine_1,2025-12-11T18:00:00Z,2025-12-12T22:00:00Z,28.0,0.1933333333333333,0.5608016775875674,0.5264586130095876
turbine_1,2025-12-11T18:00:00Z,2025-12-12T23:00:00Z,29.0,0.0566666666666666,0.039115986971336864,0.07615846627656614
turbine_1,2025-12-11T18:00:00Z,2025-12-13T00:00:00Z,30.0,0.0116666666666666,0.026312779940373454,0.06901853805167357
turbine_1,2025-12-11T18:00:00Z,2025-12-13T01:00:00Z,31.0,0.0266666666666666,0.04083186837145367,0.07671627119361413
turbine_1,2025-12-11T18:00:00Z,2025-12-13T02:00:00Z,32.0,0.0249999999999999,0.015495190418656768,0.06762272353172905
turbine_1,2025-12-11T18:00:00Z,2025-12-13T03:00:00Z,33.0,0.015,0.02875136203174905,0.06890009369624389
turbine_1,2025-12-11T18:00:00Z,2025-12-13T04:00:00Z,34.0,0.0666666666666666,0.06353772686401979,0.09715235662619054
turbine_1,2025-12-11T18:00:00Z,2025-12-13T06:00:00Z,36.0,0.1516666666666666,0.06408361362190507,0.13405849220865185
turbine_1,2025-12-11T18:00:00Z,2025-12-13T07:00:00Z,37.0,0.265,0.20822449064361823,0.24779904123008212
turbine_1,2025-12-11T18:00:00Z,2025-12-13T08:00:00Z,38.0,0.4166666666666667,0.2910573347569211,0.33650836842261556
turbine_1,2025-12-11T18:00:00Z,2025-12-13T09:00:00Z,39.0,0.4433333333333333,0.5656171315061455,0.6500643671855316
turbine_1,2025-12-11T18:00:00Z,2025-12-13T10:00:00Z,40.0,0.5366666666666666,0.7940842898761914,0.7495781595501361
turbine_1,2025-12-11T18:00:00Z,2025-12-13T11:00:00Z,41.0,0.7383333333333333,0.9440182336853813,0.8530751333311631
turbine_1,2025-12-11T18:00:00Z,2025-12-13T12:00:00Z,42.0,0.9166666666666666,0.9314162763068153,0.8745408064670909
turbine_1,2025-12-11T18:00:00Z,2025-12-13T13:00:00Z,43.0,0.9133333333333334,0.96510131493111,0.9010787657035091
turbine_1,2025-12-11T18:00:00Z,2025-12-13T14:00:00Z,44.0,0.88,0.9447015629266692,0.8759991834174949
turbine_1,2025-12-11T18:00:00Z,2025-12-13T15:00:00Z,45.0,0.99,0.946044588586335,0.8743086693570656
turbine_1,2025-12-11T18:00:00Z,2025-12-13T16:00:00Z,46.0,0.9166666666666666,0.9561252070547183,0.8672863538145444
turbine_1,2025-12-11T18:00:00Z,2025-12-13T17:00:00Z,47.0,0.8666666666666667,0.8724133288310104,0.8128299269512931
turbine_1,2025-12-11T18:00:00Z,2025-12-13T18:00:00Z,48.0,0.3166666666666666,0.8620335402571077,0.7833624982965779
turbine_1,2025-12-12T18:00:00Z,2025-12-12T19:00:00Z,1.0,0.99,0.9381666279472167,0.8840896364263569
turbine_1,2025-12-12T18:00:00Z,2025-12-12T20:00:00Z,2.0,0.8983333333333333,0.8247861760727935,0.7624166892569735
turbine_1,2025-12-12T18:00:00Z,2025-12-12T21:00:00Z,3.0,0.5383333333333333,0.09783655824739736,0.19742126120248174
turbine_1,2025-12-12T18:00:00Z,2025-12-12T22:00:00Z,4.0,0.1933333333333333,0.04898321839844752,0.10973566418160852
turbine_1,2025-12-12T18:00:00Z,2025-12-12T23:00:00Z,5.0,0.0566666666666666,0.02581013543032573,0.06598363913399152
turbine_1,2025-12-12T18:00:00Z,2025-12-13T00:00:00Z,6.0,0.0116666666666666,0.020255949213894064,0.05783901804665342
turbine_1,2025-12-12T18:00:00Z,2025-12-13T01:00:00Z,7.0,0.0266666666666666,0.02294907099461918,0.06448903075303497
turbine_1,2025-12-12T18:00:00Z,2025-12-13T02:00:00Z,8.0,0.0249999999999999,0.01620618969642723,0.06586805288955289
turbine_1,2025-12-12T18:00:00Z,2025-12-13T03:00:00Z,9.0,0.015,0.022623572999061925,0.07679293714648716
turbine_1,2025-12-12T18:00:00Z,2025-12-13T04:00:00Z,10.0,0.0666666666666666,0.020633460982300428,0.07011282458665047
turbine_1,2025-12-12T18:00:00Z,2025-12-13T06:00:00Z,12.0,0.1516666666666666,0.20842606545565628,0.2559729058048275
turbine_1,2025-12-12T18:00:00Z,2025-12-13T07:00:00Z,13.0,0.265,0.5837170292587535,0.5962971762823333
turbine_1,2025-12-12T18:00:00Z,2025-12-13T08:00:00Z,14.0,0.4166666666666667,0.8645886392851602,0.7628547057450796
turbine_1,2025-12-12T18:00:00Z,2025-12-13T09:00:00Z,15.0,0.4433333333333333,0.970119403681455,0.8765955239275377
turbine_1,2025-12-12T18:00:00Z,2025-12-13T10:00:00Z,16.0,0.5366666666666666,0.9457433755083025,0.869497110774504
turbine_1,2025-12-12T18:00:00Z,2025-12-13T11:00:00Z,17.0,0.7383333333333333,0.9849722468969304,0.9019007396002535
turbine_1,2025-12-12T18:00:00Z,2025-12-13T12:00:00Z,18.0,0.9166666666666666,0.947461389980572,0.8610521515973815
turbine_1,2025-12-12T18:00:00Z,2025-12-13T13:00:00Z,19.0,0.9133333333333334,0.7408907369492201,0.7489856897906515
turbine_1,2025-12-12T18:00:00Z,2025-12-13T14:00:00Z,20.0,0.88,0.7681198951320037,0.7311392368278242
turbine_1,2025-12-12T18:00:00Z,2025-12-13T15:00:00Z,21.0,0.99,0.895874927664461,0.8000002411720987
turbine_1,2025-12-12T18:00:00Z,2025-12-13T16:00:00Z,22.0,0.9166666666666666,0.9313529167081733,0.8471202737702923
turbine_1,2025-12-12T18:00:00Z,2025-12-13T17:00:00Z,23.0,0.8666666666666667,0.94934188815465,0.8610875193170036
turbine_1,2025-12-12T18:00:00Z,2025-12-13T18:00:00Z,24.0,0.3166666666666666,0.9417015845091391,0.8513402453830499
turbine_1,2025-12-12T18:00:00Z,2025-12-13T19:00:00Z,25.0,0.2866666666666667,0.7982571726962202,0.7004472399655098
turbine_1,2025-12-12T18:00:00Z,2025-12-13T20:00:00Z,26.0,0.0766666666666666,0.4657491230137353,0.5072958539526167
turbine_1,2025-12-12T18:00:00Z,2025-12-13T21:00:00Z,27.0,0.3533333333333333,0.19927191537400557,0.25806761033724324
turbine_1,2025-12-12T18:00:00Z,2025-12-13T22:00:00Z,28.0,0.7083333333333334,0.05388986062914655,0.14579143626715668
turbine_1,2025-12-12T18:00:00Z,2025-12-13T23:00:00Z,29.0,0.605,0.02327242413679287,0.0597485824775113
turbine_1,2025-12-12T18:00:00Z,2025-12-14T00:00:00Z,30.0,0.3583333333333333,0.043025441439906,0.09117158839631667
turbine_1,2025-12-12T18:00:00Z,2025-12-14T01:00:00Z,31.0,0.305,0.03403469417359484,0.06685358406922515
turbine_1,2025-12-12T18:00:00Z,2025-12-14T02:00:00Z,32.0,0.3783333333333333,0.04966533232924128,0.09063811599593596
turbine_1,2025-12-12T18:00:00Z,2025-12-14T03:00:00Z,33.0,0.73,0.09958926829869023,0.18145068134962838
turbine_1,2025-12-12T18:00:00Z,2025-12-14T04:00:00Z,34.0,0.73,0.8020271719972296,0.672356872656261
turbine_1,2025-12-12T18:00:00Z,2025-12-14T05:00:00Z,35.0,0.8216666666666667,0.8918722876421076,0.7898491451142167
turbine_1,2025-12-12T18:00:00Z,2025-12-14T06:00:00Z,36.0,0.9166666666666666,0.7321803050141946,0.6545840010662145
turbine_1,2025-12-12T18:00:00Z,2025-12-14T07:00:00Z,37.0,0.9766666666666666,0.4272812811303262,0.5282328682722872
turbine_1,2025-12-12T18:00:00Z,2025-12-14T08:00:00Z,38.0,0.9866666666666668,0.4279548282713721,0.4970685457213832
turbine_1,2025-12-12T18:00:00Z,2025-12-14T09:00:00Z,39.0,0.7600000000000001,0.3487241670186811,0.37721635875676507
turbine_1,2025-12-12T18:00:00Z,2025-12-14T10:00:00Z,40.0,0.2916666666666667,0.1595875898004362,0.1908870452845283
turbine_1,2025-12-12T18:00:00Z,2025-12-14T11:00:00Z,41.0,0.03,0.057907398126915616,0.1465045240077745
turbine_1,2025-12-12T18:00:00Z,2025-12-14T12:00:00Z,42.0,0.0316666666666666,0.04364040847744727,0.16050830904444557
turbine_1,2025-12-12T18:00:00Z,2025-12-14T13:00:00Z,43.0,0.2466666666666666,0.15023858360759923,0.2280448630484236
turbine_1,2025-12-12T18:00:00Z,2025-12-14T14:00:00Z,44.0,0.8883333333333333,0.8308367725724318,0.8130497238875274
turbine_1,2025-12-12T18:00:00Z,2025-12-14T15:00:00Z,45.0,0.99,0.9739612581028486,0.8732082532800551
turbine_1,2025-12-12T18:00:00Z,2025-12-14T16:00:00Z,46.0,0.99,0.984445927802885,0.930363217706154
turbine_1,2025-12-12T18:00:00Z,2025-12-14T17:00:00Z,47.0,0.99,0.9901484508436942,0.9423567385400032
turbine_1,2025-12-12T18:00:00Z,2025-12-14T18:00:00Z,48.0,0.99,0.971076145427791,0.9146666894167692
turbine_1,2025-12-13T18:00:00Z,2025-12-13T19:00:00Z,1.0,0.2866666666666667,0.9145477862377392,0.8221949252605547
turbine_1,2025-12-13T18:00:00Z,2025-12-13T20:00:00Z,2.0,0.0766666666666666,0.47972925175083864,0.5404626292536463
turbine_1,2025-12-13T18:00:00Z,2025-12-13T21:00:00Z,3.0,0.3533333333333333,0.6160881958596585,0.6380035956725837
turbine_1,2025-12-13T18:00:00Z,2025-12-13T22:00:00Z,4.0,0.7083333333333334,0.10805545309378768,0.2511638458929438
turbine_1,2025-12-13T18:00:00Z,2025-12-13T23:00:00Z,5.0,0.605,0.027308196789691208,0.0640340526128424
turbine_1,2025-12-13T18:00:00Z,2025-12-14T00:00:00Z,6.0,0.3583333333333333,0.05645704359397796,0.11796631556367645
turbine_1,2025-12-13T18:00:00Z,2025-12-14T01:00:00Z,7.0,0.305,0.05764892397797958,0.11416530626090315
turbine_1,2025-12-13T18:00:00Z,2025-12-14T02:00:00Z,8.0,0.3783333333333333,0.6035466830196601,0.5737257113196245
turbine_1,2025-12-13T18:00:00Z,2025-12-14T03:00:00Z,9.0,0.73,0.8939851289072025,0.7715845621440143
turbine_1,2025-12-13T18:00:00Z,2025-12-14T04:00:00Z,10.0,0.73,0.7490518919637082,0.6065730103871869
turbine_1,2025-12-13T18:00:00Z,2025-12-14T05:00:00Z,11.0,0.8216666666666667,0.9251534148495524,0.8548480390819004
turbine_1,2025-12-13T18:00:00Z,2025-12-14T06:00:00Z,12.0,0.9166666666666666,0.864181847302096,0.7739356558899622
turbine_1,2025-12-13T18:00:00Z,2025-12-14T07:00:00Z,13.0,0.9766666666666666,0.7333342106861808,0.6673570180189259
turbine_1,2025-12-13T18:00:00Z,2025-12-14T08:00:00Z,14.0,0.9866666666666668,0.6737762867061916,0.6790529841358195
turbine_1,2025-12-13T18:00:00Z,2025-12-14T09:00:00Z,15.0,0.7600000000000001,0.4596384775693513,0.5182319246771152
turbine_1,2025-12-13T18:00:00Z,2025-12-14T10:00:00Z,16.0,0.2916666666666667,0.2115305639211873,0.2860228310482762
turbine_1,2025-12-13T18:00:00Z,2025-12-14T11:00:00Z,17.0,0.03,0.03887949828990245,0.13726410033039968
turbine_1,2025-12-13T18:00:00Z,2025-12-14T12:00:00Z,18.0,0.0316666666666666,0.0840565673104956,0.17313776361879282
turbine_1,2025-12-13T18:00:00Z,2025-12-14T13:00:00Z,19.0,0.2466666666666666,0.4482632726932831,0.54086010216446
turbine_1,2025-12-13T18:00:00Z,2025-12-14T14:00:00Z,20.0,0.8883333333333333,0.9658110967985446,0.9051523962391369
turbine_1,2025-12-13T18:00:00Z,2025-12-14T15:00:00Z,21.0,0.99,0.9985586724935529,0.9316461111657802
turbine_1,2025-12-13T18:00:00Z,2025-12-14T16:00:00Z,22.0,0.99,0.9858808432992322,0.9434053912814244
turbine_1,2025-12-13T18:00:00Z,2025-12-14T17:00:00Z,23.0,0.99,0.9908268622215018,0.946933377843313
turbine_1,2025-12-13T18:00:00Z,2025-12-14T18:00:00Z,24.0,0.99,0.9718326495463305,0.9193573833460688
turbine_1,2025-12-13T18:00:00Z,2025-12-14T19:00:00Z,25.0,0.99,0.9725779486899773,0.9006586585610832
turbine_1,2025-12-13T18:00:00Z,2025-12-14T20:00:00Z,26.0,0.96,0.9476661965343793,0.8837427948753743
turbine_1,2025-12-13T18:00:00Z,2025-12-14T21:00:00Z,27.0,0.89,0.881988384711204,0.8574683057419488
turbine_1,2025-12-13T18:00:00Z,2025-12-14T22:00:00Z,28.0,0.555,0.6581960953571324,0.6584363486611038
turbine_1,2025-12-13T18:00:00Z,2025-12-14T23:00:00Z,29.0,0.2366666666666667,0.43723434462089295,0.5028721621105643
turbine_1,2025-12-13T18:00:00Z,2025-12-15T00:00:00Z,30.0,0.0166666666666666,0.053419791449117016,0.1446854300287696
turbine_1,2025-12-13T18:00:00Z,2025-12-15T01:00:00Z,31.0,0.0183333333333333,0.0154075666360593,0.07180686345718318
turbine_1,2025-12-13T18:00:00Z,2025-12-15T02:00:00Z,32.0,0.6433333333333333,0.03857285251617287,0.07486439117496485
turbine_1,2025-12-13T18:00:00Z,2025-12-15T03:00:00Z,33.0,0.5750000000000001,0.0990893750770951,0.11941457987806836
turbine_1,2025-12-13T18:00:00Z,2025-12-15T04:00:00Z,34.0,0.7599999999999999,0.33449773011020967,0.40829043195726794
turbine_1,2025-12-13T18:00:00Z,2025-12-15T05:00:00Z,35.0,0.9933333333333332,0.8008781865956109,0.7133197058340559
turbine_1,2025-12-13T18:00:00Z,2025-12-15T06:00:00Z,36.0,0.99,0.9381942783589857,0.8732368107598947
turbine_1,2025-12-13T18:00:00Z,2025-12-15T07:00:00Z,37.0,0.99,0.9772006012656654,0.9440446341310035
turbine_1,2025-12-13T18:00:00Z,2025-12-15T08:00:00Z,38.0,0.99,0.9634796792151009,0.9067107498287725
turbine_1,2025-12-13T18:00:00Z,2025-12-15T09:00:00Z,39.0,0.99,0.9562348521607372,0.8718513025014798
turbine_1,2025-12-13T18:00:00Z,2025-12-15T10:00:00Z,40.0,0.99,0.9561627486769915,0.8747430237628153
turbine_1,2025-12-13T18:00:00Z,2025-12-15T11:00:00Z,41.0,0.99,0.9491501680743742,0.8437582335138807
turbine_1,2025-12-13T18:00:00Z,2025-12-15T12:00:00Z,42.0,0.99,0.9075447329109524,0.8242431659677023
turbine_1,2025-12-13T18:00:00Z,2025-12-15T13:00:00Z,43.0,0.99,0.9062525723890622,0.7816742124771474
turbine_1,2025-12-13T18:00:00Z,2025-12-15T14:00:00Z,44.0,0.99,0.8940355021378499,0.7756058471895305
turbine_1,2025-12-13T18:00:00Z,2025-12-15T15:00:00Z,45.0,0.9783333333333334,0.7216508500481456,0.6557283920509263
turbine_1,2025-12-13T18:00:00Z,2025-12-15T16:00:00Z,46.0,0.465,0.6960799338763689,0.6476475997678517
turbine_1,2025-12-13T18:00:00Z,2025-12-15T17:00:00Z,47.0,0.0349999999999999,0.40787490834033235,0.4079274799217818
turbine_1,2025-12-13T18:00:00Z,2025-12-15T18:00:00Z,48.0,0.0266666666666666,0.11635282687454301,0.13395438368786355
turbine_1,2025-12-14T18:00:00Z,2025-12-14T19:00:00Z,1.0,0.99,0.970792586477463,0.9053929464067633
turbine_1,2025-12-14T18:00:00Z,2025-12-14T20:00:00Z,2.0,0.96,0.9650491774902628,0.9015669460822134
turbine_1,2025-12-14T18:00:00Z,2025-12-14T21:00:00Z,3.0,0.89,0.9094299991016163,0.8589442996663713
turbine_1,2025-12-14T18:00:00Z,2025-12-14T22:00:00Z,4.0,0.555,0.6097586595834665,0.6406213649195236
turbine_1,2025-12-14T18:00:00Z,2025-12-14T23:00:00Z,5.0,0.2366666666666667,0.42825760982470074,0.5003921815512649
turbine_1,2025-12-14T18:00:00Z,2025-12-15T00:00:00Z,6.0,0.0166666666666666,0.05297569976937397,0.14328863162519367
turbine_1,2025-12-14T18:00:00Z,2025-12-15T01:00:00Z,7.0,0.0183333333333333,0.0686163455726758,0.18053337852920445
turbine_1,2025-12-14T18:00:00Z,2025-12-15T02:00:00Z,8.0,0.6433333333333333,0.021476471139170533,0.08063548137978793
turbine_1,2025-12-14T18:00:00Z,2025-12-15T03:00:00Z,9.0,0.5750000000000001,0.03683403479147451,0.07557911497873299
turbine_1,2025-12-14T18:00:00Z,2025-12-15T04:00:00Z,10.0,0.7599999999999999,0.13506207018845098,0.16770628726709014
turbine_1,2025-12-14T18:00:00Z,2025-12-15T05:00:00Z,11.0,0.9933333333333332,0.7151941114976429,0.6320220047772747
turbine_1,2025-12-14T18:00:00Z,2025-12-15T06:00:00Z,12.0,0.99,0.9753242242726222,0.9342808928651894
turbine_1,2025-12-14T18:00:00Z,2025-12-15T07:00:00Z,13.0,0.99,0.9698460060164508,0.9218999694853637
turbine_1,2025-12-14T18:00:00Z,2025-12-15T08:00:00Z,14.0,0.99,0.9644444488573761,0.878093393258836
turbine_1,2025-12-14T18:00:00Z,2025-12-15T09:00:00Z,15.0,0.99,0.9633562439543965,0.9223395653540165
turbine_1,2025-12-14T18:00:00Z,2025-12-15T10:00:00Z,16.0,0.99,0.9554045813094413,0.8896950370864328
turbine_1,2025-12-14T18:00:00Z,2025-12-15T11:00:00Z,17.0,0.99,0.9554860070296175,0.8531241154241636
turbine_1,2025-12-14T18:00:00Z,2025-12-15T12:00:00Z,18.0,0.99,0.910328824000381,0.8321464653157645
turbine_1,2025-12-14T18:00:00Z,2025-12-15T13:00:00Z,19.0,0.99,0.9054073800269523,0.8076666222858042
turbine_1,2025-12-14T18:00:00Z,2025-12-15T14:00:00Z,20.0,0.99,0.8250443421605901,0.7198512579264
turbine_1,2025-12-14T18:00:00Z,2025-12-15T15:00:00Z,21.0,0.9783333333333334,0.696698759866518,0.6512837525589783
turbine_1,2025-12-14T18:00:00Z,2025-12-15T16:00:00Z,22.0,0.465,0.5470181993350609,0.5515408794929891
turbine_1,2025-12-14T18:00:00Z,2025-12-15T17:00:00Z,23.0,0.0349999999999999,0.319494600490582,0.2834912429774124
turbine_1,2025-12-14T18:00:00Z,2025-12-15T18:00:00Z,24.0,0.0266666666666666,0.14689326342844866,0.14657571567512498
turbine_1,2025-12-14T18:00:00Z,2025-12-15T19:00:00Z,25.0,0.01,0.06691501582170417,0.10165271760755248
turbine_1,2025-12-14T18:00:00Z,2025-12-15T20:00:00Z,26.0,0.01,0.019276100830268483,0.07339293586150414
turbine_1,2025-12-14T18:00:00Z,2025-12-15T21:00:00Z,27.0,0.0116666666666666,0.031129400419074305,0.08501514954161338
turbine_1,2025-12-14T18:00:00Z,2025-12-15T22:00:00Z,28.0,0.035,0.039407051732713055,0.09486349593539789
turbine_1,2025-12-14T18:00:00Z,2025-12-15T23:00:00Z,29.0,0.0583333333333333,0.0948218739173214,0.23538244898627603
turbine_1,2025-12-14T18:00:00Z,2025-12-16T00:00:00Z,30.0,0.3583333333333334,0.13533362144967137,0.31494682741960117
turbine_1,2025-12-14T18:00:00Z,2025-12-16T01:00:00Z,31.0,0.4333333333333333,0.21863183045216558,0.35115823141277325
turbine_1,2025-12-14T18:00:00Z,2025-12-16T02:00:00Z,32.0,0.64,0.34497410057056077,0.4355103614384275
turbine_1,2025-12-14T18:00:00Z,2025-12-16T03:00:00Z,33.0,0.96,0.3834844348183215,0.493811908306389
turbine_1,2025-12-14T18:00:00Z,2025-12-16T04:00:00Z,34.0,0.9883333333333332,0.3878656010318383,0.5012028786627496
turbine_1,2025-12-14T18:00:00Z,2025-12-16T05:00:00Z,35.0,0.9383333333333334,0.5944226847076284,0.6104192724208346
turbine_1,2025-12-14T18:00:00Z,2025-12-16T06:00:00Z,36.0,0.975,0.652874529809505,0.6191786387297047
turbine_1,2025-12-14T18:00:00Z,2025-12-16T07:00:00Z,37.0,0.965,0.6271773776775421,0.6447928650730852
turbine_1,2025-12-14T18:00:00Z,2025-12-16T08:00:00Z,38.0,0.9516666666666668,0.6256787096313589,0.6482803363593503
turbine_1,2025-12-14T18:00:00Z,2025-12-16T09:00:00Z,39.0,0.88,0.6830378007472373,0.6882373604203676
turbine_1,2025-12-14T18:00:00Z,2025-12-16T10:00:00Z,40.0,0.7600000000000001,0.6743916072505043,0.677443878400271
turbine_1,2025-12-14T18:00:00Z,2025-12-16T11:00:00Z,41.0,0.6883333333333334,0.6203351809650617,0.6408115179755072
turbine_1,2025-12-14T18:00:00Z,2025-12-16T12:00:00Z,42.0,0.4583333333333333,0.4822695214690126,0.5209757582365322
turbine_1,2025-12-14T18:00:00Z,2025-12-16T13:00:00Z,43.0,0.115,0.33698819936112867,0.5140867641114899
turbine_1,2025-12-14T18:00:00Z,2025-12-16T14:00:00Z,44.0,0.0116666666666666,0.3379914157926528,0.5080194818203836
turbine_1,2025-12-14T18:00:00Z,2025-12-16T15:00:00Z,45.0,0.0116666666666666,0.33801609724405246,0.48266154051968213
turbine_1,2025-12-14T18:00:00Z,2025-12-16T16:00:00Z,46.0,0.0999999999999999,0.5655783023798702,0.62171178702834
turbine_1,2025-12-14T18:00:00Z,2025-12-16T17:00:00Z,47.0,0.01,0.5984817017462476,0.6085258473423389
turbine_1,2025-12-14T18:00:00Z,2025-12-16T18:00:00Z,48.0,0.01,0.6564406064400519,0.642341485030061
turbine_1,2025-12-15T18:00:00Z,2025-12-15T19:00:00Z,1.0,0.01,0.06667463241905386,0.1047892463126964
turbine_1,2025-12-15T18:00:00Z,2025-12-15T20:00:00Z,2.0,0.01,0.03018886677805993,0.07398980515307535
turbine_1,2025-12-15T18:00:00Z,2025-12-15T21:00:00Z,3.0,0.0116666666666666,0.03830386971459465,0.06171248752236003
turbine_1,2025-12-15T18:00:00Z,2025-12-15T22:00:00Z,4.0,0.035,0.011962135623280856,0.060368199251271015
turbine_1,2025-12-15T18:00:00Z,2025-12-15T23:00:00Z,5.0,0.0583333333333333,0.01826209011383001,0.08021509516674552
turbine_1,2025-12-15T18:00:00Z,2025-12-16T00:00:00Z,6.0,0.3583333333333334,0.043786716508698004,0.11397189749978995
turbine_1,2025-12-15T18:00:00Z,2025-12-16T01:00:00Z,7.0,0.4333333333333333,0.12878155006474118,0.29385622086282287
turbine_1,2025-12-15T18:00:00Z,2025-12-16T02:00:00Z,8.0,0.64,0.3753665713855744,0.51362675694499
turbine_1,2025-12-15T18:00:00Z,2025-12-16T03:00:00Z,9.0,0.96,0.5945406916644042,0.6394741411473198
turbine_1,2025-12-15T18:00:00Z,2025-12-16T04:00:00Z,10.0,0.9883333333333332,0.7824045321469008,0.7170955280004632
turbine_1,2025-12-15T18:00:00Z,2025-12-16T05:00:00Z,11.0,0.9383333333333334,0.9176842577804398,0.8403115404134622
turbine_1,2025-12-15T18:00:00Z,2025-12-16T06:00:00Z,12.0,0.975,0.9502012911024769,0.8758240493000714
turbine_1,2025-12-15T18:00:00Z,2025-12-16T07:00:00Z,13.0,0.965,0.9558215193827189,0.8794272400055941
turbine_1,2025-12-15T18:00:00Z,2025-12-16T08:00:00Z,14.0,0.9516666666666668,0.8248013760141376,0.7766358097765049
turbine_1,2025-12-15T18:00:00Z,2025-12-16T09:00:00Z,15.0,0.88,0.7160537487487705,0.7264845954531992
turbine_1,2025-12-15T18:00:00Z,2025-12-16T10:00:00Z,16.0,0.7600000000000001,0.5113327856645983,0.5823725713237873
turbine_1,2025-12-15T18:00:00Z,2025-12-16T11:00:00Z,17.0,0.6883333333333334,0.4019882572358427,0.4964913869291875
turbine_1,2025-12-15T18:00:00Z,2025-12-16T12:00:00Z,18.0,0.4583333333333333,0.30853652259057107,0.46689259309726117
turbine_1,2025-12-15T18:00:00Z,2025-12-16T13:00:00Z,19.0,0.115,0.2648680807739235,0.4377765697157682
turbine_1,2025-12-15T18:00:00Z,2025-12-16T14:00:00Z,20.0,0.0116666666666666,0.2053164450374859,0.3512417612141016
turbine_1,2025-12-15T18:00:00Z,2025-12-16T15:00:00Z,21.0,0.0116666666666666,0.28555575758854373,0.46452079062554125
turbine_1,2025-12-15T18:00:00Z,2025-12-16T16:00:00Z,22.0,0.0999999999999999,0.3334937284806113,0.49621325111557607
turbine_1,2025-12-15T18:00:00Z,2025-12-16T17:00:00Z,23.0,0.01,0.5534865470020729,0.6047870295177027
turbine_1,2025-12-15T18:00:00Z,2025-12-16T18:00:00Z,24.0,0.01,0.28127679435500075,0.42455277325146296
turbine_1,2025-12-15T18:00:00Z,2025-12-16T19:00:00Z,25.0,0.01,0.27320261475087565,0.4182349941199235
turbine_1,2025-12-15T18:00:00Z,2025-12-16T20:00:00Z,26.0,0.01,0.2909885163011485,0.3893111763422725
turbine_1,2025-12-15T18:00:00Z,2025-12-16T21:00:00Z,27.0,0.0866666666666666,0.19492023974927752,0.3290633006002791
turbine_1,2025-12-15T18:00:00Z,2025-12-16T22:00:00Z,28.0,0.18,0.10466919449403868,0.2439658918785732
turbine_1,2025-12-15T18:00:00Z,2025-12-16T23:00:00Z,29.0,0.0116666666666666,0.04464985122830187,0.10048153137415589
turbine_1,2025-12-15T18:00:00Z,2025-12-17T00:00:00Z,30.0,0.01,0.02173079101892686,0.0793166108134738
turbine_1,2025-12-15T18:00:00Z,2025-12-17T01:00:00Z,31.0,0.06,0.011300496454342002,0.06149624353008992
turbine_1,2025-12-15T18:00:00Z,2025-12-17T02:00:00Z,32.0,0.1083333333333333,0.04206021815621874,0.07822807486338351
turbine_1,2025-12-15T18:00:00Z,2025-12-17T03:00:00Z,33.0,0.13,0.03720824801754413,0.06704461989325639
turbine_1,2025-12-15T18:00:00Z,2025-12-17T04:00:00Z,34.0,0.055,0.048796319389586645,0.09864169638055231
turbine_1,2025-12-15T18:00:00Z,2025-12-17T05:00:00Z,35.0,0.01,0.10160078287105569,0.10065767929317337
turbine_1,2025-12-15T18:00:00Z,2025-12-17T06:00:00Z,36.0,0.01,0.3373150026867844,0.39852504038754355
turbine_1,2025-12-15T18:00:00Z,2025-12-17T07:00:00Z,37.0,0.01,0.7399249834723144,0.6785294474995993
turbine_1,2025-12-15T18:00:00Z,2025-12-17T08:00:00Z,38.0,0.01,0.739123118798158,0.6961284702757973
turbine_1,2025-12-15T18:00:00Z,2025-12-17T09:00:00Z,39.0,0.01,0.9338053620630581,0.8768551409590267
turbine_1,2025-12-15T18:00:00Z,2025-12-17T10:00:00Z,40.0,0.01,0.9213497812319819,0.8269015056525171
turbine_1,2025-12-15T18:00:00Z,2025-12-17T11:00:00Z,41.0,0.01,0.9080123005992541,0.798457625231002
turbine_1,2025-12-15T18:00:00Z,2025-12-17T12:00:00Z,42.0,0.065,0.9092519278681964,0.8180157890467383
turbine_1,2025-12-15T18:00:00Z,2025-12-17T13:00:00Z,43.0,0.2199999999999999,0.910339210878229,0.8213040345413257
turbine_1,2025-12-15T18:00:00Z,2025-12-17T14:00:00Z,44.0,0.1949999999999999,0.8690499617592268,0.750658219101219
turbine_1,2025-12-15T18:00:00Z,2025-12-17T15:00:00Z,45.0,0.3916666666666666,0.8313725594104209,0.7369609507075837
turbine_1,2025-12-15T18:00:00Z,2025-12-17T16:00:00Z,46.0,0.425,0.7731267357435644,0.690040412667088
turbine_1,2025-12-15T18:00:00Z,2025-12-17T17:00:00Z,47.0,0.5,0.739683032633375,0.6579347764757802
turbine_1,2025-12-15T18:00:00Z,2025-12-17T18:00:00Z,48.0,0.7166666666666667,0.6352777036802153,0.5885809571695323
turbine_1,2025-12-16T18:00:00Z,2025-12-16T19:00:00Z,1.0,0.01,0.30546780265324525,0.36819855872903223
turbine_1,2025-12-16T18:00:00Z,2025-12-16T20:00:00Z,2.0,0.01,0.22648033510112955,0.34519111732524876
turbine_1,2025-12-16T18:00:00Z,2025-12-16T21:00:00Z,3.0,0.0866666666666666,0.20251277714561405,0.3366611719164771
turbine_1,2025-12-16T18:00:00Z,2025-12-16T22:00:00Z,4.0,0.18,0.17557212899866215,0.3211882733811304
turbine_1,2025-12-16T18:00:00Z,2025-12-16T23:00:00Z,5.0,0.0116666666666666,0.07848214888353565,0.2319421238052221
turbine_1,2025-12-16T18:00:00Z,2025-12-17T00:00:00Z,6.0,0.01,0.03939494202449165,0.09007591405246013
turbine_1,2025-12-16T18:00:00Z,2025-12-17T01:00:00Z,7.0,0.06,0.04435590036225251,0.09247421767302078
turbine_1,2025-12-16T18:00:00Z,2025-12-17T02:00:00Z,8.0,0.1083333333333333,0.03848381667390838,0.11020079530991617
turbine_1,2025-12-16T18:00:00Z,2025-12-17T03:00:00Z,9.0,0.13,0.02596551975899472,0.08113027398892908
turbine_1,2025-12-16T18:00:00Z,2025-12-17T04:00:00Z,10.0,0.055,0.036880467765052105,0.06322586757926535
turbine_1,2025-12-16T18:00:00Z,2025-12-17T05:00:00Z,11.0,0.01,0.056836779024576456,0.10266750403935196
turbine_1,2025-12-16T18:00:00Z,2025-12-17T06:00:00Z,12.0,0.01,0.20540240013447694,0.2613744159813986
turbine_1,2025-12-16T18:00:00Z,2025-12-17T07:00:00Z,13.0,0.01,0.37354283633373486,0.4321629356313826
turbine_1,2025-12-16T18:00:00Z,2025-12-17T08:00:00Z,14.0,0.01,0.5389280583460644,0.5666239284764334
turbine_1,2025-12-16T18:00:00Z,2025-12-17T09:00:00Z,15.0,0.01,0.8795729590916075,0.8293597415593491
turbine_1,2025-12-16T18:00:00Z,2025-12-17T10:00:00Z,16.0,0.01,0.9549597235499306,0.9083635897253496
turbine_1,2025-12-16T18:00:00Z,2025-12-17T11:00:00Z,17.0,0.01,0.929685981065648,0.8422708004263793
turbine_1,2025-12-16T18:00:00Z,2025-12-17T12:00:00Z,18.0,0.065,0.943340152199497,0.8397385203745544
turbine_1,2025-12-16T18:00:00Z,2025-12-17T13:00:00Z,19.0,0.2199999999999999,0.9433505390773448,0.832401147704579
turbine_1,2025-12-16T18:00:00Z,2025-12-17T14:00:00Z,20.0,0.1949999999999999,0.9032312903165663,0.7947673904117085
turbine_1,2025-12-16T18:00:00Z,2025-12-17T15:00:00Z,21.0,0.3916666666666666,0.8950238985261555,0.7947673904117085
turbine_1,2025-12-16T18:00:00Z,2025-12-17T16:00:00Z,22.0,0.425,0.7835209445904643,0.6907567535068864
turbine_1,2025-12-16T18:00:00Z,2025-12-17T17:00:00Z,23.0,0.5,0.7544731009898268,0.6642317654164696
turbine_1,2025-12-16T18:00:00Z,2025-12-17T18:00:00Z,24.0,0.7166666666666667,0.5766997946741801,0.5683268535898907
turbine_1,2025-12-16T18:00:00Z,2025-12-17T19:00:00Z,25.0,0.8533333333333334,0.4317624802897986,0.42237137490669885
turbine_1,2025-12-16T18:00:00Z,2025-12-17T20:00:00Z,26.0,0.6533333333333333,0.23339503207133686,0.24901660600788375
turbine_1,2025-12-16T18:00:00Z,2025-12-17T21:00:00Z,27.0,0.55,0.13785138916700843,0.13973938549907314
turbine_1,2025-12-16T18:00:00Z,2025-12-17T22:00:00Z,28.0,0.335,0.0881762308973725,0.10542747131680688
turbine_1,2025-12-16T18:00:00Z,2025-12-17T23:00:00Z,29.0,0.4633333333333334,0.08278414764061254,0.1009063761594183
turbine_1,2025-12-16T18:00:00Z,2025-12-18T00:00:00Z,30.0,0.605,0.0716438640795388,0.09320250364531751
turbine_1,2025-12-16T18:00:00Z,2025-12-18T01:00:00Z,31.0,0.4866666666666666,0.06453469196001568,0.08049129093727159
turbine_1,2025-12-16T18:00:00Z,2025-12-18T02:00:00Z,32.0,0.225,0.06978404463569392,0.08980628148203751
turbine_1,2025-12-16T18:00:00Z,2025-12-18T03:00:00Z,33.0,0.165,0.04293657939844345,0.0857432424183725
turbine_1,2025-12-16T18:00:00Z,2025-12-18T04:00:00Z,34.0,0.1683333333333333,0.040886168378276216,0.09202487597253295
turbine_1,2025-12-16T18:00:00Z,2025-12-18T05:00:00Z,35.0,0.1783333333333333,0.06828262443813007,0.07927970587808836
turbine_1,2025-12-16T18:00:00Z,2025-12-18T06:00:00Z,36.0,0.14,0.04391949538987333,0.09014978349958247
turbine_1,2025-12-16T18:00:00Z,2025-12-18T07:00:00Z,37.0,0.285,0.042840976777324236,0.09867706523831932
turbine_1,2025-12-16T18:00:00Z,2025-12-18T08:00:00Z,38.0,0.6649999999999999,0.09608322730807298,0.1421163699712688
turbine_1,2025-12-16T18:00:00Z,2025-12-18T09:00:00Z,39.0,0.6966666666666667,0.2145224637089806,0.3053138162364873
turbine_1,2025-12-16T18:00:00Z,2025-12-18T10:00:00Z,40.0,0.89,0.4339272411943119,0.49221436166129123
turbine_1,2025-12-16T18:00:00Z,2025-12-18T11:00:00Z,41.0,0.93,0.5023663988460743,0.5469419587786074
turbine_1,2025-12-16T18:00:00Z,2025-12-18T12:00:00Z,42.0,0.9483333333333333,0.9054111263186305,0.7840455540590365
turbine_1,2025-12-16T18:00:00Z,2025-12-18T13:00:00Z,43.0,0.9683333333333332,0.9094320342015433,0.8133909765467076
turbine_1,2025-12-16T18:00:00Z,2025-12-18T14:00:00Z,44.0,0.99,0.9254608397502976,0.8278450930607866
turbine_1,2025-12-16T18:00:00Z,2025-12-18T15:00:00Z,45.0,0.9883333333333332,0.8950238985261555,0.7947673904117085
turbine_1,2025-12-16T18:00:00Z,2025-12-18T16:00:00Z,46.0,0.9833333333333334,0.8848296551454878,0.773529328928904
turbine_1,2025-12-16T18:00:00Z,2025-12-18T17:00:00Z,47.0,0.9166666666666666,0.9004651813026289,0.7828559652884839
turbine_1,2025-12-16T18:00:00Z,2025-12-18T18:00:00Z,48.0,0.97,0.7992630376782187,0.6805384214122929
turbine_1,2025-12-17T18:00:00Z,2025-12-17T19:00:00Z,1.0,0.8533333333333334,0.5912739711099457,0.5605146935229081
turbine_1,2025-12-17T18:00:00Z,2025-12-17T20:00:00Z,2.0,0.6533333333333333,0.45024622212338467,0.48075947656886264
turbine_1,2025-12-17T18:00:00Z,2025-12-17T21:00:00Z,3.0,0.55,0.3440737273829173,0.3208927585641711
turbine_1,2025-12-17T18:00:00Z,2025-12-17T22:00:00Z,4.0,0.335,0.1525923968566685,0.18019919749970698
turbine_1,2025-12-17T18:00:00Z,2025-12-17T23:00:00Z,5.0,0.4633333333333334,0.10561182015916278,0.12218511030649626
turbine_1,2025-12-17T18:00:00Z,2025-12-18T00:00:00Z,6.0,0.605,0.09936554570708561,0.12837988659904828
turbine_1,2025-12-17T18:00:00Z,2025-12-18T01:00:00Z,7.0,0.4866666666666666,0.07764491222822234,0.11474396444649815
turbine_1,2025-12-17T18:00:00Z,2025-12-18T02:00:00Z,8.0,0.225,0.07860498068794834,0.10580233477555884
turbine_1,2025-12-17T18:00:00Z,2025-12-18T03:00:00Z,9.0,0.165,0.057576988139575874,0.11183207346429472
turbine_1,2025-12-17T18:00:00Z,2025-12-18T04:00:00Z,10.0,0.1683333333333333,0.05427489026922824,0.10431637584520823
turbine_1,2025-12-17T18:00:00Z,2025-12-18T05:00:00Z,11.0,0.1783333333333333,0.0701555790185668,0.080075630604238
turbine_1,2025-12-17T18:00:00Z,2025-12-18T06:00:00Z,12.0,0.14,0.051037453584868386,0.0866133104250289
turbine_1,2025-12-17T18:00:00Z,2025-12-18T07:00:00Z,13.0,0.285,0.11310471905085327,0.14115516130713832
turbine_1,2025-12-17T18:00:00Z,2025-12-18T08:00:00Z,14.0,0.6649999999999999,0.2858374138249958,0.3266512232465293
turbine_1,2025-12-17T18:00:00Z,2025-12-18T09:00:00Z,15.0,0.6966666666666667,0.4960198811015588,0.5380689505336141
turbine_1,2025-12-17T18:00:00Z,2025-12-18T10:00:00Z,16.0,0.89,0.7347498545133796,0.6668094089337173
turbine_1,2025-12-17T18:00:00Z,2025-12-18T11:00:00Z,17.0,0.93,0.909754596598452,0.7788870540930324
turbine_1,2025-12-17T18:00:00Z,2025-12-18T12:00:00Z,18.0,0.9483333333333333,0.8968835010489624,0.794726044641034
turbine_1,2025-12-17T18:00:00Z,2025-12-18T13:00:00Z,19.0,0.9683333333333332,0.9048797082246823,0.8036927162829819
turbine_1,2025-12-17T18:00:00Z,2025-12-18T14:00:00Z,20.0,0.99,0.9428837558187756,0.8381756972423617
turbine_1,2025-12-17T18:00:00Z,2025-12-18T15:00:00Z,21.0,0.9883333333333332,0.9361617660012757,0.8384390850515702
turbine_1,2025-12-17T18:00:00Z,2025-12-18T16:00:00Z,22.0,0.9833333333333334,0.9430454178670509,0.8474748281556352
turbine_1,2025-12-17T18:00:00Z,2025-12-18T17:00:00Z,23.0,0.9166666666666666,0.9434040722215059,0.8475776619345844
turbine_1,2025-12-17T18:00:00Z,2025-12-18T18:00:00Z,24.0,0.97,0.9568892697728338,0.8464786870833562
turbine_1,2025-12-17T18:00:00Z,2025-12-18T19:00:00Z,25.0,0.7399999999999999,0.9518631591102974,0.8424445411295318
turbine_1,2025-12-17T18:00:00Z,2025-12-18T20:00:00Z,26.0,0.9833333333333334,0.9571689090890668,0.8580938053609614
turbine_1,2025-12-17T18:00:00Z,2025-12-18T21:00:00Z,27.0,0.99,0.9027493242879134,0.8195169562122329
turbine_1,2025-12-17T18:00:00Z,2025-12-18T22:00:00Z,28.0,0.97,0.7682438544159144,0.6488520270566674
turbine_1,2025-12-17T18:00:00Z,2025-12-18T23:00:00Z,29.0,0.9383333333333334,0.6727838604501211,0.5873844988300846
turbine_1,2025-12-17T18:00:00Z,2025-12-19T00:00:00Z,30.0,0.5666666666666667,0.392930749011994,0.44947723795443717
turbine_1,2025-12-17T18:00:00Z,2025-12-19T01:00:00Z,31.0,0.1349999999999999,0.2057963362714966,0.2586890571835515
turbine_1,2025-12-17T18:00:00Z,2025-12-19T02:00:00Z,32.0,0.01,0.162309838782428,0.1796156237356365
turbine_1,2025-12-17T18:00:00Z,2025-12-19T03:00:00Z,33.0,0.0116666666666666,0.08265158690283599,0.09398616765651657
turbine_1,2025-12-17T18:00:00Z,2025-12-19T04:00:00Z,34.0,0.0316666666666666,0.011210082766873797,0.05885001571449022
turbine_1,2025-12-17T18:00:00Z,2025-12-19T05:00:00Z,35.0,0.01,0.015797965650633128,0.0674451880178839
turbine_1,2025-12-17T18:00:00Z,2025-12-19T06:00:00Z,36.0,0.0866666666666666,0.025717370805247386,0.08136254007100935
turbine_1,2025-12-17T18:00:00Z,2025-12-19T07:00:00Z,37.0,0.24,0.04427488877794794,0.10847745003030027
turbine_1,2025-12-17T18:00:00Z,2025-12-19T08:00:00Z,38.0,0.4866666666666666,0.0888711501135804,0.16295985874025387
turbine_1,2025-12-17T18:00:00Z,2025-12-19T09:00:00Z,39.0,0.7366666666666667,0.14930386246873023,0.2557067857532397
turbine_1,2025-12-17T18:00:00Z,2025-12-19T10:00:00Z,40.0,0.8666666666666667,0.3448462099499041,0.3854307725303716
turbine_1,2025-12-17T18:00:00Z,2025-12-19T11:00:00Z,41.0,0.9866666666666668,0.5778477188337091,0.6367478054907338
turbine_1,2025-12-17T18:00:00Z,2025-12-19T12:00:00Z,42.0,0.9866666666666668,0.6736569292996483,0.737004783724888
turbine_1,2025-12-17T18:00:00Z,2025-12-19T13:00:00Z,43.0,0.99,0.5912874613933097,0.7022626377725968
turbine_1,2025-12-17T18:00:00Z,2025-12-19T14:00:00Z,44.0,0.99,0.8104127578799722,0.8051742195036979
turbine_1,2025-12-17T18:00:00Z,2025-12-19T15:00:00Z,45.0,0.9883333333333332,0.9599094683737344,0.8895766568876851
turbine_1,2025-12-17T18:00:00Z,2025-12-19T16:00:00Z,46.0,0.9116666666666666,0.9496359007120895,0.8795446469480399
turbine_1,2025-12-17T18:00:00Z,2025-12-19T17:00:00Z,47.0,0.9783333333333334,0.9576009892336314,0.8843493165443808
turbine_1,2025-12-17T18:00:00Z,2025-12-19T18:00:00Z,48.0,0.99,0.9359571234300935,0.8651046724503855
turbine_1,2025-12-18T18:00:00Z,2025-12-18T19:00:00Z,1.0,0.7399999999999999,0.7918811903060707,0.6765117600344202
turbine_1,2025-12-18T18:00:00Z,2025-12-18T20:00:00Z,2.0,0.9833333333333334,0.76015526158774,0.6353932056450708
turbine_1,2025-12-18T18:00:00Z,2025-12-18T21:00:00Z,3.0,0.99,0.6605356887974811,0.5973897131285392
turbine_1,2025-12-18T18:00:00Z,2025-12-18T22:00:00Z,4.0,0.97,0.5572251634472378,0.5084197281005842
turbine_1,2025-12-18T18:00:00Z,2025-12-18T23:00:00Z,5.0,0.9383333333333334,0.43790778342583875,0.46793816041103187
turbine_1,2025-12-18T18:00:00Z,2025-12-19T00:00:00Z,6.0,0.5666666666666667,0.3441238924687867,0.3646237968078695
turbine_1,2025-12-18T18:00:00Z,2025-12-19T01:00:00Z,7.0,0.1349999999999999,0.13758765112313925,0.1830087921341879
turbine_1,2025-12-18T18:00:00Z,2025-12-19T02:00:00Z,8.0,0.01,0.07018837010546974,0.09634132222106198
turbine_1,2025-12-18T18:00:00Z,2025-12-19T03:00:00Z,9.0,0.0116666666666666,0.03260929050912981,0.06247208870554133
turbine_1,2025-12-18T18:00:00Z,2025-12-19T04:00:00Z,10.0,0.0316666666666666,0.010927366605280486,0.06247323216214834
turbine_1,2025-12-18T18:00:00Z,2025-12-19T05:00:00Z,11.0,0.01,0.045245435967212366,0.09262418134016476
turbine_1,2025-12-18T18:00:00Z,2025-12-19T06:00:00Z,12.0,0.0866666666666666,0.11119883667699905,0.19350589903974058
turbine_1,2025-12-18T18:00:00Z,2025-12-19T07:00:00Z,13.0,0.24,0.530379159706877,0.5705652899604199
turbine_1,2025-12-18T18:00:00Z,2025-12-19T08:00:00Z,14.0,0.4866666666666666,0.8513432510837912,0.8354085297786954
turbine_1,2025-12-18T18:00:00Z,2025-12-19T09:00:00Z,15.0,0.7366666666666667,0.9004271444088238,0.8602171735925532
turbine_1,2025-12-18T18:00:00Z,2025-12-19T10:00:00Z,16.0,0.8666666666666667,0.8657296009119428,0.8297430585481556
turbine_1,2025-12-18T18:00:00Z,2025-12-19T11:00:00Z,17.0,0.9866666666666668,0.8197424910386908,0.8237726052099387
turbine_1,2025-12-18T18:00:00Z,2025-12-19T12:00:00Z,18.0,0.9866666666666668,0.803032341682888,0.8016607428027198
turbine_1,2025-12-18T18:00:00Z,2025-12-19T13:00:00Z,19.0,0.99,0.8184137144516473,0.8200734947957127
turbine_1,2025-12-18T18:00:00Z,2025-12-19T14:00:00Z,20.0,0.99,0.8392816801330213,0.7650965257455338
turbine_1,2025-12-18T18:00:00Z,2025-12-19T15:00:00Z,21.0,0.9883333333333332,0.930480885157014,0.8465445282054737
turbine_1,2025-12-18T18:00:00Z,2025-12-19T16:00:00Z,22.0,0.9116666666666666,0.9171279951430442,0.8515507966334591
turbine_1,2025-12-18T18:00:00Z,2025-12-19T17:00:00Z,23.0,0.9783333333333334,0.954984944501954,0.8606339986286224
turbine_1,2025-12-18T18:00:00Z,2025-12-19T18:00:00Z,24.0,0.99,0.9174128724270627,0.8236006461452972
turbine_1,2025-12-18T18:00:00Z,2025-12-19T19:00:00Z,25.0,0.99,0.872562667304473,0.7616003807550205
turbine_1,2025-12-18T18:00:00Z,2025-12-19T20:00:00Z,26.0,0.945,0.8602552711254844,0.7954415764534446
turbine_1,2025-12-18T18:00:00Z,2025-12-19T21:00:00Z,27.0,0.9833333333333334,0.8586775569581877,0.8035846287463766
turbine_1,2025-12-18T18:00:00Z,2025-12-19T22:00:00Z,28.0,0.98,0.6828432927935388,0.6620222546181042
turbine_1,2025-12-18T18:00:00Z,2025-12-19T23:00:00Z,29.0,0.7433333333333333,0.5307300758678364,0.6002651552444238
turbine_1,2025-12-18T18:00:00Z,2025-12-20T00:00:00Z,30.0,0.5,0.4094567536712771,0.5117541648349571
turbine_1,2025-12-18T18:00:00Z,2025-12-20T01:00:00Z,31.0,0.1283333333333333,0.3646134515233551,0.504253078609813
turbine_1,2025-12-18T18:00:00Z,2025-12-20T02:00:00Z,32.0,0.09,0.4101068253072602,0.5188270328518867
turbine_1,2025-12-18T18:00:00Z,2025-12-20T03:00:00Z,33.0,0.1966666666666666,0.42786598482871285,0.518698573142119
turbine_1,2025-12-18T18:00:00Z,2025-12-20T04:00:00Z,34.0,0.105,0.20860348918995686,0.39035020613165056
turbine_1,2025-12-18T18:00:00Z,2025-12-20T05:00:00Z,35.0,0.1166666666666666,0.24201832868645523,0.370870897329673
turbine_1,2025-12-18T18:00:00Z,2025-12-20T06:00:00Z,36.0,0.145,0.23210074979140863,0.36256807895444565
turbine_1,2025-12-18T18:00:00Z,2025-12-20T07:00:00Z,37.0,0.21,0.24585238324042488,0.3416605913262507
turbine_1,2025-12-18T18:00:00Z,2025-12-20T08:00:00Z,38.0,0.3833333333333333,0.20593742297653247,0.3028653106423736
turbine_1,2025-12-18T18:00:00Z,2025-12-20T09:00:00Z,39.0,0.2633333333333333,0.11631628278898376,0.2327990523365421
turbine_1,2025-12-18T18:00:00Z,2025-12-20T10:00:00Z,40.0,0.2466666666666666,0.10073233732368114,0.16172599576461288
turbine_1,2025-12-18T18:00:00Z,2025-12-20T11:00:00Z,41.0,0.11,0.05932677711794265,0.1614201641778642
turbine_1,2025-12-18T18:00:00Z,2025-12-20T12:00:00Z,42.0,0.01,0.039501984401107304,0.15216182033284645
turbine_1,2025-12-18T18:00:00Z,2025-12-20T13:00:00Z,43.0,0.01,0.04283191685663157,0.1412108443890579
turbine_1,2025-12-18T18:00:00Z,2025-12-20T14:00:00Z,44.0,0.01,0.03542595370532753,0.134110928883537
turbine_1,2025-12-18T18:00:00Z,2025-12-20T15:00:00Z,45.0,0.01,0.058520596341299636,0.13734499655284124
turbine_1,2025-12-18T18:00:00Z,2025-12-20T16:00:00Z,46.0,0.01,0.09416172209966027,0.13950848315714098
turbine_1,2025-12-18T18:00:00Z,2025-12-20T17:00:00Z,47.0,0.01,0.14755840331094078,0.15244180371378482
turbine_1,2025-12-18T18:00:00Z,2025-12-20T18:00:00Z,48.0,0.0583333333333333,0.0855553144230557,0.12766359418065149
turbine_1,2025-12-19T18:00:00Z,2025-12-19T19:00:00Z,1.0,0.99,0.9398622691958249,0.8681664513894461
turbine_1,2025-12-19T18:00:00Z,2025-12-19T20:00:00Z,2.0,0.945,0.9145463757962454,0.8428021159381056
turbine_1,2025-12-19T18:00:00Z,2025-12-19T21:00:00Z,3.0,0.9833333333333334,0.9058504972522292,0.8227665985024151
turbine_1,2025-12-19T18:00:00Z,2025-12-19T22:00:00Z,4.0,0.98,0.8266210548796172,0.8090035023956879
turbine_1,2025-12-19T18:00:00Z,2025-12-19T23:00:00Z,5.0,0.7433333333333333,0.6438532783407349,0.6460629381418661
turbine_1,2025-12-19T18:00:00Z,2025-12-20T00:00:00Z,6.0,0.5,0.524825042539284,0.5899317091071562
turbine_1,2025-12-19T18:00:00Z,2025-12-20T01:00:00Z,7.0,0.1283333333333333,0.353451711745034,0.4831562614027799
turbine_1,2025-12-19T18:00:00Z,2025-12-20T02:00:00Z,8.0,0.09,0.3753665713855744,0.4652950381045614
turbine_1,2025-12-19T18:00:00Z,2025-12-20T03:00:00Z,9.0,0.1966666666666666,0.3525407523881502,0.4626702543505707
turbine_1,2025-12-19T18:00:00Z,2025-12-20T04:00:00Z,10.0,0.105,0.37695832298534543,0.5212451467322521
turbine_1,2025-12-19T18:00:00Z,2025-12-20T05:00:00Z,11.0,0.1166666666666666,0.625884767440347,0.6234469261231742
turbine_1,2025-12-19T18:00:00Z,2025-12-20T06:00:00Z,12.0,0.145,0.871110262335345,0.820672647777924
turbine_1,2025-12-19T18:00:00Z,2025-12-20T07:00:00Z,13.0,0.21,0.9548940428654777,0.8702201078504194
turbine_1,2025-12-19T18:00:00Z,2025-12-20T08:00:00Z,14.0,0.3833333333333333,0.7259714038638402,0.7194880994679127
turbine_1,2025-12-19T18:00:00Z,2025-12-20T09:00:00Z,15.0,0.2633333333333333,0.6382738077375696,0.6505776439139556
turbine_1,2025-12-19T18:00:00Z,2025-12-20T10:00:00Z,16.0,0.2466666666666666,0.34346257484479253,0.4495760131029641
turbine_1,2025-12-19T18:00:00Z,2025-12-20T11:00:00Z,17.0,0.11,0.19067243256833558,0.30432919729174773
turbine_1,2025-12-19T18:00:00Z,2025-12-20T12:00:00Z,18.0,0.01,0.09066393996716318,0.18414736902753928
turbine_1,2025-12-19T18:00:00Z,2025-12-20T13:00:00Z,19.0,0.01,0.06479366849491511,0.1662481135376028
turbine_1,2025-12-19T18:00:00Z,2025-12-20T14:00:00Z,20.0,0.01,0.040304261354311255,0.13965600535457443
turbine_1,2025-12-19T18:00:00Z,2025-12-20T15:00:00Z,21.0,0.01,0.0634199346745985,0.14335400966502446
turbine_1,2025-12-19T18:00:00Z,2025-12-20T16:00:00Z,22.0,0.01,0.16229163581031505,0.16827686334725311
turbine_1,2025-12-19T18:00:00Z,2025-12-20T17:00:00Z,23.0,0.01,0.1757130035789714,0.18893898537655576
turbine_1,2025-12-19T18:00:00Z,2025-12-20T18:00:00Z,24.0,0.0583333333333333,0.23652555000051295,0.252001932067251
turbine_1,2025-12-19T18:00:00Z,2025-12-20T19:00:00Z,25.0,0.04,0.3219764593076483,0.3379837614383067
turbine_1,2025-12-19T18:00:00Z,2025-12-20T20:00:00Z,26.0,0.0816666666666666,0.32306463103226085,0.32919071008981377
turbine_1,2025-12-19T18:00:00Z,2025-12-20T21:00:00Z,27.0,0.2983333333333333,0.4382890617712937,0.46000662406252246
turbine_1,2025-12-19T18:00:00Z,2025-12-20T22:00:00Z,28.0,0.2283333333333333,0.5153447657902248,0.5135826851468182
turbine_1,2025-12-19T18:00:00Z,2025-12-20T23:00:00Z,29.0,0.7166666666666667,0.6504519037158816,0.5909480755060041
turbine_1,2025-12-19T18:00:00Z,2025-12-21T00:00:00Z,30.0,0.9983333333333334,0.7356527179091948,0.609008234253531
turbine_1,2025-12-19T18:00:00Z,2025-12-21T01:00:00Z,31.0,0.8633333333333333,0.7587936896515377,0.6439964919653458
turbine_1,2025-12-19T18:00:00Z,2025-12-21T02:00:00Z,32.0,0.325,0.7643479286972432,0.6429677912017088
turbine_1,2025-12-19T18:00:00Z,2025-12-21T03:00:00Z,33.0,0.305,0.7452619549698422,0.6055434385253404
turbine_1,2025-12-19T18:00:00Z,2025-12-21T04:00:00Z,34.0,0.325,0.7869619375018625,0.6699547669169212
turbine_1,2025-12-19T18:00:00Z,2025-12-21T05:00:00Z,35.0,0.3716666666666666,0.8097902464746282,0.6731790044120836
turbine_1,2025-12-19T18:00:00Z,2025-12-21T06:00:00Z,36.0,0.3783333333333333,0.8244790686919338,0.7273496515888096
turbine_1,2025-12-19T18:00:00Z,2025-12-21T07:00:00Z,37.0,0.3116666666666666,0.9434049386716555,0.8514641941050836
turbine_1,2025-12-19T18:00:00Z,2025-12-21T08:00:00Z,38.0,0.3066666666666666,0.9279626094483155,0.8500033749127768
turbine_1,2025-12-19T18:00:00Z,2025-12-21T09:00:00Z,39.0,0.3283333333333333,0.9339792559334081,0.8540639303731362
turbine_1,2025-12-19T18:00:00Z,2025-12-21T10:00:00Z,40.0,0.5,0.8251578953493937,0.7646543107573949
turbine_1,2025-12-19T18:00:00Z,2025-12-21T11:00:00Z,41.0,0.4166666666666667,0.7780539028689222,0.7037641041884456
turbine_1,2025-12-19T18:00:00Z,2025-12-21T12:00:00Z,42.0,0.4666666666666666,0.7593836664285715,0.6800015764890656
turbine_1,2025-12-19T18:00:00Z,2025-12-21T13:00:00Z,43.0,0.5633333333333334,0.7484552694665894,0.6600895964930307
turbine_1,2025-12-19T18:00:00Z,2025-12-21T14:00:00Z,44.0,0.7516666666666666,0.6713625983437377,0.6393979143897097
turbine_1,2025-12-19T18:00:00Z,2025-12-21T15:00:00Z,45.0,0.6883333333333334,0.5483030416753902,0.552432908029861
turbine_1,2025-12-19T18:00:00Z,2025-12-21T16:00:00Z,46.0,0.6733333333333333,0.5470181993350609,0.5437411292347114
turbine_1,2025-12-19T18:00:00Z,2025-12-21T17:00:00Z,47.0,0.5033333333333333,0.513681560243096,0.4665211261958259
turbine_1,2025-12-19T18:00:00Z,2025-12-21T18:00:00Z,48.0,0.57,0.27162805516672706,0.2866088272687235
turbine_1,2025-12-20T18:00:00Z,2025-12-20T19:00:00Z,1.0,0.04,0.20308205537416096,0.2288611704373354
turbine_1,2025-12-20T18:00:00Z,2025-12-20T20:00:00Z,2.0,0.0816666666666666,0.17228705537926928,0.17079949958038382
turbine_1,2025-12-20T18:00:00Z,2025-12-20T21:00:00Z,3.0,0.2983333333333333,0.2958059008892878,0.28559394374592484
turbine_1,2025-12-20T18:00:00Z,2025-12-20T22:00:00Z,4.0,0.2283333333333333,0.34588466203733104,0.3784588364964815
turbine_1,2025-12-20T18:00:00Z,2025-12-20T23:00:00Z,5.0,0.7166666666666667,0.6034698279280679,0.543821465653831
turbine_1,2025-12-20T18:00:00Z,2025-12-21T00:00:00Z,6.0,0.9983333333333334,0.8461452205677107,0.7098466002079833
turbine_1,2025-12-20T18:00:00Z,2025-12-21T01:00:00Z,7.0,0.8633333333333333,0.8965209411699485,0.8057366457534028
turbine_1,2025-12-20T18:00:00Z,2025-12-21T02:00:00Z,8.0,0.325,0.8994114928387724,0.8100069880982558
turbine_1,2025-12-20T18:00:00Z,2025-12-21T03:00:00Z,9.0,0.305,0.8625892776314737,0.7132993667504275
turbine_1,2025-12-20T18:00:00Z,2025-12-21T04:00:00Z,10.0,0.325,0.9635939204010041,0.8580945256986415
turbine_1,2025-12-20T18:00:00Z,2025-12-21T05:00:00Z,11.0,0.3716666666666666,0.9660752625450367,0.8633868630620866
turbine_1,2025-12-20T18:00:00Z,2025-12-21T06:00:00Z,12.0,0.3783333333333333,0.9530771078655181,0.8193134520649359
turbine_1,2025-12-20T18:00:00Z,2025-12-21T07:00:00Z,13.0,0.3116666666666666,0.9577419877395074,0.8332464143614903
turbine_1,2025-12-20T18:00:00Z,2025-12-21T08:00:00Z,14.0,0.3066666666666666,0.9422996585161674,0.8285176072101881
turbine_1,2025-12-20T18:00:00Z,2025-12-21T09:00:00Z,15.0,0.3283333333333333,0.8127014244009331,0.7325008351850836
turbine_1,2025-12-20T18:00:00Z,2025-12-21T10:00:00Z,16.0,0.5,0.6641727206434088,0.6701241850216797
turbine_1,2025-12-20T18:00:00Z,2025-12-21T11:00:00Z,17.0,0.4166666666666667,0.6025164456252902,0.613292326783143
turbine_1,2025-12-20T18:00:00Z,2025-12-21T12:00:00Z,18.0,0.4666666666666666,0.6687537958326223,0.6471478715040455
turbine_1,2025-12-20T18:00:00Z,2025-12-21T13:00:00Z,19.0,0.5633333333333334,0.6442064731628507,0.6350765722493332
turbine_1,2025-12-20T18:00:00Z,2025-12-21T14:00:00Z,20.0,0.7516666666666666,0.6243587046711911,0.5850418948586606
turbine_1,2025-12-20T18:00:00Z,2025-12-21T15:00:00Z,21.0,0.6883333333333334,0.5493089129118018,0.5513890181541196
turbine_1,2025-12-20T18:00:00Z,2025-12-21T16:00:00Z,22.0,0.6733333333333333,0.5157113420095425,0.49236586852566544
turbine_1,2025-12-20T18:00:00Z,2025-12-21T17:00:00Z,23.0,0.5033333333333333,0.44354506238913505,0.47435466965915063
turbine_1,2025-12-20T18:00:00Z,2025-12-21T18:00:00Z,24.0,0.57,0.34333056079919605,0.3531294090999542
turbine_1,2025-12-20T18:00:00Z,2025-12-21T19:00:00Z,25.0,0.6566666666666666,0.3279367359331068,0.3116922895010547
turbine_1,2025-12-20T18:00:00Z,2025-12-21T20:00:00Z,26.0,0.4816666666666666,0.2054614460229672,0.20932684415671293
turbine_1,2025-12-20T18:00:00Z,2025-12-21T21:00:00Z,27.0,0.1783333333333333,0.12691029408719387,0.13074852572621026
turbine_1,2025-12-20T18:00:00Z,2025-12-21T22:00:00Z,28.0,0.01,0.05646746739731137,0.06977324019566661
turbine_1,2025-12-20T18:00:00Z,2025-12-21T23:00:00Z,29.0,0.015,0.014780995418018417,0.05488704389589261
turbine_1,2025-12-20T18:00:00Z,2025-12-22T00:00:00Z,30.0,0.095,0.01325820134376543,0.06294564377432793
turbine_1,2025-12-20T18:00:00Z,2025-12-22T01:00:00Z,31.0,0.1999999999999999,0.05444229541719847,0.10665375375216282
turbine_1,2025-12-20T18:00:00Z,2025-12-22T02:00:00Z,32.0,0.1333333333333333,0.13230772831172805,0.2957952272359848
turbine_1,2025-12-20T18:00:00Z,2025-12-22T03:00:00Z,33.0,0.1816666666666666,0.30394862524220784,0.4414710020836949
turbine_1,2025-12-20T18:00:00Z,2025-12-22T04:00:00Z,34.0,0.5533333333333333,0.6125502364750595,0.6417564326513989
turbine_1,2025-12-20T18:00:00Z,2025-12-22T05:00:00Z,35.0,0.965,0.9229512428883719,0.845373439691579
turbine_1,2025-12-20T18:00:00Z,2025-12-22T06:00:00Z,36.0,0.975,0.9728699327569704,0.92609598028565
turbine_1,2025-12-20T18:00:00Z,2025-12-22T07:00:00Z,37.0,0.9866666666666668,0.9752165678430095,0.9503491872163488
turbine_1,2025-12-20T18:00:00Z,2025-12-22T08:00:00Z,38.0,0.9566666666666668,0.9745398793741553,0.9512563558839
turbine_1,2025-12-20T18:00:00Z,2025-12-22T09:00:00Z,39.0,0.9883333333333332,0.9812243560591222,0.9387031482646281
turbine_1,2025-12-20T18:00:00Z,2025-12-22T10:00:00Z,40.0,0.9883333333333332,0.9530021934668464,0.8990930165908251
turbine_1,2025-12-20T18:00:00Z,2025-12-22T11:00:00Z,41.0,0.99,0.9599087296399264,0.8908767510211315
turbine_1,2025-12-20T18:00:00Z,2025-12-22T12:00:00Z,42.0,0.99,0.7801325194869922,0.7946899290254338
turbine_1,2025-12-20T18:00:00Z,2025-12-22T13:00:00Z,43.0,0.975,0.6293823629518043,0.7142206813536562
turbine_1,2025-12-20T18:00:00Z,2025-12-22T14:00:00Z,44.0,0.5850000000000001,0.6300557589391942,0.6618789261964616
turbine_1,2025-12-20T18:00:00Z,2025-12-22T15:00:00Z,45.0,0.1149999999999999,0.6432112076767365,0.6319668068901372
turbine_1,2025-12-20T18:00:00Z,2025-12-22T16:00:00Z,46.0,0.1733333333333333,0.5619238803488803,0.5381842046808617
turbine_1,2025-12-20T18:00:00Z,2025-12-22T17:00:00Z,47.0,0.1116666666666666,0.25763405502431797,0.4444346198862176
turbine_1,2025-12-20T18:00:00Z,2025-12-22T18:00:00Z,48.0,0.075,0.21259799161530155,0.33114870216809655
turbine_1,2025-12-21T18:00:00Z,2025-12-21T19:00:00Z,1.0,0.6566666666666666,0.4247291178406203,0.36801682304171146
turbine_1,2025-12-21T18:00:00Z,2025-12-21T20:00:00Z,2.0,0.4816666666666666,0.23393227336308833,0.22938275003764458
turbine_1,2025-12-21T18:00:00Z,2025-12-21T21:00:00Z,3.0,0.1783333333333333,0.13558401859722988,0.13681089172132757
turbine_1,2025-12-21T18:00:00Z,2025-12-21T22:00:00Z,4.0,0.01,0.0703875696752885,0.08614302769157994
turbine_1,2025-12-21T18:00:00Z,2025-12-21T23:00:00Z,5.0,0.015,0.01708219548919976,0.058317871535762456
turbine_1,2025-12-21T18:00:00Z,2025-12-22T00:00:00Z,6.0,0.095,0.011122551499534006,0.0619466303889844
turbine_1,2025-12-21T18:00:00Z,2025-12-22T01:00:00Z,7.0,0.1999999999999999,0.017091157414383468,0.07993841048275818
turbine_1,2025-12-21T18:00:00Z,2025-12-22T02:00:00Z,8.0,0.1333333333333333,0.04318597878809888,0.11182653204471332
turbine_1,2025-12-21T18:00:00Z,2025-12-22T03:00:00Z,9.0,0.1816666666666666,0.11160188330552803,0.2538838240038647
turbine_1,2025-12-21T18:00:00Z,2025-12-22T04:00:00Z,10.0,0.5533333333333333,0.40183312703018337,0.5388299079040556
turbine_1,2025-12-21T18:00:00Z,2025-12-22T05:00:00Z,11.0,0.965,0.8913506371692455,0.8277977221175163
turbine_1,2025-12-21T18:00:00Z,2025-12-22T06:00:00Z,12.0,0.975,0.9677857129200168,0.9066146798493806
turbine_1,2025-12-21T18:00:00Z,2025-12-22T07:00:00Z,13.0,0.9866666666666668,0.9525727938113012,0.903460118155427
turbine_1,2025-12-21T18:00:00Z,2025-12-22T08:00:00Z,14.0,0.9566666666666668,0.9312816233295607,0.8985208586513822
turbine_1,2025-12-21T18:00:00Z,2025-12-22T09:00:00Z,15.0,0.9883333333333332,0.9885647152043813,0.9570408503909237
turbine_1,2025-12-21T18:00:00Z,2025-12-22T10:00:00Z,16.0,0.9883333333333332,0.9959894062328505,0.9532441426262704
turbine_1,2025-12-21T18:00:00Z,2025-12-22T11:00:00Z,17.0,0.99,0.9635285020439315,0.903229785928967
turbine_1,2025-12-21T18:00:00Z,2025-12-22T12:00:00Z,18.0,0.99,0.7948363846362942,0.7935340964187017
turbine_1,2025-12-21T18:00:00Z,2025-12-22T13:00:00Z,19.0,0.975,0.6531395866017938,0.7405787066841962
turbine_1,2025-12-21T18:00:00Z,2025-12-22T14:00:00Z,20.0,0.5850000000000001,0.6122802540107318,0.6622551476959094
turbine_1,2025-12-21T18:00:00Z,2025-12-22T15:00:00Z,21.0,0.1149999999999999,0.37644100087786914,0.5134572370498189
turbine_1,2025-12-21T18:00:00Z,2025-12-22T16:00:00Z,22.0,0.1733333333333333,0.2264359978245652,0.3160126597342728
turbine_1,2025-12-21T18:00:00Z,2025-12-22T17:00:00Z,23.0,0.1116666666666666,0.17973201987294718,0.26060287440976204
turbine_1,2025-12-21T18:00:00Z,2025-12-22T18:00:00Z,24.0,0.075,0.11537006085951927,0.1857861065938709
turbine_1,2025-12-21T18:00:00Z,2025-12-22T19:00:00Z,25.0,0.0233333333333333,0.1069382958962889,0.15157519781916484
turbine_1,2025-12-21T18:00:00Z,2025-12-22T20:00:00Z,26.0,0.01,0.06637091079889076,0.11132887081480472
turbine_1,2025-12-21T18:00:00Z,2025-12-22T21:00:00Z,27.0,0.01,0.058201354477581985,0.11100808944452023
turbine_1,2025-12-21T18:00:00Z,2025-12-22T22:00:00Z,28.0,0.015,0.05156729201309804,0.11814947896510844
turbine_1,2025-12-21T18:00:00Z,2025-12-22T23:00:00Z,29.0,0.01,0.04928024506502951,0.11031561113015342
turbine_1,2025-12-21T18:00:00Z,2025-12-23T00:00:00Z,30.0,0.01,0.04663721646333882,0.10652048942045467
turbine_1,2025-12-21T18:00:00Z,2025-12-23T01:00:00Z,31.0,0.01,0.03227572217988253,0.08554805292418088
turbine_1,2025-12-21T18:00:00Z,2025-12-23T02:00:00Z,32.0,0.01,0.021773577998448174,0.08052833246306557
turbine_1,2025-12-21T18:00:00Z,2025-12-23T03:00:00Z,33.0,0.0349999999999999,0.018063550880830337,0.0818194078381197
turbine_1,2025-12-21T18:00:00Z,2025-12-23T04:00:00Z,34.0,0.0216666666666666,0.016021861561371475,0.06787646784334556
turbine_1,2025-12-21T18:00:00Z,2025-12-23T05:00:00Z,35.0,0.01,0.0185256852273305,0.07218227240277214
turbine_1,2025-12-21T18:00:00Z,2025-12-23T06:00:00Z,36.0,0.01,0.02181263971089853,0.07885522346960033
turbine_1,2025-12-21T18:00:00Z,2025-12-23T07:00:00Z,37.0,0.01,0.03907408250000388,0.1033957556406224
turbine_1,2025-12-21T18:00:00Z,2025-12-23T08:00:00Z,38.0,0.01,0.04390389468004707,0.11384509090703526
turbine_1,2025-12-21T18:00:00Z,2025-12-23T09:00:00Z,39.0,0.01,0.034758191783040626,0.1230863752197103
turbine_1,2025-12-21T18:00:00Z,2025-12-23T10:00:00Z,40.0,0.01,0.040133562979819015,0.13309030458929866
turbine_1,2025-12-21T18:00:00Z,2025-12-23T11:00:00Z,41.0,0.01,0.05484137513245896,0.13460232279455733
turbine_1,2025-12-21T18:00:00Z,2025-12-23T12:00:00Z,42.0,0.01,0.06403267087876374,0.14285913441196793
turbine_1,2025-12-21T18:00:00Z,2025-12-23T13:00:00Z,43.0,0.01,0.049775768960507116,0.14042166854052668
turbine_1,2025-12-21T18:00:00Z,2025-12-23T14:00:00Z,44.0,0.01,0.04931848781168563,0.1364936935462467
turbine_1,2025-12-21T18:00:00Z,2025-12-23T15:00:00Z,45.0,0.01,0.041979750248937575,0.14137683606635512
turbine_1,2025-12-21T18:00:00Z,2025-12-23T16:00:00Z,46.0,0.01,0.04966777149948015,0.14870373141535848
turbine_1,2025-12-21T18:00:00Z,2025-12-23T17:00:00Z,47.0,0.0083333333333333,0.05718319109558484,0.1455744695643721
turbine_1,2025-12-21T18:00:00Z,2025-12-23T18:00:00Z,48.0,0.0783333333333333,0.07953001593656421,0.14884399268242493
turbine_1,2025-12-22T18:00:00Z,2025-12-22T19:00:00Z,1.0,0.0233333333333333,0.1872417201602834,0.2939809846583644
turbine_1,2025-12-22T18:00:00Z,2025-12-22T20:00:00Z,2.0,0.01,0.11485877579606431,0.2412747697142014
turbine_1,2025-12-22T18:00:00Z,2025-12-22T21:00:00Z,3.0,0.01,0.10944581482472436,0.24140167537496646
turbine_1,2025-12-22T18:00:00Z,2025-12-22T22:00:00Z,4.0,0.015,0.1335260237328234,0.3018097532776286
turbine_1,2025-12-22T18:00:00Z,2025-12-22T23:00:00Z,5.0,0.01,0.1795912313963216,0.3567597478663664
turbine_1,2025-12-22T18:00:00Z,2025-12-23T00:00:00Z,6.0,0.01,0.2718177818717828,0.3846681550614963
turbine_1,2025-12-22T18:00:00Z,2025-12-23T01:00:00Z,7.0,0.01,0.15478918451600213,0.3116975158055845
turbine_1,2025-12-22T18:00:00Z,2025-12-23T02:00:00Z,8.0,0.01,0.1066777763694079,0.2629729744957513
turbine_1,2025-12-22T18:00:00Z,2025-12-23T03:00:00Z,9.0,0.0349999999999999,0.08412581025873836,0.19597515773689492
turbine_1,2025-12-22T18:00:00Z,2025-12-23T04:00:00Z,10.0,0.0216666666666666,0.07045203399277777,0.17772962415908491
turbine_1,2025-12-22T18:00:00Z,2025-12-23T05:00:00Z,11.0,0.01,0.07712369264630767,0.17611681350855027
turbine_1,2025-12-22T18:00:00Z,2025-12-23T06:00:00Z,12.0,0.01,0.08853620805150088,0.14921765019445019
turbine_1,2025-12-22T18:00:00Z,2025-12-23T07:00:00Z,13.0,0.01,0.07121896355319643,0.1407014530491192
turbine_1,2025-12-22T18:00:00Z,2025-12-23T08:00:00Z,14.0,0.01,0.0934440362938678,0.1522282726060908
turbine_1,2025-12-22T18:00:00Z,2025-12-23T09:00:00Z,15.0,0.01,0.05562621434494125,0.15399783290204122
turbine_1,2025-12-22T18:00:00Z,2025-12-23T10:00:00Z,16.0,0.01,0.04928505313721826,0.15740321002811522
turbine_1,2025-12-22T18:00:00Z,2025-12-23T11:00:00Z,17.0,0.01,0.04058966012659232,0.14407360705341798
turbine_1,2025-12-22T18:00:00Z,2025-12-23T12:00:00Z,18.0,0.01,0.053248578651316936,0.14981248436693484
turbine_1,2025-12-22T18:00:00Z,2025-12-23T13:00:00Z,19.0,0.01,0.05170580730590796,0.1460797008944004
turbine_1,2025-12-22T18:00:00Z,2025-12-23T14:00:00Z,20.0,0.01,0.053021448030218854,0.1417379385371526
turbine_1,2025-12-22T18:00:00Z,2025-12-23T15:00:00Z,21.0,0.01,0.04450523092674924,0.1408467495168114
turbine_1,2025-12-22T18:00:00Z,2025-12-23T16:00:00Z,22.0,0.01,0.042500767706201925,0.13400590827154354
turbine_1,2025-12-22T18:00:00Z,2025-12-23T17:00:00Z,23.0,0.0083333333333333,0.04530239564653821,0.12168245960925372
turbine_1,2025-12-22T18:00:00Z,2025-12-23T18:00:00Z,24.0,0.0783333333333333,0.04767905644331835,0.11949380974234483
turbine_1,2025-12-22T18:00:00Z,2025-12-23T19:00:00Z,25.0,0.18,0.10419137183372602,0.1544570630550455
turbine_1,2025-12-22T18:00:00Z,2025-12-23T20:00:00Z,26.0,0.305,0.14153196690831726,0.2415676623504879
turbine_1,2025-12-22T18:00:00Z,2025-12-23T21:00:00Z,27.0,0.735,0.20575138010778912,0.33481038608319724
turbine_1,2025-12-22T18:00:00Z,2025-12-23T22:00:00Z,28.0,0.6533333333333333,0.22048954023352393,0.36142553229225743
turbine_1,2025-12-22T18:00:00Z,2025-12-23T23:00:00Z,29.0,0.5683333333333334,0.2430301595958092,0.38216946616917025
turbine_1,2025-12-22T18:00:00Z,2025-12-24T00:00:00Z,30.0,0.7633333333333333,0.20594196369510995,0.33609867161261814
turbine_1,2025-12-22T18:00:00Z,2025-12-24T01:00:00Z,31.0,0.8833333333333333,0.16447403286364143,0.32709729864484277
turbine_1,2025-12-22T18:00:00Z,2025-12-24T02:00:00Z,32.0,0.5833333333333334,0.16578895865234647,0.32978216903230234
turbine_1,2025-12-22T18:00:00Z,2025-12-24T03:00:00Z,33.0,0.6816666666666666,0.20917374769082545,0.35004031770044935
turbine_1,2025-12-22T18:00:00Z,2025-12-24T04:00:00Z,34.0,0.5583333333333333,0.2237761313674048,0.3587690885925598
turbine_1,2025-12-22T18:00:00Z,2025-12-24T05:00:00Z,35.0,0.4583333333333333,0.3297621912629136,0.4279096932597947
turbine_1,2025-12-22T18:00:00Z,2025-12-24T06:00:00Z,36.0,0.2716666666666666,0.32106558671801533,0.45844950855109395
turbine_1,2025-12-22T18:00:00Z,2025-12-24T07:00:00Z,37.0,0.2133333333333333,0.30959256985007205,0.481717588740208
turbine_1,2025-12-22T18:00:00Z,2025-12-24T08:00:00Z,38.0,0.2299999999999999,0.3270692900193774,0.4975175718733016
turbine_1,2025-12-22T18:00:00Z,2025-12-24T09:00:00Z,39.0,0.235,0.40098982464756805,0.57113345528109
turbine_1,2025-12-22T18:00:00Z,2025-12-24T10:00:00Z,40.0,0.2083333333333333,0.48108476930441224,0.634266009190946
turbine_1,2025-12-22T18:00:00Z,2025-12-24T11:00:00Z,41.0,0.26,0.6203351809650617,0.6551066681391549
turbine_1,2025-12-22T18:00:00Z,2025-12-24T12:00:00Z,42.0,0.295,0.6393034156218983,0.6680297385513807
turbine_1,2025-12-22T18:00:00Z,2025-12-24T13:00:00Z,43.0,0.2483333333333333,0.6316136309294967,0.6632782477793893
turbine_1,2025-12-22T18:00:00Z,2025-12-24T14:00:00Z,44.0,0.2866666666666667,0.6975563719013798,0.6938452056753179
turbine_1,2025-12-22T18:00:00Z,2025-12-24T15:00:00Z,45.0,0.5516666666666666,0.7392368558096679,0.7055782201776934
turbine_1,2025-12-22T18:00:00Z,2025-12-24T16:00:00Z,46.0,0.5616666666666666,0.7191074487257536,0.7294797536363835
turbine_1,2025-12-22T18:00:00Z,2025-12-24T17:00:00Z,47.0,0.365,0.6987780733816392,0.6758554508063456
turbine_1,2025-12-22T18:00:00Z,2025-12-24T18:00:00Z,48.0,0.5433333333333333,0.7080357612875571,0.658587438646183
turbine_1,2025-12-23T18:00:00Z,2025-12-23T19:00:00Z,1.0,0.18,0.3348355236535902,0.41193233690902237
turbine_1,2025-12-23T18:00:00Z,2025-12-23T20:00:00Z,2.0,0.305,0.47825238047164953,0.5197756093040327
turbine_1,2025-12-23T18:00:00Z,2025-12-23T21:00:00Z,3.0,0.735,0.470616362638813,0.5511233321125548
turbine_1,2025-12-23T18:00:00Z,2025-12-23T22:00:00Z,4.0,0.6533333333333333,0.47839520312706574,0.5735658744574448
turbine_1,2025-12-23T18:00:00Z,2025-12-23T23:00:00Z,5.0,0.5683333333333334,0.447431832252156,0.5683583639263419
turbine_1,2025-12-23T18:00:00Z,2025-12-24T00:00:00Z,6.0,0.7633333333333333,0.4350328839340562,0.5572629757414996
turbine_1,2025-12-23T18:00:00Z,2025-12-24T01:00:00Z,7.0,0.8833333333333333,0.36657474196981965,0.527591068163159
turbine_1,2025-12-23T18:00:00Z,2025-12-24T02:00:00Z,8.0,0.5833333333333334,0.24341618218293098,0.39922357009151244
turbine_1,2025-12-23T18:00:00Z,2025-12-24T03:00:00Z,9.0,0.6816666666666666,0.2314872520840529,0.38876907721894627
turbine_1,2025-12-23T18:00:00Z,2025-12-24T04:00:00Z,10.0,0.5583333333333333,0.24821070288592387,0.4076524486989924
turbine_1,2025-12-23T18:00:00Z,2025-12-24T05:00:00Z,11.0,0.4583333333333333,0.44134269519072566,0.5147652026660312
turbine_1,2025-12-23T18:00:00Z,2025-12-24T06:00:00Z,12.0,0.2716666666666666,0.5305243471475061,0.5884025953672225
turbine_1,2025-12-23T18:00:00Z,2025-12-24T07:00:00Z,13.0,0.2133333333333333,0.5893912632245971,0.6527263675864168
turbine_1,2025-12-23T18:00:00Z,2025-12-24T08:00:00Z,14.0,0.2299999999999999,0.6631809341943148,0.688148570616448
turbine_1,2025-12-23T18:00:00Z,2025-12-24T09:00:00Z,15.0,0.235,0.7643392594139893,0.7258156482163121
turbine_1,2025-12-23T18:00:00Z,2025-12-24T10:00:00Z,16.0,0.2083333333333333,0.7596781306047069,0.7308183243061012
turbine_1,2025-12-23T18:00:00Z,2025-12-24T11:00:00Z,17.0,0.26,0.6614393693240942,0.7053974926696995
turbine_1,2025-12-23T18:00:00Z,2025-12-24T12:00:00Z,18.0,0.295,0.6422516603734895,0.668552671721159
turbine_1,2025-12-23T18:00:00Z,2025-12-24T13:00:00Z,19.0,0.2483333333333333,0.5877915227891383,0.6197232998695287
turbine_1,2025-12-23T18:00:00Z,2025-12-24T14:00:00Z,20.0,0.2866666666666667,0.4413987230919882,0.49684637314476
turbine_1,2025-12-23T18:00:00Z,2025-12-24T15:00:00Z,21.0,0.5516666666666666,0.40079726576869285,0.5283417922268794
turbine_1,2025-12-23T18:00:00Z,2025-12-24T16:00:00Z,22.0,0.5616666666666666,0.588206177762925,0.6377911681388952
turbine_1,2025-12-23T18:00:00Z,2025-12-24T17:00:00Z,23.0,0.365,0.5463818498643043,0.5741649545738843
turbine_1,2025-12-23T18:00:00Z,2025-12-24T18:00:00Z,24.0,0.5433333333333333,0.6344640059443022,0.6382982374784681
turbine_1,2025-12-23T18:00:00Z,2025-12-24T19:00:00Z,25.0,0.4716666666666667,0.7140620440918028,0.6527716451325468
turbine_1,2025-12-23T18:00:00Z,2025-12-24T20:00:00Z,26.0,0.4733333333333333,0.7588384884886665,0.706666173514799
turbine_1,2025-12-23T18:00:00Z,2025-12-24T21:00:00Z,27.0,0.6716666666666667,0.8262449016256499,0.7504171768040955
turbine_1,2025-12-23T18:00:00Z,2025-12-24T22:00:00Z,28.0,0.4333333333333333,0.8594901307943736,0.8163111904630012
turbine_1,2025-12-23T18:00:00Z,2025-12-24T23:00:00Z,29.0,0.565,0.892111802388538,0.870284359410493
turbine_1,2025-12-23T18:00:00Z,2025-12-25T00:00:00Z,30.0,0.555,0.8935039509375305,0.8667744713926278
turbine_1,2025-12-23T18:00:00Z,2025-12-25T01:00:00Z,31.0,0.3966666666666666,0.8957847603758458,0.8860891504504964
turbine_1,2025-12-23T18:00:00Z,2025-12-25T02:00:00Z,32.0,0.43,0.9019209689721868,0.8912593785849955
turbine_1,2025-12-23T18:00:00Z,2025-12-25T03:00:00Z,33.0,0.3983333333333334,0.9094401916473646,0.9043418282273439
turbine_1,2025-12-23T18:00:00Z,2025-12-25T04:00:00Z,34.0,0.1733333333333333,0.9579659616805271,0.9097097139674095
turbine_1,2025-12-23T18:00:00Z,2025-12-25T05:00:00Z,35.0,0.1483333333333333,0.9781723996140681,0.9222793147270063
turbine_1,2025-12-23T18:00:00Z,2025-12-25T06:00:00Z,36.0,0.205,0.9749648164549097,0.938223403224445
turbine_1,2025-12-23T18:00:00Z,2025-12-25T07:00:00Z,37.0,0.125,0.9770514311171189,0.9556167411329136
turbine_1,2025-12-23T18:00:00Z,2025-12-25T08:00:00Z,38.0,0.2033333333333333,0.9821489695655795,0.9624615025727473
turbine_1,2025-12-23T18:00:00Z,2025-12-25T09:00:00Z,39.0,0.1616666666666666,1.0,0.9511374260239353
turbine_1,2025-12-23T18:00:00Z,2025-12-25T10:00:00Z,40.0,0.1966666666666666,0.9800860852270245,0.9311358637411598
turbine_1,2025-12-23T18:00:00Z,2025-12-25T11:00:00Z,41.0,0.1916666666666666,0.946887503119658,0.878849306079859
turbine_1,2025-12-23T18:00:00Z,2025-12-25T12:00:00Z,42.0,0.1483333333333333,0.9058828769404753,0.8384217888234595
turbine_1,2025-12-23T18:00:00Z,2025-12-25T13:00:00Z,43.0,0.1516666666666666,0.9075985246513821,0.8483129799397856
turbine_1,2025-12-23T18:00:00Z,2025-12-25T14:00:00Z,44.0,0.3533333333333333,0.907468883918421,0.8258999906265002
turbine_1,2025-12-23T18:00:00Z,2025-12-25T15:00:00Z,45.0,0.7666666666666666,0.9088119095780868,0.8231090604890603
turbine_1,2025-12-23T18:00:00Z,2025-12-25T16:00:00Z,46.0,0.85,0.8900703772329105,0.8378957986637681
turbine_1,2025-12-23T18:00:00Z,2025-12-25T17:00:00Z,47.0,0.455,0.8894051698062478,0.8232602234107195
turbine_1,2025-12-23T18:00:00Z,2025-12-25T18:00:00Z,48.0,0.2533333333333333,0.8620335402571077,0.7886672363002195
turbine_1,2025-12-24T18:00:00Z,2025-12-24T19:00:00Z,1.0,0.4716666666666667,0.822193221063259,0.7303590994686077
turbine_1,2025-12-24T18:00:00Z,2025-12-24T20:00:00Z,2.0,0.4733333333333333,0.8799865970291136,0.8044482193318074
turbine_1,2025-12-24T18:00:00Z,2025-12-24T21:00:00Z,3.0,0.6716666666666667,0.9124936065028472,0.8624324047743499
turbine_1,2025-12-24T18:00:00Z,2025-12-24T22:00:00Z,4.0,0.4333333333333333,0.9217306291637921,0.8999786093611096
turbine_1,2025-12-24T18:00:00Z,2025-12-24T23:00:00Z,5.0,0.565,0.9075910689484001,0.8890540693763059
turbine_1,2025-12-24T18:00:00Z,2025-12-25T00:00:00Z,6.0,0.555,0.8951571367749214,0.885286506196652
turbine_1,2025-12-24T18:00:00Z,2025-12-25T01:00:00Z,7.0,0.3966666666666666,0.8957847603758458,0.8863468256122852
turbine_1,2025-12-24T18:00:00Z,2025-12-25T02:00:00Z,8.0,0.43,0.8904564967212373,0.87459140468278
turbine_1,2025-12-24T18:00:00Z,2025-12-25T03:00:00Z,9.0,0.3983333333333334,0.9013245464824141,0.8944749850018651
turbine_1,2025-12-24T18:00:00Z,2025-12-25T04:00:00Z,10.0,0.1733333333333333,0.9292953591477434,0.8980679864920522
turbine_1,2025-12-24T18:00:00Z,2025-12-25T05:00:00Z,11.0,0.1483333333333333,0.9732157547667248,0.9138324053146545
turbine_1,2025-12-24T18:00:00Z,2025-12-25T06:00:00Z,12.0,0.205,0.9749648164549097,0.938223403224445
turbine_1,2025-12-24T18:00:00Z,2025-12-25T07:00:00Z,13.0,0.125,0.9770514311171189,0.9556167411329136
turbine_1,2025-12-24T18:00:00Z,2025-12-25T08:00:00Z,14.0,0.2033333333333333,0.9807091447972028,0.9663696649791126
turbine_1,2025-12-24T18:00:00Z,2025-12-25T09:00:00Z,15.0,0.1616666666666666,1.0,0.9568073073838013
turbine_1,2025-12-24T18:00:00Z,2025-12-25T10:00:00Z,16.0,0.1966666666666666,1.0,0.9470667043888654
turbine_1,2025-12-24T18:00:00Z,2025-12-25T11:00:00Z,17.0,0.1916666666666666,0.978397969996254,0.9182180114449807
turbine_1,2025-12-24T18:00:00Z,2025-12-25T12:00:00Z,18.0,0.1483333333333333,0.9329151134229724,0.8749208721332955
turbine_1,2025-12-24T18:00:00Z,2025-12-25T13:00:00Z,19.0,0.1516666666666666,0.9071934799080744,0.8372213189119277
turbine_1,2025-12-24T18:00:00Z,2025-12-25T14:00:00Z,20.0,0.3533333333333333,0.8995687161017274,0.8135328852352912
turbine_1,2025-12-24T18:00:00Z,2025-12-25T15:00:00Z,21.0,0.7666666666666666,0.8528628094523331,0.7710339917668487
turbine_1,2025-12-24T18:00:00Z,2025-12-25T16:00:00Z,22.0,0.85,0.8864684297757244,0.8060340169626257
turbine_1,2025-12-24T18:00:00Z,2025-12-25T17:00:00Z,23.0,0.455,0.7304509888200778,0.7044588296711924
turbine_1,2025-12-24T18:00:00Z,2025-12-25T18:00:00Z,24.0,0.2533333333333333,0.6754711275907194,0.6563947391148734
turbine_1,2025-12-24T18:00:00Z,2025-12-25T19:00:00Z,25.0,0.3133333333333333,0.7064045684642913,0.6650364495486062
turbine_1,2025-12-24T18:00:00Z,2025-12-25T20:00:00Z,26.0,0.4516666666666666,0.6514355186794663,0.6348001473272284
turbine_1,2025-12-24T18:00:00Z,2025-12-25T21:00:00Z,27.0,0.64,0.8120837674389108,0.7312658651702827
turbine_1,2025-12-24T18:00:00Z,2025-12-25T22:00:00Z,28.0,0.2766666666666666,0.5667033224269384,0.6035563915454325
turbine_1,2025-12-24T18:00:00Z,2025-12-25T23:00:00Z,29.0,0.345,0.3770854556956794,0.45495112350217154
turbine_1,2025-12-24T18:00:00Z,2025-12-26T00:00:00Z,30.0,0.235,0.11900413916865266,0.1831155200482502
turbine_1,2025-12-24T18:00:00Z,2025-12-26T01:00:00Z,31.0,0.12,0.04315433189356899,0.09366019208162107
turbine_1,2025-12-24T18:00:00Z,2025-12-26T02:00:00Z,32.0,0.0516666666666666,0.021506451897589512,0.07353345101657965
turbine_1,2025-12-24T18:00:00Z,2025-12-26T03:00:00Z,33.0,0.0266666666666666,0.010676706369277145,0.06131483061048154
turbine_1,2025-12-24T18:00:00Z,2025-12-26T04:00:00Z,34.0,0.0166666666666666,0.051547920931083596,0.1041950541814009
turbine_1,2025-12-24T18:00:00Z,2025-12-26T05:00:00Z,35.0,0.1566666666666666,0.31141777964686473,0.31531246955901626
turbine_1,2025-12-24T18:00:00Z,2025-12-26T06:00:00Z,36.0,0.0583333333333333,0.715219375229387,0.646607596703435
turbine_1,2025-12-24T18:00:00Z,2025-12-26T07:00:00Z,37.0,0.0833333333333333,0.9812835760249009,0.9404043948849055
turbine_1,2025-12-24T18:00:00Z,2025-12-26T08:00:00Z,38.0,0.2316666666666666,0.9720430808694772,0.941766062624529
turbine_1,2025-12-24T18:00:00Z,2025-12-26T09:00:00Z,39.0,0.8283333333333333,0.9382661799843811,0.8770861412292834
turbine_1,2025-12-24T18:00:00Z,2025-12-26T10:00:00Z,40.0,0.9916666666666668,0.9302873455838118,0.8618107499583109
turbine_1,2025-12-24T18:00:00Z,2025-12-26T11:00:00Z,41.0,0.99,0.7555158796614847,0.6888948211962843
turbine_1,2025-12-24T18:00:00Z,2025-12-26T12:00:00Z,42.0,0.99,0.5287740450977045,0.5121019126659772
turbine_1,2025-12-24T18:00:00Z,2025-12-26T13:00:00Z,43.0,0.9633333333333334,0.3706069901560731,0.4013767221837243
turbine_1,2025-12-24T18:00:00Z,2025-12-26T14:00:00Z,44.0,0.7366666666666667,0.308912383471819,0.3503617436680024
turbine_1,2025-12-24T18:00:00Z,2025-12-26T15:00:00Z,45.0,0.8516666666666666,0.44836403222074234,0.4990607651654024
turbine_1,2025-12-24T18:00:00Z,2025-12-26T16:00:00Z,46.0,0.3883333333333333,0.5081227086534685,0.4760571897677204
turbine_1,2025-12-24T18:00:00Z,2025-12-26T17:00:00Z,47.0,0.2916666666666667,0.49895273738301016,0.4650267590027286
turbine_1,2025-12-24T18:00:00Z,2025-12-26T18:00:00Z,48.0,0.2133333333333333,0.5014214139007267,0.5106548108182011
turbine_1,2025-12-25T18:00:00Z,2025-12-25T19:00:00Z,1.0,0.3133333333333333,0.6149492240850771,0.606809427159591
turbine_1,2025-12-25T18:00:00Z,2025-12-25T20:00:00Z,2.0,0.4516666666666666,0.6111912161823058,0.6175354894379921
turbine_1,2025-12-25T18:00:00Z,2025-12-25T21:00:00Z,3.0,0.64,0.7361773920488972,0.6966386526364344
turbine_1,2025-12-25T18:00:00Z,2025-12-25T22:00:00Z,4.0,0.2766666666666666,0.6958967545830232,0.6931662438873332
turbine_1,2025-12-25T18:00:00Z,2025-12-25T23:00:00Z,5.0,0.345,0.579048591747028,0.6261213442703337
turbine_1,2025-12-25T18:00:00Z,2025-12-26T00:00:00Z,6.0,0.235,0.13257541286271468,0.33550237643043723
turbine_1,2025-12-25T18:00:00Z,2025-12-26T01:00:00Z,7.0,0.12,0.08053532758634348,0.1630656004708306
turbine_1,2025-12-25T18:00:00Z,2025-12-26T02:00:00Z,8.0,0.0516666666666666,0.024624527525785533,0.06661983433985025
turbine_1,2025-12-25T18:00:00Z,2025-12-26T03:00:00Z,9.0,0.0266666666666666,0.01075512512821214,0.06083106958077883
turbine_1,2025-12-25T18:00:00Z,2025-12-26T04:00:00Z,10.0,0.0166666666666666,0.023335016098611994,0.061046269776913076
turbine_1,2025-12-25T18:00:00Z,2025-12-26T05:00:00Z,11.0,0.1566666666666666,0.06279432756606673,0.07923200040064776
turbine_1,2025-12-25T18:00:00Z,2025-12-26T06:00:00Z,12.0,0.0583333333333333,0.12060008628646297,0.1275600512515117
turbine_1,2025-12-25T18:00:00Z,2025-12-26T07:00:00Z,13.0,0.0833333333333333,0.33881523283888937,0.3749179143765955
turbine_1,2025-12-25T18:00:00Z,2025-12-26T08:00:00Z,14.0,0.2316666666666666,0.4051075860327961,0.4485138847808552
turbine_1,2025-12-25T18:00:00Z,2025-12-26T09:00:00Z,15.0,0.8283333333333333,0.6336750032745606,0.6763535327584234
turbine_1,2025-12-25T18:00:00Z,2025-12-26T10:00:00Z,16.0,0.9916666666666668,0.8049044528430364,0.7466301926248164
turbine_1,2025-12-25T18:00:00Z,2025-12-26T11:00:00Z,17.0,0.99,0.8780566371505509,0.7850988870688687
turbine_1,2025-12-25T18:00:00Z,2025-12-26T12:00:00Z,18.0,0.99,0.8619268732820754,0.7786705514594721
turbine_1,2025-12-25T18:00:00Z,2025-12-26T13:00:00Z,19.0,0.9633333333333334,0.8474186751552681,0.7636864618171515
turbine_1,2025-12-25T18:00:00Z,2025-12-26T14:00:00Z,20.0,0.7366666666666667,0.7178792774129553,0.6568940098539771
turbine_1,2025-12-25T18:00:00Z,2025-12-26T15:00:00Z,21.0,0.8516666666666666,0.6465022591225862,0.5904740319872923
turbine_1,2025-12-25T18:00:00Z,2025-12-26T16:00:00Z,22.0,0.3883333333333333,0.6960799338763689,0.6439135034860964
turbine_1,2025-12-25T18:00:00Z,2025-12-26T17:00:00Z,23.0,0.2916666666666667,0.5378482280646026,0.5335839858377449
turbine_1,2025-12-25T18:00:00Z,2025-12-26T18:00:00Z,24.0,0.2133333333333333,0.2680024298208036,0.29034189220038864
turbine_1,2025-12-25T18:00:00Z,2025-12-26T19:00:00Z,25.0,0.2533333333333333,0.120591563596295,0.13532949443886072
turbine_1,2025-12-25T18:00:00Z,2025-12-26T20:00:00Z,26.0,0.18,0.027337924360788413,0.07080943379682769
turbine_1,2025-12-25T18:00:00Z,2025-12-26T21:00:00Z,27.0,0.2016666666666666,0.016647601288784675,0.05778032054666432
turbine_1,2025-12-25T18:00:00Z,2025-12-26T22:00:00Z,28.0,0.1383333333333333,0.011962135623280856,0.06042483135210758
turbine_1,2025-12-25T18:00:00Z,2025-12-26T23:00:00Z,29.0,0.0183333333333333,0.030096200627248743,0.09150272753745048
turbine_1,2025-12-25T18:00:00Z,2025-12-27T00:00:00Z,30.0,0.0416666666666666,0.23300672774823883,0.3631369740651084
turbine_1,2025-12-25T18:00:00Z,2025-12-27T01:00:00Z,31.0,0.1183333333333333,0.5206011431600677,0.5801765564708756
turbine_1,2025-12-25T18:00:00Z,2025-12-27T02:00:00Z,32.0,0.2233333333333333,0.5956050119672324,0.62759278532059
turbine_1,2025-12-25T18:00:00Z,2025-12-27T03:00:00Z,33.0,0.2066666666666666,0.816792148401478,0.767947726083144
turbine_1,2025-12-25T18:00:00Z,2025-12-27T04:00:00Z,34.0,0.255,0.9563080250734801,0.9019883025851395
turbine_1,2025-12-25T18:00:00Z,2025-12-27T05:00:00Z,35.0,0.7483333333333334,0.9783757558657742,0.9287261155678943
turbine_1,2025-12-25T18:00:00Z,2025-12-27T06:00:00Z,36.0,0.97,0.9744897613288082,0.9356143098904982
turbine_1,2025-12-25T18:00:00Z,2025-12-27T07:00:00Z,37.0,0.9066666666666666,0.9758949792208171,0.9530303780409215
turbine_1,2025-12-25T18:00:00Z,2025-12-27T08:00:00Z,38.0,0.9116666666666666,0.9809925176692778,0.9702417916115236
turbine_1,2025-12-25T18:00:00Z,2025-12-27T09:00:00Z,39.0,0.925,1.0,0.9726990321237157
turbine_1,2025-12-25T18:00:00Z,2025-12-27T10:00:00Z,40.0,0.9133333333333334,0.970276085959491,0.9495576498083833
turbine_1,2025-12-25T18:00:00Z,2025-12-27T11:00:00Z,41.0,0.8733333333333334,0.9708769971069087,0.9137683223355453
turbine_1,2025-12-25T18:00:00Z,2025-12-27T12:00:00Z,42.0,0.95,0.7783282873633415,0.7722703533002913
turbine_1,2025-12-25T18:00:00Z,2025-12-27T13:00:00Z,43.0,0.9183333333333332,0.6412014288277416,0.6823617381248878
turbine_1,2025-12-25T18:00:00Z,2025-12-27T14:00:00Z,44.0,0.6033333333333334,0.616736331162475,0.6253149492763931
turbine_1,2025-12-25T18:00:00Z,2025-12-27T15:00:00Z,45.0,0.27,0.62537500661582,0.6361341962257108
turbine_1,2025-12-25T18:00:00Z,2025-12-27T16:00:00Z,46.0,0.1516666666666666,0.5945988650040369,0.6114978868231642
turbine_1,2025-12-25T18:00:00Z,2025-12-27T17:00:00Z,47.0,0.3916666666666666,0.5958986004090964,0.6087413800660271
turbine_1,2025-12-25T18:00:00Z,2025-12-27T18:00:00Z,48.0,0.2783333333333333,0.5596724552499988,0.5580648148475515
turbine_1,2025-12-26T18:00:00Z,2025-12-26T19:00:00Z,1.0,0.2533333333333333,0.07415111399981018,0.10335344044848577
turbine_1,2025-12-26T18:00:00Z,2025-12-26T20:00:00Z,2.0,0.18,0.025399396569070476,0.08911309000237633
turbine_1,2025-12-26T18:00:00Z,2025-12-26T21:00:00Z,3.0,0.2016666666666666,0.017562976933727437,0.07158729444639483
turbine_1,2025-12-26T18:00:00Z,2025-12-26T22:00:00Z,4.0,0.1383333333333333,0.011490925672033414,0.06134405117169711
turbine_1,2025-12-26T18:00:00Z,2025-12-26T23:00:00Z,5.0,0.0183333333333333,0.02089549716656164,0.06092582220781817
turbine_1,2025-12-26T18:00:00Z,2025-12-27T00:00:00Z,6.0,0.0416666666666666,0.06148766004176373,0.13248282440207762
turbine_1,2025-12-26T18:00:00Z,2025-12-27T01:00:00Z,7.0,0.1183333333333333,0.23010804912567745,0.36693340631717747
turbine_1,2025-12-26T18:00:00Z,2025-12-27T02:00:00Z,8.0,0.2233333333333333,0.4240743513056052,0.5310107471533869
turbine_1,2025-12-26T18:00:00Z,2025-12-27T03:00:00Z,9.0,0.2066666666666666,0.6408086264566479,0.6680190083592554
turbine_1,2025-12-26T18:00:00Z,2025-12-27T04:00:00Z,10.0,0.255,0.9567830801995817,0.9085928164718267
turbine_1,2025-12-26T18:00:00Z,2025-12-27T05:00:00Z,11.0,0.7483333333333334,0.9783757558657742,0.9287758029791812
turbine_1,2025-12-26T18:00:00Z,2025-12-27T06:00:00Z,12.0,0.97,0.973808364558608,0.9341591361506788
turbine_1,2025-12-26T18:00:00Z,2025-12-27T07:00:00Z,13.0,0.9066666666666666,0.9758949792208171,0.9619193390839668
turbine_1,2025-12-26T18:00:00Z,2025-12-27T08:00:00Z,14.0,0.9116666666666666,0.9806034264120619,0.9677144195015486
turbine_1,2025-12-26T18:00:00Z,2025-12-27T09:00:00Z,15.0,0.925,0.9819142731970044,0.9386065987651278
turbine_1,2025-12-26T18:00:00Z,2025-12-27T10:00:00Z,16.0,0.9133333333333334,0.8870125434147274,0.859255031595603
turbine_1,2025-12-26T18:00:00Z,2025-12-27T11:00:00Z,17.0,0.8733333333333334,0.7978547440031395,0.7972953576159354
turbine_1,2025-12-26T18:00:00Z,2025-12-27T12:00:00Z,18.0,0.95,0.7191186375072748,0.756770477067439
turbine_1,2025-12-26T18:00:00Z,2025-12-27T13:00:00Z,19.0,0.9183333333333332,0.5950093650508974,0.6239183661884531
turbine_1,2025-12-26T18:00:00Z,2025-12-27T14:00:00Z,20.0,0.6033333333333334,0.5195072844566769,0.5635062345288199
turbine_1,2025-12-26T18:00:00Z,2025-12-27T15:00:00Z,21.0,0.27,0.4410301611881381,0.4875469556504009
turbine_1,2025-12-26T18:00:00Z,2025-12-27T16:00:00Z,22.0,0.1516666666666666,0.42054497332233215,0.4713220035412755
turbine_1,2025-12-26T18:00:00Z,2025-12-27T17:00:00Z,23.0,0.3916666666666666,0.5249833390525691,0.5344757804764563
turbine_1,2025-12-26T18:00:00Z,2025-12-27T18:00:00Z,24.0,0.2783333333333333,0.5350586194941966,0.5513916249268113
turbine_1,2025-12-26T18:00:00Z,2025-12-27T19:00:00Z,25.0,0.73,0.5682904043694299,0.5498927739058846
turbine_1,2025-12-26T18:00:00Z,2025-12-27T20:00:00Z,26.0,0.5983333333333333,0.5675180498534783,0.5805700710435152
turbine_1,2025-12-26T18:00:00Z,2025-12-27T21:00:00Z,27.0,0.8816666666666667,0.6284772553857825,0.6326595415544567
turbine_1,2025-12-26T18:00:00Z,2025-12-27T22:00:00Z,28.0,0.9033333333333332,0.6326353073650718,0.6497822649668412
turbine_1,2025-12-26T18:00:00Z,2025-12-27T23:00:00Z,29.0,0.97,0.6532278789430428,0.6622198951933258
turbine_1,2025-12-26T18:00:00Z,2025-12-28T00:00:00Z,30.0,0.89,0.7218165291905141,0.7084506632937431
turbine_1,2025-12-26T18:00:00Z,2025-12-28T01:00:00Z,31.0,0.735,0.7698341289904467,0.7430732795717115
turbine_1,2025-12-26T18:00:00Z,2025-12-28T02:00:00Z,32.0,0.6333333333333333,0.8325639081358256,0.8095025528149966
turbine_1,2025-12-26T18:00:00Z,2025-12-28T03:00:00Z,33.0,0.6733333333333333,0.845855311100364,0.8246559423674911
turbine_1,2025-12-26T18:00:00Z,2025-12-28T04:00:00Z,34.0,0.52,0.9016146395454572,0.8635381007596901
turbine_1,2025-12-26T18:00:00Z,2025-12-28T05:00:00Z,35.0,0.6766666666666667,0.9761730370261488,0.9162596229468558
turbine_1,2025-12-26T18:00:00Z,2025-12-28T06:00:00Z,36.0,0.8383333333333334,0.9749648164549097,0.938223403224445
turbine_1,2025-12-26T18:00:00Z,2025-12-28T07:00:00Z,37.0,0.87,0.9770514311171189,0.9556167411329136
turbine_1,2025-12-26T18:00:00Z,2025-12-28T08:00:00Z,38.0,0.8966666666666666,0.9821489695655795,0.9624615025727473
turbine_1,2025-12-26T18:00:00Z,2025-12-28T09:00:00Z,39.0,0.635,1.0,0.9545635951122156
turbine_1,2025-12-26T18:00:00Z,2025-12-28T10:00:00Z,40.0,0.8250000000000001,0.9612168741661848,0.880726966065293
turbine_1,2025-12-26T18:00:00Z,2025-12-28T11:00:00Z,41.0,0.8450000000000001,0.9168559401920092,0.8414409464528185
turbine_1,2025-12-26T18:00:00Z,2025-12-28T12:00:00Z,42.0,0.96,0.9043877301900753,0.8327557858253173
turbine_1,2025-12-26T18:00:00Z,2025-12-28T13:00:00Z,43.0,0.6516666666666667,0.8411718524117555,0.7975722237601995
turbine_1,2025-12-26T18:00:00Z,2025-12-28T14:00:00Z,44.0,0.83,0.9008100466665516,0.8135328852352912
turbine_1,2025-12-26T18:00:00Z,2025-12-28T15:00:00Z,45.0,0.5933333333333334,0.9128891482749338,0.8135328852352912
turbine_1,2025-12-26T18:00:00Z,2025-12-28T16:00:00Z,46.0,0.5533333333333333,0.8559027090824683,0.7924114151893646
turbine_1,2025-12-26T18:00:00Z,2025-12-28T17:00:00Z,47.0,0.2616666666666666,0.8847334275981806,0.8027351174492054
turbine_1,2025-12-26T18:00:00Z,2025-12-28T18:00:00Z,48.0,0.385,0.8620335402571077,0.7861534284340177
turbine_1,2025-12-27T18:00:00Z,2025-12-27T19:00:00Z,1.0,0.73,0.6300084773706678,0.6234638721844005
turbine_1,2025-12-27T18:00:00Z,2025-12-27T20:00:00Z,2.0,0.5983333333333333,0.6616760956441289,0.6292921042535335
turbine_1,2025-12-27T18:00:00Z,2025-12-27T21:00:00Z,3.0,0.8816666666666667,0.6513539031673877,0.643434219352577
turbine_1,2025-12-27T18:00:00Z,2025-12-27T22:00:00Z,4.0,0.9033333333333332,0.6877922811098249,0.677614317887242
turbine_1,2025-12-27T18:00:00Z,2025-12-27T23:00:00Z,5.0,0.97,0.6858139615113206,0.6772910696988685
turbine_1,2025-12-27T18:00:00Z,2025-12-28T00:00:00Z,6.0,0.89,0.6866268518225639,0.6739552119093286
turbine_1,2025-12-27T18:00:00Z,2025-12-28T01:00:00Z,7.0,0.735,0.6865971996522164,0.677326507200458
turbine_1,2025-12-27T18:00:00Z,2025-12-28T02:00:00Z,8.0,0.6333333333333333,0.7787606754642705,0.7521259650252207
turbine_1,2025-12-27T18:00:00Z,2025-12-28T03:00:00Z,9.0,0.6733333333333333,0.8930282513944053,0.8343263603419262
turbine_1,2025-12-27T18:00:00Z,2025-12-28T04:00:00Z,10.0,0.52,0.9393601641311037,0.8977304456587624
turbine_1,2025-12-27T18:00:00Z,2025-12-28T05:00:00Z,11.0,0.6766666666666667,0.9781723996140681,0.9222793147270063
turbine_1,2025-12-27T18:00:00Z,2025-12-28T06:00:00Z,12.0,0.8383333333333334,0.9749648164549097,0.938223403224445
turbine_1,2025-12-27T18:00:00Z,2025-12-28T07:00:00Z,13.0,0.87,0.9770514311171189,0.9536980730085041
turbine_1,2025-12-27T18:00:00Z,2025-12-28T08:00:00Z,14.0,0.8966666666666666,0.9811430891469091,0.9478931377344318
turbine_1,2025-12-27T18:00:00Z,2025-12-28T09:00:00Z,15.0,0.635,1.0,0.9545635951122156
turbine_1,2025-12-27T18:00:00Z,2025-12-28T10:00:00Z,16.0,0.8250000000000001,0.9752226016259468,0.8865478946552157
turbine_1,2025-12-27T18:00:00Z,2025-12-28T11:00:00Z,17.0,0.8450000000000001,0.9168559401920092,0.8414409464528185
turbine_1,2025-12-27T18:00:00Z,2025-12-28T12:00:00Z,18.0,0.96,0.818930095457648,0.7856531110760379
turbine_1,2025-12-27T18:00:00Z,2025-12-28T13:00:00Z,19.0,0.6516666666666667,0.8246301208076903,0.7806148631825167
turbine_1,2025-12-27T18:00:00Z,2025-12-28T14:00:00Z,20.0,0.83,0.8250124289165313,0.7692935348970892
turbine_1,2025-12-27T18:00:00Z,2025-12-28T15:00:00Z,21.0,0.5933333333333334,0.7878212644042893,0.7371052674904055
turbine_1,2025-12-27T18:00:00Z,2025-12-28T16:00:00Z,22.0,0.5533333333333333,0.7151271687837716,0.707514692002764
turbine_1,2025-12-27T18:00:00Z,2025-12-28T17:00:00Z,23.0,0.2616666666666666,0.6900836502619982,0.6692585529840189
turbine_1,2025-12-27T18:00:00Z,2025-12-28T18:00:00Z,24.0,0.385,0.2787876084724296,0.4444289323962324
turbine_1,2025-12-27T18:00:00Z,2025-12-28T19:00:00Z,25.0,0.3416666666666666,0.19908519948208325,0.3227769178102381
turbine_1,2025-12-27T18:00:00Z,2025-12-28T20:00:00Z,26.0,0.3416666666666666,0.13884501262516988,0.23919311834431226
turbine_1,2025-12-27T18:00:00Z,2025-12-28T21:00:00Z,27.0,0.36,0.12510029411831636,0.22665820490182553
turbine_1,2025-12-27T18:00:00Z,2025-12-28T22:00:00Z,28.0,0.2933333333333333,0.17722749846156008,0.24803923103766362
turbine_1,2025-12-27T18:00:00Z,2025-12-28T23:00:00Z,29.0,0.2783333333333333,0.16151941833993738,0.27277871276108
turbine_1,2025-12-27T18:00:00Z,2025-12-29T00:00:00Z,30.0,0.31,0.24417927447746146,0.3576819406049246
turbine_1,2025-12-27T18:00:00Z,2025-12-29T01:00:00Z,31.0,0.4983333333333333,0.41156286086287674,0.5181500594975208
turbine_1,2025-12-27T18:00:00Z,2025-12-29T02:00:00Z,32.0,0.6583333333333333,0.5415573687406496,0.5754813519884487
turbine_1,2025-12-27T18:00:00Z,2025-12-29T03:00:00Z,33.0,0.8850000000000001,0.5022844352696406,0.5584657064580274
turbine_1,2025-12-27T18:00:00Z,2025-12-29T04:00:00Z,34.0,0.5499999999999999,0.6251946314707602,0.6397893085659425
turbine_1,2025-12-27T18:00:00Z,2025-12-29T05:00:00Z,35.0,0.295,0.8488128198923662,0.78114143503462
turbine_1,2025-12-27T18:00:00Z,2025-12-29T06:00:00Z,36.0,0.225,0.9392707662662864,0.8598706231169723
turbine_1,2025-12-27T18:00:00Z,2025-12-29T07:00:00Z,37.0,0.6133333333333333,0.9709278471601692,0.9114008414055985
turbine_1,2025-12-27T18:00:00Z,2025-12-29T08:00:00Z,38.0,0.4666666666666666,0.824274459485383,0.7783953537273339
turbine_1,2025-12-27T18:00:00Z,2025-12-29T09:00:00Z,39.0,0.7599999999999999,0.6859908585448621,0.6620178098531703
turbine_1,2025-12-27T18:00:00Z,2025-12-29T10:00:00Z,40.0,0.9333333333333332,0.6020652959143996,0.6483914874620296
turbine_1,2025-12-27T18:00:00Z,2025-12-29T11:00:00Z,41.0,0.9566666666666668,0.638110685893524,0.6685931642484124
turbine_1,2025-12-27T18:00:00Z,2025-12-29T12:00:00Z,42.0,0.9883333333333332,0.6709493132407046,0.7139978782307537
turbine_1,2025-12-27T18:00:00Z,2025-12-29T13:00:00Z,43.0,0.99,0.7536309553593431,0.7368808556848296
turbine_1,2025-12-27T18:00:00Z,2025-12-29T14:00:00Z,44.0,0.99,0.7377529297036632,0.7409097984854307
turbine_1,2025-12-27T18:00:00Z,2025-12-29T15:00:00Z,45.0,0.99,0.8637483867977576,0.786250895474772
turbine_1,2025-12-27T18:00:00Z,2025-12-29T16:00:00Z,46.0,0.99,0.8794078362573244,0.8293526748339967
turbine_1,2025-12-27T18:00:00Z,2025-12-29T17:00:00Z,47.0,0.99,0.9600173858065028,0.8756031284732998
turbine_1,2025-12-27T18:00:00Z,2025-12-29T18:00:00Z,48.0,0.99,0.9417015845091391,0.8531843062848588
turbine_1,2025-12-28T18:00:00Z,2025-12-28T19:00:00Z,1.0,0.3416666666666666,0.11106705321668935,0.1874992100744119
turbine_1,2025-12-28T18:00:00Z,2025-12-28T20:00:00Z,2.0,0.3416666666666666,0.0804218617585092,0.15675542447182275
turbine_1,2025-12-28T18:00:00Z,2025-12-28T21:00:00Z,3.0,0.36,0.171453706981211,0.23192620687648016
turbine_1,2025-12-28T18:00:00Z,2025-12-28T22:00:00Z,4.0,0.2933333333333333,0.1468859461607485,0.265572747887597
turbine_1,2025-12-28T18:00:00Z,2025-12-28T23:00:00Z,5.0,0.2783333333333333,0.23674290557468236,0.32922579843216604
turbine_1,2025-12-28T18:00:00Z,2025-12-29T00:00:00Z,6.0,0.31,0.45163028259262644,0.5484862900984029
turbine_1,2025-12-28T18:00:00Z,2025-12-29T01:00:00Z,7.0,0.4983333333333333,0.4852688769277741,0.5774283942306142
turbine_1,2025-12-28T18:00:00Z,2025-12-29T02:00:00Z,8.0,0.6583333333333333,0.607926294934357,0.6536733030094899
turbine_1,2025-12-28T18:00:00Z,2025-12-29T03:00:00Z,9.0,0.8850000000000001,0.7065471150698714,0.6730722015081466
turbine_1,2025-12-28T18:00:00Z,2025-12-29T04:00:00Z,10.0,0.5499999999999999,0.7781310497176872,0.7426950376048453
turbine_1,2025-12-28T18:00:00Z,2025-12-29T05:00:00Z,11.0,0.295,0.9212556016397637,0.8472520988615097
turbine_1,2025-12-28T18:00:00Z,2025-12-29T06:00:00Z,12.0,0.225,0.9722870424891827,0.919154363360612
turbine_1,2025-12-28T18:00:00Z,2025-12-29T07:00:00Z,13.0,0.6133333333333333,0.973341438892084,0.9317918431879854
turbine_1,2025-12-28T18:00:00Z,2025-12-29T08:00:00Z,14.0,0.4666666666666666,0.980066022908654,0.9240549873477316
turbine_1,2025-12-28T18:00:00Z,2025-12-29T09:00:00Z,15.0,0.7599999999999999,0.9121479036791008,0.8510571331900225
turbine_1,2025-12-28T18:00:00Z,2025-12-29T10:00:00Z,16.0,0.9333333333333332,0.8909868345741153,0.828472654448477
turbine_1,2025-12-28T18:00:00Z,2025-12-29T11:00:00Z,17.0,0.9566666666666668,0.8443869673716827,0.7955562077915368
turbine_1,2025-12-28T18:00:00Z,2025-12-29T12:00:00Z,18.0,0.9883333333333332,0.8520328284286268,0.7909005295462763
turbine_1,2025-12-28T18:00:00Z,2025-12-29T13:00:00Z,19.0,0.99,0.8984867377101633,0.833516182524979
turbine_1,2025-12-28T18:00:00Z,2025-12-29T14:00:00Z,20.0,0.99,0.9120262700968681,0.836991651654358
turbine_1,2025-12-28T18:00:00Z,2025-12-29T15:00:00Z,21.0,0.99,0.9418922471511956,0.8771520197776163
turbine_1,2025-12-28T18:00:00Z,2025-12-29T16:00:00Z,22.0,0.99,0.9576183184228843,0.9220560867006469
turbine_1,2025-12-28T18:00:00Z,2025-12-29T17:00:00Z,23.0,0.99,0.9905348930935054,0.9398852964721025
turbine_1,2025-12-28T18:00:00Z,2025-12-29T18:00:00Z,24.0,0.99,0.9718326495463305,0.9193573833460688
turbine_1,2025-12-28T18:00:00Z,2025-12-29T19:00:00Z,25.0,0.99,0.9740128641863245,0.9148853292092388
turbine_1,2025-12-28T18:00:00Z,2025-12-29T20:00:00Z,26.0,0.99,0.9652736980012263,0.9097995245263092
turbine_1,2025-12-28T18:00:00Z,2025-12-29T21:00:00Z,27.0,0.99,0.9687448781045161,0.9251765976890487
turbine_1,2025-12-28T18:00:00Z,2025-12-29T22:00:00Z,28.0,0.99,0.949878309671521,0.9251576824845043
turbine_1,2025-12-28T18:00:00Z,2025-12-29T23:00:00Z,29.0,0.99,0.951954996807466,0.925737410055637
turbine_1,2025-12-28T18:00:00Z,2025-12-30T00:00:00Z,30.0,0.99,0.9495258057481565,0.9222275220377717
turbine_1,2025-12-28T18:00:00Z,2025-12-30T01:00:00Z,31.0,0.99,0.9493789839906349,0.9206936969085323
turbine_1,2025-12-28T18:00:00Z,2025-12-30T02:00:00Z,32.0,0.9866666666666668,0.9463823175512249,0.927378670486437
turbine_1,2025-12-28T18:00:00Z,2025-12-30T03:00:00Z,33.0,0.8649999999999999,0.9547253153965929,0.9282578075202226
turbine_1,2025-12-28T18:00:00Z,2025-12-30T04:00:00Z,34.0,0.945,0.9393601641311037,0.9012745607865466
turbine_1,2025-12-28T18:00:00Z,2025-12-30T05:00:00Z,35.0,0.9716666666666668,0.4282415449000405,0.5207534353379266
turbine_1,2025-12-28T18:00:00Z,2025-12-30T06:00:00Z,36.0,0.9283333333333332,0.2624474125503016,0.3790064540350298
turbine_1,2025-12-28T18:00:00Z,2025-12-30T07:00:00Z,37.0,0.99,0.22099061159129021,0.29987163539948836
turbine_1,2025-12-28T18:00:00Z,2025-12-30T08:00:00Z,38.0,0.9516666666666668,0.2708231840857571,0.37854764278510405
turbine_1,2025-12-28T18:00:00Z,2025-12-30T09:00:00Z,39.0,0.99,0.2920467163011713,0.35476321077985623
turbine_1,2025-12-28T18:00:00Z,2025-12-30T10:00:00Z,40.0,0.9883333333333332,0.1303938800491018,0.22646552403646536
turbine_1,2025-12-28T18:00:00Z,2025-12-30T11:00:00Z,41.0,0.99,0.1361931792371544,0.20123116812027983
turbine_1,2025-12-28T18:00:00Z,2025-12-30T12:00:00Z,42.0,0.99,0.2752743570644617,0.3662446676848649
turbine_1,2025-12-28T18:00:00Z,2025-12-30T13:00:00Z,43.0,0.96,0.4201422376595051,0.5067124262851603
turbine_1,2025-12-28T18:00:00Z,2025-12-30T14:00:00Z,44.0,0.9566666666666668,0.7188774710165777,0.7464501584295509
turbine_1,2025-12-28T18:00:00Z,2025-12-30T15:00:00Z,45.0,0.5883333333333334,0.6614589398110058,0.6822669796474523
turbine_1,2025-12-28T18:00:00Z,2025-12-30T16:00:00Z,46.0,0.745,0.6844770882152403,0.6509538395977787
turbine_1,2025-12-28T18:00:00Z,2025-12-30T17:00:00Z,47.0,0.6533333333333333,0.6851155327951127,0.6960937543317569
turbine_1,2025-12-28T18:00:00Z,2025-12-30T18:00:00Z,48.0,0.8583333333333334,0.467861520815028,0.47422148985399104
turbine_1,2025-12-29T18:00:00Z,2025-12-29T19:00:00Z,1.0,0.99,0.9740128641863245,0.9148853292092388
turbine_1,2025-12-29T18:00:00Z,2025-12-29T20:00:00Z,2.0,0.99,0.9652736980012263,0.9097995245263092
turbine_1,2025-12-29T18:00:00Z,2025-12-29T21:00:00Z,3.0,0.99,0.9687448781045161,0.9251765976890487
turbine_1,2025-12-29T18:00:00Z,2025-12-29T22:00:00Z,4.0,0.99,0.949878309671521,0.9251576824845043
turbine_1,2025-12-29T18:00:00Z,2025-12-29T23:00:00Z,5.0,0.99,0.951954996807466,0.925737410055637
turbine_1,2025-12-29T18:00:00Z,2025-12-30T00:00:00Z,6.0,0.99,0.9495258057481565,0.9222275220377717
turbine_1,2025-12-29T18:00:00Z,2025-12-30T01:00:00Z,7.0,0.99,0.9500573953684426,0.9230301662916162
turbine_1,2025-12-29T18:00:00Z,2025-12-30T02:00:00Z,8.0,0.9866666666666668,0.9463823175512249,0.927378670486437
turbine_1,2025-12-29T18:00:00Z,2025-12-30T03:00:00Z,9.0,0.8649999999999999,0.954465294972763,0.9282578075202226
turbine_1,2025-12-29T18:00:00Z,2025-12-30T04:00:00Z,10.0,0.945,0.8466793332194692,0.8136535800594763
turbine_1,2025-12-29T18:00:00Z,2025-12-30T05:00:00Z,11.0,0.9716666666666668,0.4053564096817377,0.4737435433613573
turbine_1,2025-12-29T18:00:00Z,2025-12-30T06:00:00Z,12.0,0.9283333333333332,0.2172580841855957,0.2955153584535234
turbine_1,2025-12-29T18:00:00Z,2025-12-30T07:00:00Z,13.0,0.99,0.1729448321235134,0.2520034495588392
turbine_1,2025-12-29T18:00:00Z,2025-12-30T08:00:00Z,14.0,0.9516666666666668,0.1975032669269573,0.30361699848406626
turbine_1,2025-12-29T18:00:00Z,2025-12-30T09:00:00Z,15.0,0.99,0.12397486861995946,0.22281138189387364
turbine_1,2025-12-29T18:00:00Z,2025-12-30T10:00:00Z,16.0,0.9883333333333332,0.09135017595356151,0.18316163975681904
turbine_1,2025-12-29T18:00:00Z,2025-12-30T11:00:00Z,17.0,0.99,0.10145683216425083,0.1870014985024772
turbine_1,2025-12-29T18:00:00Z,2025-12-30T12:00:00Z,18.0,0.99,0.09128038491469939,0.16570699476847012
turbine_1,2025-12-29T18:00:00Z,2025-12-30T13:00:00Z,19.0,0.96,0.09914220710123943,0.1729999570470948
turbine_1,2025-12-29T18:00:00Z,2025-12-30T14:00:00Z,20.0,0.9566666666666668,0.1695916379611231,0.26198964487585774
turbine_1,2025-12-29T18:00:00Z,2025-12-30T15:00:00Z,21.0,0.5883333333333334,0.34116183049594706,0.41150217481766416
turbine_1,2025-12-29T18:00:00Z,2025-12-30T16:00:00Z,22.0,0.745,0.3017079559413343,0.38195354049607094
turbine_1,2025-12-29T18:00:00Z,2025-12-30T17:00:00Z,23.0,0.6533333333333333,0.2955862880438225,0.40667889278921227
turbine_1,2025-12-29T18:00:00Z,2025-12-30T18:00:00Z,24.0,0.8583333333333334,0.5033710888802261,0.5294810114395407
turbine_1,2025-12-29T18:00:00Z,2025-12-30T19:00:00Z,25.0,0.395,0.43556162059020126,0.502589471117563
turbine_1,2025-12-29T18:00:00Z,2025-12-30T20:00:00Z,26.0,0.2566666666666666,0.37766536025384306,0.4165635095067735
turbine_1,2025-12-29T18:00:00Z,2025-12-30T21:00:00Z,27.0,0.1383333333333333,0.1624491341059272,0.2827539602877268
turbine_1,2025-12-29T18:00:00Z,2025-12-30T22:00:00Z,28.0,0.0183333333333333,0.11350025037611995,0.19183389008441165
turbine_1,2025-12-29T18:00:00Z,2025-12-30T23:00:00Z,29.0,0.01,0.04805396385832808,0.09124539848424623
turbine_1,2025-12-29T18:00:00Z,2025-12-31T00:00:00Z,30.0,0.01,0.02136837445881848,0.0750549658140175
turbine_1,2025-12-29T18:00:00Z,2025-12-31T01:00:00Z,31.0,0.1583333333333333,0.030382077779198158,0.0826705081983376
turbine_1,2025-12-29T18:00:00Z,2025-12-31T02:00:00Z,32.0,0.2583333333333333,0.01537454842722552,0.061184587010984504
turbine_1,2025-12-29T18:00:00Z,2025-12-31T03:00:00Z,33.0,0.735,0.017424732986119074,0.06850344441273232
turbine_1,2025-12-29T18:00:00Z,2025-12-31T04:00:00Z,34.0,0.2033333333333333,0.014565011331320654,0.06343196198119033
turbine_1,2025-12-29T18:00:00Z,2025-12-31T05:00:00Z,35.0,0.11,0.03200770221888649,0.07521023156777418
turbine_1,2025-12-29T18:00:00Z,2025-12-31T06:00:00Z,36.0,0.08,0.05938734058931494,0.09569699596078052
turbine_1,2025-12-29T18:00:00Z,2025-12-31T07:00:00Z,37.0,0.165,0.06232788786221438,0.11603233035853425
turbine_1,2025-12-29T18:00:00Z,2025-12-31T08:00:00Z,38.0,0.3233333333333333,0.09307400022714096,0.171708197167096
turbine_1,2025-12-29T18:00:00Z,2025-12-31T09:00:00Z,39.0,0.1,0.08474313222839067,0.16076943577871924
turbine_1,2025-12-29T18:00:00Z,2025-12-31T10:00:00Z,40.0,0.01,0.11861381937179605,0.21071487306101055
turbine_1,2025-12-29T18:00:00Z,2025-12-31T11:00:00Z,41.0,0.01,0.1433786406275965,0.2300369535563467
turbine_1,2025-12-29T18:00:00Z,2025-12-31T12:00:00Z,42.0,0.04,0.16271164714190559,0.26265179431150415
turbine_1,2025-12-29T18:00:00Z,2025-12-31T13:00:00Z,43.0,0.0516666666666666,0.154236256246304,0.2764707467133093
turbine_1,2025-12-29T18:00:00Z,2025-12-31T14:00:00Z,44.0,0.0233333333333333,0.23070464585717493,0.32664458910002664
turbine_1,2025-12-29T18:00:00Z,2025-12-31T15:00:00Z,45.0,0.0283333333333333,0.22547694481496122,0.3015772375990591
turbine_1,2025-12-29T18:00:00Z,2025-12-31T16:00:00Z,46.0,0.0316666666666666,0.18465614008186942,0.26587665820423007
turbine_1,2025-12-30T18:00:00Z,2025-12-30T19:00:00Z,1.0,0.395,0.19860383404881607,0.25964680555793473
turbine_1,2025-12-30T18:00:00Z,2025-12-30T20:00:00Z,2.0,0.2566666666666666,0.15021993510967746,0.19654634623689532
turbine_1,2025-12-30T18:00:00Z,2025-12-30T21:00:00Z,3.0,0.1383333333333333,0.06349657983589269,0.09104318539963396
turbine_1,2025-12-30T18:00:00Z,2025-12-30T22:00:00Z,4.0,0.0183333333333333,0.025164351778163063,0.076923516088022
turbine_1,2025-12-30T18:00:00Z,2025-12-30T23:00:00Z,5.0,0.01,0.023357621777481075,0.07082079071779684
turbine_1,2025-12-30T18:00:00Z,2025-12-31T00:00:00Z,6.0,0.01,0.018184287471353422,0.07396787371369773
turbine_1,2025-12-30T18:00:00Z,2025-12-31T01:00:00Z,7.0,0.1583333333333333,0.013914825189225377,0.05860931789266993
turbine_1,2025-12-30T18:00:00Z,2025-12-31T02:00:00Z,8.0,0.2583333333333333,0.012484438182025936,0.06017789815254132
turbine_1,2025-12-30T18:00:00Z,2025-12-31T03:00:00Z,9.0,0.735,0.01075512512821214,0.06083106958077883
turbine_1,2025-12-30T18:00:00Z,2025-12-31T04:00:00Z,10.0,0.2033333333333333,0.012585320732833638,0.06687973042212919
turbine_1,2025-12-30T18:00:00Z,2025-12-31T05:00:00Z,11.0,0.11,0.03167274055392172,0.07289256752264728
turbine_1,2025-12-30T18:00:00Z,2025-12-31T06:00:00Z,12.0,0.08,0.05252783570636832,0.10096766514915795
turbine_1,2025-12-30T18:00:00Z,2025-12-31T07:00:00Z,13.0,0.165,0.08508499308598005,0.1899037389283758
turbine_1,2025-12-30T18:00:00Z,2025-12-31T08:00:00Z,14.0,0.3233333333333333,0.20780081037978707,0.28740244113866537
turbine_1,2025-12-30T18:00:00Z,2025-12-31T09:00:00Z,15.0,0.1,0.3076251936994361,0.42129115693723806
turbine_1,2025-12-30T18:00:00Z,2025-12-31T10:00:00Z,16.0,0.01,0.24386556036109724,0.3420737567158333
turbine_1,2025-12-30T18:00:00Z,2025-12-31T11:00:00Z,17.0,0.01,0.3575837380164513,0.4274402077749579
turbine_1,2025-12-30T18:00:00Z,2025-12-31T12:00:00Z,18.0,0.04,0.33859947947135605,0.48678265894794626
turbine_1,2025-12-30T18:00:00Z,2025-12-31T13:00:00Z,19.0,0.0516666666666666,0.45121755548861214,0.5519101244136747
turbine_1,2025-12-30T18:00:00Z,2025-12-31T14:00:00Z,20.0,0.0233333333333333,0.5842039084215136,0.6457447536983214
turbine_1,2025-12-30T18:00:00Z,2025-12-31T15:00:00Z,21.0,0.0283333333333333,0.5450928038015659,0.555699731654804
turbine_1,2025-12-30T18:00:00Z,2025-12-31T16:00:00Z,22.0,0.0316666666666666,0.3315112662544595,0.4724265955836731
