site_id,forecast_origin,target_time,lead_hours,actual,incumbent_prediction,candidate_prediction
turbine_2,2025-11-30T18:00:00Z,2025-11-30T19:00:00Z,1.0,0.01,0.023540508594176696,0.09688085805060506
turbine_2,2025-11-30T18:00:00Z,2025-11-30T20:00:00Z,2.0,0.01,0.022358392555625273,0.0729598608006844
turbine_2,2025-11-30T18:00:00Z,2025-11-30T21:00:00Z,3.0,0.0083333333333333,0.025878691386394065,0.06819264919911044
turbine_2,2025-11-30T18:00:00Z,2025-11-30T22:00:00Z,4.0,0.0083333333333333,0.02447491934942031,0.06965192919142105
turbine_2,2025-11-30T18:00:00Z,2025-11-30T23:00:00Z,5.0,0.0083333333333333,0.028566728495031946,0.06749675802225258
turbine_2,2025-11-30T18:00:00Z,2025-12-01T00:00:00Z,6.0,0.0116666666666666,0.031580820291483624,0.09329514759409743
turbine_2,2025-11-30T18:00:00Z,2025-12-01T01:00:00Z,7.0,0.0116666666666666,0.04069790220543362,0.14002624041892747
turbine_2,2025-11-30T18:00:00Z,2025-12-01T02:00:00Z,8.0,0.055,0.08520356045023217,0.25527334172289173
turbine_2,2025-11-30T18:00:00Z,2025-12-01T03:00:00Z,9.0,0.0633333333333333,0.2869689102589009,0.4586243663150416
turbine_2,2025-11-30T18:00:00Z,2025-12-01T04:00:00Z,10.0,0.1533333333333333,0.45222348594270445,0.5855726499908379
turbine_2,2025-11-30T18:00:00Z,2025-12-01T05:00:00Z,11.0,0.1566666666666666,0.7296226771580293,0.6620339083311411
turbine_2,2025-11-30T18:00:00Z,2025-12-01T06:00:00Z,12.0,0.1316666666666666,0.8871572887384491,0.8299638396049154
turbine_2,2025-11-30T18:00:00Z,2025-12-01T07:00:00Z,13.0,0.6416666666666667,0.95540509412124,0.8664685992297565
turbine_2,2025-11-30T18:00:00Z,2025-12-01T08:00:00Z,14.0,0.96,0.9672437041160185,0.889839200487126
turbine_2,2025-11-30T18:00:00Z,2025-12-01T09:00:00Z,15.0,0.9633333333333332,0.9512061242337324,0.8957586474140704
turbine_2,2025-11-30T18:00:00Z,2025-12-01T10:00:00Z,16.0,0.8733333333333334,0.8991067629492454,0.8257913973736688
turbine_2,2025-11-30T18:00:00Z,2025-12-01T11:00:00Z,17.0,0.7066666666666667,0.8337861586003076,0.7652988663098421
turbine_2,2025-11-30T18:00:00Z,2025-12-01T12:00:00Z,18.0,0.5833333333333334,0.7096697873848826,0.8019353014374245
turbine_2,2025-11-30T18:00:00Z,2025-12-01T13:00:00Z,19.0,0.7000000000000001,0.630337427649664,0.6534354399800564
turbine_2,2025-11-30T18:00:00Z,2025-12-01T14:00:00Z,20.0,0.8983333333333333,0.5489650360989013,0.6523015469676179
turbine_2,2025-11-30T18:00:00Z,2025-12-01T15:00:00Z,21.0,0.975,0.557345564640964,0.7064261315354794
turbine_2,2025-11-30T18:00:00Z,2025-12-01T16:00:00Z,22.0,0.9466666666666668,0.5848466460741273,0.7081467985161831
turbine_2,2025-11-30T18:00:00Z,2025-12-01T17:00:00Z,23.0,0.9616666666666666,0.5848466460741273,0.6563935645004368
turbine_2,2025-11-30T18:00:00Z,2025-12-01T18:00:00Z,24.0,0.8816666666666667,0.5076931027755693,0.5641025827831483
turbine_2,2025-11-30T18:00:00Z,2025-12-01T19:00:00Z,25.0,0.62,0.5529854890249086,0.5249548204055687
turbine_2,2025-11-30T18:00:00Z,2025-12-01T20:00:00Z,26.0,0.5316666666666666,0.5214239616554375,0.49238453530490217
turbine_2,2025-11-30T18:00:00Z,2025-12-01T21:00:00Z,27.0,0.145,0.5236438262050351,0.4979165693781896
turbine_2,2025-11-30T18:00:00Z,2025-12-01T22:00:00Z,28.0,0.0233333333333333,0.47123697715552865,0.4801224895273545
turbine_2,2025-11-30T18:00:00Z,2025-12-01T23:00:00Z,29.0,0.0266666666666666,0.38522902309065343,0.5064784379345111
turbine_2,2025-11-30T18:00:00Z,2025-12-02T00:00:00Z,30.0,0.0249999999999999,0.24446572693659332,0.42821941421260235
turbine_2,2025-11-30T18:00:00Z,2025-12-02T01:00:00Z,31.0,0.0333333333333333,0.08353015165951405,0.30867631059384115
turbine_2,2025-11-30T18:00:00Z,2025-12-02T02:00:00Z,32.0,0.0999999999999999,0.056758957832161436,0.14937798079492978
turbine_2,2025-11-30T18:00:00Z,2025-12-02T03:00:00Z,33.0,0.1483333333333333,0.03889195887620764,0.06875735858756321
turbine_2,2025-11-30T18:00:00Z,2025-12-02T04:00:00Z,34.0,0.1283333333333333,0.01560103532044907,0.062465615970603405
turbine_2,2025-11-30T18:00:00Z,2025-12-02T05:00:00Z,35.0,0.075,0.012132395137584878,0.0663526048630011
turbine_2,2025-11-30T18:00:00Z,2025-12-02T06:00:00Z,36.0,0.0966666666666666,0.015600547319054248,0.0742964776378311
turbine_2,2025-11-30T18:00:00Z,2025-12-02T07:00:00Z,37.0,0.0783333333333333,0.02656037501559294,0.09613044554202058
turbine_2,2025-11-30T18:00:00Z,2025-12-02T08:00:00Z,38.0,0.0466666666666666,0.032604942685766025,0.10946478397760678
turbine_2,2025-11-30T18:00:00Z,2025-12-02T09:00:00Z,39.0,0.0716666666666666,0.037752946583272856,0.11347758756774098
turbine_2,2025-11-30T18:00:00Z,2025-12-02T10:00:00Z,40.0,0.045,0.04196315521193786,0.12291513136290677
turbine_2,2025-11-30T18:00:00Z,2025-12-02T11:00:00Z,41.0,0.0083333333333333,0.08743369006141075,0.1843432236381703
turbine_2,2025-11-30T18:00:00Z,2025-12-02T12:00:00Z,42.0,0.01,0.10818037589433308,0.1725259983374448
turbine_2,2025-11-30T18:00:00Z,2025-12-02T13:00:00Z,43.0,0.01,0.11888559356920447,0.16983594487246198
turbine_2,2025-11-30T18:00:00Z,2025-12-02T14:00:00Z,44.0,0.0083333333333333,0.08824161126605845,0.15877284903153682
turbine_2,2025-11-30T18:00:00Z,2025-12-02T15:00:00Z,45.0,0.0066666666666666,0.07046883148062238,0.13082078068951877
turbine_2,2025-11-30T18:00:00Z,2025-12-02T16:00:00Z,46.0,0.0116666666666666,0.04509763954506532,0.11246208886287623
turbine_2,2025-11-30T18:00:00Z,2025-12-02T17:00:00Z,47.0,0.0083333333333333,0.04029550323973294,0.10447843504411405
turbine_2,2025-11-30T18:00:00Z,2025-12-02T18:00:00Z,48.0,0.01,0.0352774435932188,0.09688523911336727
turbine_2,2025-12-01T18:00:00Z,2025-12-01T19:00:00Z,1.0,0.62,0.428767012921061,0.5577552657282597
turbine_2,2025-12-01T18:00:00Z,2025-12-01T20:00:00Z,2.0,0.5316666666666666,0.3614950840129547,0.5200378361961684
turbine_2,2025-12-01T18:00:00Z,2025-12-01T21:00:00Z,3.0,0.145,0.3970056360408404,0.5164786938646031
turbine_2,2025-12-01T18:00:00Z,2025-12-01T22:00:00Z,4.0,0.0233333333333333,0.28536774879979526,0.4688231449643616
turbine_2,2025-12-01T18:00:00Z,2025-12-01T23:00:00Z,5.0,0.0266666666666666,0.09605014163667505,0.3529686482797436
turbine_2,2025-12-01T18:00:00Z,2025-12-02T00:00:00Z,6.0,0.0249999999999999,0.053724237315317044,0.14472421969430885
turbine_2,2025-12-01T18:00:00Z,2025-12-02T01:00:00Z,7.0,0.0333333333333333,0.034320060468299024,0.05420994121111217
turbine_2,2025-12-01T18:00:00Z,2025-12-02T02:00:00Z,8.0,0.0999999999999999,0.018403963730543982,0.05767220078051166
turbine_2,2025-12-01T18:00:00Z,2025-12-02T03:00:00Z,9.0,0.1483333333333333,0.012818886620693859,0.05136668932774752
turbine_2,2025-12-01T18:00:00Z,2025-12-02T04:00:00Z,10.0,0.1283333333333333,0.0126881676431852,0.046118847812392616
turbine_2,2025-12-01T18:00:00Z,2025-12-02T05:00:00Z,11.0,0.075,0.012586699785234384,0.062102557990092455
turbine_2,2025-12-01T18:00:00Z,2025-12-02T06:00:00Z,12.0,0.0966666666666666,0.015753005414687937,0.07660708491515011
turbine_2,2025-12-01T18:00:00Z,2025-12-02T07:00:00Z,13.0,0.0783333333333333,0.02944597640217883,0.09759564615192959
turbine_2,2025-12-01T18:00:00Z,2025-12-02T08:00:00Z,14.0,0.0466666666666666,0.03290288621615334,0.10169532067415041
turbine_2,2025-12-01T18:00:00Z,2025-12-02T09:00:00Z,15.0,0.0716666666666666,0.05125937340017486,0.1132566982529633
turbine_2,2025-12-01T18:00:00Z,2025-12-02T10:00:00Z,16.0,0.045,0.050284458628112594,0.13067079484307428
turbine_2,2025-12-01T18:00:00Z,2025-12-02T11:00:00Z,17.0,0.0083333333333333,0.07878946299993644,0.14981395028445355
turbine_2,2025-12-01T18:00:00Z,2025-12-02T12:00:00Z,18.0,0.01,0.06524978898525932,0.15685691762790438
turbine_2,2025-12-01T18:00:00Z,2025-12-02T13:00:00Z,19.0,0.01,0.06164809759521894,0.1486760175618181
turbine_2,2025-12-01T18:00:00Z,2025-12-02T14:00:00Z,20.0,0.0083333333333333,0.04747220997810947,0.13859129959469182
turbine_2,2025-12-01T18:00:00Z,2025-12-02T15:00:00Z,21.0,0.0066666666666666,0.03835075250618425,0.12321201675135096
turbine_2,2025-12-01T18:00:00Z,2025-12-02T16:00:00Z,22.0,0.0116666666666666,0.03439466917488304,0.1147013668178101
turbine_2,2025-12-01T18:00:00Z,2025-12-02T17:00:00Z,23.0,0.0083333333333333,0.03453164840387846,0.11708147324130466
turbine_2,2025-12-01T18:00:00Z,2025-12-02T18:00:00Z,24.0,0.01,0.029905411665222925,0.1061705205126075
turbine_2,2025-12-01T18:00:00Z,2025-12-02T19:00:00Z,25.0,0.015,0.03546810003615952,0.10402506444239193
turbine_2,2025-12-01T18:00:00Z,2025-12-02T20:00:00Z,26.0,0.1033333333333333,0.034737386329750514,0.08883925125036646
turbine_2,2025-12-01T18:00:00Z,2025-12-02T21:00:00Z,27.0,0.1733333333333333,0.045889037521207154,0.1494271101524516
turbine_2,2025-12-01T18:00:00Z,2025-12-02T22:00:00Z,28.0,0.2016666666666666,0.06807317948321852,0.23695883869662088
turbine_2,2025-12-01T18:00:00Z,2025-12-02T23:00:00Z,29.0,0.3083333333333333,0.08666654513337116,0.31278091492347115
turbine_2,2025-12-01T18:00:00Z,2025-12-03T00:00:00Z,30.0,0.3216666666666666,0.09529196618408053,0.32926839668702623
turbine_2,2025-12-01T18:00:00Z,2025-12-03T01:00:00Z,31.0,0.345,0.07697277608394182,0.29611187544851086
turbine_2,2025-12-01T18:00:00Z,2025-12-03T02:00:00Z,32.0,0.5516666666666666,0.07909922003721664,0.27738193147247947
turbine_2,2025-12-01T18:00:00Z,2025-12-03T03:00:00Z,33.0,0.6316666666666667,0.09123967894724164,0.31216929508785635
turbine_2,2025-12-01T18:00:00Z,2025-12-03T04:00:00Z,34.0,0.6066666666666667,0.17881797302099955,0.31760780721203835
turbine_2,2025-12-01T18:00:00Z,2025-12-03T05:00:00Z,35.0,0.3383333333333334,0.3081868312069703,0.3449549957238929
turbine_2,2025-12-01T18:00:00Z,2025-12-03T06:00:00Z,36.0,0.1716666666666666,0.39279221365148076,0.41768414370965967
turbine_2,2025-12-01T18:00:00Z,2025-12-03T07:00:00Z,37.0,0.29,0.4644780461314246,0.42730562334560585
turbine_2,2025-12-01T18:00:00Z,2025-12-03T08:00:00Z,38.0,0.3133333333333333,0.4495927741018917,0.49220146182258595
turbine_2,2025-12-01T18:00:00Z,2025-12-03T09:00:00Z,39.0,0.175,0.37714512509966525,0.4573755746621284
turbine_2,2025-12-01T18:00:00Z,2025-12-03T10:00:00Z,40.0,0.1166666666666666,0.25620398026859803,0.32493245041757224
turbine_2,2025-12-01T18:00:00Z,2025-12-03T11:00:00Z,41.0,0.1216666666666666,0.2121337697348009,0.3001676478882973
turbine_2,2025-12-01T18:00:00Z,2025-12-03T12:00:00Z,42.0,0.1866666666666666,0.21594912513563108,0.3489891450837765
turbine_2,2025-12-01T18:00:00Z,2025-12-03T13:00:00Z,43.0,0.3016666666666667,0.1613746103864578,0.23152952172912
turbine_2,2025-12-01T18:00:00Z,2025-12-03T14:00:00Z,44.0,0.3933333333333333,0.1755544983484063,0.34926813579213173
turbine_2,2025-12-01T18:00:00Z,2025-12-03T15:00:00Z,45.0,0.295,0.16995288849891815,0.30009763339073076
turbine_2,2025-12-01T18:00:00Z,2025-12-03T16:00:00Z,46.0,0.1933333333333333,0.2357907012401167,0.36702049778764345
turbine_2,2025-12-01T18:00:00Z,2025-12-03T17:00:00Z,47.0,0.1633333333333333,0.2665088049585853,0.4209502642238915
turbine_2,2025-12-01T18:00:00Z,2025-12-03T18:00:00Z,48.0,0.355,0.2553420808116198,0.3978244671186881
turbine_2,2025-12-02T18:00:00Z,2025-12-02T19:00:00Z,1.0,0.015,0.04157723847253858,0.11004752008308516
turbine_2,2025-12-02T18:00:00Z,2025-12-02T20:00:00Z,2.0,0.1033333333333333,0.04338322138952308,0.11778905531304185
turbine_2,2025-12-02T18:00:00Z,2025-12-02T21:00:00Z,3.0,0.1733333333333333,0.055089958875727776,0.19685366110610858
turbine_2,2025-12-02T18:00:00Z,2025-12-02T22:00:00Z,4.0,0.2016666666666666,0.06993541055343687,0.2643611619399052
turbine_2,2025-12-02T18:00:00Z,2025-12-02T23:00:00Z,5.0,0.3083333333333333,0.08343244731034033,0.3114351517081042
turbine_2,2025-12-02T18:00:00Z,2025-12-03T00:00:00Z,6.0,0.3216666666666666,0.09414909174293745,0.3253348824967084
turbine_2,2025-12-02T18:00:00Z,2025-12-03T01:00:00Z,7.0,0.345,0.08401719584026815,0.31040536564243587
turbine_2,2025-12-02T18:00:00Z,2025-12-03T02:00:00Z,8.0,0.5516666666666666,0.09586724443221045,0.3127717926376747
turbine_2,2025-12-02T18:00:00Z,2025-12-03T03:00:00Z,9.0,0.6316666666666667,0.13040445121106764,0.333970223683965
turbine_2,2025-12-02T18:00:00Z,2025-12-03T04:00:00Z,10.0,0.6066666666666667,0.18646392513728222,0.33708986435836075
turbine_2,2025-12-02T18:00:00Z,2025-12-03T05:00:00Z,11.0,0.3383333333333334,0.3087093769391366,0.3337387023246026
turbine_2,2025-12-02T18:00:00Z,2025-12-03T06:00:00Z,12.0,0.1716666666666666,0.3737520810530663,0.3864569923134295
turbine_2,2025-12-02T18:00:00Z,2025-12-03T07:00:00Z,13.0,0.29,0.4361911682425911,0.42269941282841295
turbine_2,2025-12-02T18:00:00Z,2025-12-03T08:00:00Z,14.0,0.3133333333333333,0.4508732734805363,0.47467856299597205
turbine_2,2025-12-02T18:00:00Z,2025-12-03T09:00:00Z,15.0,0.175,0.3806574763836238,0.47701757401874056
turbine_2,2025-12-02T18:00:00Z,2025-12-03T10:00:00Z,16.0,0.1166666666666666,0.32432923163067284,0.38021637659332097
turbine_2,2025-12-02T18:00:00Z,2025-12-03T11:00:00Z,17.0,0.1216666666666666,0.23565909833779103,0.3236214338486512
turbine_2,2025-12-02T18:00:00Z,2025-12-03T12:00:00Z,18.0,0.1866666666666666,0.20899731561874652,0.30794651003240175
turbine_2,2025-12-02T18:00:00Z,2025-12-03T13:00:00Z,19.0,0.3016666666666667,0.22810765893835766,0.3937012478223828
turbine_2,2025-12-02T18:00:00Z,2025-12-03T14:00:00Z,20.0,0.3933333333333333,0.17733784859490126,0.26196346991954567
turbine_2,2025-12-02T18:00:00Z,2025-12-03T15:00:00Z,21.0,0.295,0.2569364869681683,0.39794594020827134
turbine_2,2025-12-02T18:00:00Z,2025-12-03T16:00:00Z,22.0,0.1933333333333333,0.20043264092206192,0.30319864767580734
turbine_2,2025-12-02T18:00:00Z,2025-12-03T17:00:00Z,23.0,0.1633333333333333,0.262460099749948,0.3682775378286013
turbine_2,2025-12-02T18:00:00Z,2025-12-03T18:00:00Z,24.0,0.355,0.19781387906837428,0.34252231830204677
turbine_2,2025-12-02T18:00:00Z,2025-12-03T19:00:00Z,25.0,0.1399999999999999,0.18474387448678867,0.32239271828587357
turbine_2,2025-12-02T18:00:00Z,2025-12-03T20:00:00Z,26.0,0.0816666666666666,0.12798629475864606,0.2964061026167881
turbine_2,2025-12-02T18:00:00Z,2025-12-03T21:00:00Z,27.0,0.1399999999999999,0.18738438993048134,0.33389774235156944
turbine_2,2025-12-02T18:00:00Z,2025-12-03T22:00:00Z,28.0,0.14,0.2305261787011762,0.41545024946898723
turbine_2,2025-12-02T18:00:00Z,2025-12-03T23:00:00Z,29.0,0.075,0.22888661760102763,0.4385060496792379
turbine_2,2025-12-02T18:00:00Z,2025-12-04T00:00:00Z,30.0,0.08,0.4538886564175137,0.49638089189379075
turbine_2,2025-12-02T18:00:00Z,2025-12-04T01:00:00Z,31.0,0.075,0.3364222114495641,0.48467096343325744
turbine_2,2025-12-02T18:00:00Z,2025-12-04T02:00:00Z,32.0,0.115,0.357046851997462,0.4615350740817512
turbine_2,2025-12-02T18:00:00Z,2025-12-04T03:00:00Z,33.0,0.17,0.363947050991809,0.5041808270373512
turbine_2,2025-12-02T18:00:00Z,2025-12-04T04:00:00Z,34.0,0.0966666666666666,0.14626576995450596,0.19973899990492794
turbine_2,2025-12-02T18:00:00Z,2025-12-04T05:00:00Z,35.0,0.0416666666666666,0.14230944095194747,0.1643425703669013
turbine_2,2025-12-02T18:00:00Z,2025-12-04T06:00:00Z,36.0,0.0216666666666666,0.10239026522516043,0.1472460216416455
turbine_2,2025-12-02T18:00:00Z,2025-12-04T07:00:00Z,37.0,0.0433333333333333,0.07295735931975628,0.164313357955051
turbine_2,2025-12-02T18:00:00Z,2025-12-04T08:00:00Z,38.0,0.0416666666666666,0.06462988836525846,0.15102282471578715
turbine_2,2025-12-02T18:00:00Z,2025-12-04T09:00:00Z,39.0,0.065,0.04243307441410607,0.12844180787192175
turbine_2,2025-12-02T18:00:00Z,2025-12-04T10:00:00Z,40.0,0.0166666666666666,0.03359018792081045,0.12911380461886132
turbine_2,2025-12-02T18:00:00Z,2025-12-04T11:00:00Z,41.0,0.15,0.038391747423139194,0.14619751252170848
turbine_2,2025-12-02T18:00:00Z,2025-12-04T12:00:00Z,42.0,0.2183333333333333,0.04246647395879441,0.1433620191602428
turbine_2,2025-12-02T18:00:00Z,2025-12-04T13:00:00Z,43.0,0.15,0.04537243072768643,0.1411516821800941
turbine_2,2025-12-02T18:00:00Z,2025-12-04T14:00:00Z,44.0,0.0566666666666666,0.18410047088261539,0.2399592619981507
turbine_2,2025-12-02T18:00:00Z,2025-12-04T15:00:00Z,45.0,0.01,0.21093012589521967,0.2563773647815354
turbine_2,2025-12-02T18:00:00Z,2025-12-04T16:00:00Z,46.0,0.1216666666666666,0.20515144885082168,0.21533245060055906
turbine_2,2025-12-02T18:00:00Z,2025-12-04T17:00:00Z,47.0,0.0966666666666666,0.16094802650908868,0.1762672529466541
turbine_2,2025-12-02T18:00:00Z,2025-12-04T18:00:00Z,48.0,0.055,0.14143829898993818,0.13866208163488347
turbine_2,2025-12-03T18:00:00Z,2025-12-03T19:00:00Z,1.0,0.1399999999999999,0.13002608112994288,0.2669097881738409
turbine_2,2025-12-03T18:00:00Z,2025-12-03T20:00:00Z,2.0,0.0816666666666666,0.0998177344321304,0.22272157382120306
turbine_2,2025-12-03T18:00:00Z,2025-12-03T21:00:00Z,3.0,0.1399999999999999,0.08251624552405393,0.20132800216535923
turbine_2,2025-12-03T18:00:00Z,2025-12-03T22:00:00Z,4.0,0.14,0.0802791786320672,0.27396083675378335
turbine_2,2025-12-03T18:00:00Z,2025-12-03T23:00:00Z,5.0,0.075,0.0705531157201337,0.284039055497893
turbine_2,2025-12-03T18:00:00Z,2025-12-04T00:00:00Z,6.0,0.08,0.08364009047193549,0.28294638668974753
turbine_2,2025-12-03T18:00:00Z,2025-12-04T01:00:00Z,7.0,0.075,0.09713086012631034,0.3254994002130335
turbine_2,2025-12-03T18:00:00Z,2025-12-04T02:00:00Z,8.0,0.115,0.07705036144231017,0.25270927827615514
turbine_2,2025-12-03T18:00:00Z,2025-12-04T03:00:00Z,9.0,0.17,0.069692009872237,0.23605581858524932
turbine_2,2025-12-03T18:00:00Z,2025-12-04T04:00:00Z,10.0,0.0966666666666666,0.14326921609671742,0.21605235627194516
turbine_2,2025-12-03T18:00:00Z,2025-12-04T05:00:00Z,11.0,0.0416666666666666,0.1843199356077714,0.2613971274702054
turbine_2,2025-12-03T18:00:00Z,2025-12-04T06:00:00Z,12.0,0.0216666666666666,0.17624169218917296,0.17688199238419935
turbine_2,2025-12-03T18:00:00Z,2025-12-04T07:00:00Z,13.0,0.0433333333333333,0.2331346542598554,0.25268765052861425
turbine_2,2025-12-03T18:00:00Z,2025-12-04T08:00:00Z,14.0,0.0416666666666666,0.2474257612062447,0.28884881372056287
turbine_2,2025-12-03T18:00:00Z,2025-12-04T09:00:00Z,15.0,0.065,0.15537001324751393,0.23817634680294658
turbine_2,2025-12-03T18:00:00Z,2025-12-04T10:00:00Z,16.0,0.0166666666666666,0.051911550034755505,0.1507724415689738
turbine_2,2025-12-03T18:00:00Z,2025-12-04T11:00:00Z,17.0,0.15,0.04036082705010105,0.1442520648129942
turbine_2,2025-12-03T18:00:00Z,2025-12-04T12:00:00Z,18.0,0.2183333333333333,0.0329372061287482,0.15872510985085828
turbine_2,2025-12-03T18:00:00Z,2025-12-04T13:00:00Z,19.0,0.15,0.038378905101645044,0.14361843806775496
turbine_2,2025-12-03T18:00:00Z,2025-12-04T14:00:00Z,20.0,0.0566666666666666,0.06793572742829328,0.16695711304481084
turbine_2,2025-12-03T18:00:00Z,2025-12-04T15:00:00Z,21.0,0.01,0.07792480048928185,0.1727315126303375
turbine_2,2025-12-03T18:00:00Z,2025-12-04T16:00:00Z,22.0,0.1216666666666666,0.09158106971829935,0.17063264316970386
turbine_2,2025-12-03T18:00:00Z,2025-12-04T17:00:00Z,23.0,0.0966666666666666,0.10922194103519603,0.16797862653415002
turbine_2,2025-12-03T18:00:00Z,2025-12-04T18:00:00Z,24.0,0.055,0.06284862064847604,0.10873957273033652
turbine_2,2025-12-03T18:00:00Z,2025-12-04T19:00:00Z,25.0,0.0183333333333333,0.05118510636092399,0.10351497525508835
turbine_2,2025-12-03T18:00:00Z,2025-12-04T20:00:00Z,26.0,0.015,0.04202182015893047,0.06583166734382573
turbine_2,2025-12-03T18:00:00Z,2025-12-04T21:00:00Z,27.0,0.0083333333333333,0.022506891581473065,0.04227338014635301
turbine_2,2025-12-03T18:00:00Z,2025-12-04T22:00:00Z,28.0,0.015,0.038922334567791095,0.0527947201407159
turbine_2,2025-12-03T18:00:00Z,2025-12-04T23:00:00Z,29.0,0.0466666666666666,0.04730942341019545,0.06199526569967573
turbine_2,2025-12-03T18:00:00Z,2025-12-05T00:00:00Z,30.0,0.0116666666666666,0.05965041630650633,0.05380069165469287
turbine_2,2025-12-03T18:00:00Z,2025-12-05T01:00:00Z,31.0,0.0383333333333333,0.05209111714396503,0.05041321787735026
turbine_2,2025-12-03T18:00:00Z,2025-12-05T02:00:00Z,32.0,0.01,0.0677801234762955,0.07350286253395588
turbine_2,2025-12-03T18:00:00Z,2025-12-05T03:00:00Z,33.0,0.01,0.0286146528769613,0.0588003880025465
turbine_2,2025-12-03T18:00:00Z,2025-12-05T04:00:00Z,34.0,0.0083333333333333,0.01959266771807669,0.065802881199987
turbine_2,2025-12-03T18:00:00Z,2025-12-05T05:00:00Z,35.0,0.0083333333333333,0.013631420741792327,0.05892605899827058
turbine_2,2025-12-03T18:00:00Z,2025-12-05T06:00:00Z,36.0,0.01,0.026685307336613284,0.07007486870101687
turbine_2,2025-12-03T18:00:00Z,2025-12-05T07:00:00Z,37.0,0.01,0.03219177295613959,0.09159605822495764
turbine_2,2025-12-03T18:00:00Z,2025-12-05T08:00:00Z,38.0,0.01,0.06097428627869993,0.1190509921705587
turbine_2,2025-12-03T18:00:00Z,2025-12-05T09:00:00Z,39.0,0.0083333333333333,0.09372852902981198,0.15118817346564975
turbine_2,2025-12-03T18:00:00Z,2025-12-05T10:00:00Z,40.0,0.01,0.10359626850503599,0.16653549095877054
turbine_2,2025-12-03T18:00:00Z,2025-12-05T11:00:00Z,41.0,0.01,0.16189568116630584,0.2112654339541967
turbine_2,2025-12-03T18:00:00Z,2025-12-05T12:00:00Z,42.0,0.0249999999999999,0.25530110676211165,0.28822256826779974
turbine_2,2025-12-03T18:00:00Z,2025-12-05T13:00:00Z,43.0,0.1583333333333333,0.33453140060222075,0.3666462583854117
turbine_2,2025-12-03T18:00:00Z,2025-12-05T14:00:00Z,44.0,0.1883333333333333,0.3860099841296306,0.4776093369872325
turbine_2,2025-12-03T18:00:00Z,2025-12-05T15:00:00Z,45.0,0.1616666666666666,0.3770505280799319,0.4559295639279583
turbine_2,2025-12-03T18:00:00Z,2025-12-05T16:00:00Z,46.0,0.0666666666666666,0.34757943767045796,0.4284706724982471
turbine_2,2025-12-03T18:00:00Z,2025-12-05T17:00:00Z,47.0,0.12,0.30212107994532034,0.35922213885718274
turbine_2,2025-12-03T18:00:00Z,2025-12-05T18:00:00Z,48.0,0.145,0.29508003649458414,0.3240450191444356
turbine_2,2025-12-04T18:00:00Z,2025-12-04T19:00:00Z,1.0,0.0183333333333333,0.03175644140434805,0.08949953453180987
turbine_2,2025-12-04T18:00:00Z,2025-12-04T20:00:00Z,2.0,0.015,0.023922809066172473,0.06611384818419469
turbine_2,2025-12-04T18:00:00Z,2025-12-04T21:00:00Z,3.0,0.0083333333333333,0.01485272917481556,0.048256658408111386
turbine_2,2025-12-04T18:00:00Z,2025-12-04T22:00:00Z,4.0,0.015,0.015461749828223903,0.052356436494248926
turbine_2,2025-12-04T18:00:00Z,2025-12-04T23:00:00Z,5.0,0.0466666666666666,0.014902857554933563,0.05498287323251866
turbine_2,2025-12-04T18:00:00Z,2025-12-05T00:00:00Z,6.0,0.0116666666666666,0.011991939275545843,0.046454049914073814
turbine_2,2025-12-04T18:00:00Z,2025-12-05T01:00:00Z,7.0,0.0383333333333333,0.02864794173395996,0.0554371751933751
turbine_2,2025-12-04T18:00:00Z,2025-12-05T02:00:00Z,8.0,0.01,0.03014276597898921,0.06152328526137307
turbine_2,2025-12-04T18:00:00Z,2025-12-05T03:00:00Z,9.0,0.01,0.018025501116699344,0.049653766469071436
turbine_2,2025-12-04T18:00:00Z,2025-12-05T04:00:00Z,10.0,0.0083333333333333,0.016588180220743348,0.061464886343353564
turbine_2,2025-12-04T18:00:00Z,2025-12-05T05:00:00Z,11.0,0.0083333333333333,0.023573159588334502,0.07063536314186769
turbine_2,2025-12-04T18:00:00Z,2025-12-05T06:00:00Z,12.0,0.01,0.04693279697450406,0.080311286790401
turbine_2,2025-12-04T18:00:00Z,2025-12-05T07:00:00Z,13.0,0.01,0.08804204312532536,0.12586855934589808
turbine_2,2025-12-04T18:00:00Z,2025-12-05T08:00:00Z,14.0,0.01,0.17592951294991466,0.1980933667805414
turbine_2,2025-12-04T18:00:00Z,2025-12-05T09:00:00Z,15.0,0.0083333333333333,0.3220361820589561,0.3315818624134868
turbine_2,2025-12-04T18:00:00Z,2025-12-05T10:00:00Z,16.0,0.01,0.38456850633932915,0.42278210443370584
turbine_2,2025-12-04T18:00:00Z,2025-12-05T11:00:00Z,17.0,0.01,0.530360611913419,0.5601572110095436
turbine_2,2025-12-04T18:00:00Z,2025-12-05T12:00:00Z,18.0,0.0249999999999999,0.5963271187156297,0.6181408038631886
turbine_2,2025-12-04T18:00:00Z,2025-12-05T13:00:00Z,19.0,0.1583333333333333,0.5645102362533236,0.5698770979933792
turbine_2,2025-12-04T18:00:00Z,2025-12-05T14:00:00Z,20.0,0.1883333333333333,0.6935588408434693,0.6722449913744379
turbine_2,2025-12-04T18:00:00Z,2025-12-05T15:00:00Z,21.0,0.1616666666666666,0.598906850323929,0.6208959852710916
turbine_2,2025-12-04T18:00:00Z,2025-12-05T16:00:00Z,22.0,0.0666666666666666,0.5973590890626854,0.6347471378908938
turbine_2,2025-12-04T18:00:00Z,2025-12-05T17:00:00Z,23.0,0.12,0.5563006227754157,0.5910192545165367
turbine_2,2025-12-04T18:00:00Z,2025-12-05T18:00:00Z,24.0,0.145,0.460961472234488,0.497646483367233
turbine_2,2025-12-04T18:00:00Z,2025-12-05T19:00:00Z,25.0,0.01,0.2866782047166508,0.35789964352786063
turbine_2,2025-12-04T18:00:00Z,2025-12-05T20:00:00Z,26.0,0.01,0.2486620150392344,0.2721536743171296
turbine_2,2025-12-04T18:00:00Z,2025-12-05T21:00:00Z,27.0,0.0116666666666666,0.18232638518803096,0.15358050873903525
turbine_2,2025-12-04T18:00:00Z,2025-12-05T22:00:00Z,28.0,0.01,0.059407201627889664,0.06538968943982604
turbine_2,2025-12-04T18:00:00Z,2025-12-05T23:00:00Z,29.0,0.01,0.02199762816760953,0.03740474663684823
turbine_2,2025-12-04T18:00:00Z,2025-12-06T00:00:00Z,30.0,0.01,0.010728701971992882,0.040998762332871586
turbine_2,2025-12-04T18:00:00Z,2025-12-06T01:00:00Z,31.0,0.015,0.010400793195528502,0.047454861065386655
turbine_2,2025-12-04T18:00:00Z,2025-12-06T02:00:00Z,32.0,0.015,0.012489685354741015,0.05120264607163999
turbine_2,2025-12-04T18:00:00Z,2025-12-06T03:00:00Z,33.0,0.125,0.011819925163425143,0.04788906178232377
turbine_2,2025-12-04T18:00:00Z,2025-12-06T04:00:00Z,34.0,0.155,0.016779135234064407,0.05197628670093962
turbine_2,2025-12-04T18:00:00Z,2025-12-06T05:00:00Z,35.0,0.0699999999999999,0.036681238785200326,0.09479566168282433
turbine_2,2025-12-04T18:00:00Z,2025-12-06T06:00:00Z,36.0,0.135,0.1053101105982671,0.21167668435308612
turbine_2,2025-12-04T18:00:00Z,2025-12-06T07:00:00Z,37.0,0.7866666666666666,0.19669382467545984,0.2956365547028822
turbine_2,2025-12-04T18:00:00Z,2025-12-06T08:00:00Z,38.0,0.6699999999999999,0.35449941630930776,0.5053703160673679
turbine_2,2025-12-04T18:00:00Z,2025-12-06T09:00:00Z,39.0,0.6166666666666667,0.4158641801511195,0.5875982120414784
turbine_2,2025-12-04T18:00:00Z,2025-12-06T10:00:00Z,40.0,0.4416666666666666,0.3951824718861098,0.5666444223598486
turbine_2,2025-12-04T18:00:00Z,2025-12-06T11:00:00Z,41.0,0.43,0.4089554318074953,0.5648635733627088
turbine_2,2025-12-04T18:00:00Z,2025-12-06T12:00:00Z,42.0,0.0916666666666666,0.5293488722445749,0.6480649653722536
turbine_2,2025-12-04T18:00:00Z,2025-12-06T13:00:00Z,43.0,0.01,0.5981130419917959,0.6702273073258733
turbine_2,2025-12-04T18:00:00Z,2025-12-06T14:00:00Z,44.0,0.01,0.5875608175738005,0.6466729708099526
turbine_2,2025-12-04T18:00:00Z,2025-12-06T15:00:00Z,45.0,0.01,0.6291911084448998,0.688970894818485
turbine_2,2025-12-04T18:00:00Z,2025-12-06T16:00:00Z,46.0,0.01,0.6256753468140555,0.7130898591376109
turbine_2,2025-12-04T18:00:00Z,2025-12-06T17:00:00Z,47.0,0.0483333333333333,0.6324715074418998,0.6704786092181039
turbine_2,2025-12-04T18:00:00Z,2025-12-06T18:00:00Z,48.0,0.07,0.6264788340849916,0.5621666440602732
turbine_2,2025-12-05T18:00:00Z,2025-12-05T19:00:00Z,1.0,0.01,0.1343113530270126,0.1631043141198062
turbine_2,2025-12-05T18:00:00Z,2025-12-05T20:00:00Z,2.0,0.01,0.0756612936684224,0.0889473416717419
turbine_2,2025-12-05T18:00:00Z,2025-12-05T21:00:00Z,3.0,0.0116666666666666,0.053682089002630023,0.060919774702431595
turbine_2,2025-12-05T18:00:00Z,2025-12-05T22:00:00Z,4.0,0.01,0.026237175803580898,0.04621492132438143
turbine_2,2025-12-05T18:00:00Z,2025-12-05T23:00:00Z,5.0,0.01,0.010182069966861829,0.037998114806472916
turbine_2,2025-12-05T18:00:00Z,2025-12-06T00:00:00Z,6.0,0.01,0.010411711986631295,0.05349673949171391
turbine_2,2025-12-05T18:00:00Z,2025-12-06T01:00:00Z,7.0,0.015,0.021756674594718528,0.0627228255633025
turbine_2,2025-12-05T18:00:00Z,2025-12-06T02:00:00Z,8.0,0.015,0.026931776091278697,0.0659284330614433
turbine_2,2025-12-05T18:00:00Z,2025-12-06T03:00:00Z,9.0,0.125,0.030807205588385483,0.06960102767573112
turbine_2,2025-12-05T18:00:00Z,2025-12-06T04:00:00Z,10.0,0.155,0.029559867329298134,0.07824077076790459
turbine_2,2025-12-05T18:00:00Z,2025-12-06T05:00:00Z,11.0,0.0699999999999999,0.054979034478807906,0.1179991002045597
turbine_2,2025-12-05T18:00:00Z,2025-12-06T06:00:00Z,12.0,0.135,0.1256429501706448,0.22429924394718753
turbine_2,2025-12-05T18:00:00Z,2025-12-06T07:00:00Z,13.0,0.7866666666666666,0.16801311216376894,0.2874740743585824
turbine_2,2025-12-05T18:00:00Z,2025-12-06T08:00:00Z,14.0,0.6699999999999999,0.28742589663684726,0.3925154565433369
turbine_2,2025-12-05T18:00:00Z,2025-12-06T09:00:00Z,15.0,0.6166666666666667,0.3663162541174605,0.452797521394273
turbine_2,2025-12-05T18:00:00Z,2025-12-06T10:00:00Z,16.0,0.4416666666666666,0.3232595810718115,0.48278934167256105
turbine_2,2025-12-05T18:00:00Z,2025-12-06T11:00:00Z,17.0,0.43,0.3213906442985123,0.5533552595281281
turbine_2,2025-12-05T18:00:00Z,2025-12-06T12:00:00Z,18.0,0.0916666666666666,0.5296271235576397,0.6311794951156469
turbine_2,2025-12-05T18:00:00Z,2025-12-06T13:00:00Z,19.0,0.01,0.5150371549932415,0.6473475032813749
turbine_2,2025-12-05T18:00:00Z,2025-12-06T14:00:00Z,20.0,0.01,0.4197063313842943,0.5880444216893652
turbine_2,2025-12-05T18:00:00Z,2025-12-06T15:00:00Z,21.0,0.01,0.2726098647062921,0.5244919355875844
turbine_2,2025-12-05T18:00:00Z,2025-12-06T16:00:00Z,22.0,0.01,0.27403914324752593,0.5049429946236397
turbine_2,2025-12-05T18:00:00Z,2025-12-06T17:00:00Z,23.0,0.0483333333333333,0.3216552910207343,0.5492836438037427
turbine_2,2025-12-05T18:00:00Z,2025-12-06T18:00:00Z,24.0,0.07,0.4108808439992954,0.5285720807608278
turbine_2,2025-12-05T18:00:00Z,2025-12-06T19:00:00Z,25.0,0.0733333333333333,0.39776135908677357,0.5064245372466021
turbine_2,2025-12-05T18:00:00Z,2025-12-06T20:00:00Z,26.0,0.1016666666666666,0.39981168993461774,0.5207204867934448
turbine_2,2025-12-05T18:00:00Z,2025-12-06T21:00:00Z,27.0,0.1333333333333333,0.407991367532214,0.512932550940538
turbine_2,2025-12-05T18:00:00Z,2025-12-06T22:00:00Z,28.0,0.2299999999999999,0.37084713024644744,0.49740549983032556
turbine_2,2025-12-05T18:00:00Z,2025-12-06T23:00:00Z,29.0,0.2433333333333333,0.3700389750237163,0.5032586986788739
turbine_2,2025-12-05T18:00:00Z,2025-12-07T00:00:00Z,30.0,0.3433333333333333,0.33028712048616804,0.4687357710734066
turbine_2,2025-12-05T18:00:00Z,2025-12-07T01:00:00Z,31.0,0.3733333333333333,0.228164062217193,0.43319505042650014
turbine_2,2025-12-05T18:00:00Z,2025-12-07T02:00:00Z,32.0,0.4666666666666666,0.138575945260344,0.34379809111566517
turbine_2,2025-12-05T18:00:00Z,2025-12-07T03:00:00Z,33.0,0.05,0.09726961799009204,0.31358813336795366
turbine_2,2025-12-05T18:00:00Z,2025-12-07T04:00:00Z,34.0,0.0133333333333333,0.07612893594547764,0.2294908171925144
turbine_2,2025-12-05T18:00:00Z,2025-12-07T05:00:00Z,35.0,0.055,0.1155180989964892,0.1620035427076389
turbine_2,2025-12-05T18:00:00Z,2025-12-07T06:00:00Z,36.0,0.0083333333333333,0.10622160907742474,0.17535237374979418
turbine_2,2025-12-05T18:00:00Z,2025-12-07T07:00:00Z,37.0,0.01,0.15144170717339087,0.22167551003043506
turbine_2,2025-12-05T18:00:00Z,2025-12-07T08:00:00Z,38.0,0.01,0.1472244325405841,0.21862994687470755
turbine_2,2025-12-05T18:00:00Z,2025-12-07T09:00:00Z,39.0,0.02,0.09976570074716767,0.18272754170476838
turbine_2,2025-12-05T18:00:00Z,2025-12-07T10:00:00Z,40.0,0.01,0.06194216840106573,0.16449139419305403
turbine_2,2025-12-05T18:00:00Z,2025-12-07T11:00:00Z,41.0,0.03,0.0500462113797108,0.15964505355052896
turbine_2,2025-12-05T18:00:00Z,2025-12-07T12:00:00Z,42.0,0.0066666666666666,0.038060719303900675,0.14011143578741758
turbine_2,2025-12-05T18:00:00Z,2025-12-07T13:00:00Z,43.0,0.075,0.03811109796532275,0.1574796191135369
turbine_2,2025-12-05T18:00:00Z,2025-12-07T14:00:00Z,44.0,0.0133333333333333,0.04031767210502507,0.1473763921476075
turbine_2,2025-12-05T18:00:00Z,2025-12-07T15:00:00Z,45.0,0.01,0.051787113998080225,0.130224881007894
turbine_2,2025-12-05T18:00:00Z,2025-12-07T16:00:00Z,46.0,0.085,0.056549685705868324,0.1218299745123429
turbine_2,2025-12-05T18:00:00Z,2025-12-07T17:00:00Z,47.0,0.015,0.05991216798335827,0.127307668935396
turbine_2,2025-12-05T18:00:00Z,2025-12-07T18:00:00Z,48.0,0.01,0.061370419527941866,0.11936623640698771
turbine_2,2025-12-06T18:00:00Z,2025-12-06T19:00:00Z,1.0,0.0733333333333333,0.39505907862732625,0.526637596096877
turbine_2,2025-12-06T18:00:00Z,2025-12-06T20:00:00Z,2.0,0.1016666666666666,0.33350934275875926,0.4817114885922192
turbine_2,2025-12-06T18:00:00Z,2025-12-06T21:00:00Z,3.0,0.1333333333333333,0.36438283486879175,0.470014199089701
turbine_2,2025-12-06T18:00:00Z,2025-12-06T22:00:00Z,4.0,0.2299999999999999,0.3861692478250618,0.4785309536003617
turbine_2,2025-12-06T18:00:00Z,2025-12-06T23:00:00Z,5.0,0.2433333333333333,0.39194756227065153,0.48400965177530253
turbine_2,2025-12-06T18:00:00Z,2025-12-07T00:00:00Z,6.0,0.3433333333333333,0.4954634165448109,0.48037183930225935
turbine_2,2025-12-06T18:00:00Z,2025-12-07T01:00:00Z,7.0,0.3733333333333333,0.5155039188002655,0.5054505625245809
turbine_2,2025-12-06T18:00:00Z,2025-12-07T02:00:00Z,8.0,0.4666666666666666,0.5259371745108412,0.541341022962615
turbine_2,2025-12-06T18:00:00Z,2025-12-07T03:00:00Z,9.0,0.05,0.5976037272511439,0.5868266441872783
turbine_2,2025-12-06T18:00:00Z,2025-12-07T04:00:00Z,10.0,0.0133333333333333,0.5971744054890913,0.5905158471290978
turbine_2,2025-12-06T18:00:00Z,2025-12-07T05:00:00Z,11.0,0.055,0.6345671112362816,0.6141389760981293
turbine_2,2025-12-06T18:00:00Z,2025-12-07T06:00:00Z,12.0,0.0083333333333333,0.608505846853159,0.5974690523751146
turbine_2,2025-12-06T18:00:00Z,2025-12-07T07:00:00Z,13.0,0.01,0.6099090780187189,0.5676425484353731
turbine_2,2025-12-06T18:00:00Z,2025-12-07T08:00:00Z,14.0,0.01,0.6647951828386565,0.5919844445465826
turbine_2,2025-12-06T18:00:00Z,2025-12-07T09:00:00Z,15.0,0.02,0.3595287774557525,0.3982212428040779
turbine_2,2025-12-06T18:00:00Z,2025-12-07T10:00:00Z,16.0,0.01,0.2046771130135314,0.2608615812201249
turbine_2,2025-12-06T18:00:00Z,2025-12-07T11:00:00Z,17.0,0.03,0.12121971954860264,0.21948277048775738
turbine_2,2025-12-06T18:00:00Z,2025-12-07T12:00:00Z,18.0,0.0066666666666666,0.06167832382116836,0.1704033328022351
turbine_2,2025-12-06T18:00:00Z,2025-12-07T13:00:00Z,19.0,0.075,0.05192967031851928,0.1603283147604125
turbine_2,2025-12-06T18:00:00Z,2025-12-07T14:00:00Z,20.0,0.0133333333333333,0.05632552476982515,0.15047487421203373
turbine_2,2025-12-06T18:00:00Z,2025-12-07T15:00:00Z,21.0,0.01,0.039734943212158924,0.12340515825470058
turbine_2,2025-12-06T18:00:00Z,2025-12-07T16:00:00Z,22.0,0.085,0.03417422129976411,0.10869818916104476
turbine_2,2025-12-06T18:00:00Z,2025-12-07T17:00:00Z,23.0,0.015,0.04851456132986012,0.11721684887765835
turbine_2,2025-12-06T18:00:00Z,2025-12-07T18:00:00Z,24.0,0.01,0.06557561964269673,0.11746778886202544
turbine_2,2025-12-06T18:00:00Z,2025-12-07T19:00:00Z,25.0,0.01,0.055402160006159995,0.11863646596343355
turbine_2,2025-12-06T18:00:00Z,2025-12-07T20:00:00Z,26.0,0.01,0.05481383999453132,0.1077392282816198
turbine_2,2025-12-06T18:00:00Z,2025-12-07T21:00:00Z,27.0,0.01,0.06205007007410927,0.16294463068415418
turbine_2,2025-12-06T18:00:00Z,2025-12-07T22:00:00Z,28.0,0.0466666666666666,0.06658951161041203,0.21946162002941336
turbine_2,2025-12-06T18:00:00Z,2025-12-07T23:00:00Z,29.0,0.2183333333333333,0.05908765369446209,0.2074638453899138
turbine_2,2025-12-06T18:00:00Z,2025-12-08T00:00:00Z,30.0,0.1516666666666666,0.35126877544658597,0.4469747500440048
turbine_2,2025-12-06T18:00:00Z,2025-12-08T01:00:00Z,31.0,0.6483333333333333,0.21983602340620909,0.4426482849575386
turbine_2,2025-12-06T18:00:00Z,2025-12-08T02:00:00Z,32.0,0.5316666666666666,0.49046720859658793,0.48364698519528115
turbine_2,2025-12-06T18:00:00Z,2025-12-08T03:00:00Z,33.0,0.3833333333333333,0.6802456625454535,0.6768829470391063
turbine_2,2025-12-06T18:00:00Z,2025-12-08T04:00:00Z,34.0,0.3533333333333333,0.6208945409406683,0.6230345782786002
turbine_2,2025-12-06T18:00:00Z,2025-12-08T05:00:00Z,35.0,0.1566666666666666,0.6721044211840574,0.6404164959855948
turbine_2,2025-12-06T18:00:00Z,2025-12-08T06:00:00Z,36.0,0.01,0.5911159504901791,0.6405898739808074
turbine_2,2025-12-06T18:00:00Z,2025-12-08T07:00:00Z,37.0,0.01,0.4064156785091516,0.44854207539372415
turbine_2,2025-12-06T18:00:00Z,2025-12-08T08:00:00Z,38.0,0.0083333333333333,0.24981447103194174,0.2911287324204124
turbine_2,2025-12-06T18:00:00Z,2025-12-08T09:00:00Z,39.0,0.04,0.10338442439753708,0.18801811973562804
turbine_2,2025-12-06T18:00:00Z,2025-12-08T10:00:00Z,40.0,0.4216666666666667,0.03166311676917652,0.14707196616948864
turbine_2,2025-12-06T18:00:00Z,2025-12-08T11:00:00Z,41.0,0.5333333333333333,0.1302307640659558,0.2208788922078334
turbine_2,2025-12-06T18:00:00Z,2025-12-08T12:00:00Z,42.0,0.33,0.30534077324052633,0.34686881581827844
turbine_2,2025-12-06T18:00:00Z,2025-12-08T13:00:00Z,43.0,0.6816666666666666,0.686931583943131,0.6324932165009907
turbine_2,2025-12-06T18:00:00Z,2025-12-08T14:00:00Z,44.0,0.92,0.9392236626350593,0.8680629425829739
turbine_2,2025-12-06T18:00:00Z,2025-12-08T15:00:00Z,45.0,0.9466666666666668,0.9519460351814396,0.8512724214822934
turbine_2,2025-12-06T18:00:00Z,2025-12-08T16:00:00Z,46.0,0.96,0.9550092909618272,0.8175388577015891
turbine_2,2025-12-06T18:00:00Z,2025-12-08T17:00:00Z,47.0,0.8533333333333334,0.944141915780885,0.816637643809625
turbine_2,2025-12-06T18:00:00Z,2025-12-08T18:00:00Z,48.0,0.945,0.8544720702624916,0.7552145592342356
turbine_2,2025-12-07T18:00:00Z,2025-12-07T19:00:00Z,1.0,0.01,0.1416997325560977,0.3419150308913663
turbine_2,2025-12-07T18:00:00Z,2025-12-07T20:00:00Z,2.0,0.01,0.11890693604358755,0.31756391781309257
turbine_2,2025-12-07T18:00:00Z,2025-12-07T21:00:00Z,3.0,0.01,0.19636882765505767,0.3488180663220081
turbine_2,2025-12-07T18:00:00Z,2025-12-07T22:00:00Z,4.0,0.0466666666666666,0.4068240943251805,0.47878565242411786
turbine_2,2025-12-07T18:00:00Z,2025-12-07T23:00:00Z,5.0,0.2183333333333333,0.34439674252786656,0.48166334055321625
turbine_2,2025-12-07T18:00:00Z,2025-12-08T00:00:00Z,6.0,0.1516666666666666,0.42216712854183835,0.47412639698663184
turbine_2,2025-12-07T18:00:00Z,2025-12-08T01:00:00Z,7.0,0.6483333333333333,0.5933048002040563,0.5824543714150294
turbine_2,2025-12-07T18:00:00Z,2025-12-08T02:00:00Z,8.0,0.5316666666666666,0.5398008577087855,0.5542299175250205
turbine_2,2025-12-07T18:00:00Z,2025-12-08T03:00:00Z,9.0,0.3833333333333333,0.5888946978268187,0.5869576976604302
turbine_2,2025-12-07T18:00:00Z,2025-12-08T04:00:00Z,10.0,0.3533333333333333,0.7254544109680999,0.6929430702486485
turbine_2,2025-12-07T18:00:00Z,2025-12-08T05:00:00Z,11.0,0.1566666666666666,0.6748642170590262,0.6442067800199198
turbine_2,2025-12-07T18:00:00Z,2025-12-08T06:00:00Z,12.0,0.01,0.3702175009783003,0.3798632229481496
turbine_2,2025-12-07T18:00:00Z,2025-12-08T07:00:00Z,13.0,0.01,0.17376936300680215,0.22301428542008994
turbine_2,2025-12-07T18:00:00Z,2025-12-08T08:00:00Z,14.0,0.0083333333333333,0.05507443349025373,0.13989336268499067
turbine_2,2025-12-07T18:00:00Z,2025-12-08T09:00:00Z,15.0,0.04,0.041513817488096544,0.12611635902864263
turbine_2,2025-12-07T18:00:00Z,2025-12-08T10:00:00Z,16.0,0.4216666666666667,0.185395877634161,0.2499452596341673
turbine_2,2025-12-07T18:00:00Z,2025-12-08T11:00:00Z,17.0,0.5333333333333333,0.6240884908366173,0.6078143946529551
turbine_2,2025-12-07T18:00:00Z,2025-12-08T12:00:00Z,18.0,0.33,0.9383944118497526,0.878072999170436
turbine_2,2025-12-07T18:00:00Z,2025-12-08T13:00:00Z,19.0,0.6816666666666666,0.9380682390236685,0.8095273515019112
turbine_2,2025-12-07T18:00:00Z,2025-12-08T14:00:00Z,20.0,0.92,0.9361072521068774,0.7933199892412515
turbine_2,2025-12-07T18:00:00Z,2025-12-08T15:00:00Z,21.0,0.9466666666666668,0.9517441198109244,0.8206609227675025
turbine_2,2025-12-07T18:00:00Z,2025-12-08T16:00:00Z,22.0,0.96,0.9037417865651839,0.7806343404055953
turbine_2,2025-12-07T18:00:00Z,2025-12-08T17:00:00Z,23.0,0.8533333333333334,0.9461742046153524,0.8285618563655399
turbine_2,2025-12-07T18:00:00Z,2025-12-08T18:00:00Z,24.0,0.945,0.9235167697169065,0.8334609920257645
turbine_2,2025-12-07T18:00:00Z,2025-12-08T19:00:00Z,25.0,0.785,0.8996048066034704,0.7971050121228671
turbine_2,2025-12-07T18:00:00Z,2025-12-08T20:00:00Z,26.0,0.2966666666666667,0.6797541623462736,0.6311634175162057
turbine_2,2025-12-07T18:00:00Z,2025-12-08T21:00:00Z,27.0,0.15,0.5800686938902944,0.5482195929685967
turbine_2,2025-12-07T18:00:00Z,2025-12-08T22:00:00Z,28.0,0.125,0.42718326340140356,0.4141785433662707
turbine_2,2025-12-07T18:00:00Z,2025-12-08T23:00:00Z,29.0,0.075,0.2608036573634104,0.22515148594971524
turbine_2,2025-12-07T18:00:00Z,2025-12-09T00:00:00Z,30.0,0.0249999999999999,0.1289934544689451,0.12739202561246596
turbine_2,2025-12-07T18:00:00Z,2025-12-09T01:00:00Z,31.0,0.0116666666666666,0.06345237116272441,0.08872993233077214
turbine_2,2025-12-07T18:00:00Z,2025-12-09T02:00:00Z,32.0,0.01,0.029209552031479374,0.07077474575103837
turbine_2,2025-12-07T18:00:00Z,2025-12-09T03:00:00Z,33.0,0.01,0.016508550771547198,0.058773408161125806
turbine_2,2025-12-07T18:00:00Z,2025-12-09T04:00:00Z,34.0,0.155,0.01150416767873566,0.05382236034115773
turbine_2,2025-12-07T18:00:00Z,2025-12-09T05:00:00Z,35.0,0.7999999999999999,0.02751982793511637,0.08011738006565339
turbine_2,2025-12-07T18:00:00Z,2025-12-09T06:00:00Z,36.0,0.9083333333333332,0.16059042857858366,0.24663999453507646
turbine_2,2025-12-07T18:00:00Z,2025-12-09T07:00:00Z,37.0,0.9716666666666668,0.8499418487092201,0.7593311898867339
turbine_2,2025-12-07T18:00:00Z,2025-12-09T08:00:00Z,38.0,0.97,0.9690410987020545,0.953092084119024
turbine_2,2025-12-07T18:00:00Z,2025-12-09T09:00:00Z,39.0,0.9633333333333332,0.9675228083990656,0.985403303072295
turbine_2,2025-12-07T18:00:00Z,2025-12-09T10:00:00Z,40.0,0.9683333333333332,0.9539521005387733,0.972460601469204
turbine_2,2025-12-07T18:00:00Z,2025-12-09T11:00:00Z,41.0,0.9533333333333333,0.7626795108949511,0.8652993114486174
turbine_2,2025-12-07T18:00:00Z,2025-12-09T12:00:00Z,42.0,0.9533333333333333,0.6508351286035151,0.8389515041796576
turbine_2,2025-12-07T18:00:00Z,2025-12-09T13:00:00Z,43.0,0.9,0.45148849404227603,0.6385608052583307
turbine_2,2025-12-07T18:00:00Z,2025-12-09T14:00:00Z,44.0,0.9366666666666666,0.2016189289023668,0.4131081181896684
turbine_2,2025-12-07T18:00:00Z,2025-12-09T15:00:00Z,45.0,0.8649999999999999,0.08161432423161344,0.15021548563818599
turbine_2,2025-12-07T18:00:00Z,2025-12-09T16:00:00Z,46.0,0.5466666666666666,0.06050454083804363,0.1263650038306403
turbine_2,2025-12-07T18:00:00Z,2025-12-09T17:00:00Z,47.0,0.145,0.04157564261053784,0.0959401111298547
turbine_2,2025-12-07T18:00:00Z,2025-12-09T18:00:00Z,48.0,0.04,0.04294872618869919,0.09734792838961973
turbine_2,2025-12-08T18:00:00Z,2025-12-08T19:00:00Z,1.0,0.785,0.7821016005743541,0.6391612515969682
turbine_2,2025-12-08T18:00:00Z,2025-12-08T20:00:00Z,2.0,0.2966666666666667,0.6886688521580447,0.6094135610317644
turbine_2,2025-12-08T18:00:00Z,2025-12-08T21:00:00Z,3.0,0.15,0.3661547670785241,0.3518270963470222
turbine_2,2025-12-08T18:00:00Z,2025-12-08T22:00:00Z,4.0,0.125,0.18213139636046544,0.1740392249700279
turbine_2,2025-12-08T18:00:00Z,2025-12-08T23:00:00Z,5.0,0.075,0.07259390558642646,0.08696719998057245
turbine_2,2025-12-08T18:00:00Z,2025-12-09T00:00:00Z,6.0,0.0249999999999999,0.02665952527728227,0.05237983872751678
turbine_2,2025-12-08T18:00:00Z,2025-12-09T01:00:00Z,7.0,0.0116666666666666,0.016231147479358332,0.05050661866660966
turbine_2,2025-12-08T18:00:00Z,2025-12-09T02:00:00Z,8.0,0.01,0.016471238507833885,0.05763635782046256
turbine_2,2025-12-08T18:00:00Z,2025-12-09T03:00:00Z,9.0,0.01,0.02885316451038364,0.06625392169944871
turbine_2,2025-12-08T18:00:00Z,2025-12-09T04:00:00Z,10.0,0.155,0.08916352465732927,0.18164956116351302
turbine_2,2025-12-08T18:00:00Z,2025-12-09T05:00:00Z,11.0,0.7999999999999999,0.4909218559993262,0.5161643687661972
turbine_2,2025-12-08T18:00:00Z,2025-12-09T06:00:00Z,12.0,0.9083333333333332,0.9598482280543279,0.9480312428440959
turbine_2,2025-12-08T18:00:00Z,2025-12-09T07:00:00Z,13.0,0.9716666666666668,0.9619964414169951,0.9524551317608813
turbine_2,2025-12-08T18:00:00Z,2025-12-09T08:00:00Z,14.0,0.97,0.9692808150128867,0.9713635720971142
turbine_2,2025-12-08T18:00:00Z,2025-12-09T09:00:00Z,15.0,0.9633333333333332,0.9632134717382175,0.9790107582926227
turbine_2,2025-12-08T18:00:00Z,2025-12-09T10:00:00Z,16.0,0.9683333333333332,0.8159631938685481,0.893399725826652
turbine_2,2025-12-08T18:00:00Z,2025-12-09T11:00:00Z,17.0,0.9533333333333333,0.643549054470057,0.8186985483330338
turbine_2,2025-12-08T18:00:00Z,2025-12-09T12:00:00Z,18.0,0.9533333333333333,0.5234745681427536,0.7192102500948315
turbine_2,2025-12-08T18:00:00Z,2025-12-09T13:00:00Z,19.0,0.9,0.2369148364455969,0.4494552405200761
turbine_2,2025-12-08T18:00:00Z,2025-12-09T14:00:00Z,20.0,0.9366666666666666,0.12265121806602836,0.21096773405332947
turbine_2,2025-12-08T18:00:00Z,2025-12-09T15:00:00Z,21.0,0.8649999999999999,0.09674858962616714,0.16526112619534006
turbine_2,2025-12-08T18:00:00Z,2025-12-09T16:00:00Z,22.0,0.5466666666666666,0.049374380765148385,0.12382533107881433
turbine_2,2025-12-08T18:00:00Z,2025-12-09T17:00:00Z,23.0,0.145,0.039700673701578426,0.0998029072866082
turbine_2,2025-12-08T18:00:00Z,2025-12-09T18:00:00Z,24.0,0.04,0.029309510454165633,0.08328054692667564
turbine_2,2025-12-08T18:00:00Z,2025-12-09T19:00:00Z,25.0,0.3316666666666666,0.06767535885279675,0.1253837075823058
turbine_2,2025-12-08T18:00:00Z,2025-12-09T20:00:00Z,26.0,0.6516666666666667,0.14581831064866274,0.1498108557413827
turbine_2,2025-12-08T18:00:00Z,2025-12-09T21:00:00Z,27.0,0.7916666666666666,0.2467683489852998,0.2277172489854992
turbine_2,2025-12-08T18:00:00Z,2025-12-09T22:00:00Z,28.0,0.9433333333333334,0.5085228149810139,0.4779081279416372
turbine_2,2025-12-08T18:00:00Z,2025-12-09T23:00:00Z,29.0,0.9783333333333334,0.6639430479985217,0.6036917799427857
turbine_2,2025-12-08T18:00:00Z,2025-12-10T00:00:00Z,30.0,0.975,0.6171754885912138,0.6140481059926706
turbine_2,2025-12-08T18:00:00Z,2025-12-10T05:00:00Z,35.0,0.6416666666666667,0.9477268110823626,0.8916432567643672
turbine_2,2025-12-08T18:00:00Z,2025-12-10T06:00:00Z,36.0,0.93,0.9616992283461969,0.8922458574762604
turbine_2,2025-12-08T18:00:00Z,2025-12-10T07:00:00Z,37.0,0.9466666666666668,0.9548291568168594,0.847228504070337
turbine_2,2025-12-08T18:00:00Z,2025-12-10T08:00:00Z,38.0,0.9466666666666668,0.9720894913189879,0.8694085409744815
turbine_2,2025-12-08T18:00:00Z,2025-12-10T09:00:00Z,39.0,0.9616666666666666,0.9718764717194007,0.8625225896893012
turbine_2,2025-12-08T18:00:00Z,2025-12-10T10:00:00Z,40.0,0.97,0.8489664027864234,0.7597471718088615
turbine_2,2025-12-08T18:00:00Z,2025-12-10T11:00:00Z,41.0,0.9733333333333332,0.5624878488448041,0.5686348436586649
turbine_2,2025-12-08T18:00:00Z,2025-12-10T12:00:00Z,42.0,0.9733333333333332,0.4067317765304904,0.41619808113912293
turbine_2,2025-12-08T18:00:00Z,2025-12-10T13:00:00Z,43.0,0.955,0.5113750012101613,0.5131491148629316
turbine_2,2025-12-08T18:00:00Z,2025-12-10T14:00:00Z,44.0,0.98,0.7636553449988238,0.6515351340302868
turbine_2,2025-12-08T18:00:00Z,2025-12-10T15:00:00Z,45.0,0.98,0.8489213793463005,0.7162207265188869
turbine_2,2025-12-08T18:00:00Z,2025-12-10T16:00:00Z,46.0,0.98,0.9121719566093779,0.7402116309370894
turbine_2,2025-12-08T18:00:00Z,2025-12-10T17:00:00Z,47.0,0.98,0.9216069137140753,0.7374310751941836
turbine_2,2025-12-08T18:00:00Z,2025-12-10T18:00:00Z,48.0,0.97,0.8367418557668761,0.6851232636098914
turbine_2,2025-12-09T18:00:00Z,2025-12-09T19:00:00Z,1.0,0.3316666666666666,0.10118589673365945,0.14274898910622122
turbine_2,2025-12-09T18:00:00Z,2025-12-09T20:00:00Z,2.0,0.6516666666666667,0.16992826356715804,0.17375108733880687
turbine_2,2025-12-09T18:00:00Z,2025-12-09T21:00:00Z,3.0,0.7916666666666666,0.3828992881168163,0.442265942645594
turbine_2,2025-12-09T18:00:00Z,2025-12-09T22:00:00Z,4.0,0.9433333333333334,0.7414848306793443,0.5911277787760477
turbine_2,2025-12-09T18:00:00Z,2025-12-09T23:00:00Z,5.0,0.9783333333333334,0.9212982495431067,0.7934828667113157
turbine_2,2025-12-09T18:00:00Z,2025-12-10T00:00:00Z,6.0,0.975,0.9620066686661513,0.8689327793486341
turbine_2,2025-12-09T18:00:00Z,2025-12-10T05:00:00Z,11.0,0.6416666666666667,0.9423711699953665,0.8401881232008281
turbine_2,2025-12-09T18:00:00Z,2025-12-10T06:00:00Z,12.0,0.93,0.9581677047557512,0.8757438974708036
turbine_2,2025-12-09T18:00:00Z,2025-12-10T07:00:00Z,13.0,0.9466666666666668,0.9673531257773753,0.8873442692398886
turbine_2,2025-12-09T18:00:00Z,2025-12-10T08:00:00Z,14.0,0.9466666666666668,0.9704430232511262,0.8784060674938051
turbine_2,2025-12-09T18:00:00Z,2025-12-10T09:00:00Z,15.0,0.9616666666666666,0.9702480398776185,0.8649799138278778
turbine_2,2025-12-09T18:00:00Z,2025-12-10T10:00:00Z,16.0,0.97,0.9701555060517401,0.8518937688139427
turbine_2,2025-12-09T18:00:00Z,2025-12-10T11:00:00Z,17.0,0.9733333333333332,0.9524444240478436,0.8424121719724795
turbine_2,2025-12-09T18:00:00Z,2025-12-10T12:00:00Z,18.0,0.9733333333333332,0.8040724720566628,0.7055308568928202
turbine_2,2025-12-09T18:00:00Z,2025-12-10T13:00:00Z,19.0,0.955,0.9385713005217642,0.7922848153428854
turbine_2,2025-12-09T18:00:00Z,2025-12-10T14:00:00Z,20.0,0.98,0.9361163479155042,0.784392015432584
turbine_2,2025-12-09T18:00:00Z,2025-12-10T15:00:00Z,21.0,0.98,0.9450564527116286,0.7745887308825281
turbine_2,2025-12-09T18:00:00Z,2025-12-10T16:00:00Z,22.0,0.98,0.943950191978229,0.7579361280243184
turbine_2,2025-12-09T18:00:00Z,2025-12-10T17:00:00Z,23.0,0.98,0.9255132740525182,0.7405454925803354
turbine_2,2025-12-09T18:00:00Z,2025-12-10T18:00:00Z,24.0,0.97,0.8845763662712395,0.7259003186063478
turbine_2,2025-12-09T18:00:00Z,2025-12-10T19:00:00Z,25.0,0.9433333333333334,0.8670410836237096,0.7073101104506427
turbine_2,2025-12-09T18:00:00Z,2025-12-10T20:00:00Z,26.0,0.4883333333333333,0.8749129672796191,0.7295258972187273
turbine_2,2025-12-09T18:00:00Z,2025-12-10T21:00:00Z,27.0,0.3533333333333333,0.8139013681461894,0.6897920263807242
turbine_2,2025-12-09T18:00:00Z,2025-12-10T22:00:00Z,28.0,0.0883333333333333,0.7511691021133854,0.6166143442738564
turbine_2,2025-12-09T18:00:00Z,2025-12-10T23:00:00Z,29.0,0.005,0.6394432866694928,0.5953994241813311
turbine_2,2025-12-09T18:00:00Z,2025-12-11T00:00:00Z,30.0,0.0083333333333333,0.21805654107993974,0.17485799106655575
turbine_2,2025-12-09T18:00:00Z,2025-12-11T01:00:00Z,31.0,0.0349999999999999,0.07683326741189983,0.0689048185680246
turbine_2,2025-12-09T18:00:00Z,2025-12-11T02:00:00Z,32.0,0.01,0.010557294657283972,0.061423917157318264
turbine_2,2025-12-09T18:00:00Z,2025-12-11T03:00:00Z,33.0,0.3283333333333333,0.03498607898380429,0.11853346027562275
turbine_2,2025-12-09T18:00:00Z,2025-12-11T04:00:00Z,34.0,0.98,0.10986265701336397,0.23791574516432515
turbine_2,2025-12-09T18:00:00Z,2025-12-11T05:00:00Z,35.0,0.9,0.6180046594341173,0.6375199599405994
turbine_2,2025-12-09T18:00:00Z,2025-12-11T06:00:00Z,36.0,0.3066666666666666,0.9365360637486233,0.8513245800718153
turbine_2,2025-12-09T18:00:00Z,2025-12-11T07:00:00Z,37.0,0.9783333333333334,0.966760819512255,0.9168087898111916
turbine_2,2025-12-09T18:00:00Z,2025-12-11T08:00:00Z,38.0,0.975,0.9737978759011406,0.939205035446685
turbine_2,2025-12-09T18:00:00Z,2025-12-11T09:00:00Z,39.0,0.22,0.9721478285277407,0.9389752898646833
turbine_2,2025-12-09T18:00:00Z,2025-12-11T12:00:00Z,42.0,0.98,0.9727255585233303,0.9011515579322316
turbine_2,2025-12-09T18:00:00Z,2025-12-11T13:00:00Z,43.0,0.9733333333333332,0.9743499114050056,0.8786940857727064
turbine_2,2025-12-09T18:00:00Z,2025-12-11T14:00:00Z,44.0,0.975,0.9740243522273753,0.8786738779232272
turbine_2,2025-12-09T18:00:00Z,2025-12-11T15:00:00Z,45.0,0.9766666666666666,0.9669255717354452,0.8922494710777321
turbine_2,2025-12-09T18:00:00Z,2025-12-11T16:00:00Z,46.0,0.98,0.9672366683114668,0.8963722317828304
turbine_2,2025-12-09T18:00:00Z,2025-12-11T17:00:00Z,47.0,0.9783333333333334,0.9672366683114668,0.8928860861042234
turbine_2,2025-12-09T18:00:00Z,2025-12-11T18:00:00Z,48.0,0.98,0.9524920059708161,0.8619872757028346
turbine_2,2025-12-10T18:00:00Z,2025-12-10T19:00:00Z,1.0,0.9433333333333334,0.8506548205282333,0.7019086330310744
turbine_2,2025-12-10T18:00:00Z,2025-12-10T20:00:00Z,2.0,0.4883333333333333,0.695970834433098,0.5939423705971587
turbine_2,2025-12-10T18:00:00Z,2025-12-10T21:00:00Z,3.0,0.3533333333333333,0.42126271062383114,0.3655030206635797
turbine_2,2025-12-10T18:00:00Z,2025-12-10T22:00:00Z,4.0,0.0883333333333333,0.1544725642359926,0.1337859559255955
turbine_2,2025-12-10T18:00:00Z,2025-12-10T23:00:00Z,5.0,0.005,0.017745619481970315,0.038834951196459466
turbine_2,2025-12-10T18:00:00Z,2025-12-11T00:00:00Z,6.0,0.0083333333333333,0.02345031181101176,0.06306585492591177
turbine_2,2025-12-10T18:00:00Z,2025-12-11T01:00:00Z,7.0,0.0349999999999999,0.035743117477782665,0.1149286506932938
turbine_2,2025-12-10T18:00:00Z,2025-12-11T02:00:00Z,8.0,0.01,0.13309493786837073,0.2895867116209268
turbine_2,2025-12-10T18:00:00Z,2025-12-11T03:00:00Z,9.0,0.3283333333333333,0.7587365190612301,0.7235647989805211
turbine_2,2025-12-10T18:00:00Z,2025-12-11T04:00:00Z,10.0,0.98,0.9298340636761817,0.8752914968280059
turbine_2,2025-12-10T18:00:00Z,2025-12-11T05:00:00Z,11.0,0.9,0.9419224371597261,0.9052149614163982
turbine_2,2025-12-10T18:00:00Z,2025-12-11T06:00:00Z,12.0,0.3066666666666666,0.9629020637395639,0.918538123905277
turbine_2,2025-12-10T18:00:00Z,2025-12-11T07:00:00Z,13.0,0.9783333333333334,0.9667532186160815,0.9189631935493265
turbine_2,2025-12-10T18:00:00Z,2025-12-11T08:00:00Z,14.0,0.975,0.9739593876805163,0.9348973940723277
turbine_2,2025-12-10T18:00:00Z,2025-12-11T09:00:00Z,15.0,0.22,0.9725855239043185,0.9347066926477539
turbine_2,2025-12-10T18:00:00Z,2025-12-11T12:00:00Z,18.0,0.98,0.971833559704001,0.9127697411509914
turbine_2,2025-12-10T18:00:00Z,2025-12-11T13:00:00Z,19.0,0.9733333333333332,0.9738154588059499,0.8806678405728058
turbine_2,2025-12-10T18:00:00Z,2025-12-11T14:00:00Z,20.0,0.975,0.973188408084833,0.8793545449972275
turbine_2,2025-12-10T18:00:00Z,2025-12-11T15:00:00Z,21.0,0.9766666666666666,0.9741984503425896,0.8952142626345806
turbine_2,2025-12-10T18:00:00Z,2025-12-11T16:00:00Z,22.0,0.98,0.9743957890309235,0.8957716492803399
turbine_2,2025-12-10T18:00:00Z,2025-12-11T17:00:00Z,23.0,0.9783333333333334,0.9743957890309235,0.8928860861042234
turbine_2,2025-12-10T18:00:00Z,2025-12-11T18:00:00Z,24.0,0.98,0.9595067001634814,0.8619872757028346
turbine_2,2025-12-10T18:00:00Z,2025-12-11T19:00:00Z,25.0,0.98,0.9520504277706683,0.8623674069313079
turbine_2,2025-12-10T18:00:00Z,2025-12-11T20:00:00Z,26.0,0.98,0.9524152156527099,0.8620301011954452
turbine_2,2025-12-10T18:00:00Z,2025-12-11T21:00:00Z,27.0,0.98,0.9425609641500061,0.8775715209644029
turbine_2,2025-12-10T18:00:00Z,2025-12-11T22:00:00Z,28.0,0.98,0.9316701609672728,0.8745103913475405
turbine_2,2025-12-10T18:00:00Z,2025-12-11T23:00:00Z,29.0,0.98,0.9318048609472146,0.8694064538582094
turbine_2,2025-12-10T18:00:00Z,2025-12-12T00:00:00Z,30.0,0.9783333333333334,0.9318521949521135,0.8626099425485164
turbine_2,2025-12-10T18:00:00Z,2025-12-12T01:00:00Z,31.0,0.98,0.9318798383760528,0.857968248246817
turbine_2,2025-12-10T18:00:00Z,2025-12-12T04:00:00Z,34.0,0.9783333333333334,0.9302502113912755,0.9015898885443784
turbine_2,2025-12-10T18:00:00Z,2025-12-12T05:00:00Z,35.0,0.98,0.9405429435151978,0.9052149614163982
turbine_2,2025-12-10T18:00:00Z,2025-12-12T06:00:00Z,36.0,0.9766666666666666,0.9615225700950356,0.918538123905277
turbine_2,2025-12-10T18:00:00Z,2025-12-12T07:00:00Z,37.0,0.9766666666666666,0.966760819512255,0.9189631935493265
turbine_2,2025-12-10T18:00:00Z,2025-12-12T08:00:00Z,38.0,0.9716666666666668,0.9737978759011406,0.9336392557440854
turbine_2,2025-12-10T18:00:00Z,2025-12-12T09:00:00Z,39.0,0.9783333333333334,0.9721478285277407,0.9331759172251237
turbine_2,2025-12-10T18:00:00Z,2025-12-12T10:00:00Z,40.0,0.975,0.972684096274521,0.9326436401923981
turbine_2,2025-12-10T18:00:00Z,2025-12-12T11:00:00Z,41.0,0.975,0.9734655265436496,0.9239778002559007
turbine_2,2025-12-10T18:00:00Z,2025-12-12T12:00:00Z,42.0,0.9733333333333332,0.9727255585233303,0.9027024855406528
turbine_2,2025-12-10T18:00:00Z,2025-12-12T13:00:00Z,43.0,0.9716666666666668,0.9743499114050056,0.8746169969211861
turbine_2,2025-12-10T18:00:00Z,2025-12-12T15:00:00Z,45.0,0.9766666666666666,0.9669255717354452,0.8853581152834867
turbine_2,2025-12-10T18:00:00Z,2025-12-12T16:00:00Z,46.0,0.98,0.9686586325012042,0.8853782157033372
turbine_2,2025-12-10T18:00:00Z,2025-12-12T17:00:00Z,47.0,0.98,0.9672366683114668,0.8898457989678987
turbine_2,2025-12-10T18:00:00Z,2025-12-12T18:00:00Z,48.0,0.98,0.9524920059708161,0.8589469885665101
turbine_2,2025-12-11T18:00:00Z,2025-12-11T19:00:00Z,1.0,0.98,0.9299061962404751,0.8623674069313079
turbine_2,2025-12-11T18:00:00Z,2025-12-11T20:00:00Z,2.0,0.98,0.9302709841225167,0.8620301011954452
turbine_2,2025-12-11T18:00:00Z,2025-12-11T21:00:00Z,3.0,0.98,0.9399936097083132,0.8775715209644029
turbine_2,2025-12-11T18:00:00Z,2025-12-11T22:00:00Z,4.0,0.98,0.92910280652558,0.8745103913475405
turbine_2,2025-12-11T18:00:00Z,2025-12-11T23:00:00Z,5.0,0.98,0.9285192849607758,0.8694064538582094
turbine_2,2025-12-11T18:00:00Z,2025-12-12T00:00:00Z,6.0,0.9783333333333334,0.9359299167725531,0.8626099425485164
turbine_2,2025-12-11T18:00:00Z,2025-12-12T01:00:00Z,7.0,0.98,0.9358442675044377,0.857968248246817
turbine_2,2025-12-11T18:00:00Z,2025-12-12T04:00:00Z,10.0,0.9783333333333334,0.9315366003441029,0.9005638122586016
turbine_2,2025-12-11T18:00:00Z,2025-12-12T05:00:00Z,11.0,0.98,0.9419224371597261,0.9041888851306215
turbine_2,2025-12-11T18:00:00Z,2025-12-12T06:00:00Z,12.0,0.9766666666666666,0.9629020637395639,0.9175120476195002
turbine_2,2025-12-11T18:00:00Z,2025-12-12T07:00:00Z,13.0,0.9766666666666666,0.9667532186160815,0.9179371172635498
turbine_2,2025-12-11T18:00:00Z,2025-12-12T08:00:00Z,14.0,0.9716666666666668,0.9739593876805163,0.9326131794583086
turbine_2,2025-12-11T18:00:00Z,2025-12-12T09:00:00Z,15.0,0.9783333333333334,0.9724537668339075,0.9331759172251237
turbine_2,2025-12-11T18:00:00Z,2025-12-12T10:00:00Z,16.0,0.975,0.9729587332010176,0.9292546296180704
turbine_2,2025-12-11T18:00:00Z,2025-12-12T11:00:00Z,17.0,0.975,0.973356614420522,0.9234993824045741
turbine_2,2025-12-11T18:00:00Z,2025-12-12T12:00:00Z,18.0,0.9733333333333332,0.9721207956323241,0.9027024855406528
turbine_2,2025-12-11T18:00:00Z,2025-12-12T13:00:00Z,19.0,0.9716666666666668,0.9736837017355389,0.8762662888871466
turbine_2,2025-12-11T18:00:00Z,2025-12-12T15:00:00Z,21.0,0.9766666666666666,0.9738744655657949,0.8757557208645679
turbine_2,2025-12-11T18:00:00Z,2025-12-12T16:00:00Z,22.0,0.98,0.9757934852823112,0.8853782157033372
turbine_2,2025-12-11T18:00:00Z,2025-12-12T17:00:00Z,23.0,0.98,0.9752463851362397,0.8882093707738656
turbine_2,2025-12-11T18:00:00Z,2025-12-12T18:00:00Z,24.0,0.98,0.9595067001634814,0.8589469885665101
turbine_2,2025-12-11T18:00:00Z,2025-12-12T19:00:00Z,25.0,0.9783333333333334,0.9520504277706683,0.8613413306455311
turbine_2,2025-12-11T18:00:00Z,2025-12-12T20:00:00Z,26.0,0.9583333333333334,0.9538129119040979,0.8394560226006699
turbine_2,2025-12-11T18:00:00Z,2025-12-12T21:00:00Z,27.0,0.5116666666666666,0.8056742032239854,0.7763731674250238
turbine_2,2025-12-11T18:00:00Z,2025-12-12T22:00:00Z,28.0,0.18,0.46190373670579116,0.4700927666716471
turbine_2,2025-12-11T18:00:00Z,2025-12-12T23:00:00Z,29.0,0.0533333333333333,0.03674237377432063,0.06960531053737518
turbine_2,2025-12-11T18:00:00Z,2025-12-13T00:00:00Z,30.0,0.0116666666666666,0.017139093987295684,0.059322861471420574
turbine_2,2025-12-11T18:00:00Z,2025-12-13T01:00:00Z,31.0,0.0116666666666666,0.022924411513089632,0.0750128070343073
turbine_2,2025-12-11T18:00:00Z,2025-12-13T02:00:00Z,32.0,0.0233333333333333,0.01516215931204648,0.06403459917099774
turbine_2,2025-12-11T18:00:00Z,2025-12-13T03:00:00Z,33.0,0.0083333333333333,0.014245428621841333,0.05977747900355318
turbine_2,2025-12-11T18:00:00Z,2025-12-13T04:00:00Z,34.0,0.0633333333333333,0.038961887878869644,0.08219266416850374
turbine_2,2025-12-11T18:00:00Z,2025-12-13T06:00:00Z,36.0,0.0499999999999999,0.044205145186449524,0.13205676845457692
turbine_2,2025-12-11T18:00:00Z,2025-12-13T07:00:00Z,37.0,0.2916666666666667,0.10923309073172761,0.26554399964969017
turbine_2,2025-12-11T18:00:00Z,2025-12-13T08:00:00Z,38.0,0.395,0.23281575966668588,0.4059868212655684
turbine_2,2025-12-11T18:00:00Z,2025-12-13T09:00:00Z,39.0,0.4416666666666666,0.5851817250515413,0.7202676737025736
turbine_2,2025-12-11T18:00:00Z,2025-12-13T10:00:00Z,40.0,0.5033333333333333,0.8127219746997131,0.7354343330760191
turbine_2,2025-12-11T18:00:00Z,2025-12-13T11:00:00Z,41.0,0.7583333333333333,0.8825972607703476,0.8835969170371027
turbine_2,2025-12-11T18:00:00Z,2025-12-13T12:00:00Z,42.0,0.93,0.920899334829105,0.8650215073256343
turbine_2,2025-12-11T18:00:00Z,2025-12-13T13:00:00Z,43.0,0.9216666666666667,0.954787166455756,0.8560332872625874
turbine_2,2025-12-11T18:00:00Z,2025-12-13T14:00:00Z,44.0,0.875,0.9206043645693648,0.8404694208150214
turbine_2,2025-12-11T18:00:00Z,2025-12-13T15:00:00Z,45.0,0.975,0.9135055840774348,0.8508873995429915
turbine_2,2025-12-11T18:00:00Z,2025-12-13T16:00:00Z,46.0,0.9383333333333334,0.9109817463938228,0.8410598374661673
turbine_2,2025-12-11T18:00:00Z,2025-12-13T17:00:00Z,47.0,0.8450000000000001,0.8393773228236824,0.772690230233732
turbine_2,2025-12-11T18:00:00Z,2025-12-13T18:00:00Z,48.0,0.315,0.828612148329331,0.7461393759630472
turbine_2,2025-12-12T18:00:00Z,2025-12-12T19:00:00Z,1.0,0.9783333333333334,0.9015327560039468,0.8243778588316486
turbine_2,2025-12-12T18:00:00Z,2025-12-12T20:00:00Z,2.0,0.9583333333333334,0.7578424356334473,0.707623901318727
turbine_2,2025-12-12T18:00:00Z,2025-12-12T21:00:00Z,3.0,0.5116666666666666,0.07008287482750186,0.1944145933240828
turbine_2,2025-12-12T18:00:00Z,2025-12-12T22:00:00Z,4.0,0.18,0.03855554191492447,0.0903648241730835
turbine_2,2025-12-12T18:00:00Z,2025-12-12T23:00:00Z,5.0,0.0533333333333333,0.013595465339420604,0.05882074036488755
turbine_2,2025-12-12T18:00:00Z,2025-12-13T00:00:00Z,6.0,0.0116666666666666,0.022855208191167736,0.05114260040248808
turbine_2,2025-12-12T18:00:00Z,2025-12-13T01:00:00Z,7.0,0.0116666666666666,0.01882780235413989,0.056760155384213806
turbine_2,2025-12-12T18:00:00Z,2025-12-13T02:00:00Z,8.0,0.0233333333333333,0.010368114983467958,0.0656218402918558
turbine_2,2025-12-12T18:00:00Z,2025-12-13T03:00:00Z,9.0,0.0083333333333333,0.019547531023306114,0.05837169332508635
turbine_2,2025-12-12T18:00:00Z,2025-12-13T04:00:00Z,10.0,0.0633333333333333,0.012125361684622693,0.05880727115408568
turbine_2,2025-12-12T18:00:00Z,2025-12-13T06:00:00Z,12.0,0.0499999999999999,0.17950978464364992,0.2873056219797673
turbine_2,2025-12-12T18:00:00Z,2025-12-13T07:00:00Z,13.0,0.2916666666666667,0.5964816084631142,0.5850599015297226
turbine_2,2025-12-12T18:00:00Z,2025-12-13T08:00:00Z,14.0,0.395,0.8713596746915999,0.7589495970764673
turbine_2,2025-12-12T18:00:00Z,2025-12-13T09:00:00Z,15.0,0.4416666666666666,0.9471872408482211,0.8789955870486922
turbine_2,2025-12-12T18:00:00Z,2025-12-13T10:00:00Z,16.0,0.5033333333333333,0.9277703284260124,0.8805445115005318
turbine_2,2025-12-12T18:00:00Z,2025-12-13T11:00:00Z,17.0,0.7583333333333333,0.9530972615256501,0.9209316139401245
turbine_2,2025-12-12T18:00:00Z,2025-12-13T12:00:00Z,18.0,0.93,0.9180386503955702,0.8664137396739386
turbine_2,2025-12-12T18:00:00Z,2025-12-13T13:00:00Z,19.0,0.9216666666666667,0.7865799964404654,0.7455226527208643
turbine_2,2025-12-12T18:00:00Z,2025-12-13T14:00:00Z,20.0,0.875,0.7727014600092941,0.7117433288202306
turbine_2,2025-12-12T18:00:00Z,2025-12-13T15:00:00Z,21.0,0.975,0.8668527303582644,0.7921149229749482
turbine_2,2025-12-12T18:00:00Z,2025-12-13T16:00:00Z,22.0,0.9383333333333334,0.899619961398224,0.8341138811439672
turbine_2,2025-12-12T18:00:00Z,2025-12-13T17:00:00Z,23.0,0.8450000000000001,0.9076736633897738,0.8196964502258401
turbine_2,2025-12-12T18:00:00Z,2025-12-13T18:00:00Z,24.0,0.315,0.9355277049903236,0.8062629184139447
turbine_2,2025-12-12T18:00:00Z,2025-12-13T19:00:00Z,25.0,0.2633333333333333,0.7613377452732739,0.6203988979576781
turbine_2,2025-12-12T18:00:00Z,2025-12-13T20:00:00Z,26.0,0.0483333333333333,0.41183443309206774,0.4975097174216824
turbine_2,2025-12-12T18:00:00Z,2025-12-13T21:00:00Z,27.0,0.3866666666666666,0.11554975295015311,0.3043119862797165
turbine_2,2025-12-12T18:00:00Z,2025-12-13T22:00:00Z,28.0,0.7016666666666667,0.04484584532412994,0.124884523569334
turbine_2,2025-12-12T18:00:00Z,2025-12-13T23:00:00Z,29.0,0.6316666666666667,0.01484750884977265,0.06008327728644952
turbine_2,2025-12-12T18:00:00Z,2025-12-14T00:00:00Z,30.0,0.375,0.046971149874794504,0.08221153131283132
turbine_2,2025-12-12T18:00:00Z,2025-12-14T01:00:00Z,31.0,0.3083333333333333,0.032172594829613654,0.06082798853098953
turbine_2,2025-12-12T18:00:00Z,2025-12-14T02:00:00Z,32.0,0.36,0.059109437150090705,0.07186175053068761
turbine_2,2025-12-12T18:00:00Z,2025-12-14T03:00:00Z,33.0,0.68,0.13674190301403522,0.1267932656789139
turbine_2,2025-12-12T18:00:00Z,2025-12-14T04:00:00Z,34.0,0.755,0.7733674835677655,0.6749572826702547
turbine_2,2025-12-12T18:00:00Z,2025-12-14T05:00:00Z,35.0,0.7716666666666666,0.8594278065304343,0.8010896758571482
turbine_2,2025-12-12T18:00:00Z,2025-12-14T06:00:00Z,36.0,0.8916666666666666,0.6893707457318857,0.6914713593925683
turbine_2,2025-12-12T18:00:00Z,2025-12-14T07:00:00Z,37.0,0.97,0.4651455274054702,0.4591335090373365
turbine_2,2025-12-12T18:00:00Z,2025-12-14T08:00:00Z,38.0,0.9733333333333332,0.5206671912826838,0.4514439593993633
turbine_2,2025-12-12T18:00:00Z,2025-12-14T09:00:00Z,39.0,0.7383333333333333,0.37308680289754614,0.35136511590466324
turbine_2,2025-12-12T18:00:00Z,2025-12-14T10:00:00Z,40.0,0.2966666666666667,0.1337431900601758,0.17187244827862475
turbine_2,2025-12-12T18:00:00Z,2025-12-14T11:00:00Z,41.0,0.0249999999999999,0.06583229743988958,0.13120139438770223
turbine_2,2025-12-12T18:00:00Z,2025-12-14T12:00:00Z,42.0,0.03,0.04215506626864138,0.17342949584629436
turbine_2,2025-12-12T18:00:00Z,2025-12-14T13:00:00Z,43.0,0.2416666666666666,0.10861612586608044,0.24898709821544768
turbine_2,2025-12-12T18:00:00Z,2025-12-14T14:00:00Z,44.0,0.8683333333333333,0.809280866752513,0.8006147793214344
turbine_2,2025-12-12T18:00:00Z,2025-12-14T15:00:00Z,45.0,0.9783333333333334,0.9135055840774348,0.8514984950151175
turbine_2,2025-12-12T18:00:00Z,2025-12-14T16:00:00Z,46.0,0.9733333333333332,0.9657002469504762,0.8838208163211748
turbine_2,2025-12-12T18:00:00Z,2025-12-14T17:00:00Z,47.0,0.9783333333333334,0.9672366683114668,0.8946571035747084
turbine_2,2025-12-12T18:00:00Z,2025-12-14T18:00:00Z,48.0,0.98,0.9527914053679567,0.8445083589536138
turbine_2,2025-12-13T18:00:00Z,2025-12-13T19:00:00Z,1.0,0.2633333333333333,0.843435506229632,0.7763888786472588
turbine_2,2025-12-13T18:00:00Z,2025-12-13T20:00:00Z,2.0,0.0483333333333333,0.373366811757489,0.5136433657026424
turbine_2,2025-12-13T18:00:00Z,2025-12-13T21:00:00Z,3.0,0.3866666666666666,0.5684765186270759,0.5761530290905785
turbine_2,2025-12-13T18:00:00Z,2025-12-13T22:00:00Z,4.0,0.7016666666666667,0.08749843661402779,0.28116121667035743
turbine_2,2025-12-13T18:00:00Z,2025-12-13T23:00:00Z,5.0,0.6316666666666667,0.021890855752308425,0.059942537856415234
turbine_2,2025-12-13T18:00:00Z,2025-12-14T00:00:00Z,6.0,0.375,0.062216114658730726,0.08643489246172537
turbine_2,2025-12-13T18:00:00Z,2025-12-14T01:00:00Z,7.0,0.3083333333333333,0.09545157428260519,0.07732925133404883
turbine_2,2025-12-13T18:00:00Z,2025-12-14T02:00:00Z,8.0,0.36,0.6063002811270002,0.5683973985356823
turbine_2,2025-12-13T18:00:00Z,2025-12-14T03:00:00Z,9.0,0.68,0.892946561784817,0.7843536202272685
turbine_2,2025-12-13T18:00:00Z,2025-12-14T04:00:00Z,10.0,0.755,0.7275217520897843,0.586139441453547
turbine_2,2025-12-13T18:00:00Z,2025-12-14T05:00:00Z,11.0,0.7716666666666666,0.9100860377630123,0.8698049057819197
turbine_2,2025-12-13T18:00:00Z,2025-12-14T06:00:00Z,12.0,0.8916666666666666,0.8390186137205556,0.786123240738632
turbine_2,2025-12-13T18:00:00Z,2025-12-14T07:00:00Z,13.0,0.97,0.7053464611258885,0.6451349978290818
turbine_2,2025-12-13T18:00:00Z,2025-12-14T08:00:00Z,14.0,0.9733333333333332,0.747073104482675,0.661564540420823
turbine_2,2025-12-13T18:00:00Z,2025-12-14T09:00:00Z,15.0,0.7383333333333333,0.537902162174541,0.46544789066298237
turbine_2,2025-12-13T18:00:00Z,2025-12-14T10:00:00Z,16.0,0.2966666666666667,0.23842716246050352,0.26570418195572376
turbine_2,2025-12-13T18:00:00Z,2025-12-14T11:00:00Z,17.0,0.0249999999999999,0.03919204582224936,0.13779802615235032
turbine_2,2025-12-13T18:00:00Z,2025-12-14T12:00:00Z,18.0,0.03,0.06361374715453899,0.18138248537494617
turbine_2,2025-12-13T18:00:00Z,2025-12-14T13:00:00Z,19.0,0.2416666666666666,0.4526498993924052,0.6805972102461292
turbine_2,2025-12-13T18:00:00Z,2025-12-14T14:00:00Z,20.0,0.8683333333333333,0.9558852357064042,0.8534168286783997
turbine_2,2025-12-13T18:00:00Z,2025-12-14T15:00:00Z,21.0,0.9783333333333334,0.9741984503425896,0.8902829188570357
turbine_2,2025-12-13T18:00:00Z,2025-12-14T16:00:00Z,22.0,0.9733333333333332,0.9743957890309235,0.8986216671046421
turbine_2,2025-12-13T18:00:00Z,2025-12-14T17:00:00Z,23.0,0.9783333333333334,0.9743957890309235,0.895135521426035
turbine_2,2025-12-13T18:00:00Z,2025-12-14T18:00:00Z,24.0,0.98,0.9595067001634814,0.8637582931733198
turbine_2,2025-12-13T18:00:00Z,2025-12-14T19:00:00Z,25.0,0.9783333333333334,0.9517264429938734,0.8395611453951952
turbine_2,2025-12-13T18:00:00Z,2025-12-14T20:00:00Z,26.0,0.955,0.947345874602147,0.8281000186741467
turbine_2,2025-12-13T18:00:00Z,2025-12-14T21:00:00Z,27.0,0.9133333333333332,0.9013424907470522,0.8178677121645181
turbine_2,2025-12-13T18:00:00Z,2025-12-14T22:00:00Z,28.0,0.5216666666666666,0.6388459499287116,0.5628198279833464
turbine_2,2025-12-13T18:00:00Z,2025-12-14T23:00:00Z,29.0,0.1983333333333333,0.43414998027736473,0.48939605881275483
turbine_2,2025-12-13T18:00:00Z,2025-12-15T00:00:00Z,30.0,0.0166666666666666,0.04856203197651732,0.1269741990429631
turbine_2,2025-12-13T18:00:00Z,2025-12-15T01:00:00Z,31.0,0.0216666666666666,0.01792604217977961,0.05572748647764392
turbine_2,2025-12-13T18:00:00Z,2025-12-15T02:00:00Z,32.0,0.6566666666666666,0.030974767576900347,0.07154810136345524
turbine_2,2025-12-13T18:00:00Z,2025-12-15T03:00:00Z,33.0,0.5833333333333334,0.12388887204939758,0.1013685308292245
turbine_2,2025-12-13T18:00:00Z,2025-12-15T04:00:00Z,34.0,0.7566666666666667,0.38508335505337166,0.37511371534430865
turbine_2,2025-12-13T18:00:00Z,2025-12-15T05:00:00Z,35.0,0.98,0.7642919415043521,0.7235354444505373
turbine_2,2025-12-13T18:00:00Z,2025-12-15T06:00:00Z,36.0,0.97,0.936993698054971,0.8797533742319502
turbine_2,2025-12-13T18:00:00Z,2025-12-15T07:00:00Z,37.0,0.9716666666666668,0.9562093971725558,0.9355261095360436
turbine_2,2025-12-13T18:00:00Z,2025-12-15T08:00:00Z,38.0,0.975,0.9609617360607143,0.9075587778913665
turbine_2,2025-12-13T18:00:00Z,2025-12-15T09:00:00Z,39.0,0.9766666666666666,0.9607487164611274,0.8645757289149005
turbine_2,2025-12-13T18:00:00Z,2025-12-15T10:00:00Z,40.0,0.9716666666666668,0.960560532208177,0.8582561739437973
turbine_2,2025-12-13T18:00:00Z,2025-12-15T11:00:00Z,41.0,0.9733333333333332,0.9539641147224013,0.824367019803984
turbine_2,2025-12-13T18:00:00Z,2025-12-15T12:00:00Z,42.0,0.9716666666666668,0.9106218257724306,0.7788818354502149
turbine_2,2025-12-13T18:00:00Z,2025-12-15T13:00:00Z,43.0,0.9733333333333332,0.8701144049232651,0.7320696301926393
turbine_2,2025-12-13T18:00:00Z,2025-12-15T14:00:00Z,44.0,0.9783333333333334,0.8481489221141986,0.7098910582653208
turbine_2,2025-12-13T18:00:00Z,2025-12-15T15:00:00Z,45.0,0.97,0.7242094494893699,0.5803493525394453
turbine_2,2025-12-13T18:00:00Z,2025-12-15T16:00:00Z,46.0,0.4833333333333333,0.6842829948653734,0.5609331175090961
turbine_2,2025-12-13T18:00:00Z,2025-12-15T17:00:00Z,47.0,0.0416666666666666,0.3962577111255603,0.3301510119816131
turbine_2,2025-12-13T18:00:00Z,2025-12-15T18:00:00Z,48.0,0.0249999999999999,0.0955145197861205,0.1155868538556521
turbine_2,2025-12-14T18:00:00Z,2025-12-14T19:00:00Z,1.0,0.9783333333333334,0.9296300074511493,0.8614146762950222
turbine_2,2025-12-14T18:00:00Z,2025-12-14T20:00:00Z,2.0,0.955,0.9263869362360254,0.8481501867928288
turbine_2,2025-12-14T18:00:00Z,2025-12-14T21:00:00Z,3.0,0.9133333333333332,0.890488235037564,0.8210676900911289
turbine_2,2025-12-14T18:00:00Z,2025-12-14T22:00:00Z,4.0,0.5216666666666666,0.5731771027781216,0.5606043325766281
turbine_2,2025-12-14T18:00:00Z,2025-12-14T23:00:00Z,5.0,0.1983333333333333,0.3742503353375358,0.49123240249768096
turbine_2,2025-12-14T18:00:00Z,2025-12-15T00:00:00Z,6.0,0.0166666666666666,0.05191469233390378,0.15219247228663368
turbine_2,2025-12-14T18:00:00Z,2025-12-15T01:00:00Z,7.0,0.0216666666666666,0.06477235631991858,0.20112206870395566
turbine_2,2025-12-14T18:00:00Z,2025-12-15T02:00:00Z,8.0,0.6566666666666666,0.020030162377174365,0.05825921635525727
turbine_2,2025-12-14T18:00:00Z,2025-12-15T03:00:00Z,9.0,0.5833333333333334,0.03371681708830401,0.06689821180042926
turbine_2,2025-12-14T18:00:00Z,2025-12-15T04:00:00Z,10.0,0.7566666666666667,0.13467671073878015,0.1554679365973225
turbine_2,2025-12-14T18:00:00Z,2025-12-15T05:00:00Z,11.0,0.98,0.702813879650305,0.6197932580442413
turbine_2,2025-12-14T18:00:00Z,2025-12-15T06:00:00Z,12.0,0.97,0.9592625665430455,0.9455436842741081
turbine_2,2025-12-14T18:00:00Z,2025-12-15T07:00:00Z,13.0,0.9716666666666668,0.9541403372892139,0.9098931998491876
turbine_2,2025-12-14T18:00:00Z,2025-12-15T08:00:00Z,14.0,0.975,0.9584530072583801,0.8748315199369904
turbine_2,2025-12-14T18:00:00Z,2025-12-15T09:00:00Z,15.0,0.9766666666666666,0.9589931957801257,0.9181205454843826
turbine_2,2025-12-14T18:00:00Z,2025-12-15T10:00:00Z,16.0,0.9716666666666668,0.9587737101475051,0.8827033098242103
turbine_2,2025-12-14T18:00:00Z,2025-12-15T11:00:00Z,17.0,0.9733333333333332,0.9580262271455205,0.8406277754430422
turbine_2,2025-12-14T18:00:00Z,2025-12-15T12:00:00Z,18.0,0.9716666666666668,0.9184820440643127,0.7873393311631621
turbine_2,2025-12-14T18:00:00Z,2025-12-15T13:00:00Z,19.0,0.9733333333333332,0.9084447177772091,0.7444763007548536
turbine_2,2025-12-14T18:00:00Z,2025-12-15T14:00:00Z,20.0,0.9783333333333334,0.8400616434287623,0.6782242071595003
turbine_2,2025-12-14T18:00:00Z,2025-12-15T15:00:00Z,21.0,0.97,0.7139407208314651,0.5793965519748607
turbine_2,2025-12-14T18:00:00Z,2025-12-15T16:00:00Z,22.0,0.4833333333333333,0.5728500969531037,0.49495038462593505
turbine_2,2025-12-14T18:00:00Z,2025-12-15T17:00:00Z,23.0,0.0416666666666666,0.278476217816137,0.2793423356405206
turbine_2,2025-12-14T18:00:00Z,2025-12-15T18:00:00Z,24.0,0.0249999999999999,0.11391646351019315,0.13029804200532302
turbine_2,2025-12-14T18:00:00Z,2025-12-15T19:00:00Z,25.0,0.01,0.040821275149743264,0.09346850736356244
turbine_2,2025-12-14T18:00:00Z,2025-12-15T20:00:00Z,26.0,0.01,0.017146302197120822,0.07022292537870883
turbine_2,2025-12-14T18:00:00Z,2025-12-15T21:00:00Z,27.0,0.0083333333333333,0.028349996614503437,0.06663926321298247
turbine_2,2025-12-14T18:00:00Z,2025-12-15T22:00:00Z,28.0,0.0566666666666666,0.038304734913395005,0.10465482529711734
turbine_2,2025-12-14T18:00:00Z,2025-12-15T23:00:00Z,29.0,0.05,0.05955853774683194,0.2528782551269434
turbine_2,2025-12-14T18:00:00Z,2025-12-16T00:00:00Z,30.0,0.31,0.10392741837651301,0.3303142583329701
turbine_2,2025-12-14T18:00:00Z,2025-12-16T01:00:00Z,31.0,0.4066666666666667,0.20640730339868937,0.3739128670036467
turbine_2,2025-12-14T18:00:00Z,2025-12-16T02:00:00Z,32.0,0.6733333333333333,0.3210742114907137,0.4555693174770558
turbine_2,2025-12-14T18:00:00Z,2025-12-16T03:00:00Z,33.0,0.9683333333333332,0.35542803484486585,0.4898445208137247
turbine_2,2025-12-14T18:00:00Z,2025-12-16T04:00:00Z,34.0,0.97,0.3392404674736883,0.5476154755085555
turbine_2,2025-12-14T18:00:00Z,2025-12-16T05:00:00Z,35.0,0.9266666666666666,0.5631686355710601,0.5912895503204654
turbine_2,2025-12-14T18:00:00Z,2025-12-16T06:00:00Z,36.0,0.9716666666666668,0.6219483858841819,0.6437838452888625
turbine_2,2025-12-14T18:00:00Z,2025-12-16T07:00:00Z,37.0,0.965,0.6465496373006678,0.6522603401685099
turbine_2,2025-12-14T18:00:00Z,2025-12-16T08:00:00Z,38.0,0.945,0.6721954219234434,0.7007287626964612
turbine_2,2025-12-14T18:00:00Z,2025-12-16T09:00:00Z,39.0,0.9566666666666668,0.7017483506755663,0.7348047778752003
turbine_2,2025-12-14T18:00:00Z,2025-12-16T10:00:00Z,40.0,0.9016666666666668,0.691661680473003,0.7332540872481232
turbine_2,2025-12-14T18:00:00Z,2025-12-16T11:00:00Z,41.0,0.7583333333333333,0.5632553798868198,0.7142818081509882
turbine_2,2025-12-14T18:00:00Z,2025-12-16T12:00:00Z,42.0,0.4666666666666666,0.4250420039960396,0.5788594522261731
turbine_2,2025-12-14T18:00:00Z,2025-12-16T13:00:00Z,43.0,0.0616666666666666,0.2700979013049203,0.536692336108815
turbine_2,2025-12-14T18:00:00Z,2025-12-16T14:00:00Z,44.0,0.0116666666666666,0.29831279606526295,0.5433780188356611
turbine_2,2025-12-14T18:00:00Z,2025-12-16T15:00:00Z,45.0,0.015,0.2661847563629102,0.5141717660948524
turbine_2,2025-12-14T18:00:00Z,2025-12-16T16:00:00Z,46.0,0.0833333333333333,0.47734114689203816,0.6634175104608884
turbine_2,2025-12-14T18:00:00Z,2025-12-16T17:00:00Z,47.0,0.0083333333333333,0.5495391789025419,0.6367428319335352
turbine_2,2025-12-14T18:00:00Z,2025-12-16T18:00:00Z,48.0,0.0083333333333333,0.5887971754697205,0.5493856809967586
turbine_2,2025-12-15T18:00:00Z,2025-12-15T19:00:00Z,1.0,0.01,0.045964904561023534,0.09369531089478253
turbine_2,2025-12-15T18:00:00Z,2025-12-15T20:00:00Z,2.0,0.01,0.02358393825031249,0.06429346651872969
turbine_2,2025-12-15T18:00:00Z,2025-12-15T21:00:00Z,3.0,0.0083333333333333,0.024102259067387305,0.05321081075075834
turbine_2,2025-12-15T18:00:00Z,2025-12-15T22:00:00Z,4.0,0.0566666666666666,0.01046109089653774,0.050316827633622996
turbine_2,2025-12-15T18:00:00Z,2025-12-15T23:00:00Z,5.0,0.05,0.01957367018664205,0.055891779874026215
turbine_2,2025-12-15T18:00:00Z,2025-12-16T00:00:00Z,6.0,0.31,0.03862116546491923,0.1130646778016958
turbine_2,2025-12-15T18:00:00Z,2025-12-16T01:00:00Z,7.0,0.4066666666666667,0.09613042520611209,0.3276358561872279
turbine_2,2025-12-15T18:00:00Z,2025-12-16T02:00:00Z,8.0,0.6733333333333333,0.4207123747072927,0.5053551264922841
turbine_2,2025-12-15T18:00:00Z,2025-12-16T03:00:00Z,9.0,0.9683333333333332,0.5683285136329367,0.5564466272094211
turbine_2,2025-12-15T18:00:00Z,2025-12-16T04:00:00Z,10.0,0.97,0.7346635020764519,0.7071765188355017
turbine_2,2025-12-15T18:00:00Z,2025-12-16T05:00:00Z,11.0,0.9266666666666666,0.9045422388304267,0.8271502189822557
turbine_2,2025-12-15T18:00:00Z,2025-12-16T06:00:00Z,12.0,0.9716666666666668,0.95557624306378,0.8531096677735648
turbine_2,2025-12-15T18:00:00Z,2025-12-16T07:00:00Z,13.0,0.965,0.9612657623732486,0.8712169828355903
turbine_2,2025-12-15T18:00:00Z,2025-12-16T08:00:00Z,14.0,0.945,0.8794234717427061,0.7933208281996105
turbine_2,2025-12-15T18:00:00Z,2025-12-16T09:00:00Z,15.0,0.9566666666666668,0.7316395142251638,0.7802490294498805
turbine_2,2025-12-15T18:00:00Z,2025-12-16T10:00:00Z,16.0,0.9016666666666668,0.48924112516569673,0.665810437992468
turbine_2,2025-12-15T18:00:00Z,2025-12-16T11:00:00Z,17.0,0.7583333333333333,0.37307714100703937,0.5443018048656991
turbine_2,2025-12-15T18:00:00Z,2025-12-16T12:00:00Z,18.0,0.4666666666666666,0.24840858716206335,0.5132012732278743
turbine_2,2025-12-15T18:00:00Z,2025-12-16T13:00:00Z,19.0,0.0616666666666666,0.23936696192900736,0.47598393881487927
turbine_2,2025-12-15T18:00:00Z,2025-12-16T14:00:00Z,20.0,0.0116666666666666,0.1821120590119739,0.33743332407089366
turbine_2,2025-12-15T18:00:00Z,2025-12-16T15:00:00Z,21.0,0.015,0.23836583799889582,0.4786929380472738
turbine_2,2025-12-15T18:00:00Z,2025-12-16T16:00:00Z,22.0,0.0833333333333333,0.3022604820034813,0.5239505281991205
turbine_2,2025-12-15T18:00:00Z,2025-12-16T17:00:00Z,23.0,0.0083333333333333,0.5049216684648916,0.6327788276859254
turbine_2,2025-12-15T18:00:00Z,2025-12-16T18:00:00Z,24.0,0.0083333333333333,0.24451152295391435,0.4342972099510539
turbine_2,2025-12-15T18:00:00Z,2025-12-16T19:00:00Z,25.0,0.01,0.22879071563391104,0.44402873685740346
turbine_2,2025-12-15T18:00:00Z,2025-12-16T20:00:00Z,26.0,0.01,0.2761322882636903,0.43774263448881123
turbine_2,2025-12-15T18:00:00Z,2025-12-16T21:00:00Z,27.0,0.085,0.1647855537445293,0.3531269912132823
turbine_2,2025-12-15T18:00:00Z,2025-12-16T22:00:00Z,28.0,0.1616666666666666,0.08035983192420273,0.27759110722461733
turbine_2,2025-12-15T18:00:00Z,2025-12-16T23:00:00Z,29.0,0.0083333333333333,0.03812601657157491,0.08428826039810466
turbine_2,2025-12-15T18:00:00Z,2025-12-17T00:00:00Z,30.0,0.01,0.03028402503691166,0.05286423335525803
turbine_2,2025-12-15T18:00:00Z,2025-12-17T01:00:00Z,31.0,0.07,0.008393237122513997,0.056074412010275076
turbine_2,2025-12-15T18:00:00Z,2025-12-17T02:00:00Z,32.0,0.1083333333333333,0.02659294929787334,0.07273853512742517
turbine_2,2025-12-15T18:00:00Z,2025-12-17T03:00:00Z,33.0,0.1283333333333333,0.03424860581371794,0.05102664680067426
turbine_2,2025-12-15T18:00:00Z,2025-12-17T04:00:00Z,34.0,0.055,0.08832044038318833,0.08257233665337504
turbine_2,2025-12-15T18:00:00Z,2025-12-17T05:00:00Z,35.0,0.01,0.09115256858532501,0.09857725195404252
turbine_2,2025-12-15T18:00:00Z,2025-12-17T06:00:00Z,36.0,0.0083333333333333,0.3726924960082799,0.3535832946398405
turbine_2,2025-12-15T18:00:00Z,2025-12-17T07:00:00Z,37.0,0.01,0.7172671958857572,0.6596358605848085
turbine_2,2025-12-15T18:00:00Z,2025-12-17T08:00:00Z,38.0,0.01,0.7742191721886932,0.7069276295930975
turbine_2,2025-12-15T18:00:00Z,2025-12-17T09:00:00Z,39.0,0.01,0.9355685275078256,0.8797642139906264
turbine_2,2025-12-15T18:00:00Z,2025-12-17T10:00:00Z,40.0,0.01,0.9358012360119915,0.8163311476968647
turbine_2,2025-12-15T18:00:00Z,2025-12-17T11:00:00Z,41.0,0.01,0.9264409137025522,0.7913305849150016
turbine_2,2025-12-15T18:00:00Z,2025-12-17T12:00:00Z,42.0,0.0633333333333333,0.9227016254070929,0.7893721626212975
turbine_2,2025-12-15T18:00:00Z,2025-12-17T13:00:00Z,43.0,0.2516666666666666,0.9246014472006576,0.7699643557747142
turbine_2,2025-12-15T18:00:00Z,2025-12-17T14:00:00Z,44.0,0.2566666666666666,0.8307784074699552,0.6932952730577584
turbine_2,2025-12-15T18:00:00Z,2025-12-17T15:00:00Z,45.0,0.405,0.8263020460249234,0.6754412447805309
turbine_2,2025-12-15T18:00:00Z,2025-12-17T16:00:00Z,46.0,0.4283333333333333,0.7950542453723203,0.6261959023077539
turbine_2,2025-12-15T18:00:00Z,2025-12-17T17:00:00Z,47.0,0.5133333333333333,0.7583075400426252,0.5800121892143659
turbine_2,2025-12-15T18:00:00Z,2025-12-17T18:00:00Z,48.0,0.7116666666666666,0.6195524167532469,0.5328643481167378
turbine_2,2025-12-16T18:00:00Z,2025-12-16T19:00:00Z,1.0,0.01,0.25207909354743085,0.4092048370788529
turbine_2,2025-12-16T18:00:00Z,2025-12-16T20:00:00Z,2.0,0.01,0.16677070894233267,0.39102962838542676
turbine_2,2025-12-16T18:00:00Z,2025-12-16T21:00:00Z,3.0,0.085,0.15327825481061277,0.3730125811164889
turbine_2,2025-12-16T18:00:00Z,2025-12-16T22:00:00Z,4.0,0.1616666666666666,0.11461863855955214,0.3693319024312771
turbine_2,2025-12-16T18:00:00Z,2025-12-16T23:00:00Z,5.0,0.0083333333333333,0.058013456506035205,0.23353999977820444
turbine_2,2025-12-16T18:00:00Z,2025-12-17T00:00:00Z,6.0,0.01,0.03211787759609225,0.07206290234570578
turbine_2,2025-12-16T18:00:00Z,2025-12-17T01:00:00Z,7.0,0.07,0.03264576047680609,0.07444887724458066
turbine_2,2025-12-16T18:00:00Z,2025-12-17T02:00:00Z,8.0,0.1083333333333333,0.038602179580837837,0.08976603751627965
turbine_2,2025-12-16T18:00:00Z,2025-12-17T03:00:00Z,9.0,0.1283333333333333,0.020715073656143612,0.05870556230735913
turbine_2,2025-12-16T18:00:00Z,2025-12-17T04:00:00Z,10.0,0.055,0.03034260958748175,0.06194642764801245
turbine_2,2025-12-16T18:00:00Z,2025-12-17T05:00:00Z,11.0,0.01,0.07368506193217991,0.08666737427734089
turbine_2,2025-12-16T18:00:00Z,2025-12-17T06:00:00Z,12.0,0.0083333333333333,0.22853395052813597,0.2695080588773028
turbine_2,2025-12-16T18:00:00Z,2025-12-17T07:00:00Z,13.0,0.01,0.4075715674500525,0.39549323527613245
turbine_2,2025-12-16T18:00:00Z,2025-12-17T08:00:00Z,14.0,0.01,0.6321315381019427,0.5566852383457156
turbine_2,2025-12-16T18:00:00Z,2025-12-17T09:00:00Z,15.0,0.01,0.9126009041601932,0.8206612595024194
turbine_2,2025-12-16T18:00:00Z,2025-12-17T10:00:00Z,16.0,0.01,0.9598855532401421,0.9027976958578741
turbine_2,2025-12-16T18:00:00Z,2025-12-17T11:00:00Z,17.0,0.01,0.9434462596818719,0.8336134901461727
turbine_2,2025-12-16T18:00:00Z,2025-12-17T12:00:00Z,18.0,0.0633333333333333,0.9393847754125547,0.8154869485236073
turbine_2,2025-12-16T18:00:00Z,2025-12-17T13:00:00Z,19.0,0.2516666666666666,0.9389386268166533,0.7847184116163591
turbine_2,2025-12-16T18:00:00Z,2025-12-17T14:00:00Z,20.0,0.2566666666666666,0.9155719673105535,0.7455153252858542
turbine_2,2025-12-16T18:00:00Z,2025-12-17T15:00:00Z,21.0,0.405,0.9338621896700424,0.7424249011113269
turbine_2,2025-12-16T18:00:00Z,2025-12-17T16:00:00Z,22.0,0.4283333333333333,0.8373893404040768,0.6304893538360419
turbine_2,2025-12-16T18:00:00Z,2025-12-17T17:00:00Z,23.0,0.5133333333333333,0.7918625828672218,0.5855397617581121
turbine_2,2025-12-16T18:00:00Z,2025-12-17T18:00:00Z,24.0,0.7116666666666666,0.6276495905898459,0.5154907965696648
turbine_2,2025-12-16T18:00:00Z,2025-12-17T19:00:00Z,25.0,0.835,0.426241612263505,0.35033571211470416
turbine_2,2025-12-16T18:00:00Z,2025-12-17T20:00:00Z,26.0,0.6533333333333333,0.25402563295658764,0.21499458315947922
turbine_2,2025-12-16T18:00:00Z,2025-12-17T21:00:00Z,27.0,0.5883333333333334,0.13147815068978927,0.11654919291387603
turbine_2,2025-12-16T18:00:00Z,2025-12-17T22:00:00Z,28.0,0.38,0.08459454618293193,0.0771455593757846
turbine_2,2025-12-16T18:00:00Z,2025-12-17T23:00:00Z,29.0,0.4533333333333333,0.0908878361872455,0.0758936853972001
turbine_2,2025-12-16T18:00:00Z,2025-12-18T00:00:00Z,30.0,0.61,0.08122884504502856,0.07110965113406892
turbine_2,2025-12-16T18:00:00Z,2025-12-18T01:00:00Z,31.0,0.4633333333333334,0.04932054641379929,0.06628949041493748
turbine_2,2025-12-16T18:00:00Z,2025-12-18T02:00:00Z,32.0,0.2133333333333333,0.08847348861138021,0.07303315280409728
turbine_2,2025-12-16T18:00:00Z,2025-12-18T03:00:00Z,33.0,0.18,0.06306138951855997,0.06463920674257506
turbine_2,2025-12-16T18:00:00Z,2025-12-18T04:00:00Z,34.0,0.1733333333333333,0.07187705027445558,0.07389878144100398
turbine_2,2025-12-16T18:00:00Z,2025-12-18T05:00:00Z,35.0,0.1816666666666666,0.06084058020622475,0.07462140076525647
turbine_2,2025-12-16T18:00:00Z,2025-12-18T06:00:00Z,36.0,0.145,0.043988789822181185,0.0835285933786703
turbine_2,2025-12-16T18:00:00Z,2025-12-18T07:00:00Z,37.0,0.27,0.03682552728998406,0.09810631179560148
turbine_2,2025-12-16T18:00:00Z,2025-12-18T08:00:00Z,38.0,0.695,0.08229148330941291,0.1352074186439164
turbine_2,2025-12-16T18:00:00Z,2025-12-18T09:00:00Z,39.0,0.68,0.256607147221095,0.2810301265962161
turbine_2,2025-12-16T18:00:00Z,2025-12-18T10:00:00Z,40.0,0.8833333333333333,0.47366619727137493,0.43068784184383624
turbine_2,2025-12-16T18:00:00Z,2025-12-18T11:00:00Z,41.0,0.8966666666666666,0.535652434329586,0.4857103116096742
turbine_2,2025-12-16T18:00:00Z,2025-12-18T12:00:00Z,42.0,0.9333333333333332,0.8685719837027625,0.7507061583679264
turbine_2,2025-12-16T18:00:00Z,2025-12-18T13:00:00Z,43.0,0.945,0.9183388780710033,0.7578423097676548
turbine_2,2025-12-16T18:00:00Z,2025-12-18T14:00:00Z,44.0,0.975,0.9321717990668489,0.7808961365897399
turbine_2,2025-12-16T18:00:00Z,2025-12-18T15:00:00Z,45.0,0.9683333333333332,0.912934412147013,0.7417596938972209
turbine_2,2025-12-16T18:00:00Z,2025-12-18T16:00:00Z,46.0,0.9766666666666666,0.8589405919212852,0.6988628072259213
turbine_2,2025-12-16T18:00:00Z,2025-12-18T17:00:00Z,47.0,0.9333333333333332,0.883346950186139,0.7208207075528381
turbine_2,2025-12-16T18:00:00Z,2025-12-18T18:00:00Z,48.0,0.9633333333333334,0.7834921773476765,0.658115590803229
turbine_2,2025-12-17T18:00:00Z,2025-12-17T19:00:00Z,1.0,0.835,0.6030058690938118,0.527045654218159
turbine_2,2025-12-17T18:00:00Z,2025-12-17T20:00:00Z,2.0,0.6533333333333333,0.5062369494854979,0.44589030361074744
turbine_2,2025-12-17T18:00:00Z,2025-12-17T21:00:00Z,3.0,0.5883333333333334,0.3180326444089744,0.26997857003012043
turbine_2,2025-12-17T18:00:00Z,2025-12-17T22:00:00Z,4.0,0.38,0.15585751837619682,0.1543775935994735
turbine_2,2025-12-17T18:00:00Z,2025-12-17T23:00:00Z,5.0,0.4533333333333333,0.11065003532990945,0.10113497901405472
turbine_2,2025-12-17T18:00:00Z,2025-12-18T00:00:00Z,6.0,0.61,0.12292382255632613,0.10279793793436012
turbine_2,2025-12-17T18:00:00Z,2025-12-18T01:00:00Z,7.0,0.4633333333333334,0.11098171363455085,0.08824631208449046
turbine_2,2025-12-17T18:00:00Z,2025-12-18T02:00:00Z,8.0,0.2133333333333333,0.10973899658650606,0.08621176528274316
turbine_2,2025-12-17T18:00:00Z,2025-12-18T03:00:00Z,9.0,0.18,0.11102479373039446,0.08713780674756977
turbine_2,2025-12-17T18:00:00Z,2025-12-18T04:00:00Z,10.0,0.1733333333333333,0.09018824749711227,0.08490307388307272
turbine_2,2025-12-17T18:00:00Z,2025-12-18T05:00:00Z,11.0,0.1816666666666666,0.053794890439481574,0.07514145059146538
turbine_2,2025-12-17T18:00:00Z,2025-12-18T06:00:00Z,12.0,0.145,0.04729582437745672,0.08788040039053857
turbine_2,2025-12-17T18:00:00Z,2025-12-18T07:00:00Z,13.0,0.27,0.13091427755195578,0.15602335661489006
turbine_2,2025-12-17T18:00:00Z,2025-12-18T08:00:00Z,14.0,0.695,0.3179435986641313,0.3212476092165868
turbine_2,2025-12-17T18:00:00Z,2025-12-18T09:00:00Z,15.0,0.68,0.5940440450516582,0.46449645365181524
turbine_2,2025-12-17T18:00:00Z,2025-12-18T10:00:00Z,16.0,0.8833333333333333,0.7710526753703535,0.6030220742706125
turbine_2,2025-12-17T18:00:00Z,2025-12-18T11:00:00Z,17.0,0.8966666666666666,0.9036805194504919,0.7607168837330069
turbine_2,2025-12-17T18:00:00Z,2025-12-18T12:00:00Z,18.0,0.9333333333333332,0.913573049929756,0.7738102288080104
turbine_2,2025-12-17T18:00:00Z,2025-12-18T13:00:00Z,19.0,0.945,0.9172901457043298,0.7578056727442222
turbine_2,2025-12-17T18:00:00Z,2025-12-18T14:00:00Z,20.0,0.975,0.9357490216206151,0.7895869908387543
turbine_2,2025-12-17T18:00:00Z,2025-12-18T15:00:00Z,21.0,0.9683333333333332,0.9557638419804831,0.7875114799103949
turbine_2,2025-12-17T18:00:00Z,2025-12-18T16:00:00Z,22.0,0.9766666666666666,0.9570308487947506,0.7969229208134558
turbine_2,2025-12-17T18:00:00Z,2025-12-18T17:00:00Z,23.0,0.9333333333333332,0.9573696522177799,0.8044847146747287
turbine_2,2025-12-17T18:00:00Z,2025-12-18T18:00:00Z,24.0,0.9633333333333334,0.9387785472600785,0.7914172293658861
turbine_2,2025-12-17T18:00:00Z,2025-12-18T19:00:00Z,25.0,0.7583333333333333,0.9344939904273992,0.7978120122418224
turbine_2,2025-12-17T18:00:00Z,2025-12-18T20:00:00Z,26.0,0.975,0.9436631870062664,0.8194276544509924
turbine_2,2025-12-17T18:00:00Z,2025-12-18T21:00:00Z,27.0,0.98,0.9312565306229565,0.7950331154607593
turbine_2,2025-12-17T18:00:00Z,2025-12-18T22:00:00Z,28.0,0.9533333333333333,0.7765180541120954,0.6270234307405809
turbine_2,2025-12-17T18:00:00Z,2025-12-18T23:00:00Z,29.0,0.9133333333333332,0.6753457907563971,0.5788399501006122
turbine_2,2025-12-17T18:00:00Z,2025-12-19T00:00:00Z,30.0,0.615,0.49328081555148257,0.42377877790602225
turbine_2,2025-12-17T18:00:00Z,2025-12-19T01:00:00Z,31.0,0.1566666666666666,0.21337293073708907,0.1921169921485535
turbine_2,2025-12-17T18:00:00Z,2025-12-19T02:00:00Z,32.0,0.0083333333333333,0.1667444933632507,0.15382019980287048
turbine_2,2025-12-17T18:00:00Z,2025-12-19T03:00:00Z,33.0,0.0116666666666666,0.07834844232441476,0.06793621013181772
turbine_2,2025-12-17T18:00:00Z,2025-12-19T04:00:00Z,34.0,0.0266666666666666,0.012241719784232191,0.051161646685077444
turbine_2,2025-12-17T18:00:00Z,2025-12-19T05:00:00Z,35.0,0.01,0.011585939193168443,0.06614356163893437
turbine_2,2025-12-17T18:00:00Z,2025-12-19T06:00:00Z,36.0,0.0999999999999999,0.015284551037432315,0.09207432662290291
turbine_2,2025-12-17T18:00:00Z,2025-12-19T07:00:00Z,37.0,0.2683333333333333,0.038419770908185435,0.1159689765661108
turbine_2,2025-12-17T18:00:00Z,2025-12-19T08:00:00Z,38.0,0.51,0.07214673403743517,0.18625958451477584
turbine_2,2025-12-17T18:00:00Z,2025-12-19T09:00:00Z,39.0,0.7616666666666667,0.11599561388961101,0.28367493070545957
turbine_2,2025-12-17T18:00:00Z,2025-12-19T10:00:00Z,40.0,0.8983333333333333,0.22450317814476006,0.4848105219510246
turbine_2,2025-12-17T18:00:00Z,2025-12-19T11:00:00Z,41.0,0.9666666666666668,0.5131252003371755,0.8019984317721168
turbine_2,2025-12-17T18:00:00Z,2025-12-19T12:00:00Z,42.0,0.975,0.6695995616123489,0.8014219308762492
turbine_2,2025-12-17T18:00:00Z,2025-12-19T13:00:00Z,43.0,0.9783333333333334,0.5908538694845631,0.8201307930130539
turbine_2,2025-12-17T18:00:00Z,2025-12-19T14:00:00Z,44.0,0.98,0.7971103730266135,0.8060190011385601
turbine_2,2025-12-17T18:00:00Z,2025-12-19T15:00:00Z,45.0,0.975,0.928212081470335,0.8742941635525063
turbine_2,2025-12-17T18:00:00Z,2025-12-19T16:00:00Z,46.0,0.895,0.9376249461596831,0.8586053585300621
turbine_2,2025-12-17T18:00:00Z,2025-12-19T17:00:00Z,47.0,0.9716666666666668,0.9366564186307632,0.8446159207785707
turbine_2,2025-12-17T18:00:00Z,2025-12-19T18:00:00Z,48.0,0.9733333333333332,0.9232940065796531,0.8015098166903779
turbine_2,2025-12-18T18:00:00Z,2025-12-18T19:00:00Z,1.0,0.7583333333333333,0.7938902123064212,0.6383155035097228
turbine_2,2025-12-18T18:00:00Z,2025-12-18T20:00:00Z,2.0,0.975,0.7347207469958766,0.6087947685097913
turbine_2,2025-12-18T18:00:00Z,2025-12-18T21:00:00Z,3.0,0.98,0.6795971502519843,0.5842532334944341
turbine_2,2025-12-18T18:00:00Z,2025-12-18T22:00:00Z,4.0,0.9533333333333333,0.5748517865742016,0.5501100571219867
turbine_2,2025-12-18T18:00:00Z,2025-12-18T23:00:00Z,5.0,0.9133333333333332,0.5410458690067264,0.47676992559634745
turbine_2,2025-12-18T18:00:00Z,2025-12-19T00:00:00Z,6.0,0.615,0.3874987733533547,0.32851297445177724
turbine_2,2025-12-18T18:00:00Z,2025-12-19T01:00:00Z,7.0,0.1566666666666666,0.14348611518384763,0.13908428857679975
turbine_2,2025-12-18T18:00:00Z,2025-12-19T02:00:00Z,8.0,0.0083333333333333,0.0759292825814517,0.0780870171196279
turbine_2,2025-12-18T18:00:00Z,2025-12-19T03:00:00Z,9.0,0.0116666666666666,0.017873149139453898,0.05061313991209604
turbine_2,2025-12-18T18:00:00Z,2025-12-19T04:00:00Z,10.0,0.0266666666666666,0.010340581339178645,0.05990246253649595
turbine_2,2025-12-18T18:00:00Z,2025-12-19T05:00:00Z,11.0,0.01,0.027621531248879866,0.06757361263941947
turbine_2,2025-12-18T18:00:00Z,2025-12-19T06:00:00Z,12.0,0.0999999999999999,0.0810892219767413,0.23652520086267587
turbine_2,2025-12-18T18:00:00Z,2025-12-19T07:00:00Z,13.0,0.2683333333333333,0.5137617592049019,0.6446425739937575
turbine_2,2025-12-18T18:00:00Z,2025-12-19T08:00:00Z,14.0,0.51,0.866262823768757,0.8524009650065147
turbine_2,2025-12-18T18:00:00Z,2025-12-19T09:00:00Z,15.0,0.7616666666666667,0.9042512620470209,0.856513237502181
turbine_2,2025-12-18T18:00:00Z,2025-12-19T10:00:00Z,16.0,0.8983333333333333,0.8265896356979414,0.8675216484763255
turbine_2,2025-12-18T18:00:00Z,2025-12-19T11:00:00Z,17.0,0.9666666666666668,0.8361732658810365,0.8353218147376812
turbine_2,2025-12-18T18:00:00Z,2025-12-19T12:00:00Z,18.0,0.975,0.8102688621300468,0.8191126661771511
turbine_2,2025-12-18T18:00:00Z,2025-12-19T13:00:00Z,19.0,0.9783333333333334,0.8448976961737333,0.8183496761226177
turbine_2,2025-12-18T18:00:00Z,2025-12-19T14:00:00Z,20.0,0.98,0.8489184201204345,0.7811054565291458
turbine_2,2025-12-18T18:00:00Z,2025-12-19T15:00:00Z,21.0,0.975,0.8998300287517716,0.837253805511337
turbine_2,2025-12-18T18:00:00Z,2025-12-19T16:00:00Z,22.0,0.895,0.9048918641571785,0.8296997788072835
turbine_2,2025-12-18T18:00:00Z,2025-12-19T17:00:00Z,23.0,0.9716666666666668,0.927952072746245,0.8314908149696163
turbine_2,2025-12-18T18:00:00Z,2025-12-19T18:00:00Z,24.0,0.9733333333333332,0.8878920769404376,0.7607305193964403
turbine_2,2025-12-18T18:00:00Z,2025-12-19T19:00:00Z,25.0,0.9783333333333334,0.8497255427159628,0.7236468462577699
turbine_2,2025-12-18T18:00:00Z,2025-12-19T20:00:00Z,26.0,0.9566666666666668,0.8508812615587961,0.7465682298411045
turbine_2,2025-12-18T18:00:00Z,2025-12-19T21:00:00Z,27.0,0.9666666666666668,0.8295519217746444,0.7684033314325391
turbine_2,2025-12-18T18:00:00Z,2025-12-19T22:00:00Z,28.0,0.9716666666666668,0.6681647322844415,0.5857577894951376
turbine_2,2025-12-18T18:00:00Z,2025-12-19T23:00:00Z,29.0,0.8416666666666667,0.5119493670073543,0.5454897497270409
turbine_2,2025-12-18T18:00:00Z,2025-12-20T00:00:00Z,30.0,0.535,0.3840862668750922,0.48457459151644816
turbine_2,2025-12-18T18:00:00Z,2025-12-20T01:00:00Z,31.0,0.1116666666666666,0.3808141509222236,0.49204539304560596
turbine_2,2025-12-18T18:00:00Z,2025-12-20T02:00:00Z,32.0,0.0866666666666666,0.40860684594225394,0.5316198403325936
turbine_2,2025-12-18T18:00:00Z,2025-12-20T03:00:00Z,33.0,0.1849999999999999,0.4169038204999401,0.5017454173338223
turbine_2,2025-12-18T18:00:00Z,2025-12-20T04:00:00Z,34.0,0.125,0.2586256467201502,0.39310811957920777
turbine_2,2025-12-18T18:00:00Z,2025-12-20T05:00:00Z,35.0,0.13,0.2323291237202746,0.3933620475631147
turbine_2,2025-12-18T18:00:00Z,2025-12-20T06:00:00Z,36.0,0.1666666666666666,0.23062852723013585,0.4148316231634759
turbine_2,2025-12-18T18:00:00Z,2025-12-20T07:00:00Z,37.0,0.2866666666666667,0.20123043828564724,0.3726122510095042
turbine_2,2025-12-18T18:00:00Z,2025-12-20T08:00:00Z,38.0,0.395,0.2050693247434776,0.36717518418034206
turbine_2,2025-12-18T18:00:00Z,2025-12-20T09:00:00Z,39.0,0.295,0.11798589697869043,0.24860174388263784
turbine_2,2025-12-18T18:00:00Z,2025-12-20T10:00:00Z,40.0,0.2666666666666666,0.06309881262712351,0.16092670025996986
turbine_2,2025-12-18T18:00:00Z,2025-12-20T11:00:00Z,41.0,0.09,0.04434699637927372,0.169573261517329
turbine_2,2025-12-18T18:00:00Z,2025-12-20T12:00:00Z,42.0,0.01,0.037700488662681136,0.17438345159621826
turbine_2,2025-12-18T18:00:00Z,2025-12-20T13:00:00Z,43.0,0.0083333333333333,0.045349865456576155,0.1527145171091974
turbine_2,2025-12-18T18:00:00Z,2025-12-20T14:00:00Z,44.0,0.01,0.04355888440608319,0.13413126214565071
turbine_2,2025-12-18T18:00:00Z,2025-12-20T15:00:00Z,45.0,0.01,0.061006676339551466,0.12865777793799918
turbine_2,2025-12-18T18:00:00Z,2025-12-20T16:00:00Z,46.0,0.01,0.08167985988294571,0.13625681723469044
turbine_2,2025-12-18T18:00:00Z,2025-12-20T17:00:00Z,47.0,0.0083333333333333,0.10683408801536654,0.14224486222583868
turbine_2,2025-12-18T18:00:00Z,2025-12-20T18:00:00Z,48.0,0.06,0.10282696122129653,0.11500192550367513
turbine_2,2025-12-19T18:00:00Z,2025-12-19T19:00:00Z,1.0,0.9783333333333334,0.8958295108156025,0.8173484287498365
turbine_2,2025-12-19T18:00:00Z,2025-12-19T20:00:00Z,2.0,0.9566666666666668,0.888071467657149,0.8051486289704268
turbine_2,2025-12-19T18:00:00Z,2025-12-19T21:00:00Z,3.0,0.9666666666666668,0.8598111285236113,0.7904115594007666
turbine_2,2025-12-19T18:00:00Z,2025-12-19T22:00:00Z,4.0,0.9716666666666668,0.8098197801844956,0.7526222717672266
turbine_2,2025-12-19T18:00:00Z,2025-12-19T23:00:00Z,5.0,0.8416666666666667,0.6424400475762997,0.592580043880399
turbine_2,2025-12-19T18:00:00Z,2025-12-20T00:00:00Z,6.0,0.535,0.454062301671299,0.5524733441041365
turbine_2,2025-12-19T18:00:00Z,2025-12-20T01:00:00Z,7.0,0.1116666666666666,0.3501409200075424,0.46906477657128737
turbine_2,2025-12-19T18:00:00Z,2025-12-20T02:00:00Z,8.0,0.0866666666666666,0.36153105705806876,0.4858080646171092
turbine_2,2025-12-19T18:00:00Z,2025-12-20T03:00:00Z,9.0,0.1849999999999999,0.30332078468689183,0.4822684382054636
turbine_2,2025-12-19T18:00:00Z,2025-12-20T04:00:00Z,10.0,0.125,0.3424235742492221,0.5438449286446723
turbine_2,2025-12-19T18:00:00Z,2025-12-20T05:00:00Z,11.0,0.13,0.5859628023268534,0.6288695602405876
turbine_2,2025-12-19T18:00:00Z,2025-12-20T06:00:00Z,12.0,0.1666666666666666,0.8704989159650942,0.8103792387111521
turbine_2,2025-12-19T18:00:00Z,2025-12-20T07:00:00Z,13.0,0.2866666666666667,0.9542637831553544,0.8655664750669472
turbine_2,2025-12-19T18:00:00Z,2025-12-20T08:00:00Z,14.0,0.395,0.7687571586654367,0.7232326587495854
turbine_2,2025-12-19T18:00:00Z,2025-12-20T09:00:00Z,15.0,0.295,0.6790695213698611,0.6850656519586004
turbine_2,2025-12-19T18:00:00Z,2025-12-20T10:00:00Z,16.0,0.2666666666666666,0.35624603214283096,0.5259270451635836
turbine_2,2025-12-19T18:00:00Z,2025-12-20T11:00:00Z,17.0,0.09,0.17370976465775237,0.34006137989870344
turbine_2,2025-12-19T18:00:00Z,2025-12-20T12:00:00Z,18.0,0.01,0.07663421858755595,0.1946842795810154
turbine_2,2025-12-19T18:00:00Z,2025-12-20T13:00:00Z,19.0,0.0083333333333333,0.060117708620181454,0.1742941991127357
turbine_2,2025-12-19T18:00:00Z,2025-12-20T14:00:00Z,20.0,0.01,0.03538662095701939,0.14083582514412107
turbine_2,2025-12-19T18:00:00Z,2025-12-20T15:00:00Z,21.0,0.01,0.05365706655910599,0.1332279094709531
turbine_2,2025-12-19T18:00:00Z,2025-12-20T16:00:00Z,22.0,0.01,0.10603667385246376,0.17468904525285883
turbine_2,2025-12-19T18:00:00Z,2025-12-20T17:00:00Z,23.0,0.0083333333333333,0.158627289822034,0.18990339727230507
turbine_2,2025-12-19T18:00:00Z,2025-12-20T18:00:00Z,24.0,0.06,0.23581279701986863,0.23188684362949166
turbine_2,2025-12-19T18:00:00Z,2025-12-20T19:00:00Z,25.0,0.03,0.32152263075440457,0.28147633557414165
turbine_2,2025-12-19T18:00:00Z,2025-12-20T20:00:00Z,26.0,0.0833333333333333,0.32732609404145574,0.2693816525643062
turbine_2,2025-12-19T18:00:00Z,2025-12-20T21:00:00Z,27.0,0.3033333333333333,0.5258376859876945,0.4490807352039358
turbine_2,2025-12-19T18:00:00Z,2025-12-20T22:00:00Z,28.0,0.23,0.5717072935209424,0.5554100400759241
turbine_2,2025-12-19T18:00:00Z,2025-12-20T23:00:00Z,29.0,0.7383333333333333,0.6468166623181011,0.5870573065846892
turbine_2,2025-12-19T18:00:00Z,2025-12-21T00:00:00Z,30.0,0.98,0.6967980631773661,0.5832258381466483
turbine_2,2025-12-19T18:00:00Z,2025-12-21T01:00:00Z,31.0,0.8416666666666667,0.7516019037739313,0.6258447038523203
turbine_2,2025-12-19T18:00:00Z,2025-12-21T02:00:00Z,32.0,0.32,0.7460585520057004,0.6158737991707466
turbine_2,2025-12-19T18:00:00Z,2025-12-21T03:00:00Z,33.0,0.31,0.7059631078037181,0.5694005350955114
turbine_2,2025-12-19T18:00:00Z,2025-12-21T04:00:00Z,34.0,0.3266666666666666,0.762715497742557,0.6499858408957137
turbine_2,2025-12-19T18:00:00Z,2025-12-21T05:00:00Z,35.0,0.3783333333333333,0.8045630090951188,0.6639293970822675
turbine_2,2025-12-19T18:00:00Z,2025-12-21T06:00:00Z,36.0,0.3883333333333333,0.8463718219859638,0.7054126389278244
turbine_2,2025-12-19T18:00:00Z,2025-12-21T07:00:00Z,37.0,0.3233333333333333,0.9345454240095592,0.8495873066125836
turbine_2,2025-12-19T18:00:00Z,2025-12-21T08:00:00Z,38.0,0.35,0.9465397846687471,0.8569220807077264
turbine_2,2025-12-19T18:00:00Z,2025-12-21T09:00:00Z,39.0,0.3116666666666667,0.9564529000896937,0.8486238570874626
turbine_2,2025-12-19T18:00:00Z,2025-12-21T10:00:00Z,40.0,0.5216666666666666,0.855067294943358,0.7363569162256576
turbine_2,2025-12-19T18:00:00Z,2025-12-21T11:00:00Z,41.0,0.3999999999999999,0.80598826952508,0.6676162422070584
turbine_2,2025-12-19T18:00:00Z,2025-12-21T12:00:00Z,42.0,0.4683333333333333,0.754042919252615,0.6295785801106469
turbine_2,2025-12-19T18:00:00Z,2025-12-21T13:00:00Z,43.0,0.58,0.7420375428749263,0.6066247572385047
turbine_2,2025-12-19T18:00:00Z,2025-12-21T14:00:00Z,44.0,0.7666666666666666,0.6920381961627976,0.5770802253677407
turbine_2,2025-12-19T18:00:00Z,2025-12-21T15:00:00Z,45.0,0.6833333333333332,0.5961140411004662,0.49738793282897675
turbine_2,2025-12-19T18:00:00Z,2025-12-21T16:00:00Z,46.0,0.62,0.5469109844798004,0.4784420280225431
turbine_2,2025-12-19T18:00:00Z,2025-12-21T17:00:00Z,47.0,0.5083333333333333,0.4819355397730782,0.4102743992622539
turbine_2,2025-12-19T18:00:00Z,2025-12-21T18:00:00Z,48.0,0.58,0.272037045063212,0.2520896321758576
turbine_2,2025-12-20T18:00:00Z,2025-12-20T19:00:00Z,1.0,0.03,0.17601298489059186,0.20120106548257866
turbine_2,2025-12-20T18:00:00Z,2025-12-20T20:00:00Z,2.0,0.0833333333333333,0.1498653105990922,0.15374209653116344
turbine_2,2025-12-20T18:00:00Z,2025-12-20T21:00:00Z,3.0,0.3033333333333333,0.2663504103857626,0.22660591519533665
turbine_2,2025-12-20T18:00:00Z,2025-12-20T22:00:00Z,4.0,0.23,0.36000020393004317,0.3661663448790287
turbine_2,2025-12-20T18:00:00Z,2025-12-20T23:00:00Z,5.0,0.7383333333333333,0.6159322759165706,0.5893963733182503
turbine_2,2025-12-20T18:00:00Z,2025-12-21T00:00:00Z,6.0,0.98,0.8367810151648795,0.7178386741170992
turbine_2,2025-12-20T18:00:00Z,2025-12-21T01:00:00Z,7.0,0.8416666666666667,0.8920754281130341,0.8000507070878033
turbine_2,2025-12-20T18:00:00Z,2025-12-21T02:00:00Z,8.0,0.32,0.9192412837057596,0.8080880593807647
turbine_2,2025-12-20T18:00:00Z,2025-12-21T03:00:00Z,9.0,0.31,0.8184367891337734,0.7212545555048928
turbine_2,2025-12-20T18:00:00Z,2025-12-21T04:00:00Z,10.0,0.3266666666666666,0.9665295198314103,0.8718467553420095
turbine_2,2025-12-20T18:00:00Z,2025-12-21T05:00:00Z,11.0,0.3783333333333333,0.9633063725401204,0.872612012957895
turbine_2,2025-12-20T18:00:00Z,2025-12-21T06:00:00Z,12.0,0.3883333333333333,0.9432183931005607,0.8279915579378745
turbine_2,2025-12-20T18:00:00Z,2025-12-21T07:00:00Z,13.0,0.3233333333333333,0.9521611145755542,0.816468954174803
turbine_2,2025-12-20T18:00:00Z,2025-12-21T08:00:00Z,14.0,0.35,0.9570825661392617,0.8240758922472458
turbine_2,2025-12-20T18:00:00Z,2025-12-21T09:00:00Z,15.0,0.3116666666666667,0.858128822800202,0.6974428277192637
turbine_2,2025-12-20T18:00:00Z,2025-12-21T10:00:00Z,16.0,0.5216666666666666,0.741994142497244,0.6079097987219516
turbine_2,2025-12-20T18:00:00Z,2025-12-21T11:00:00Z,17.0,0.3999999999999999,0.6794172557057598,0.555922696257616
turbine_2,2025-12-20T18:00:00Z,2025-12-21T12:00:00Z,18.0,0.4683333333333333,0.6988658055579324,0.5820632248672318
turbine_2,2025-12-20T18:00:00Z,2025-12-21T13:00:00Z,19.0,0.58,0.6944011275838772,0.5726517278551636
turbine_2,2025-12-20T18:00:00Z,2025-12-21T14:00:00Z,20.0,0.7666666666666666,0.6319883174108937,0.5611507243812214
turbine_2,2025-12-20T18:00:00Z,2025-12-21T15:00:00Z,21.0,0.6833333333333332,0.5725596310117794,0.49766955818408715
turbine_2,2025-12-20T18:00:00Z,2025-12-21T16:00:00Z,22.0,0.62,0.5055356405479564,0.4714771889625216
turbine_2,2025-12-20T18:00:00Z,2025-12-21T17:00:00Z,23.0,0.5083333333333333,0.4489453022121691,0.39221402486156054
turbine_2,2025-12-20T18:00:00Z,2025-12-21T18:00:00Z,24.0,0.58,0.35515758122589636,0.3001830236108376
turbine_2,2025-12-20T18:00:00Z,2025-12-21T19:00:00Z,25.0,0.64,0.27844178256506036,0.2716497238226375
turbine_2,2025-12-20T18:00:00Z,2025-12-21T20:00:00Z,26.0,0.4666666666666667,0.20808223595467076,0.18585986105200525
turbine_2,2025-12-20T18:00:00Z,2025-12-21T21:00:00Z,27.0,0.1716666666666666,0.11255712614866427,0.10829964433969091
turbine_2,2025-12-20T18:00:00Z,2025-12-21T22:00:00Z,28.0,0.01,0.03712266130313602,0.04850659781959016
turbine_2,2025-12-20T18:00:00Z,2025-12-21T23:00:00Z,29.0,0.0116666666666666,0.013492410263306887,0.040913429230827414
turbine_2,2025-12-20T18:00:00Z,2025-12-22T00:00:00Z,30.0,0.0866666666666666,0.01738550114079268,0.05521474063145576
turbine_2,2025-12-20T18:00:00Z,2025-12-22T01:00:00Z,31.0,0.17,0.03483213693039952,0.11507140063664367
turbine_2,2025-12-20T18:00:00Z,2025-12-22T02:00:00Z,32.0,0.125,0.09508084593178408,0.3144932058555689
turbine_2,2025-12-20T18:00:00Z,2025-12-22T03:00:00Z,33.0,0.145,0.2797061249599897,0.4512280046665424
turbine_2,2025-12-20T18:00:00Z,2025-12-22T04:00:00Z,34.0,0.5333333333333333,0.5987323715786275,0.5866208614163148
turbine_2,2025-12-20T18:00:00Z,2025-12-22T05:00:00Z,35.0,0.96,0.8824773104605614,0.8142603454988575
turbine_2,2025-12-20T18:00:00Z,2025-12-22T06:00:00Z,36.0,0.97,0.9615225700950356,0.9005709334589462
turbine_2,2025-12-20T18:00:00Z,2025-12-22T07:00:00Z,37.0,0.9783333333333334,0.9656627446154639,0.9114429967238844
turbine_2,2025-12-20T18:00:00Z,2025-12-22T08:00:00Z,38.0,0.9716666666666668,0.9711538633425832,0.9220814972474115
turbine_2,2025-12-20T18:00:00Z,2025-12-22T09:00:00Z,39.0,0.98,0.9698655582400962,0.9345542820073864
turbine_2,2025-12-20T18:00:00Z,2025-12-22T10:00:00Z,40.0,0.9783333333333334,0.9422882452474556,0.9244837480734247
turbine_2,2025-12-20T18:00:00Z,2025-12-22T11:00:00Z,41.0,0.9766666666666666,0.9162368484949136,0.9044735997209812
turbine_2,2025-12-20T18:00:00Z,2025-12-22T12:00:00Z,42.0,0.9733333333333332,0.735475290673091,0.8198935656650753
turbine_2,2025-12-20T18:00:00Z,2025-12-22T13:00:00Z,43.0,0.9566666666666668,0.6042405010452483,0.8147763903252017
turbine_2,2025-12-20T18:00:00Z,2025-12-22T14:00:00Z,44.0,0.5833333333333334,0.5753903733593381,0.7073394019969967
turbine_2,2025-12-20T18:00:00Z,2025-12-22T15:00:00Z,45.0,0.0983333333333333,0.5378429435795525,0.6660782819145379
turbine_2,2025-12-20T18:00:00Z,2025-12-22T16:00:00Z,46.0,0.1383333333333333,0.44499332785284523,0.5942519521236274
turbine_2,2025-12-20T18:00:00Z,2025-12-22T17:00:00Z,47.0,0.0983333333333333,0.2222303776441485,0.44281050125933397
turbine_2,2025-12-20T18:00:00Z,2025-12-22T18:00:00Z,48.0,0.0666666666666666,0.15931681657277036,0.33092983255592423
turbine_2,2025-12-21T18:00:00Z,2025-12-21T19:00:00Z,1.0,0.64,0.35823596995060913,0.3370685800197177
turbine_2,2025-12-21T18:00:00Z,2025-12-21T20:00:00Z,2.0,0.4666666666666667,0.21612077784802136,0.20536311685765368
turbine_2,2025-12-21T18:00:00Z,2025-12-21T21:00:00Z,3.0,0.1716666666666666,0.11504286662078154,0.10852434384408954
turbine_2,2025-12-21T18:00:00Z,2025-12-21T22:00:00Z,4.0,0.01,0.051395005569998986,0.0721177564557326
turbine_2,2025-12-21T18:00:00Z,2025-12-21T23:00:00Z,5.0,0.0116666666666666,0.01350129446962059,0.04486795372998165
turbine_2,2025-12-21T18:00:00Z,2025-12-22T00:00:00Z,6.0,0.0866666666666666,0.010318292472971113,0.05572156176309484
turbine_2,2025-12-21T18:00:00Z,2025-12-22T01:00:00Z,7.0,0.17,0.02180987795755157,0.05383731375628731
turbine_2,2025-12-21T18:00:00Z,2025-12-22T02:00:00Z,8.0,0.125,0.033365753170105455,0.10280535578323338
turbine_2,2025-12-21T18:00:00Z,2025-12-22T03:00:00Z,9.0,0.145,0.08773100939538864,0.2624860547222041
turbine_2,2025-12-21T18:00:00Z,2025-12-22T04:00:00Z,10.0,0.5333333333333333,0.4562068031313745,0.5368710335086302
turbine_2,2025-12-21T18:00:00Z,2025-12-22T05:00:00Z,11.0,0.96,0.8787215671035886,0.8272154151638684
turbine_2,2025-12-21T18:00:00Z,2025-12-22T06:00:00Z,12.0,0.97,0.9612532516840868,0.8891159783174458
turbine_2,2025-12-21T18:00:00Z,2025-12-22T07:00:00Z,13.0,0.9783333333333334,0.9650857875594151,0.8822979248116364
turbine_2,2025-12-21T18:00:00Z,2025-12-22T08:00:00Z,14.0,0.9716666666666668,0.9459724449910777,0.8941726322121382
turbine_2,2025-12-21T18:00:00Z,2025-12-22T09:00:00Z,15.0,0.98,0.9743796792805431,0.9188186328477067
turbine_2,2025-12-21T18:00:00Z,2025-12-22T10:00:00Z,16.0,0.9783333333333334,0.9719203206802491,0.925640030800695
turbine_2,2025-12-21T18:00:00Z,2025-12-22T11:00:00Z,17.0,0.9766666666666666,0.953021603963567,0.8957126459328186
turbine_2,2025-12-21T18:00:00Z,2025-12-22T12:00:00Z,18.0,0.9733333333333332,0.7887133834036377,0.8250774911337164
turbine_2,2025-12-21T18:00:00Z,2025-12-22T13:00:00Z,19.0,0.9566666666666668,0.6310864935275199,0.8156175626336073
turbine_2,2025-12-21T18:00:00Z,2025-12-22T14:00:00Z,20.0,0.5833333333333334,0.5919269748711503,0.7176964235275689
turbine_2,2025-12-21T18:00:00Z,2025-12-22T15:00:00Z,21.0,0.0983333333333333,0.33871261920106716,0.5400031040494545
turbine_2,2025-12-21T18:00:00Z,2025-12-22T16:00:00Z,22.0,0.1383333333333333,0.19681327249378142,0.3279726043805536
turbine_2,2025-12-21T18:00:00Z,2025-12-22T17:00:00Z,23.0,0.0983333333333333,0.16723049092950057,0.25587465078975213
turbine_2,2025-12-21T18:00:00Z,2025-12-22T18:00:00Z,24.0,0.0666666666666666,0.09679317241100735,0.17683629685482707
turbine_2,2025-12-21T18:00:00Z,2025-12-22T19:00:00Z,25.0,0.01,0.06287459749974714,0.13671604590087758
turbine_2,2025-12-21T18:00:00Z,2025-12-22T20:00:00Z,26.0,0.01,0.05234872083806463,0.11611447567170294
turbine_2,2025-12-21T18:00:00Z,2025-12-22T21:00:00Z,27.0,0.01,0.04268572082358635,0.10291394456759179
turbine_2,2025-12-21T18:00:00Z,2025-12-22T22:00:00Z,28.0,0.01,0.040171267833226415,0.1081604797515203
turbine_2,2025-12-21T18:00:00Z,2025-12-22T23:00:00Z,29.0,0.0083333333333333,0.03925750967443073,0.09679087497673267
turbine_2,2025-12-21T18:00:00Z,2025-12-23T00:00:00Z,30.0,0.0066666666666666,0.039457317648192713,0.09313964614477294
turbine_2,2025-12-21T18:00:00Z,2025-12-23T01:00:00Z,31.0,0.01,0.03801135737316921,0.06549197930822753
turbine_2,2025-12-21T18:00:00Z,2025-12-23T02:00:00Z,32.0,0.0116666666666666,0.02544302799854356,0.054714494786067824
turbine_2,2025-12-21T18:00:00Z,2025-12-23T03:00:00Z,33.0,0.0216666666666666,0.022331682584674772,0.054683206708091736
turbine_2,2025-12-21T18:00:00Z,2025-12-23T04:00:00Z,34.0,0.01,0.022475769493042613,0.061689372910881834
turbine_2,2025-12-21T18:00:00Z,2025-12-23T05:00:00Z,35.0,0.01,0.019993321793427637,0.06845931427596696
turbine_2,2025-12-21T18:00:00Z,2025-12-23T06:00:00Z,36.0,0.01,0.021603287336000643,0.09160343102053972
turbine_2,2025-12-21T18:00:00Z,2025-12-23T07:00:00Z,37.0,0.01,0.03405991474083575,0.11515689996216302
turbine_2,2025-12-21T18:00:00Z,2025-12-23T08:00:00Z,38.0,0.01,0.039288524101970035,0.1134025718650705
turbine_2,2025-12-21T18:00:00Z,2025-12-23T09:00:00Z,39.0,0.01,0.03977255663067267,0.11691729233633283
turbine_2,2025-12-21T18:00:00Z,2025-12-23T10:00:00Z,40.0,0.01,0.04370664510848668,0.12968353766155857
turbine_2,2025-12-21T18:00:00Z,2025-12-23T11:00:00Z,41.0,0.01,0.06156345663514558,0.14224301369401032
turbine_2,2025-12-21T18:00:00Z,2025-12-23T12:00:00Z,42.0,0.01,0.0697878337588684,0.16862584863278504
turbine_2,2025-12-21T18:00:00Z,2025-12-23T13:00:00Z,43.0,0.01,0.057420053062142526,0.15118747282151618
turbine_2,2025-12-21T18:00:00Z,2025-12-23T14:00:00Z,44.0,0.01,0.06156355157184194,0.1390717311613178
turbine_2,2025-12-21T18:00:00Z,2025-12-23T15:00:00Z,45.0,0.01,0.03857051150526747,0.13746251462019662
turbine_2,2025-12-21T18:00:00Z,2025-12-23T16:00:00Z,46.0,0.01,0.056702689952351004,0.1322753950402682
turbine_2,2025-12-21T18:00:00Z,2025-12-23T17:00:00Z,47.0,0.01,0.06408446640428367,0.12514865577344458
turbine_2,2025-12-21T18:00:00Z,2025-12-23T18:00:00Z,48.0,0.0916666666666666,0.07315313424179419,0.13783424557184815
turbine_2,2025-12-22T18:00:00Z,2025-12-22T19:00:00Z,1.0,0.01,0.11251839082912897,0.28992060430618616
turbine_2,2025-12-22T18:00:00Z,2025-12-22T20:00:00Z,2.0,0.01,0.08892885657258454,0.23464889475109954
turbine_2,2025-12-22T18:00:00Z,2025-12-22T21:00:00Z,3.0,0.01,0.07541633072195655,0.2545886578717923
turbine_2,2025-12-22T18:00:00Z,2025-12-22T22:00:00Z,4.0,0.01,0.10282971596801185,0.36276549421404286
turbine_2,2025-12-22T18:00:00Z,2025-12-22T23:00:00Z,5.0,0.0083333333333333,0.18886329905990962,0.3731559442301345
turbine_2,2025-12-22T18:00:00Z,2025-12-23T00:00:00Z,6.0,0.0066666666666666,0.25143878159737454,0.4229941835210934
turbine_2,2025-12-22T18:00:00Z,2025-12-23T01:00:00Z,7.0,0.01,0.1031293027487126,0.34309166990063716
turbine_2,2025-12-22T18:00:00Z,2025-12-23T02:00:00Z,8.0,0.0116666666666666,0.08616961741315522,0.25771941635615625
turbine_2,2025-12-22T18:00:00Z,2025-12-23T03:00:00Z,9.0,0.0216666666666666,0.05697774519912295,0.20060177517374553
turbine_2,2025-12-22T18:00:00Z,2025-12-23T04:00:00Z,10.0,0.01,0.06407260292538555,0.18611661485199082
turbine_2,2025-12-22T18:00:00Z,2025-12-23T05:00:00Z,11.0,0.01,0.0669973751579668,0.18988131586618648
turbine_2,2025-12-22T18:00:00Z,2025-12-23T06:00:00Z,12.0,0.01,0.05585286232204789,0.1798054395369196
turbine_2,2025-12-22T18:00:00Z,2025-12-23T07:00:00Z,13.0,0.01,0.05110009010695127,0.16642409804393848
turbine_2,2025-12-22T18:00:00Z,2025-12-23T08:00:00Z,14.0,0.01,0.05822243857845649,0.1577165519535572
turbine_2,2025-12-22T18:00:00Z,2025-12-23T09:00:00Z,15.0,0.01,0.05006608988992711,0.15003042271647254
turbine_2,2025-12-22T18:00:00Z,2025-12-23T10:00:00Z,16.0,0.01,0.04512132462681456,0.16251439645681626
turbine_2,2025-12-22T18:00:00Z,2025-12-23T11:00:00Z,17.0,0.01,0.036487470717821685,0.1501342448948484
turbine_2,2025-12-22T18:00:00Z,2025-12-23T12:00:00Z,18.0,0.01,0.04706154151902123,0.1572691100241021
turbine_2,2025-12-22T18:00:00Z,2025-12-23T13:00:00Z,19.0,0.01,0.043409627790055194,0.15108201798974982
turbine_2,2025-12-22T18:00:00Z,2025-12-23T14:00:00Z,20.0,0.01,0.04289284769486307,0.14123903439431887
turbine_2,2025-12-22T18:00:00Z,2025-12-23T15:00:00Z,21.0,0.01,0.03907298736443615,0.13945357710375805
turbine_2,2025-12-22T18:00:00Z,2025-12-23T16:00:00Z,22.0,0.01,0.04015434432227194,0.12635662173049272
turbine_2,2025-12-22T18:00:00Z,2025-12-23T17:00:00Z,23.0,0.01,0.04169574161179618,0.11446786708299261
turbine_2,2025-12-22T18:00:00Z,2025-12-23T18:00:00Z,24.0,0.0916666666666666,0.04953792396281623,0.11167967300638065
turbine_2,2025-12-22T18:00:00Z,2025-12-23T19:00:00Z,25.0,0.165,0.056554335933430205,0.13794099509430335
turbine_2,2025-12-22T18:00:00Z,2025-12-23T20:00:00Z,26.0,0.2933333333333333,0.10199385397467058,0.301900725092739
turbine_2,2025-12-22T18:00:00Z,2025-12-23T21:00:00Z,27.0,0.7616666666666667,0.12729027914146568,0.37258581978445976
turbine_2,2025-12-22T18:00:00Z,2025-12-23T22:00:00Z,28.0,0.6716666666666667,0.23765698578203454,0.39742934446433353
turbine_2,2025-12-22T18:00:00Z,2025-12-23T23:00:00Z,29.0,0.6866666666666666,0.23070621587217927,0.4023480751526711
turbine_2,2025-12-22T18:00:00Z,2025-12-24T00:00:00Z,30.0,0.8383333333333334,0.21272292537707727,0.3579176783383467
turbine_2,2025-12-22T18:00:00Z,2025-12-24T01:00:00Z,31.0,0.935,0.1484523653154738,0.35062918746949356
turbine_2,2025-12-22T18:00:00Z,2025-12-24T02:00:00Z,32.0,0.6616666666666666,0.1522603101766466,0.3447583247857506
turbine_2,2025-12-22T18:00:00Z,2025-12-24T03:00:00Z,33.0,0.7783333333333333,0.21312920859389065,0.3593664436284543
turbine_2,2025-12-22T18:00:00Z,2025-12-24T04:00:00Z,34.0,0.5366666666666666,0.21585726392984345,0.38705725987952094
turbine_2,2025-12-22T18:00:00Z,2025-12-24T05:00:00Z,35.0,0.435,0.341115700499913,0.46381197002245894
turbine_2,2025-12-22T18:00:00Z,2025-12-24T06:00:00Z,36.0,0.265,0.3594879368727749,0.5025208346595608
turbine_2,2025-12-22T18:00:00Z,2025-12-24T07:00:00Z,37.0,0.23,0.34915100836975443,0.5235600436397887
turbine_2,2025-12-22T18:00:00Z,2025-12-24T08:00:00Z,38.0,0.2516666666666666,0.3723955316690069,0.6201570744993204
turbine_2,2025-12-22T18:00:00Z,2025-12-24T09:00:00Z,39.0,0.2316666666666667,0.41461494739562266,0.653752418668317
turbine_2,2025-12-22T18:00:00Z,2025-12-24T10:00:00Z,40.0,0.225,0.48166594209340957,0.7019018280084659
turbine_2,2025-12-22T18:00:00Z,2025-12-24T11:00:00Z,41.0,0.2916666666666667,0.580828782411908,0.7213573101667814
turbine_2,2025-12-22T18:00:00Z,2025-12-24T12:00:00Z,42.0,0.3533333333333333,0.6025034951387968,0.7247401327182321
turbine_2,2025-12-22T18:00:00Z,2025-12-24T13:00:00Z,43.0,0.2333333333333333,0.592196402416372,0.7184717507616707
turbine_2,2025-12-22T18:00:00Z,2025-12-24T14:00:00Z,44.0,0.2933333333333333,0.6582170651323385,0.6917040517673072
turbine_2,2025-12-22T18:00:00Z,2025-12-24T15:00:00Z,45.0,0.4883333333333333,0.6617486465695588,0.7124393962277296
turbine_2,2025-12-22T18:00:00Z,2025-12-24T16:00:00Z,46.0,0.5316666666666666,0.6530377927308488,0.697213371202544
turbine_2,2025-12-22T18:00:00Z,2025-12-24T17:00:00Z,47.0,0.3883333333333333,0.6543298588399111,0.6284311713970738
turbine_2,2025-12-22T18:00:00Z,2025-12-24T18:00:00Z,48.0,0.5016666666666666,0.6545923747658999,0.5625145332847181
turbine_2,2025-12-23T18:00:00Z,2025-12-23T19:00:00Z,1.0,0.165,0.2508725034455579,0.44817389538925795
turbine_2,2025-12-23T18:00:00Z,2025-12-23T20:00:00Z,2.0,0.2933333333333333,0.42861126622786944,0.5561942911272638
turbine_2,2025-12-23T18:00:00Z,2025-12-23T21:00:00Z,3.0,0.7616666666666667,0.44641914410413097,0.5483408504414937
turbine_2,2025-12-23T18:00:00Z,2025-12-23T22:00:00Z,4.0,0.6716666666666667,0.4828930173464775,0.5466781041001156
turbine_2,2025-12-23T18:00:00Z,2025-12-23T23:00:00Z,5.0,0.6866666666666666,0.4366519962694626,0.5599171137953122
turbine_2,2025-12-23T18:00:00Z,2025-12-24T00:00:00Z,6.0,0.8383333333333334,0.41564695466452584,0.5545433077713747
turbine_2,2025-12-23T18:00:00Z,2025-12-24T01:00:00Z,7.0,0.935,0.3840355445148895,0.5327481743825794
turbine_2,2025-12-23T18:00:00Z,2025-12-24T02:00:00Z,8.0,0.6616666666666666,0.2833801387229601,0.4199273295061453
turbine_2,2025-12-23T18:00:00Z,2025-12-24T03:00:00Z,9.0,0.7783333333333333,0.26075540080272447,0.40915164124797987
turbine_2,2025-12-23T18:00:00Z,2025-12-24T04:00:00Z,10.0,0.5366666666666666,0.26664074899855444,0.4355587745987508
turbine_2,2025-12-23T18:00:00Z,2025-12-24T05:00:00Z,11.0,0.435,0.4441012218797594,0.5347242419415269
turbine_2,2025-12-23T18:00:00Z,2025-12-24T06:00:00Z,12.0,0.265,0.571302531898974,0.5886443768970968
turbine_2,2025-12-23T18:00:00Z,2025-12-24T07:00:00Z,13.0,0.23,0.6204936954777978,0.6610379829282121
turbine_2,2025-12-23T18:00:00Z,2025-12-24T08:00:00Z,14.0,0.2516666666666666,0.7008299836624872,0.6895520593483921
turbine_2,2025-12-23T18:00:00Z,2025-12-24T09:00:00Z,15.0,0.2316666666666667,0.7832580767250604,0.7060341527317814
turbine_2,2025-12-23T18:00:00Z,2025-12-24T10:00:00Z,16.0,0.225,0.711798466250435,0.736694715993359
turbine_2,2025-12-23T18:00:00Z,2025-12-24T11:00:00Z,17.0,0.2916666666666667,0.6209578549197832,0.7351554658096113
turbine_2,2025-12-23T18:00:00Z,2025-12-24T12:00:00Z,18.0,0.3533333333333333,0.6272951398522982,0.7247730039895646
turbine_2,2025-12-23T18:00:00Z,2025-12-24T13:00:00Z,19.0,0.2333333333333333,0.5807283145666797,0.673148630425545
turbine_2,2025-12-23T18:00:00Z,2025-12-24T14:00:00Z,20.0,0.2933333333333333,0.43550463676936324,0.5817076383371138
turbine_2,2025-12-23T18:00:00Z,2025-12-24T15:00:00Z,21.0,0.4883333333333333,0.37324797291572853,0.5878878778106766
turbine_2,2025-12-23T18:00:00Z,2025-12-24T16:00:00Z,22.0,0.5316666666666666,0.5724659624093444,0.7152615224025209
turbine_2,2025-12-23T18:00:00Z,2025-12-24T17:00:00Z,23.0,0.3883333333333333,0.46423023035615046,0.6375601094860864
turbine_2,2025-12-23T18:00:00Z,2025-12-24T18:00:00Z,24.0,0.5016666666666666,0.6426667495314382,0.5581042653547175
turbine_2,2025-12-23T18:00:00Z,2025-12-24T19:00:00Z,25.0,0.4266666666666667,0.6718292856660095,0.5531474317718064
turbine_2,2025-12-23T18:00:00Z,2025-12-24T20:00:00Z,26.0,0.4133333333333333,0.7297984101918583,0.6529206404364818
turbine_2,2025-12-23T18:00:00Z,2025-12-24T21:00:00Z,27.0,0.6533333333333333,0.8011623560774878,0.7276051959257763
turbine_2,2025-12-23T18:00:00Z,2025-12-24T22:00:00Z,28.0,0.58,0.8576402338703223,0.7680620148140425
turbine_2,2025-12-23T18:00:00Z,2025-12-24T23:00:00Z,29.0,0.63,0.8874459661926128,0.805157441209296
turbine_2,2025-12-23T18:00:00Z,2025-12-25T00:00:00Z,30.0,0.5766666666666667,0.891996227495689,0.8033698427176832
turbine_2,2025-12-23T18:00:00Z,2025-12-25T01:00:00Z,31.0,0.47,0.8994509612620956,0.814594026714416
turbine_2,2025-12-23T18:00:00Z,2025-12-25T02:00:00Z,32.0,0.46,0.8945626607778512,0.8449403721373202
turbine_2,2025-12-23T18:00:00Z,2025-12-25T03:00:00Z,33.0,0.2733333333333334,0.9006040968583581,0.8568627437580306
turbine_2,2025-12-23T18:00:00Z,2025-12-25T04:00:00Z,34.0,0.1983333333333333,0.9312139551817192,0.8635573099597185
turbine_2,2025-12-23T18:00:00Z,2025-12-25T05:00:00Z,35.0,0.2666666666666666,0.9405429435151978,0.9020611753133343
turbine_2,2025-12-23T18:00:00Z,2025-12-25T06:00:00Z,36.0,0.2133333333333333,0.9615225700950356,0.9173985486527609
turbine_2,2025-12-23T18:00:00Z,2025-12-25T07:00:00Z,37.0,0.17,0.966760819512255,0.9214226206434147
turbine_2,2025-12-23T18:00:00Z,2025-12-25T08:00:00Z,38.0,0.2083333333333333,0.9737978759011406,0.9321347616069822
turbine_2,2025-12-23T18:00:00Z,2025-12-25T09:00:00Z,39.0,0.185,0.971871639738415,0.928757636687457
turbine_2,2025-12-23T18:00:00Z,2025-12-25T10:00:00Z,40.0,0.24,0.9624160188672193,0.9090291094652094
turbine_2,2025-12-23T18:00:00Z,2025-12-25T11:00:00Z,41.0,0.2266666666666666,0.9354091619206102,0.8771242396733167
turbine_2,2025-12-23T18:00:00Z,2025-12-25T12:00:00Z,42.0,0.125,0.8973592940002209,0.847796215014791
turbine_2,2025-12-23T18:00:00Z,2025-12-25T13:00:00Z,43.0,0.1966666666666666,0.8948816079725571,0.8353279818083326
turbine_2,2025-12-23T18:00:00Z,2025-12-25T14:00:00Z,44.0,0.3883333333333333,0.8748243616429068,0.8285793368370227
turbine_2,2025-12-23T18:00:00Z,2025-12-25T15:00:00Z,45.0,0.6666666666666666,0.8677255811509768,0.8418760484567751
turbine_2,2025-12-23T18:00:00Z,2025-12-25T16:00:00Z,46.0,0.7966666666666667,0.8763744325143206,0.8273917648028843
turbine_2,2025-12-23T18:00:00Z,2025-12-25T17:00:00Z,47.0,0.4316666666666666,0.8666112533478817,0.8120641212257345
turbine_2,2025-12-23T18:00:00Z,2025-12-25T18:00:00Z,48.0,0.215,0.8391086897846677,0.7542413239521462
turbine_2,2025-12-24T18:00:00Z,2025-12-24T19:00:00Z,1.0,0.4266666666666667,0.7785219775009627,0.7003134590526616
turbine_2,2025-12-24T18:00:00Z,2025-12-24T20:00:00Z,2.0,0.4133333333333333,0.8519566682267649,0.7617302017881094
turbine_2,2025-12-24T18:00:00Z,2025-12-24T21:00:00Z,3.0,0.6533333333333333,0.8985229906316554,0.8272145434082481
turbine_2,2025-12-24T18:00:00Z,2025-12-24T22:00:00Z,4.0,0.58,0.9038433806348075,0.8403486677941101
turbine_2,2025-12-24T18:00:00Z,2025-12-24T23:00:00Z,5.0,0.63,0.8849672688985031,0.8239467248664283
turbine_2,2025-12-24T18:00:00Z,2025-12-25T00:00:00Z,6.0,0.5766666666666667,0.8968608345628475,0.8097601235696722
turbine_2,2025-12-24T18:00:00Z,2025-12-25T01:00:00Z,7.0,0.47,0.8962267859769326,0.814594026714416
turbine_2,2025-12-24T18:00:00Z,2025-12-25T02:00:00Z,8.0,0.46,0.8908268188765548,0.8361379348467886
turbine_2,2025-12-24T18:00:00Z,2025-12-25T03:00:00Z,9.0,0.2733333333333334,0.8964449974671199,0.850764658169244
turbine_2,2025-12-24T18:00:00Z,2025-12-25T04:00:00Z,10.0,0.1983333333333333,0.9073033339469726,0.8561764786938781
turbine_2,2025-12-24T18:00:00Z,2025-12-25T05:00:00Z,11.0,0.2666666666666666,0.9432599385397599,0.8856993938259633
turbine_2,2025-12-24T18:00:00Z,2025-12-25T06:00:00Z,12.0,0.2133333333333333,0.9629020637395639,0.9209975509993652
turbine_2,2025-12-24T18:00:00Z,2025-12-25T07:00:00Z,13.0,0.17,0.9667532186160815,0.9214226206434147
turbine_2,2025-12-24T18:00:00Z,2025-12-25T08:00:00Z,14.0,0.2083333333333333,0.9728326027858742,0.9496107462433894
turbine_2,2025-12-24T18:00:00Z,2025-12-25T09:00:00Z,15.0,0.185,0.9749304573475734,0.9198888500567205
turbine_2,2025-12-24T18:00:00Z,2025-12-25T10:00:00Z,16.0,0.24,0.9765379406709759,0.921908058905596
turbine_2,2025-12-24T18:00:00Z,2025-12-25T11:00:00Z,17.0,0.2266666666666666,0.9646734314855892,0.9011096547106
turbine_2,2025-12-24T18:00:00Z,2025-12-25T12:00:00Z,18.0,0.125,0.9193950252490488,0.8630574990229413
turbine_2,2025-12-24T18:00:00Z,2025-12-25T13:00:00Z,19.0,0.1966666666666666,0.9025850903764189,0.8221049380576964
turbine_2,2025-12-24T18:00:00Z,2025-12-25T14:00:00Z,20.0,0.3883333333333333,0.867337147977216,0.7999763415389191
turbine_2,2025-12-24T18:00:00Z,2025-12-25T15:00:00Z,21.0,0.6666666666666666,0.8535377524234106,0.7599113889153644
turbine_2,2025-12-24T18:00:00Z,2025-12-25T16:00:00Z,22.0,0.7966666666666667,0.8662743513239629,0.765548760769896
turbine_2,2025-12-24T18:00:00Z,2025-12-25T17:00:00Z,23.0,0.4316666666666666,0.7422544529749455,0.6473894774990681
turbine_2,2025-12-24T18:00:00Z,2025-12-25T18:00:00Z,24.0,0.215,0.6644244700103636,0.5567012350596025
turbine_2,2025-12-24T18:00:00Z,2025-12-25T19:00:00Z,25.0,0.295,0.674599519560078,0.5576267842888274
turbine_2,2025-12-24T18:00:00Z,2025-12-25T20:00:00Z,26.0,0.465,0.6503282708955784,0.5440933771560457
turbine_2,2025-12-24T18:00:00Z,2025-12-25T21:00:00Z,27.0,0.5316666666666666,0.7575679341212552,0.669748560966809
turbine_2,2025-12-24T18:00:00Z,2025-12-25T22:00:00Z,28.0,0.2566666666666666,0.5383592225366085,0.5334267346737118
turbine_2,2025-12-24T18:00:00Z,2025-12-25T23:00:00Z,29.0,0.3183333333333333,0.32605792508866527,0.483091943388816
turbine_2,2025-12-24T18:00:00Z,2025-12-26T00:00:00Z,30.0,0.2033333333333333,0.06495377136595658,0.20731568732404398
turbine_2,2025-12-24T18:00:00Z,2025-12-26T01:00:00Z,31.0,0.0966666666666666,0.03612761658704158,0.08376273300793652
turbine_2,2025-12-24T18:00:00Z,2025-12-26T02:00:00Z,32.0,0.04,0.019170870274198004,0.060406134211444584
turbine_2,2025-12-24T18:00:00Z,2025-12-26T03:00:00Z,33.0,0.0216666666666666,0.010845416005633296,0.05491743392945708
turbine_2,2025-12-24T18:00:00Z,2025-12-26T04:00:00Z,34.0,0.0083333333333333,0.10299674095664983,0.07674664067901427
turbine_2,2025-12-24T18:00:00Z,2025-12-26T05:00:00Z,35.0,0.01,0.2926871621165963,0.3094882155738194
turbine_2,2025-12-24T18:00:00Z,2025-12-26T06:00:00Z,36.0,0.01,0.6885427220688639,0.6404707892478565
turbine_2,2025-12-24T18:00:00Z,2025-12-26T07:00:00Z,37.0,0.01,0.9567269534028897,0.9306690902744732
turbine_2,2025-12-24T18:00:00Z,2025-12-26T08:00:00Z,38.0,0.235,0.9609617360607143,0.9468309426922374
turbine_2,2025-12-24T18:00:00Z,2025-12-26T09:00:00Z,39.0,0.7566666666666667,0.9429559586769398,0.8644182779799813
turbine_2,2025-12-24T18:00:00Z,2025-12-26T10:00:00Z,40.0,0.01,0.9455497463354343,0.8560816143091251
turbine_2,2025-12-24T18:00:00Z,2025-12-26T11:00:00Z,41.0,0.01,0.7774533601113636,0.6370186477011968
turbine_2,2025-12-24T18:00:00Z,2025-12-26T12:00:00Z,42.0,0.9333333333333332,0.4749980495105214,0.4918451864741184
turbine_2,2025-12-24T18:00:00Z,2025-12-26T13:00:00Z,43.0,0.9583333333333334,0.3284696408742248,0.40175106881770994
turbine_2,2025-12-24T18:00:00Z,2025-12-26T14:00:00Z,44.0,0.7066666666666667,0.2925218937296895,0.3163514235761289
turbine_2,2025-12-24T18:00:00Z,2025-12-26T15:00:00Z,45.0,0.7916666666666666,0.4418388846945696,0.4400425376761977
turbine_2,2025-12-24T18:00:00Z,2025-12-26T16:00:00Z,46.0,0.3916666666666666,0.46127923633518503,0.4171279812487657
turbine_2,2025-12-24T18:00:00Z,2025-12-26T17:00:00Z,47.0,0.3266666666666666,0.4588178386739327,0.39689372394575956
turbine_2,2025-12-24T18:00:00Z,2025-12-26T18:00:00Z,48.0,0.215,0.5073574188939478,0.45865153215992527
turbine_2,2025-12-25T18:00:00Z,2025-12-25T19:00:00Z,1.0,0.295,0.5385361525986326,0.5503152536998718
turbine_2,2025-12-25T18:00:00Z,2025-12-25T20:00:00Z,2.0,0.465,0.5751208908093315,0.5375476312727459
turbine_2,2025-12-25T18:00:00Z,2025-12-25T21:00:00Z,3.0,0.5316666666666666,0.6585218792339155,0.608192114461062
turbine_2,2025-12-25T18:00:00Z,2025-12-25T22:00:00Z,4.0,0.2566666666666666,0.6294947222462833,0.6054743659347313
turbine_2,2025-12-25T18:00:00Z,2025-12-25T23:00:00Z,5.0,0.3183333333333333,0.5174246515799097,0.5519619908638551
turbine_2,2025-12-25T18:00:00Z,2025-12-26T00:00:00Z,6.0,0.2033333333333333,0.12968942653005977,0.32936575703185483
turbine_2,2025-12-25T18:00:00Z,2025-12-26T01:00:00Z,7.0,0.0966666666666666,0.05237662059690504,0.1862162241569628
turbine_2,2025-12-25T18:00:00Z,2025-12-26T02:00:00Z,8.0,0.04,0.02012270777473607,0.057642160065485004
turbine_2,2025-12-25T18:00:00Z,2025-12-26T03:00:00Z,9.0,0.0216666666666666,0.010108802353163887,0.057765638521019846
turbine_2,2025-12-25T18:00:00Z,2025-12-26T04:00:00Z,10.0,0.0083333333333333,0.0206136301697408,0.05684115801854045
turbine_2,2025-12-25T18:00:00Z,2025-12-26T05:00:00Z,11.0,0.01,0.028824516422201935,0.07154810387224442
turbine_2,2025-12-25T18:00:00Z,2025-12-26T06:00:00Z,12.0,0.01,0.10409603316191342,0.13158931995654047
turbine_2,2025-12-25T18:00:00Z,2025-12-26T07:00:00Z,13.0,0.01,0.3535588466843169,0.352474302607315
turbine_2,2025-12-25T18:00:00Z,2025-12-26T08:00:00Z,14.0,0.235,0.42836795869566324,0.4233840600171486
turbine_2,2025-12-25T18:00:00Z,2025-12-26T09:00:00Z,15.0,0.7566666666666667,0.6890018435795144,0.6099557975869683
turbine_2,2025-12-25T18:00:00Z,2025-12-26T10:00:00Z,16.0,0.01,0.8416453671005801,0.7431761877035326
turbine_2,2025-12-25T18:00:00Z,2025-12-26T11:00:00Z,17.0,0.01,0.8768591404207021,0.7608613165286726
turbine_2,2025-12-25T18:00:00Z,2025-12-26T12:00:00Z,18.0,0.9333333333333332,0.8446398570303698,0.7631335751609306
turbine_2,2025-12-25T18:00:00Z,2025-12-26T13:00:00Z,19.0,0.9583333333333334,0.8701404000692045,0.7271995707162913
turbine_2,2025-12-25T18:00:00Z,2025-12-26T14:00:00Z,20.0,0.7066666666666667,0.7126614043307337,0.5818947970060058
turbine_2,2025-12-25T18:00:00Z,2025-12-26T15:00:00Z,21.0,0.7916666666666666,0.6481510551979931,0.562974900986709
turbine_2,2025-12-25T18:00:00Z,2025-12-26T16:00:00Z,22.0,0.3916666666666666,0.7123929595702215,0.5592116515552465
turbine_2,2025-12-25T18:00:00Z,2025-12-26T17:00:00Z,23.0,0.3266666666666666,0.5810704695177529,0.4751446543326625
turbine_2,2025-12-25T18:00:00Z,2025-12-26T18:00:00Z,24.0,0.215,0.2798617007380239,0.25263869970747066
turbine_2,2025-12-25T18:00:00Z,2025-12-26T19:00:00Z,25.0,0.2516666666666666,0.09556136124360612,0.12281591787068089
turbine_2,2025-12-25T18:00:00Z,2025-12-26T20:00:00Z,26.0,0.1666666666666666,0.031060733779913363,0.061804599316269415
turbine_2,2025-12-25T18:00:00Z,2025-12-26T21:00:00Z,27.0,0.1983333333333333,0.011398788201884724,0.0489058302141861
turbine_2,2025-12-25T18:00:00Z,2025-12-26T22:00:00Z,28.0,0.125,0.010357255622387762,0.05417069274276015
turbine_2,2025-12-25T18:00:00Z,2025-12-26T23:00:00Z,29.0,0.0133333333333333,0.02730728681997152,0.06721025638229261
turbine_2,2025-12-25T18:00:00Z,2025-12-27T00:00:00Z,30.0,0.0383333333333333,0.28400855051383267,0.3841706730672605
turbine_2,2025-12-25T18:00:00Z,2025-12-27T01:00:00Z,31.0,0.1233333333333333,0.5114498603100992,0.5369298392089242
turbine_2,2025-12-25T18:00:00Z,2025-12-27T02:00:00Z,32.0,0.215,0.5592357182721466,0.5668477907652182
turbine_2,2025-12-25T18:00:00Z,2025-12-27T03:00:00Z,33.0,0.1983333333333333,0.764209549211027,0.7494211425864388
turbine_2,2025-12-25T18:00:00Z,2025-12-27T04:00:00Z,34.0,0.2566666666666666,0.9289832792341549,0.867821321423994
turbine_2,2025-12-25T18:00:00Z,2025-12-27T05:00:00Z,35.0,0.61,0.9405429435151978,0.9037104672792948
turbine_2,2025-12-25T18:00:00Z,2025-12-27T06:00:00Z,36.0,0.96,0.9615225700950356,0.9213722263356217
turbine_2,2025-12-25T18:00:00Z,2025-12-27T07:00:00Z,37.0,0.945,0.966760819512255,0.9234799652657193
turbine_2,2025-12-25T18:00:00Z,2025-12-27T08:00:00Z,38.0,0.895,0.9728028480769096,0.9340119420131487
turbine_2,2025-12-25T18:00:00Z,2025-12-27T09:00:00Z,39.0,0.89,0.9722857878806284,0.9313796366991604
turbine_2,2025-12-25T18:00:00Z,2025-12-27T10:00:00Z,40.0,0.8983333333333333,0.95956128982327,0.9378818790391887
turbine_2,2025-12-25T18:00:00Z,2025-12-27T11:00:00Z,41.0,0.8966666666666666,0.9551577755929204,0.8980060569595676
turbine_2,2025-12-25T18:00:00Z,2025-12-27T12:00:00Z,42.0,0.955,0.8108388627134934,0.7753510887444144
turbine_2,2025-12-25T18:00:00Z,2025-12-27T13:00:00Z,43.0,0.8733333333333334,0.6227300190695851,0.728676157557663
turbine_2,2025-12-25T18:00:00Z,2025-12-27T14:00:00Z,44.0,0.6816666666666666,0.575552507902487,0.6893516161775919
turbine_2,2025-12-25T18:00:00Z,2025-12-27T15:00:00Z,45.0,0.2933333333333333,0.5539681855683604,0.6541738140133169
turbine_2,2025-12-25T18:00:00Z,2025-12-27T16:00:00Z,46.0,0.1183333333333333,0.5401572351475865,0.6266096521527018
turbine_2,2025-12-25T18:00:00Z,2025-12-27T17:00:00Z,47.0,0.3583333333333333,0.5573830361382843,0.6269407082784251
turbine_2,2025-12-25T18:00:00Z,2025-12-27T18:00:00Z,48.0,0.2566666666666666,0.5009141984500716,0.528626052937178
turbine_2,2025-12-26T18:00:00Z,2025-12-26T19:00:00Z,1.0,0.2516666666666666,0.051403035613800774,0.09651264643633278
turbine_2,2025-12-26T18:00:00Z,2025-12-26T20:00:00Z,2.0,0.1666666666666666,0.02755084942251737,0.08459642132472645
turbine_2,2025-12-26T18:00:00Z,2025-12-26T21:00:00Z,3.0,0.1983333333333333,0.011631007307671887,0.04390805647709084
turbine_2,2025-12-26T18:00:00Z,2025-12-26T22:00:00Z,4.0,0.125,0.010284784749343384,0.0519215869308966
turbine_2,2025-12-26T18:00:00Z,2025-12-26T23:00:00Z,5.0,0.0133333333333333,0.007316167077477592,0.05455962952777221
turbine_2,2025-12-26T18:00:00Z,2025-12-27T00:00:00Z,6.0,0.0383333333333333,0.04612305379437251,0.16671181144510755
turbine_2,2025-12-26T18:00:00Z,2025-12-27T01:00:00Z,7.0,0.1233333333333333,0.2723010268800412,0.40398306255650274
turbine_2,2025-12-26T18:00:00Z,2025-12-27T02:00:00Z,8.0,0.215,0.4438481390641559,0.5565026228123291
turbine_2,2025-12-26T18:00:00Z,2025-12-27T03:00:00Z,9.0,0.1983333333333333,0.6341906198656484,0.6200097958311236
turbine_2,2025-12-26T18:00:00Z,2025-12-27T04:00:00Z,10.0,0.2566666666666666,0.9282926289125649,0.8705199356649109
turbine_2,2025-12-26T18:00:00Z,2025-12-27T05:00:00Z,11.0,0.61,0.9419224371597261,0.9040753861638822
turbine_2,2025-12-26T18:00:00Z,2025-12-27T06:00:00Z,12.0,0.96,0.9629020637395639,0.919701252347264
turbine_2,2025-12-26T18:00:00Z,2025-12-27T07:00:00Z,13.0,0.945,0.9667532186160815,0.9185726151017474
turbine_2,2025-12-26T18:00:00Z,2025-12-27T08:00:00Z,14.0,0.895,0.9725453668575511,0.9375777890422331
turbine_2,2025-12-26T18:00:00Z,2025-12-27T09:00:00Z,15.0,0.89,0.9670479782455771,0.932511696271775
turbine_2,2025-12-26T18:00:00Z,2025-12-27T10:00:00Z,16.0,0.8983333333333333,0.8808842330619675,0.8608999352941191
turbine_2,2025-12-26T18:00:00Z,2025-12-27T11:00:00Z,17.0,0.8966666666666666,0.7768399559779169,0.8181787881393213
turbine_2,2025-12-26T18:00:00Z,2025-12-27T12:00:00Z,18.0,0.955,0.7325593703524854,0.7623288272251785
turbine_2,2025-12-26T18:00:00Z,2025-12-27T13:00:00Z,19.0,0.8733333333333334,0.5872569863551587,0.6717862618023968
turbine_2,2025-12-26T18:00:00Z,2025-12-27T14:00:00Z,20.0,0.6816666666666666,0.4525548194237021,0.6256058147203327
turbine_2,2025-12-26T18:00:00Z,2025-12-27T15:00:00Z,21.0,0.2933333333333333,0.41959400201157987,0.572333754936714
turbine_2,2025-12-26T18:00:00Z,2025-12-27T16:00:00Z,22.0,0.1183333333333333,0.35676515467149383,0.5262946501312542
turbine_2,2025-12-26T18:00:00Z,2025-12-27T17:00:00Z,23.0,0.3583333333333333,0.41533827024165704,0.5609194256269484
turbine_2,2025-12-26T18:00:00Z,2025-12-27T18:00:00Z,24.0,0.2566666666666666,0.4557919382243795,0.53311228509006
turbine_2,2025-12-26T18:00:00Z,2025-12-27T19:00:00Z,25.0,0.6833333333333332,0.5046522385047798,0.5333691531836144
turbine_2,2025-12-26T18:00:00Z,2025-12-27T20:00:00Z,26.0,0.5966666666666667,0.5304658491140097,0.5255591183273554
turbine_2,2025-12-26T18:00:00Z,2025-12-27T21:00:00Z,27.0,0.8816666666666667,0.5997404691118557,0.5645345439966742
turbine_2,2025-12-26T18:00:00Z,2025-12-27T22:00:00Z,28.0,0.875,0.6575644162073386,0.5678456980228064
turbine_2,2025-12-26T18:00:00Z,2025-12-27T23:00:00Z,29.0,0.945,0.662371820009203,0.5917034889146355
turbine_2,2025-12-26T18:00:00Z,2025-12-28T00:00:00Z,30.0,0.8983333333333333,0.6965043234908963,0.6446815386977152
turbine_2,2025-12-26T18:00:00Z,2025-12-28T01:00:00Z,31.0,0.8566666666666666,0.7349162891745785,0.7056182665897943
turbine_2,2025-12-26T18:00:00Z,2025-12-28T02:00:00Z,32.0,0.6983333333333334,0.7957253692192665,0.7699181544026835
turbine_2,2025-12-26T18:00:00Z,2025-12-28T03:00:00Z,33.0,0.7050000000000001,0.8251208884584689,0.7899829781342552
turbine_2,2025-12-26T18:00:00Z,2025-12-28T04:00:00Z,34.0,0.625,0.8893291196270531,0.8259849628320669
turbine_2,2025-12-26T18:00:00Z,2025-12-28T05:00:00Z,35.0,0.7566666666666667,0.9415980538234295,0.8966691467741368
turbine_2,2025-12-26T18:00:00Z,2025-12-28T06:00:00Z,36.0,0.9233333333333332,0.9615225700950356,0.9170336297681736
turbine_2,2025-12-26T18:00:00Z,2025-12-28T07:00:00Z,37.0,0.8566666666666666,0.966760819512255,0.9214226206434147
turbine_2,2025-12-26T18:00:00Z,2025-12-28T08:00:00Z,38.0,0.8666666666666667,0.9737978759011406,0.9321347616069822
turbine_2,2025-12-26T18:00:00Z,2025-12-28T09:00:00Z,39.0,0.8166666666666668,0.9748290332443221,0.9203812932821197
turbine_2,2025-12-26T18:00:00Z,2025-12-28T10:00:00Z,40.0,0.9083333333333332,0.9572136299273171,0.8600231856167442
turbine_2,2025-12-26T18:00:00Z,2025-12-28T11:00:00Z,41.0,0.9,0.8980048474236184,0.8464900048940047
turbine_2,2025-12-26T18:00:00Z,2025-12-28T12:00:00Z,42.0,0.9516666666666668,0.8846731709504232,0.8370404494668543
turbine_2,2025-12-26T18:00:00Z,2025-12-28T13:00:00Z,43.0,0.5816666666666667,0.8430442541643124,0.8107345792952205
turbine_2,2025-12-26T18:00:00Z,2025-12-28T14:00:00Z,44.0,0.8333333333333334,0.845574114641255,0.8021197466395387
turbine_2,2025-12-26T18:00:00Z,2025-12-28T15:00:00Z,45.0,0.4216666666666667,0.838475334149325,0.793895721772736
turbine_2,2025-12-26T18:00:00Z,2025-12-28T16:00:00Z,46.0,0.4533333333333333,0.8367112996897484,0.7664645200002986
turbine_2,2025-12-26T18:00:00Z,2025-12-28T17:00:00Z,47.0,0.2649999999999999,0.849873864279019,0.7622126235418131
turbine_2,2025-12-26T18:00:00Z,2025-12-28T18:00:00Z,48.0,0.4166666666666667,0.828612148329331,0.7430160218676131
turbine_2,2025-12-27T18:00:00Z,2025-12-27T19:00:00Z,1.0,0.6833333333333332,0.5874329955908911,0.5492650612657513
turbine_2,2025-12-27T18:00:00Z,2025-12-27T20:00:00Z,2.0,0.5966666666666667,0.6178673866689766,0.5532741908528866
turbine_2,2025-12-27T18:00:00Z,2025-12-27T21:00:00Z,3.0,0.8816666666666667,0.634225227510357,0.5760191279433153
turbine_2,2025-12-27T18:00:00Z,2025-12-27T22:00:00Z,4.0,0.875,0.6612144655507183,0.6259601894762896
turbine_2,2025-12-27T18:00:00Z,2025-12-27T23:00:00Z,5.0,0.945,0.6449916698374308,0.6095274941160169
turbine_2,2025-12-27T18:00:00Z,2025-12-28T00:00:00Z,6.0,0.8983333333333333,0.6605315298630731,0.6025875422248377
turbine_2,2025-12-27T18:00:00Z,2025-12-28T01:00:00Z,7.0,0.8566666666666666,0.6587760242927804,0.6115079767628508
turbine_2,2025-12-27T18:00:00Z,2025-12-28T02:00:00Z,8.0,0.6983333333333334,0.7667893840091411,0.7398505048956788
turbine_2,2025-12-27T18:00:00Z,2025-12-28T03:00:00Z,9.0,0.7050000000000001,0.8565833197997845,0.8047829507401127
turbine_2,2025-12-27T18:00:00Z,2025-12-28T04:00:00Z,10.0,0.625,0.9183205368367758,0.8617335629776093
turbine_2,2025-12-27T18:00:00Z,2025-12-28T05:00:00Z,11.0,0.7566666666666667,0.9419224371597261,0.9020611753133343
turbine_2,2025-12-27T18:00:00Z,2025-12-28T06:00:00Z,12.0,0.9233333333333332,0.9629020637395639,0.9170336297681736
turbine_2,2025-12-27T18:00:00Z,2025-12-28T07:00:00Z,13.0,0.8566666666666666,0.9667532186160815,0.9208951766502386
turbine_2,2025-12-27T18:00:00Z,2025-12-28T08:00:00Z,14.0,0.8666666666666667,0.9730371169887897,0.9313671201138962
turbine_2,2025-12-27T18:00:00Z,2025-12-28T09:00:00Z,15.0,0.8166666666666668,0.9751349715504889,0.9181136558624634
turbine_2,2025-12-27T18:00:00Z,2025-12-28T10:00:00Z,16.0,0.9083333333333332,0.9524922147325947,0.8686499560797405
turbine_2,2025-12-27T18:00:00Z,2025-12-28T11:00:00Z,17.0,0.9,0.9043338277460637,0.8497655165015932
turbine_2,2025-12-27T18:00:00Z,2025-12-28T12:00:00Z,18.0,0.9516666666666668,0.8399005484562626,0.781394052617955
turbine_2,2025-12-27T18:00:00Z,2025-12-28T13:00:00Z,19.0,0.5816666666666667,0.8473073308091017,0.7681535820824648
turbine_2,2025-12-27T18:00:00Z,2025-12-28T14:00:00Z,20.0,0.8333333333333334,0.8383956942045596,0.7475938152988164
turbine_2,2025-12-27T18:00:00Z,2025-12-28T15:00:00Z,21.0,0.4216666666666667,0.8120965268247886,0.7193223162813434
turbine_2,2025-12-27T18:00:00Z,2025-12-28T16:00:00Z,22.0,0.4533333333333333,0.7065172401141795,0.6775237724363812
turbine_2,2025-12-27T18:00:00Z,2025-12-28T17:00:00Z,23.0,0.2649999999999999,0.6640801287336755,0.6286769293434631
turbine_2,2025-12-27T18:00:00Z,2025-12-28T18:00:00Z,24.0,0.4166666666666667,0.26123053514217776,0.45260875106477544
turbine_2,2025-12-27T18:00:00Z,2025-12-28T19:00:00Z,25.0,0.3483333333333333,0.14191571224156854,0.32824827746188245
turbine_2,2025-12-27T18:00:00Z,2025-12-28T20:00:00Z,26.0,0.3066666666666666,0.09308839491434873,0.27860736662179175
turbine_2,2025-12-27T18:00:00Z,2025-12-28T21:00:00Z,27.0,0.3583333333333333,0.08134312091032923,0.2784524334588605
turbine_2,2025-12-27T18:00:00Z,2025-12-28T22:00:00Z,28.0,0.36,0.10538990614229862,0.3271415529852665
turbine_2,2025-12-27T18:00:00Z,2025-12-28T23:00:00Z,29.0,0.2433333333333333,0.09942603884916626,0.3182524310064211
turbine_2,2025-12-27T18:00:00Z,2025-12-29T00:00:00Z,30.0,0.2766666666666666,0.23193024898838815,0.38178450608949444
turbine_2,2025-12-27T18:00:00Z,2025-12-29T01:00:00Z,31.0,0.4566666666666667,0.4234943800714084,0.4910493432679436
turbine_2,2025-12-27T18:00:00Z,2025-12-29T02:00:00Z,32.0,0.5733333333333334,0.45558501223574727,0.530604972258859
turbine_2,2025-12-27T18:00:00Z,2025-12-29T03:00:00Z,33.0,0.7916666666666666,0.44802589768462603,0.5087067849388287
turbine_2,2025-12-27T18:00:00Z,2025-12-29T04:00:00Z,34.0,0.5316666666666666,0.6003283567467863,0.5873729056710143
turbine_2,2025-12-27T18:00:00Z,2025-12-29T05:00:00Z,35.0,0.2966666666666667,0.8295229916055858,0.7590285468478846
turbine_2,2025-12-27T18:00:00Z,2025-12-29T06:00:00Z,36.0,0.215,0.919817188674328,0.8383764930416242
turbine_2,2025-12-27T18:00:00Z,2025-12-29T07:00:00Z,37.0,0.6583333333333333,0.962796755904703,0.9015559024219161
turbine_2,2025-12-27T18:00:00Z,2025-12-29T08:00:00Z,38.0,0.5433333333333333,0.8900665302355446,0.7519656788241946
turbine_2,2025-12-27T18:00:00Z,2025-12-29T09:00:00Z,39.0,0.7433333333333333,0.7020159307379791,0.688161274387936
turbine_2,2025-12-27T18:00:00Z,2025-12-29T10:00:00Z,40.0,0.9216666666666667,0.5731333362502365,0.7606169957087345
turbine_2,2025-12-27T18:00:00Z,2025-12-29T11:00:00Z,41.0,0.9516666666666668,0.5714276803734188,0.7143808601864386
turbine_2,2025-12-27T18:00:00Z,2025-12-29T12:00:00Z,42.0,0.9733333333333332,0.6271624502318447,0.7457460239503733
turbine_2,2025-12-27T18:00:00Z,2025-12-29T13:00:00Z,43.0,0.9716666666666668,0.7386404877201637,0.7484456680135606
turbine_2,2025-12-27T18:00:00Z,2025-12-29T14:00:00Z,44.0,0.975,0.7493488122580864,0.7234884833975297
turbine_2,2025-12-27T18:00:00Z,2025-12-29T15:00:00Z,45.0,0.975,0.8167095556287123,0.7711688699978321
turbine_2,2025-12-27T18:00:00Z,2025-12-29T16:00:00Z,46.0,0.97,0.8664379882308731,0.8138000462640126
turbine_2,2025-12-27T18:00:00Z,2025-12-29T17:00:00Z,47.0,0.9733333333333332,0.9136121664505409,0.8392496820068525
turbine_2,2025-12-27T18:00:00Z,2025-12-29T18:00:00Z,48.0,0.97,0.9197952200724968,0.8035925231908531
turbine_2,2025-12-28T18:00:00Z,2025-12-28T19:00:00Z,1.0,0.3483333333333333,0.07824886959660934,0.18634227075998092
turbine_2,2025-12-28T18:00:00Z,2025-12-28T20:00:00Z,2.0,0.3066666666666666,0.0647459030156527,0.16502798474566752
turbine_2,2025-12-28T18:00:00Z,2025-12-28T21:00:00Z,3.0,0.3583333333333333,0.09742865110096445,0.29162787906960397
turbine_2,2025-12-28T18:00:00Z,2025-12-28T22:00:00Z,4.0,0.36,0.10019667369833107,0.33233867966059405
turbine_2,2025-12-28T18:00:00Z,2025-12-28T23:00:00Z,5.0,0.2433333333333333,0.21437178572163043,0.3637479295731583
turbine_2,2025-12-28T18:00:00Z,2025-12-29T00:00:00Z,6.0,0.2766666666666666,0.43440045068654143,0.501681830344709
turbine_2,2025-12-28T18:00:00Z,2025-12-29T01:00:00Z,7.0,0.4566666666666667,0.4491557713622919,0.5500640094422485
turbine_2,2025-12-28T18:00:00Z,2025-12-29T02:00:00Z,8.0,0.5733333333333334,0.5735492676431039,0.5979336003935021
turbine_2,2025-12-28T18:00:00Z,2025-12-29T03:00:00Z,9.0,0.7916666666666666,0.6688926944448288,0.6441052244236329
turbine_2,2025-12-28T18:00:00Z,2025-12-29T04:00:00Z,10.0,0.5316666666666666,0.7282520673174547,0.7186286050367536
turbine_2,2025-12-28T18:00:00Z,2025-12-29T05:00:00Z,11.0,0.2966666666666667,0.8866127516852735,0.8164918748694188
turbine_2,2025-12-28T18:00:00Z,2025-12-29T06:00:00Z,12.0,0.215,0.9639571740477955,0.9140773831421694
turbine_2,2025-12-28T18:00:00Z,2025-12-29T07:00:00Z,13.0,0.6583333333333333,0.9669639351014734,0.9226661156104338
turbine_2,2025-12-28T18:00:00Z,2025-12-29T08:00:00Z,14.0,0.5433333333333333,0.9721128441979698,0.9251207282869401
turbine_2,2025-12-28T18:00:00Z,2025-12-29T09:00:00Z,15.0,0.7433333333333333,0.9310258107078849,0.8498057813189683
turbine_2,2025-12-28T18:00:00Z,2025-12-29T10:00:00Z,16.0,0.9216666666666667,0.9003697423521113,0.8325149380977387
turbine_2,2025-12-28T18:00:00Z,2025-12-29T11:00:00Z,17.0,0.9516666666666668,0.845891046563746,0.8070788087871777
turbine_2,2025-12-28T18:00:00Z,2025-12-29T12:00:00Z,18.0,0.9733333333333332,0.8522220617394635,0.8001687270663516
turbine_2,2025-12-28T18:00:00Z,2025-12-29T13:00:00Z,19.0,0.9716666666666668,0.9024118252594105,0.8184972391791218
turbine_2,2025-12-28T18:00:00Z,2025-12-29T14:00:00Z,20.0,0.975,0.8959274533548937,0.8284651879821517
turbine_2,2025-12-28T18:00:00Z,2025-12-29T15:00:00Z,21.0,0.975,0.9305365332905063,0.8545263829679771
turbine_2,2025-12-28T18:00:00Z,2025-12-29T16:00:00Z,22.0,0.97,0.9534448970882397,0.8742815150230058
turbine_2,2025-12-28T18:00:00Z,2025-12-29T17:00:00Z,23.0,0.9733333333333332,0.9758177532206609,0.8769314789734958
turbine_2,2025-12-28T18:00:00Z,2025-12-29T18:00:00Z,24.0,0.97,0.9595067001634814,0.8605962805324706
turbine_2,2025-12-28T18:00:00Z,2025-12-29T19:00:00Z,25.0,0.9783333333333334,0.9520504277706683,0.8609764117609439
turbine_2,2025-12-28T18:00:00Z,2025-12-29T20:00:00Z,26.0,0.98,0.9524152156527099,0.8610040249096684
turbine_2,2025-12-28T18:00:00Z,2025-12-29T21:00:00Z,27.0,0.98,0.9425609641500061,0.8745312338280783
turbine_2,2025-12-28T18:00:00Z,2025-12-29T22:00:00Z,28.0,0.98,0.9316701609672728,0.8718350230958033
turbine_2,2025-12-28T18:00:00Z,2025-12-29T23:00:00Z,29.0,0.98,0.9318048609472146,0.866731085606472
turbine_2,2025-12-28T18:00:00Z,2025-12-30T00:00:00Z,30.0,0.9766666666666666,0.9318521949521135,0.8615838662627396
turbine_2,2025-12-28T18:00:00Z,2025-12-30T01:00:00Z,31.0,0.98,0.9318798383760528,0.8549279611104924
turbine_2,2025-12-28T18:00:00Z,2025-12-30T02:00:00Z,32.0,0.9716666666666668,0.9308016433981031,0.8876571859915628
turbine_2,2025-12-28T18:00:00Z,2025-12-30T03:00:00Z,33.0,0.8450000000000001,0.9311398342902659,0.8966499258145573
turbine_2,2025-12-28T18:00:00Z,2025-12-30T04:00:00Z,34.0,0.9566666666666668,0.9210373489030149,0.8685067394473515
turbine_2,2025-12-28T18:00:00Z,2025-12-30T05:00:00Z,35.0,0.9416666666666668,0.4472250526981094,0.5501641774319681
turbine_2,2025-12-28T18:00:00Z,2025-12-30T06:00:00Z,36.0,0.9316666666666666,0.24549405304237096,0.44343338345380495
turbine_2,2025-12-28T18:00:00Z,2025-12-30T07:00:00Z,37.0,0.9716666666666668,0.1631515470821299,0.32548077622017846
turbine_2,2025-12-28T18:00:00Z,2025-12-30T08:00:00Z,38.0,0.96,0.2805522631194787,0.4206548263954208
turbine_2,2025-12-28T18:00:00Z,2025-12-30T09:00:00Z,39.0,0.97,0.25296723257086845,0.41837282971394457
turbine_2,2025-12-28T18:00:00Z,2025-12-30T10:00:00Z,40.0,0.97,0.11701427985693258,0.22918892776634808
turbine_2,2025-12-28T18:00:00Z,2025-12-30T11:00:00Z,41.0,0.97,0.1012847258927826,0.20983567318314852
turbine_2,2025-12-28T18:00:00Z,2025-12-30T12:00:00Z,42.0,0.97,0.19925479235567847,0.4535135241334112
turbine_2,2025-12-28T18:00:00Z,2025-12-30T13:00:00Z,43.0,0.9516666666666668,0.4251182231223605,0.6007387520796746
turbine_2,2025-12-28T18:00:00Z,2025-12-30T14:00:00Z,44.0,0.9516666666666668,0.6431846821448819,0.7488225958497815
turbine_2,2025-12-28T18:00:00Z,2025-12-30T15:00:00Z,45.0,0.625,0.5470755707354842,0.7089248332141223
turbine_2,2025-12-28T18:00:00Z,2025-12-30T16:00:00Z,46.0,0.8266666666666667,0.6128326932801622,0.6416889483309758
turbine_2,2025-12-28T18:00:00Z,2025-12-30T17:00:00Z,47.0,0.68,0.5870560682397781,0.6600760810030931
turbine_2,2025-12-28T18:00:00Z,2025-12-30T18:00:00Z,48.0,0.89,0.3380669396307523,0.4979555153889785
turbine_2,2025-12-29T18:00:00Z,2025-12-29T19:00:00Z,1.0,0.9783333333333334,0.9299061962404751,0.8623674069313079
turbine_2,2025-12-29T18:00:00Z,2025-12-29T20:00:00Z,2.0,0.98,0.9302709841225167,0.8610040249096684
turbine_2,2025-12-29T18:00:00Z,2025-12-29T21:00:00Z,3.0,0.98,0.9399936097083132,0.8765454446786262
turbine_2,2025-12-29T18:00:00Z,2025-12-29T22:00:00Z,4.0,0.98,0.92910280652558,0.8734843150617638
turbine_2,2025-12-29T18:00:00Z,2025-12-29T23:00:00Z,5.0,0.98,0.9285192849607758,0.8683803775724326
turbine_2,2025-12-29T18:00:00Z,2025-12-30T00:00:00Z,6.0,0.9766666666666666,0.9359299167725531,0.8615838662627396
turbine_2,2025-12-29T18:00:00Z,2025-12-30T01:00:00Z,7.0,0.98,0.9358442675044377,0.8569421719610402
turbine_2,2025-12-29T18:00:00Z,2025-12-30T02:00:00Z,8.0,0.9716666666666668,0.9347660725264881,0.8896713968421106
turbine_2,2025-12-29T18:00:00Z,2025-12-30T03:00:00Z,9.0,0.8450000000000001,0.9326132756597018,0.896536426847818
turbine_2,2025-12-29T18:00:00Z,2025-12-30T04:00:00Z,10.0,0.9566666666666668,0.8014518005441968,0.78226878209235
turbine_2,2025-12-29T18:00:00Z,2025-12-30T05:00:00Z,11.0,0.9416666666666668,0.33466135992390456,0.5035263132280587
turbine_2,2025-12-29T18:00:00Z,2025-12-30T06:00:00Z,12.0,0.9316666666666666,0.1612601820578286,0.31057112351772304
turbine_2,2025-12-29T18:00:00Z,2025-12-30T07:00:00Z,13.0,0.9716666666666668,0.13641736273896868,0.26671241849141536
turbine_2,2025-12-29T18:00:00Z,2025-12-30T08:00:00Z,14.0,0.96,0.202661927394532,0.34026085706065773
turbine_2,2025-12-29T18:00:00Z,2025-12-30T09:00:00Z,15.0,0.97,0.11783642722876035,0.2218376011185795
turbine_2,2025-12-29T18:00:00Z,2025-12-30T10:00:00Z,16.0,0.97,0.07788249605636993,0.18548029241361352
turbine_2,2025-12-29T18:00:00Z,2025-12-30T11:00:00Z,17.0,0.97,0.08077239631233657,0.18694040410137153
turbine_2,2025-12-29T18:00:00Z,2025-12-30T12:00:00Z,18.0,0.97,0.058345294562331895,0.1732119265407623
turbine_2,2025-12-29T18:00:00Z,2025-12-30T13:00:00Z,19.0,0.9516666666666668,0.07170138749581922,0.17226281319553224
turbine_2,2025-12-29T18:00:00Z,2025-12-30T14:00:00Z,20.0,0.9516666666666668,0.14086636594195168,0.2950452566119733
turbine_2,2025-12-29T18:00:00Z,2025-12-30T15:00:00Z,21.0,0.625,0.24396726688076348,0.5238799455090386
turbine_2,2025-12-29T18:00:00Z,2025-12-30T16:00:00Z,22.0,0.8266666666666667,0.23467264602718116,0.45089767207231884
turbine_2,2025-12-29T18:00:00Z,2025-12-30T17:00:00Z,23.0,0.68,0.24972914837210985,0.45901708455758466
turbine_2,2025-12-29T18:00:00Z,2025-12-30T18:00:00Z,24.0,0.89,0.42964423291401677,0.538259828942863
turbine_2,2025-12-29T18:00:00Z,2025-12-30T19:00:00Z,25.0,0.375,0.3275978759745466,0.4846406685346989
turbine_2,2025-12-29T18:00:00Z,2025-12-30T20:00:00Z,26.0,0.235,0.3096772967742464,0.4420494384136107
turbine_2,2025-12-29T18:00:00Z,2025-12-30T21:00:00Z,27.0,0.125,0.1106583423897943,0.32392060813606494
turbine_2,2025-12-29T18:00:00Z,2025-12-30T22:00:00Z,28.0,0.0133333333333333,0.06414581388629399,0.22652820012383945
turbine_2,2025-12-29T18:00:00Z,2025-12-30T23:00:00Z,29.0,0.01,0.0355495720139648,0.08135524268343819
turbine_2,2025-12-29T18:00:00Z,2025-12-31T00:00:00Z,30.0,0.01,0.029320243714167443,0.06614764368177167
turbine_2,2025-12-29T18:00:00Z,2025-12-31T01:00:00Z,31.0,0.01,0.023778644404010063,0.0534139766674519
turbine_2,2025-12-29T18:00:00Z,2025-12-31T02:00:00Z,32.0,0.01,0.011914041172503942,0.05475134182090591
turbine_2,2025-12-29T18:00:00Z,2025-12-31T03:00:00Z,33.0,0.01,0.017445594509626072,0.05677036833307525
turbine_2,2025-12-29T18:00:00Z,2025-12-31T04:00:00Z,34.0,0.0616666666666666,0.009200285817594578,0.057590190368707384
turbine_2,2025-12-29T18:00:00Z,2025-12-31T05:00:00Z,35.0,0.115,0.022680332567110717,0.06688760369513436
turbine_2,2025-12-29T18:00:00Z,2025-12-31T06:00:00Z,36.0,0.0866666666666666,0.02737818185445079,0.0934162736035909
turbine_2,2025-12-29T18:00:00Z,2025-12-31T07:00:00Z,37.0,0.19,0.03834336453363729,0.12352445955934777
turbine_2,2025-12-29T18:00:00Z,2025-12-31T08:00:00Z,38.0,0.3616666666666666,0.06925167227599541,0.17675900439905712
turbine_2,2025-12-29T18:00:00Z,2025-12-31T09:00:00Z,39.0,0.1016666666666666,0.0729282430615301,0.1592407442685787
turbine_2,2025-12-29T18:00:00Z,2025-12-31T10:00:00Z,40.0,0.0083333333333333,0.0969788141241873,0.2156150414373788
turbine_2,2025-12-29T18:00:00Z,2025-12-31T11:00:00Z,41.0,0.005,0.11208348795421108,0.26270105043094505
turbine_2,2025-12-29T18:00:00Z,2025-12-31T12:00:00Z,42.0,0.0366666666666666,0.12697609138280921,0.3074403582221252
turbine_2,2025-12-29T18:00:00Z,2025-12-31T13:00:00Z,43.0,0.0766666666666666,0.16394070595940768,0.28059555399559244
turbine_2,2025-12-29T18:00:00Z,2025-12-31T14:00:00Z,44.0,0.0133333333333333,0.17835706040529883,0.3980827462546573
turbine_2,2025-12-29T18:00:00Z,2025-12-31T15:00:00Z,45.0,0.0183333333333333,0.17071265115221332,0.32917379891332865
turbine_2,2025-12-29T18:00:00Z,2025-12-31T16:00:00Z,46.0,0.0216666666666666,0.16145500253646713,0.2787556384472965
turbine_2,2025-12-30T18:00:00Z,2025-12-30T19:00:00Z,1.0,0.375,0.11059158128673778,0.29094998864066024
turbine_2,2025-12-30T18:00:00Z,2025-12-30T20:00:00Z,2.0,0.235,0.08715967430961846,0.24138664889149483
turbine_2,2025-12-30T18:00:00Z,2025-12-30T21:00:00Z,3.0,0.125,0.03198452755078038,0.1004628369152786
turbine_2,2025-12-30T18:00:00Z,2025-12-30T22:00:00Z,4.0,0.0133333333333333,0.025260417158312565,0.060757073751106616
turbine_2,2025-12-30T18:00:00Z,2025-12-30T23:00:00Z,5.0,0.01,0.01150194173625843,0.0585951289206707
turbine_2,2025-12-30T18:00:00Z,2025-12-31T00:00:00Z,6.0,0.01,0.016407791620982298,0.0533754321049813
turbine_2,2025-12-30T18:00:00Z,2025-12-31T01:00:00Z,7.0,0.01,0.008158237657912598,0.05433753600239777
turbine_2,2025-12-30T18:00:00Z,2025-12-31T02:00:00Z,8.0,0.01,0.01252499338314006,0.055429864884940894
turbine_2,2025-12-30T18:00:00Z,2025-12-31T03:00:00Z,9.0,0.01,0.010108802353163887,0.05816433780623187
turbine_2,2025-12-30T18:00:00Z,2025-12-31T04:00:00Z,10.0,0.0616666666666666,0.010146606809223524,0.05752667404570305
turbine_2,2025-12-30T18:00:00Z,2025-12-31T05:00:00Z,11.0,0.115,0.020675981658246745,0.05626801427573236
turbine_2,2025-12-30T18:00:00Z,2025-12-31T06:00:00Z,12.0,0.0866666666666666,0.03447188243495272,0.09982775162833404
turbine_2,2025-12-30T18:00:00Z,2025-12-31T07:00:00Z,13.0,0.19,0.08347688514646114,0.20311271410270487
turbine_2,2025-12-30T18:00:00Z,2025-12-31T08:00:00Z,14.0,0.3616666666666666,0.17389447740648167,0.3374068765232456
turbine_2,2025-12-30T18:00:00Z,2025-12-31T09:00:00Z,15.0,0.1016666666666666,0.31252567332357195,0.47611496868544223
turbine_2,2025-12-30T18:00:00Z,2025-12-31T10:00:00Z,16.0,0.0083333333333333,0.21005971693138126,0.4257327573379043
turbine_2,2025-12-30T18:00:00Z,2025-12-31T11:00:00Z,17.0,0.005,0.29112367234551184,0.5455808519685943
turbine_2,2025-12-30T18:00:00Z,2025-12-31T12:00:00Z,18.0,0.0366666666666666,0.2930715548724535,0.5547301318971279
turbine_2,2025-12-30T18:00:00Z,2025-12-31T13:00:00Z,19.0,0.0766666666666666,0.43041570994655676,0.6228276022484481
turbine_2,2025-12-30T18:00:00Z,2025-12-31T14:00:00Z,20.0,0.0133333333333333,0.5506942643674347,0.7052479875912274
turbine_2,2025-12-30T18:00:00Z,2025-12-31T15:00:00Z,21.0,0.0183333333333333,0.4514357794717344,0.6238563185084799
turbine_2,2025-12-30T18:00:00Z,2025-12-31T16:00:00Z,22.0,0.0216666666666666,0.25521018869870576,0.4957629647432033
