site_id,forecast_origin,target_time,lead_hours,actual,incumbent_prediction,candidate_prediction
turbine_2,2025-11-30T18:00:00Z,2025-11-30T19:00:00Z,1.0,0.01,0.023540508594176696,0.01821283115229194
turbine_2,2025-11-30T18:00:00Z,2025-11-30T20:00:00Z,2.0,0.01,0.022358392555625273,0.021690943865749268
turbine_2,2025-11-30T18:00:00Z,2025-11-30T21:00:00Z,3.0,0.0083333333333333,0.025878691386394065,0.019593645349169603
turbine_2,2025-11-30T18:00:00Z,2025-11-30T22:00:00Z,4.0,0.0083333333333333,0.02447491934942031,0.016365654606836116
turbine_2,2025-11-30T18:00:00Z,2025-11-30T23:00:00Z,5.0,0.0083333333333333,0.028566728495031946,0.017052312434668065
turbine_2,2025-11-30T18:00:00Z,2025-12-01T00:00:00Z,6.0,0.0116666666666666,0.031580820291483624,0.023556390916621817
turbine_2,2025-11-30T18:00:00Z,2025-12-01T01:00:00Z,7.0,0.0116666666666666,0.04069790220543362,0.03914075392722349
turbine_2,2025-11-30T18:00:00Z,2025-12-01T02:00:00Z,8.0,0.055,0.08520356045023217,0.09043580187225797
turbine_2,2025-11-30T18:00:00Z,2025-12-01T03:00:00Z,9.0,0.0633333333333333,0.2869689102589009,0.3054379884127232
turbine_2,2025-11-30T18:00:00Z,2025-12-01T04:00:00Z,10.0,0.1533333333333333,0.45222348594270445,0.48019329276801176
turbine_2,2025-11-30T18:00:00Z,2025-12-01T05:00:00Z,11.0,0.1566666666666666,0.7296226771580293,0.7295550906072438
turbine_2,2025-11-30T18:00:00Z,2025-12-01T06:00:00Z,12.0,0.1316666666666666,0.8871572887384491,0.8962136433840693
turbine_2,2025-11-30T18:00:00Z,2025-12-01T07:00:00Z,13.0,0.6416666666666667,0.95540509412124,0.9374183158967494
turbine_2,2025-11-30T18:00:00Z,2025-12-01T08:00:00Z,14.0,0.96,0.9672437041160185,0.9484040985054573
turbine_2,2025-11-30T18:00:00Z,2025-12-01T09:00:00Z,15.0,0.9633333333333332,0.9512061242337324,0.9481806691584064
turbine_2,2025-11-30T18:00:00Z,2025-12-01T10:00:00Z,16.0,0.8733333333333334,0.8991067629492454,0.9106157923072996
turbine_2,2025-11-30T18:00:00Z,2025-12-01T11:00:00Z,17.0,0.7066666666666667,0.8337861586003076,0.859869173725201
turbine_2,2025-11-30T18:00:00Z,2025-12-01T12:00:00Z,18.0,0.5833333333333334,0.7096697873848826,0.7282982704180959
turbine_2,2025-11-30T18:00:00Z,2025-12-01T13:00:00Z,19.0,0.7000000000000001,0.630337427649664,0.6504362766989125
turbine_2,2025-11-30T18:00:00Z,2025-12-01T14:00:00Z,20.0,0.8983333333333333,0.5489650360989013,0.5908595654014966
turbine_2,2025-11-30T18:00:00Z,2025-12-01T15:00:00Z,21.0,0.975,0.557345564640964,0.5912512892649033
turbine_2,2025-11-30T18:00:00Z,2025-12-01T16:00:00Z,22.0,0.9466666666666668,0.5848466460741273,0.5790606515903254
turbine_2,2025-11-30T18:00:00Z,2025-12-01T17:00:00Z,23.0,0.9616666666666666,0.5848466460741273,0.5722868876464616
turbine_2,2025-11-30T18:00:00Z,2025-12-01T18:00:00Z,24.0,0.8816666666666667,0.5076931027755693,0.524229986449853
turbine_2,2025-11-30T18:00:00Z,2025-12-01T19:00:00Z,25.0,0.62,0.5529854890249086,0.5019924832006083
turbine_2,2025-11-30T18:00:00Z,2025-12-01T20:00:00Z,26.0,0.5316666666666666,0.5214239616554375,0.47811402197502884
turbine_2,2025-11-30T18:00:00Z,2025-12-01T21:00:00Z,27.0,0.145,0.5236438262050351,0.4776272189485622
turbine_2,2025-11-30T18:00:00Z,2025-12-01T22:00:00Z,28.0,0.0233333333333333,0.47123697715552865,0.4492270732566064
turbine_2,2025-11-30T18:00:00Z,2025-12-01T23:00:00Z,29.0,0.0266666666666666,0.38522902309065343,0.39426278217031935
turbine_2,2025-11-30T18:00:00Z,2025-12-02T00:00:00Z,30.0,0.0249999999999999,0.24446572693659332,0.2320144059526122
turbine_2,2025-11-30T18:00:00Z,2025-12-02T01:00:00Z,31.0,0.0333333333333333,0.08353015165951405,0.1064515414499614
turbine_2,2025-11-30T18:00:00Z,2025-12-02T02:00:00Z,32.0,0.0999999999999999,0.056758957832161436,0.053339669667210474
turbine_2,2025-11-30T18:00:00Z,2025-12-02T03:00:00Z,33.0,0.1483333333333333,0.03889195887620764,0.0351892948562566
turbine_2,2025-11-30T18:00:00Z,2025-12-02T04:00:00Z,34.0,0.1283333333333333,0.01560103532044907,0.016853815906711173
turbine_2,2025-11-30T18:00:00Z,2025-12-02T05:00:00Z,35.0,0.075,0.012132395137584878,0.02006561134564608
turbine_2,2025-11-30T18:00:00Z,2025-12-02T06:00:00Z,36.0,0.0966666666666666,0.015600547319054248,0.014156412985427275
turbine_2,2025-11-30T18:00:00Z,2025-12-02T07:00:00Z,37.0,0.0783333333333333,0.02656037501559294,0.018605053082343725
turbine_2,2025-11-30T18:00:00Z,2025-12-02T08:00:00Z,38.0,0.0466666666666666,0.032604942685766025,0.02495198739918525
turbine_2,2025-11-30T18:00:00Z,2025-12-02T09:00:00Z,39.0,0.0716666666666666,0.037752946583272856,0.026288206680078946
turbine_2,2025-11-30T18:00:00Z,2025-12-02T10:00:00Z,40.0,0.045,0.04196315521193786,0.03750995320597206
turbine_2,2025-11-30T18:00:00Z,2025-12-02T11:00:00Z,41.0,0.0083333333333333,0.08743369006141075,0.08003054071879334
turbine_2,2025-11-30T18:00:00Z,2025-12-02T12:00:00Z,42.0,0.01,0.10818037589433308,0.099774309139003
turbine_2,2025-11-30T18:00:00Z,2025-12-02T13:00:00Z,43.0,0.01,0.11888559356920447,0.12454926966447744
turbine_2,2025-11-30T18:00:00Z,2025-12-02T14:00:00Z,44.0,0.0083333333333333,0.08824161126605845,0.11427649876703547
turbine_2,2025-11-30T18:00:00Z,2025-12-02T15:00:00Z,45.0,0.0066666666666666,0.07046883148062238,0.062357573189078475
turbine_2,2025-11-30T18:00:00Z,2025-12-02T16:00:00Z,46.0,0.0116666666666666,0.04509763954506532,0.044986377539207145
turbine_2,2025-11-30T18:00:00Z,2025-12-02T17:00:00Z,47.0,0.0083333333333333,0.04029550323973294,0.040305781873348295
turbine_2,2025-11-30T18:00:00Z,2025-12-02T18:00:00Z,48.0,0.01,0.0352774435932188,0.03343018288277044
turbine_2,2025-12-01T18:00:00Z,2025-12-01T19:00:00Z,1.0,0.62,0.428767012921061,0.4072984392848028
turbine_2,2025-12-01T18:00:00Z,2025-12-01T20:00:00Z,2.0,0.5316666666666666,0.3614950840129547,0.3586233826302633
turbine_2,2025-12-01T18:00:00Z,2025-12-01T21:00:00Z,3.0,0.145,0.3970056360408404,0.36066243842177237
turbine_2,2025-12-01T18:00:00Z,2025-12-01T22:00:00Z,4.0,0.0233333333333333,0.28536774879979526,0.27990437706348015
turbine_2,2025-12-01T18:00:00Z,2025-12-01T23:00:00Z,5.0,0.0266666666666666,0.09605014163667505,0.11819852917656809
turbine_2,2025-12-01T18:00:00Z,2025-12-02T00:00:00Z,6.0,0.0249999999999999,0.053724237315317044,0.047671253512213074
turbine_2,2025-12-01T18:00:00Z,2025-12-02T01:00:00Z,7.0,0.0333333333333333,0.034320060468299024,0.018431398660336024
turbine_2,2025-12-01T18:00:00Z,2025-12-02T02:00:00Z,8.0,0.0999999999999999,0.018403963730543982,0.01241000415786056
turbine_2,2025-12-01T18:00:00Z,2025-12-02T03:00:00Z,9.0,0.1483333333333333,0.012818886620693859,0.011294231532572085
turbine_2,2025-12-01T18:00:00Z,2025-12-02T04:00:00Z,10.0,0.1283333333333333,0.0126881676431852,0.014989853989349045
turbine_2,2025-12-01T18:00:00Z,2025-12-02T05:00:00Z,11.0,0.075,0.012586699785234384,0.015201396662919087
turbine_2,2025-12-01T18:00:00Z,2025-12-02T06:00:00Z,12.0,0.0966666666666666,0.015753005414687937,0.016489976217750835
turbine_2,2025-12-01T18:00:00Z,2025-12-02T07:00:00Z,13.0,0.0783333333333333,0.02944597640217883,0.027076538884022228
turbine_2,2025-12-01T18:00:00Z,2025-12-02T08:00:00Z,14.0,0.0466666666666666,0.03290288621615334,0.023843980958003858
turbine_2,2025-12-01T18:00:00Z,2025-12-02T09:00:00Z,15.0,0.0716666666666666,0.05125937340017486,0.03679871858561373
turbine_2,2025-12-01T18:00:00Z,2025-12-02T10:00:00Z,16.0,0.045,0.050284458628112594,0.04461746214611201
turbine_2,2025-12-01T18:00:00Z,2025-12-02T11:00:00Z,17.0,0.0083333333333333,0.07878946299993644,0.06174488908118486
turbine_2,2025-12-01T18:00:00Z,2025-12-02T12:00:00Z,18.0,0.01,0.06524978898525932,0.06570235398340032
turbine_2,2025-12-01T18:00:00Z,2025-12-02T13:00:00Z,19.0,0.01,0.06164809759521894,0.06695414104586189
turbine_2,2025-12-01T18:00:00Z,2025-12-02T14:00:00Z,20.0,0.0083333333333333,0.04747220997810947,0.05224169083402805
turbine_2,2025-12-01T18:00:00Z,2025-12-02T15:00:00Z,21.0,0.0066666666666666,0.03835075250618425,0.03686214345189051
turbine_2,2025-12-01T18:00:00Z,2025-12-02T16:00:00Z,22.0,0.0116666666666666,0.03439466917488304,0.03223013139818873
turbine_2,2025-12-01T18:00:00Z,2025-12-02T17:00:00Z,23.0,0.0083333333333333,0.03453164840387846,0.030896266506531767
turbine_2,2025-12-01T18:00:00Z,2025-12-02T18:00:00Z,24.0,0.01,0.029905411665222925,0.029322148168033302
turbine_2,2025-12-01T18:00:00Z,2025-12-02T19:00:00Z,25.0,0.015,0.03546810003615952,0.026935175734529887
turbine_2,2025-12-01T18:00:00Z,2025-12-02T20:00:00Z,26.0,0.1033333333333333,0.034737386329750514,0.030546784968488866
turbine_2,2025-12-01T18:00:00Z,2025-12-02T21:00:00Z,27.0,0.1733333333333333,0.045889037521207154,0.04233568736139448
turbine_2,2025-12-01T18:00:00Z,2025-12-02T22:00:00Z,28.0,0.2016666666666666,0.06807317948321852,0.07067537674235279
turbine_2,2025-12-01T18:00:00Z,2025-12-02T23:00:00Z,29.0,0.3083333333333333,0.08666654513337116,0.09576555105793004
turbine_2,2025-12-01T18:00:00Z,2025-12-03T00:00:00Z,30.0,0.3216666666666666,0.09529196618408053,0.12452724698840285
turbine_2,2025-12-01T18:00:00Z,2025-12-03T01:00:00Z,31.0,0.345,0.07697277608394182,0.102159178445218
turbine_2,2025-12-01T18:00:00Z,2025-12-03T02:00:00Z,32.0,0.5516666666666666,0.07909922003721664,0.0884873115052326
turbine_2,2025-12-01T18:00:00Z,2025-12-03T03:00:00Z,33.0,0.6316666666666667,0.09123967894724164,0.12503496813642875
turbine_2,2025-12-01T18:00:00Z,2025-12-03T04:00:00Z,34.0,0.6066666666666667,0.17881797302099955,0.18117979699104553
turbine_2,2025-12-01T18:00:00Z,2025-12-03T05:00:00Z,35.0,0.3383333333333334,0.3081868312069703,0.30148321637495673
turbine_2,2025-12-01T18:00:00Z,2025-12-03T06:00:00Z,36.0,0.1716666666666666,0.39279221365148076,0.3946425965335291
turbine_2,2025-12-01T18:00:00Z,2025-12-03T07:00:00Z,37.0,0.29,0.4644780461314246,0.4438887798052506
turbine_2,2025-12-01T18:00:00Z,2025-12-03T08:00:00Z,38.0,0.3133333333333333,0.4495927741018917,0.4519866582454416
turbine_2,2025-12-01T18:00:00Z,2025-12-03T09:00:00Z,39.0,0.175,0.37714512509966525,0.4018286535534237
turbine_2,2025-12-01T18:00:00Z,2025-12-03T10:00:00Z,40.0,0.1166666666666666,0.25620398026859803,0.2833206391018905
turbine_2,2025-12-01T18:00:00Z,2025-12-03T11:00:00Z,41.0,0.1216666666666666,0.2121337697348009,0.20935067301498042
turbine_2,2025-12-01T18:00:00Z,2025-12-03T12:00:00Z,42.0,0.1866666666666666,0.21594912513563108,0.21497701593553684
turbine_2,2025-12-01T18:00:00Z,2025-12-03T13:00:00Z,43.0,0.3016666666666667,0.1613746103864578,0.17153912553909217
turbine_2,2025-12-01T18:00:00Z,2025-12-03T14:00:00Z,44.0,0.3933333333333333,0.1755544983484063,0.1920646790937488
turbine_2,2025-12-01T18:00:00Z,2025-12-03T15:00:00Z,45.0,0.295,0.16995288849891815,0.1943712401583223
turbine_2,2025-12-01T18:00:00Z,2025-12-03T16:00:00Z,46.0,0.1933333333333333,0.2357907012401167,0.2767250650753241
turbine_2,2025-12-01T18:00:00Z,2025-12-03T17:00:00Z,47.0,0.1633333333333333,0.2665088049585853,0.2936517445643031
turbine_2,2025-12-01T18:00:00Z,2025-12-03T18:00:00Z,48.0,0.355,0.2553420808116198,0.29363435308651464
turbine_2,2025-12-02T18:00:00Z,2025-12-02T19:00:00Z,1.0,0.015,0.04157723847253858,0.02888734171269719
turbine_2,2025-12-02T18:00:00Z,2025-12-02T20:00:00Z,2.0,0.1033333333333333,0.04338322138952308,0.03949368954140259
turbine_2,2025-12-02T18:00:00Z,2025-12-02T21:00:00Z,3.0,0.1733333333333333,0.055089958875727776,0.06788194870437808
turbine_2,2025-12-02T18:00:00Z,2025-12-02T22:00:00Z,4.0,0.2016666666666666,0.06993541055343687,0.06947714915986042
turbine_2,2025-12-02T18:00:00Z,2025-12-02T23:00:00Z,5.0,0.3083333333333333,0.08343244731034033,0.08865871853998011
turbine_2,2025-12-02T18:00:00Z,2025-12-03T00:00:00Z,6.0,0.3216666666666666,0.09414909174293745,0.09879276767177858
turbine_2,2025-12-02T18:00:00Z,2025-12-03T01:00:00Z,7.0,0.345,0.08401719584026815,0.10794138593560726
turbine_2,2025-12-02T18:00:00Z,2025-12-03T02:00:00Z,8.0,0.5516666666666666,0.09586724443221045,0.11963461320516601
turbine_2,2025-12-02T18:00:00Z,2025-12-03T03:00:00Z,9.0,0.6316666666666667,0.13040445121106764,0.13675448918768424
turbine_2,2025-12-02T18:00:00Z,2025-12-03T04:00:00Z,10.0,0.6066666666666667,0.18646392513728222,0.192019462058519
turbine_2,2025-12-02T18:00:00Z,2025-12-03T05:00:00Z,11.0,0.3383333333333334,0.3087093769391366,0.28902290599991587
turbine_2,2025-12-02T18:00:00Z,2025-12-03T06:00:00Z,12.0,0.1716666666666666,0.3737520810530663,0.3382992155335368
turbine_2,2025-12-02T18:00:00Z,2025-12-03T07:00:00Z,13.0,0.29,0.4361911682425911,0.40402266788343993
turbine_2,2025-12-02T18:00:00Z,2025-12-03T08:00:00Z,14.0,0.3133333333333333,0.4508732734805363,0.4329897597167181
turbine_2,2025-12-02T18:00:00Z,2025-12-03T09:00:00Z,15.0,0.175,0.3806574763836238,0.377933454048263
turbine_2,2025-12-02T18:00:00Z,2025-12-03T10:00:00Z,16.0,0.1166666666666666,0.32432923163067284,0.32336679921019995
turbine_2,2025-12-02T18:00:00Z,2025-12-03T11:00:00Z,17.0,0.1216666666666666,0.23565909833779103,0.25577752969427436
turbine_2,2025-12-02T18:00:00Z,2025-12-03T12:00:00Z,18.0,0.1866666666666666,0.20899731561874652,0.20029543112843734
turbine_2,2025-12-02T18:00:00Z,2025-12-03T13:00:00Z,19.0,0.3016666666666667,0.22810765893835766,0.2443622069117726
turbine_2,2025-12-02T18:00:00Z,2025-12-03T14:00:00Z,20.0,0.3933333333333333,0.17733784859490126,0.18197827216896836
turbine_2,2025-12-02T18:00:00Z,2025-12-03T15:00:00Z,21.0,0.295,0.2569364869681683,0.28519827620573013
turbine_2,2025-12-02T18:00:00Z,2025-12-03T16:00:00Z,22.0,0.1933333333333333,0.20043264092206192,0.21261407893320278
turbine_2,2025-12-02T18:00:00Z,2025-12-03T17:00:00Z,23.0,0.1633333333333333,0.262460099749948,0.26551716530429487
turbine_2,2025-12-02T18:00:00Z,2025-12-03T18:00:00Z,24.0,0.355,0.19781387906837428,0.2585322270959444
turbine_2,2025-12-02T18:00:00Z,2025-12-03T19:00:00Z,25.0,0.1399999999999999,0.18474387448678867,0.22037317660576553
turbine_2,2025-12-02T18:00:00Z,2025-12-03T20:00:00Z,26.0,0.0816666666666666,0.12798629475864606,0.1583410564565516
turbine_2,2025-12-02T18:00:00Z,2025-12-03T21:00:00Z,27.0,0.1399999999999999,0.18738438993048134,0.2150790424943278
turbine_2,2025-12-02T18:00:00Z,2025-12-03T22:00:00Z,28.0,0.14,0.2305261787011762,0.2690946743235996
turbine_2,2025-12-02T18:00:00Z,2025-12-03T23:00:00Z,29.0,0.075,0.22888661760102763,0.25784428392249825
turbine_2,2025-12-02T18:00:00Z,2025-12-04T00:00:00Z,30.0,0.08,0.4538886564175137,0.464721659134943
turbine_2,2025-12-02T18:00:00Z,2025-12-04T01:00:00Z,31.0,0.075,0.3364222114495641,0.36821553972946214
turbine_2,2025-12-02T18:00:00Z,2025-12-04T02:00:00Z,32.0,0.115,0.357046851997462,0.35369397917089473
turbine_2,2025-12-02T18:00:00Z,2025-12-04T03:00:00Z,33.0,0.17,0.363947050991809,0.3668010619591964
turbine_2,2025-12-02T18:00:00Z,2025-12-04T04:00:00Z,34.0,0.0966666666666666,0.14626576995450596,0.11974376137142984
turbine_2,2025-12-02T18:00:00Z,2025-12-04T05:00:00Z,35.0,0.0416666666666666,0.14230944095194747,0.13025788972060262
turbine_2,2025-12-02T18:00:00Z,2025-12-04T06:00:00Z,36.0,0.0216666666666666,0.10239026522516043,0.11627972538649728
turbine_2,2025-12-02T18:00:00Z,2025-12-04T07:00:00Z,37.0,0.0433333333333333,0.07295735931975628,0.0948739382171357
turbine_2,2025-12-02T18:00:00Z,2025-12-04T08:00:00Z,38.0,0.0416666666666666,0.06462988836525846,0.0818816815345965
turbine_2,2025-12-02T18:00:00Z,2025-12-04T09:00:00Z,39.0,0.065,0.04243307441410607,0.04069523917239917
turbine_2,2025-12-02T18:00:00Z,2025-12-04T10:00:00Z,40.0,0.0166666666666666,0.03359018792081045,0.028644023988807915
turbine_2,2025-12-02T18:00:00Z,2025-12-04T11:00:00Z,41.0,0.15,0.038391747423139194,0.03722572268020041
turbine_2,2025-12-02T18:00:00Z,2025-12-04T12:00:00Z,42.0,0.2183333333333333,0.04246647395879441,0.04208893936466368
turbine_2,2025-12-02T18:00:00Z,2025-12-04T13:00:00Z,43.0,0.15,0.04537243072768643,0.037417016069652115
turbine_2,2025-12-02T18:00:00Z,2025-12-04T14:00:00Z,44.0,0.0566666666666666,0.18410047088261539,0.18851871638525008
turbine_2,2025-12-02T18:00:00Z,2025-12-04T15:00:00Z,45.0,0.01,0.21093012589521967,0.2526497476121805
turbine_2,2025-12-02T18:00:00Z,2025-12-04T16:00:00Z,46.0,0.1216666666666666,0.20515144885082168,0.23729188512459495
turbine_2,2025-12-02T18:00:00Z,2025-12-04T17:00:00Z,47.0,0.0966666666666666,0.16094802650908868,0.20491709674226677
turbine_2,2025-12-02T18:00:00Z,2025-12-04T18:00:00Z,48.0,0.055,0.14143829898993818,0.1822313984860971
turbine_2,2025-12-03T18:00:00Z,2025-12-03T19:00:00Z,1.0,0.1399999999999999,0.13002608112994288,0.14083283994306522
turbine_2,2025-12-03T18:00:00Z,2025-12-03T20:00:00Z,2.0,0.0816666666666666,0.0998177344321304,0.11774927293341378
turbine_2,2025-12-03T18:00:00Z,2025-12-03T21:00:00Z,3.0,0.1399999999999999,0.08251624552405393,0.09145781636954523
turbine_2,2025-12-03T18:00:00Z,2025-12-03T22:00:00Z,4.0,0.14,0.0802791786320672,0.07981506061922986
turbine_2,2025-12-03T18:00:00Z,2025-12-03T23:00:00Z,5.0,0.075,0.0705531157201337,0.08203523736338544
turbine_2,2025-12-03T18:00:00Z,2025-12-04T00:00:00Z,6.0,0.08,0.08364009047193549,0.08556100674831862
turbine_2,2025-12-03T18:00:00Z,2025-12-04T01:00:00Z,7.0,0.075,0.09713086012631034,0.12249211815685901
turbine_2,2025-12-03T18:00:00Z,2025-12-04T02:00:00Z,8.0,0.115,0.07705036144231017,0.07412209683330714
turbine_2,2025-12-03T18:00:00Z,2025-12-04T03:00:00Z,9.0,0.17,0.069692009872237,0.06373507879608152
turbine_2,2025-12-03T18:00:00Z,2025-12-04T04:00:00Z,10.0,0.0966666666666666,0.14326921609671742,0.11308120147206939
turbine_2,2025-12-03T18:00:00Z,2025-12-04T05:00:00Z,11.0,0.0416666666666666,0.1843199356077714,0.202783855126116
turbine_2,2025-12-03T18:00:00Z,2025-12-04T06:00:00Z,12.0,0.0216666666666666,0.17624169218917296,0.15141424474770968
turbine_2,2025-12-03T18:00:00Z,2025-12-04T07:00:00Z,13.0,0.0433333333333333,0.2331346542598554,0.1950460817114907
turbine_2,2025-12-03T18:00:00Z,2025-12-04T08:00:00Z,14.0,0.0416666666666666,0.2474257612062447,0.230687238887708
turbine_2,2025-12-03T18:00:00Z,2025-12-04T09:00:00Z,15.0,0.065,0.15537001324751393,0.1445770370538404
turbine_2,2025-12-03T18:00:00Z,2025-12-04T10:00:00Z,16.0,0.0166666666666666,0.051911550034755505,0.0548935365741644
turbine_2,2025-12-03T18:00:00Z,2025-12-04T11:00:00Z,17.0,0.15,0.04036082705010105,0.033861096122285966
turbine_2,2025-12-03T18:00:00Z,2025-12-04T12:00:00Z,18.0,0.2183333333333333,0.0329372061287482,0.029438520472961888
turbine_2,2025-12-03T18:00:00Z,2025-12-04T13:00:00Z,19.0,0.15,0.038378905101645044,0.03335413964653813
turbine_2,2025-12-03T18:00:00Z,2025-12-04T14:00:00Z,20.0,0.0566666666666666,0.06793572742829328,0.07162495688150514
turbine_2,2025-12-03T18:00:00Z,2025-12-04T15:00:00Z,21.0,0.01,0.07792480048928185,0.08659027164887625
turbine_2,2025-12-03T18:00:00Z,2025-12-04T16:00:00Z,22.0,0.1216666666666666,0.09158106971829935,0.10224916716465388
turbine_2,2025-12-03T18:00:00Z,2025-12-04T17:00:00Z,23.0,0.0966666666666666,0.10922194103519603,0.11748206389557272
turbine_2,2025-12-03T18:00:00Z,2025-12-04T18:00:00Z,24.0,0.055,0.06284862064847604,0.0746994592156721
turbine_2,2025-12-03T18:00:00Z,2025-12-04T19:00:00Z,25.0,0.0183333333333333,0.05118510636092399,0.06172358271686397
turbine_2,2025-12-03T18:00:00Z,2025-12-04T20:00:00Z,26.0,0.015,0.04202182015893047,0.05621379785817611
turbine_2,2025-12-03T18:00:00Z,2025-12-04T21:00:00Z,27.0,0.0083333333333333,0.022506891581473065,0.02609559709349843
turbine_2,2025-12-03T18:00:00Z,2025-12-04T22:00:00Z,28.0,0.015,0.038922334567791095,0.045966377621184384
turbine_2,2025-12-03T18:00:00Z,2025-12-04T23:00:00Z,29.0,0.0466666666666666,0.04730942341019545,0.055452759009292474
turbine_2,2025-12-03T18:00:00Z,2025-12-05T00:00:00Z,30.0,0.0116666666666666,0.05965041630650633,0.05626769540124729
turbine_2,2025-12-03T18:00:00Z,2025-12-05T01:00:00Z,31.0,0.0383333333333333,0.05209111714396503,0.054076038446520855
turbine_2,2025-12-03T18:00:00Z,2025-12-05T02:00:00Z,32.0,0.01,0.0677801234762955,0.062433131266796255
turbine_2,2025-12-03T18:00:00Z,2025-12-05T03:00:00Z,33.0,0.01,0.0286146528769613,0.0364152634760494
turbine_2,2025-12-03T18:00:00Z,2025-12-05T04:00:00Z,34.0,0.0083333333333333,0.01959266771807669,0.028020947331407697
turbine_2,2025-12-03T18:00:00Z,2025-12-05T05:00:00Z,35.0,0.0083333333333333,0.013631420741792327,0.018812463177391076
turbine_2,2025-12-03T18:00:00Z,2025-12-05T06:00:00Z,36.0,0.01,0.026685307336613284,0.029231348366333565
turbine_2,2025-12-03T18:00:00Z,2025-12-05T07:00:00Z,37.0,0.01,0.03219177295613959,0.032415474057362864
turbine_2,2025-12-03T18:00:00Z,2025-12-05T08:00:00Z,38.0,0.01,0.06097428627869993,0.04962137213068635
turbine_2,2025-12-03T18:00:00Z,2025-12-05T09:00:00Z,39.0,0.0083333333333333,0.09372852902981198,0.08097143251433456
turbine_2,2025-12-03T18:00:00Z,2025-12-05T10:00:00Z,40.0,0.01,0.10359626850503599,0.09963268402186405
turbine_2,2025-12-03T18:00:00Z,2025-12-05T11:00:00Z,41.0,0.01,0.16189568116630584,0.1577305075559338
turbine_2,2025-12-03T18:00:00Z,2025-12-05T12:00:00Z,42.0,0.0249999999999999,0.25530110676211165,0.26114510057527
turbine_2,2025-12-03T18:00:00Z,2025-12-05T13:00:00Z,43.0,0.1583333333333333,0.33453140060222075,0.34155149611263796
turbine_2,2025-12-03T18:00:00Z,2025-12-05T14:00:00Z,44.0,0.1883333333333333,0.3860099841296306,0.45348794748488597
turbine_2,2025-12-03T18:00:00Z,2025-12-05T15:00:00Z,45.0,0.1616666666666666,0.3770505280799319,0.4193347291651788
turbine_2,2025-12-03T18:00:00Z,2025-12-05T16:00:00Z,46.0,0.0666666666666666,0.34757943767045796,0.4025234662905199
turbine_2,2025-12-03T18:00:00Z,2025-12-05T17:00:00Z,47.0,0.12,0.30212107994532034,0.3466524679059996
turbine_2,2025-12-03T18:00:00Z,2025-12-05T18:00:00Z,48.0,0.145,0.29508003649458414,0.3154695770720755
turbine_2,2025-12-04T18:00:00Z,2025-12-04T19:00:00Z,1.0,0.0183333333333333,0.03175644140434805,0.02950911464279532
turbine_2,2025-12-04T18:00:00Z,2025-12-04T20:00:00Z,2.0,0.015,0.023922809066172473,0.02330712269470378
turbine_2,2025-12-04T18:00:00Z,2025-12-04T21:00:00Z,3.0,0.0083333333333333,0.01485272917481556,0.017361051789702514
turbine_2,2025-12-04T18:00:00Z,2025-12-04T22:00:00Z,4.0,0.015,0.015461749828223903,0.023480456103797065
turbine_2,2025-12-04T18:00:00Z,2025-12-04T23:00:00Z,5.0,0.0466666666666666,0.014902857554933563,0.02554114317361872
turbine_2,2025-12-04T18:00:00Z,2025-12-05T00:00:00Z,6.0,0.0116666666666666,0.011991939275545843,0.014070666533501697
turbine_2,2025-12-04T18:00:00Z,2025-12-05T01:00:00Z,7.0,0.0383333333333333,0.02864794173395996,0.03190643639352117
turbine_2,2025-12-04T18:00:00Z,2025-12-05T02:00:00Z,8.0,0.01,0.03014276597898921,0.035899913114252
turbine_2,2025-12-04T18:00:00Z,2025-12-05T03:00:00Z,9.0,0.01,0.018025501116699344,0.023794701577176947
turbine_2,2025-12-04T18:00:00Z,2025-12-05T04:00:00Z,10.0,0.0083333333333333,0.016588180220743348,0.023764394138698325
turbine_2,2025-12-04T18:00:00Z,2025-12-05T05:00:00Z,11.0,0.0083333333333333,0.023573159588334502,0.026812868689550018
turbine_2,2025-12-04T18:00:00Z,2025-12-05T06:00:00Z,12.0,0.01,0.04693279697450406,0.041578489570194
turbine_2,2025-12-04T18:00:00Z,2025-12-05T07:00:00Z,13.0,0.01,0.08804204312532536,0.07999315102194737
turbine_2,2025-12-04T18:00:00Z,2025-12-05T08:00:00Z,14.0,0.01,0.17592951294991466,0.16288559500607153
turbine_2,2025-12-04T18:00:00Z,2025-12-05T09:00:00Z,15.0,0.0083333333333333,0.3220361820589561,0.320803141548064
turbine_2,2025-12-04T18:00:00Z,2025-12-05T10:00:00Z,16.0,0.01,0.38456850633932915,0.39996438659809397
turbine_2,2025-12-04T18:00:00Z,2025-12-05T11:00:00Z,17.0,0.01,0.530360611913419,0.5407371389142537
turbine_2,2025-12-04T18:00:00Z,2025-12-05T12:00:00Z,18.0,0.0249999999999999,0.5963271187156297,0.6412939741103612
turbine_2,2025-12-04T18:00:00Z,2025-12-05T13:00:00Z,19.0,0.1583333333333333,0.5645102362533236,0.5863312404549899
turbine_2,2025-12-04T18:00:00Z,2025-12-05T14:00:00Z,20.0,0.1883333333333333,0.6935588408434693,0.7012876966273119
turbine_2,2025-12-04T18:00:00Z,2025-12-05T15:00:00Z,21.0,0.1616666666666666,0.598906850323929,0.6110973187686759
turbine_2,2025-12-04T18:00:00Z,2025-12-05T16:00:00Z,22.0,0.0666666666666666,0.5973590890626854,0.6151737626812913
turbine_2,2025-12-04T18:00:00Z,2025-12-05T17:00:00Z,23.0,0.12,0.5563006227754157,0.5792004234761354
turbine_2,2025-12-04T18:00:00Z,2025-12-05T18:00:00Z,24.0,0.145,0.460961472234488,0.4910242374751872
turbine_2,2025-12-04T18:00:00Z,2025-12-05T19:00:00Z,25.0,0.01,0.2866782047166508,0.3056999845617442
turbine_2,2025-12-04T18:00:00Z,2025-12-05T20:00:00Z,26.0,0.01,0.2486620150392344,0.2566900213494322
turbine_2,2025-12-04T18:00:00Z,2025-12-05T21:00:00Z,27.0,0.0116666666666666,0.18232638518803096,0.18407318789170105
turbine_2,2025-12-04T18:00:00Z,2025-12-05T22:00:00Z,28.0,0.01,0.059407201627889664,0.05299434533433253
turbine_2,2025-12-04T18:00:00Z,2025-12-05T23:00:00Z,29.0,0.01,0.02199762816760953,0.027477716590157936
turbine_2,2025-12-04T18:00:00Z,2025-12-06T00:00:00Z,30.0,0.01,0.010728701971992882,0.011789751996584052
turbine_2,2025-12-04T18:00:00Z,2025-12-06T01:00:00Z,31.0,0.015,0.010400793195528502,0.011424088028348794
turbine_2,2025-12-04T18:00:00Z,2025-12-06T02:00:00Z,32.0,0.015,0.012489685354741015,0.01588990906362056
turbine_2,2025-12-04T18:00:00Z,2025-12-06T03:00:00Z,33.0,0.125,0.011819925163425143,0.013557590542143838
turbine_2,2025-12-04T18:00:00Z,2025-12-06T04:00:00Z,34.0,0.155,0.016779135234064407,0.01876013135458876
turbine_2,2025-12-04T18:00:00Z,2025-12-06T05:00:00Z,35.0,0.0699999999999999,0.036681238785200326,0.042313554792896474
turbine_2,2025-12-04T18:00:00Z,2025-12-06T06:00:00Z,36.0,0.135,0.1053101105982671,0.12757839860818215
turbine_2,2025-12-04T18:00:00Z,2025-12-06T07:00:00Z,37.0,0.7866666666666666,0.19669382467545984,0.21654458855743047
turbine_2,2025-12-04T18:00:00Z,2025-12-06T08:00:00Z,38.0,0.6699999999999999,0.35449941630930776,0.3993143302630735
turbine_2,2025-12-04T18:00:00Z,2025-12-06T09:00:00Z,39.0,0.6166666666666667,0.4158641801511195,0.4552310990765768
turbine_2,2025-12-04T18:00:00Z,2025-12-06T10:00:00Z,40.0,0.4416666666666666,0.3951824718861098,0.42844295560561474
turbine_2,2025-12-04T18:00:00Z,2025-12-06T11:00:00Z,41.0,0.43,0.4089554318074953,0.4142420776433673
turbine_2,2025-12-04T18:00:00Z,2025-12-06T12:00:00Z,42.0,0.0916666666666666,0.5293488722445749,0.5243610493359003
turbine_2,2025-12-04T18:00:00Z,2025-12-06T13:00:00Z,43.0,0.01,0.5981130419917959,0.6201942338297257
turbine_2,2025-12-04T18:00:00Z,2025-12-06T14:00:00Z,44.0,0.01,0.5875608175738005,0.6331037256918236
turbine_2,2025-12-04T18:00:00Z,2025-12-06T15:00:00Z,45.0,0.01,0.6291911084448998,0.6470335629034957
turbine_2,2025-12-04T18:00:00Z,2025-12-06T16:00:00Z,46.0,0.01,0.6256753468140555,0.6432909647804131
turbine_2,2025-12-04T18:00:00Z,2025-12-06T17:00:00Z,47.0,0.0483333333333333,0.6324715074418998,0.6520115927297113
turbine_2,2025-12-04T18:00:00Z,2025-12-06T18:00:00Z,48.0,0.07,0.6264788340849916,0.6345809874637798
turbine_2,2025-12-05T18:00:00Z,2025-12-05T19:00:00Z,1.0,0.01,0.1343113530270126,0.15943160509480847
turbine_2,2025-12-05T18:00:00Z,2025-12-05T20:00:00Z,2.0,0.01,0.0756612936684224,0.08959663096933368
turbine_2,2025-12-05T18:00:00Z,2025-12-05T21:00:00Z,3.0,0.0116666666666666,0.053682089002630023,0.06474713490591866
turbine_2,2025-12-05T18:00:00Z,2025-12-05T22:00:00Z,4.0,0.01,0.026237175803580898,0.034231028519609824
turbine_2,2025-12-05T18:00:00Z,2025-12-05T23:00:00Z,5.0,0.01,0.010182069966861829,0.011549699680489578
turbine_2,2025-12-05T18:00:00Z,2025-12-06T00:00:00Z,6.0,0.01,0.010411711986631295,0.012133744834050525
turbine_2,2025-12-05T18:00:00Z,2025-12-06T01:00:00Z,7.0,0.015,0.021756674594718528,0.016103932453928965
turbine_2,2025-12-05T18:00:00Z,2025-12-06T02:00:00Z,8.0,0.015,0.026931776091278697,0.017029527981127807
turbine_2,2025-12-05T18:00:00Z,2025-12-06T03:00:00Z,9.0,0.125,0.030807205588385483,0.018658109896098535
turbine_2,2025-12-05T18:00:00Z,2025-12-06T04:00:00Z,10.0,0.155,0.029559867329298134,0.027086857760967115
turbine_2,2025-12-05T18:00:00Z,2025-12-06T05:00:00Z,11.0,0.0699999999999999,0.054979034478807906,0.06056947110710932
turbine_2,2025-12-05T18:00:00Z,2025-12-06T06:00:00Z,12.0,0.135,0.1256429501706448,0.12083619383523374
turbine_2,2025-12-05T18:00:00Z,2025-12-06T07:00:00Z,13.0,0.7866666666666666,0.16801311216376894,0.180880070780109
turbine_2,2025-12-05T18:00:00Z,2025-12-06T08:00:00Z,14.0,0.6699999999999999,0.28742589663684726,0.26283748605656937
turbine_2,2025-12-05T18:00:00Z,2025-12-06T09:00:00Z,15.0,0.6166666666666667,0.3663162541174605,0.34136316812302825
turbine_2,2025-12-05T18:00:00Z,2025-12-06T10:00:00Z,16.0,0.4416666666666666,0.3232595810718115,0.32578643538703267
turbine_2,2025-12-05T18:00:00Z,2025-12-06T11:00:00Z,17.0,0.43,0.3213906442985123,0.32859100864233526
turbine_2,2025-12-05T18:00:00Z,2025-12-06T12:00:00Z,18.0,0.0916666666666666,0.5296271235576397,0.5475642315262352
turbine_2,2025-12-05T18:00:00Z,2025-12-06T13:00:00Z,19.0,0.01,0.5150371549932415,0.5581233190723882
turbine_2,2025-12-05T18:00:00Z,2025-12-06T14:00:00Z,20.0,0.01,0.4197063313842943,0.4882880675658968
turbine_2,2025-12-05T18:00:00Z,2025-12-06T15:00:00Z,21.0,0.01,0.2726098647062921,0.35323642615171225
turbine_2,2025-12-05T18:00:00Z,2025-12-06T16:00:00Z,22.0,0.01,0.27403914324752593,0.3328775299810751
turbine_2,2025-12-05T18:00:00Z,2025-12-06T17:00:00Z,23.0,0.0483333333333333,0.3216552910207343,0.38338332955572296
turbine_2,2025-12-05T18:00:00Z,2025-12-06T18:00:00Z,24.0,0.07,0.4108808439992954,0.47224138055824383
turbine_2,2025-12-05T18:00:00Z,2025-12-06T19:00:00Z,25.0,0.0733333333333333,0.39776135908677357,0.4349500743766578
turbine_2,2025-12-05T18:00:00Z,2025-12-06T20:00:00Z,26.0,0.1016666666666666,0.39981168993461774,0.3968980334136889
turbine_2,2025-12-05T18:00:00Z,2025-12-06T21:00:00Z,27.0,0.1333333333333333,0.407991367532214,0.396222954238373
turbine_2,2025-12-05T18:00:00Z,2025-12-06T22:00:00Z,28.0,0.2299999999999999,0.37084713024644744,0.3477590857622792
turbine_2,2025-12-05T18:00:00Z,2025-12-06T23:00:00Z,29.0,0.2433333333333333,0.3700389750237163,0.3816992211010296
turbine_2,2025-12-05T18:00:00Z,2025-12-07T00:00:00Z,30.0,0.3433333333333333,0.33028712048616804,0.34326145445174094
turbine_2,2025-12-05T18:00:00Z,2025-12-07T01:00:00Z,31.0,0.3733333333333333,0.228164062217193,0.27006132803853433
turbine_2,2025-12-05T18:00:00Z,2025-12-07T02:00:00Z,32.0,0.4666666666666666,0.138575945260344,0.15039661132442894
turbine_2,2025-12-05T18:00:00Z,2025-12-07T03:00:00Z,33.0,0.05,0.09726961799009204,0.11489722452023694
turbine_2,2025-12-05T18:00:00Z,2025-12-07T04:00:00Z,34.0,0.0133333333333333,0.07612893594547764,0.09543283445391998
turbine_2,2025-12-05T18:00:00Z,2025-12-07T05:00:00Z,35.0,0.055,0.1155180989964892,0.11362972335244226
turbine_2,2025-12-05T18:00:00Z,2025-12-07T06:00:00Z,36.0,0.0083333333333333,0.10622160907742474,0.11992762333077112
turbine_2,2025-12-05T18:00:00Z,2025-12-07T07:00:00Z,37.0,0.01,0.15144170717339087,0.17466740343257542
turbine_2,2025-12-05T18:00:00Z,2025-12-07T08:00:00Z,38.0,0.01,0.1472244325405841,0.17360167543577482
turbine_2,2025-12-05T18:00:00Z,2025-12-07T09:00:00Z,39.0,0.02,0.09976570074716767,0.1037012710883045
turbine_2,2025-12-05T18:00:00Z,2025-12-07T10:00:00Z,40.0,0.01,0.06194216840106573,0.06852187526167733
turbine_2,2025-12-05T18:00:00Z,2025-12-07T11:00:00Z,41.0,0.03,0.0500462113797108,0.054265918897713386
turbine_2,2025-12-05T18:00:00Z,2025-12-07T12:00:00Z,42.0,0.0066666666666666,0.038060719303900675,0.035829537232746345
turbine_2,2025-12-05T18:00:00Z,2025-12-07T13:00:00Z,43.0,0.075,0.03811109796532275,0.036683120386096696
turbine_2,2025-12-05T18:00:00Z,2025-12-07T14:00:00Z,44.0,0.0133333333333333,0.04031767210502507,0.050077079199882246
turbine_2,2025-12-05T18:00:00Z,2025-12-07T15:00:00Z,45.0,0.01,0.051787113998080225,0.049294114625165336
turbine_2,2025-12-05T18:00:00Z,2025-12-07T16:00:00Z,46.0,0.085,0.056549685705868324,0.06646494052884191
turbine_2,2025-12-05T18:00:00Z,2025-12-07T17:00:00Z,47.0,0.015,0.05991216798335827,0.06410995552037832
turbine_2,2025-12-05T18:00:00Z,2025-12-07T18:00:00Z,48.0,0.01,0.061370419527941866,0.06434388540465902
turbine_2,2025-12-06T18:00:00Z,2025-12-06T19:00:00Z,1.0,0.0733333333333333,0.39505907862732625,0.3805943681587606
turbine_2,2025-12-06T18:00:00Z,2025-12-06T20:00:00Z,2.0,0.1016666666666666,0.33350934275875926,0.3403224966988807
turbine_2,2025-12-06T18:00:00Z,2025-12-06T21:00:00Z,3.0,0.1333333333333333,0.36438283486879175,0.3517720168527696
turbine_2,2025-12-06T18:00:00Z,2025-12-06T22:00:00Z,4.0,0.2299999999999999,0.3861692478250618,0.3475228227683178
turbine_2,2025-12-06T18:00:00Z,2025-12-06T23:00:00Z,5.0,0.2433333333333333,0.39194756227065153,0.39583248365805523
turbine_2,2025-12-06T18:00:00Z,2025-12-07T00:00:00Z,6.0,0.3433333333333333,0.4954634165448109,0.4495822832700378
turbine_2,2025-12-06T18:00:00Z,2025-12-07T01:00:00Z,7.0,0.3733333333333333,0.5155039188002655,0.48205685344018556
turbine_2,2025-12-06T18:00:00Z,2025-12-07T02:00:00Z,8.0,0.4666666666666666,0.5259371745108412,0.49665627436170295
turbine_2,2025-12-06T18:00:00Z,2025-12-07T03:00:00Z,9.0,0.05,0.5976037272511439,0.5979773734137164
turbine_2,2025-12-06T18:00:00Z,2025-12-07T04:00:00Z,10.0,0.0133333333333333,0.5971744054890913,0.6372828810956708
turbine_2,2025-12-06T18:00:00Z,2025-12-07T05:00:00Z,11.0,0.055,0.6345671112362816,0.6445790939035656
turbine_2,2025-12-06T18:00:00Z,2025-12-07T06:00:00Z,12.0,0.0083333333333333,0.608505846853159,0.6179386718858983
turbine_2,2025-12-06T18:00:00Z,2025-12-07T07:00:00Z,13.0,0.01,0.6099090780187189,0.646915191599834
turbine_2,2025-12-06T18:00:00Z,2025-12-07T08:00:00Z,14.0,0.01,0.6647951828386565,0.6493514192716645
turbine_2,2025-12-06T18:00:00Z,2025-12-07T09:00:00Z,15.0,0.02,0.3595287774557525,0.3415573359079928
turbine_2,2025-12-06T18:00:00Z,2025-12-07T10:00:00Z,16.0,0.01,0.2046771130135314,0.2008229572359045
turbine_2,2025-12-06T18:00:00Z,2025-12-07T11:00:00Z,17.0,0.03,0.12121971954860264,0.12309807438538532
turbine_2,2025-12-06T18:00:00Z,2025-12-07T12:00:00Z,18.0,0.0066666666666666,0.06167832382116836,0.06227511989166591
turbine_2,2025-12-06T18:00:00Z,2025-12-07T13:00:00Z,19.0,0.075,0.05192967031851928,0.04794182443005976
turbine_2,2025-12-06T18:00:00Z,2025-12-07T14:00:00Z,20.0,0.0133333333333333,0.05632552476982515,0.05944442700441713
turbine_2,2025-12-06T18:00:00Z,2025-12-07T15:00:00Z,21.0,0.01,0.039734943212158924,0.036509238807533206
turbine_2,2025-12-06T18:00:00Z,2025-12-07T16:00:00Z,22.0,0.085,0.03417422129976411,0.03273401544024945
turbine_2,2025-12-06T18:00:00Z,2025-12-07T17:00:00Z,23.0,0.015,0.04851456132986012,0.05135119237596664
turbine_2,2025-12-06T18:00:00Z,2025-12-07T18:00:00Z,24.0,0.01,0.06557561964269673,0.06664769068113927
turbine_2,2025-12-06T18:00:00Z,2025-12-07T19:00:00Z,25.0,0.01,0.055402160006159995,0.06643288829946847
turbine_2,2025-12-06T18:00:00Z,2025-12-07T20:00:00Z,26.0,0.01,0.05481383999453132,0.05957318387135628
turbine_2,2025-12-06T18:00:00Z,2025-12-07T21:00:00Z,27.0,0.01,0.06205007007410927,0.05939318456532201
turbine_2,2025-12-06T18:00:00Z,2025-12-07T22:00:00Z,28.0,0.0466666666666666,0.06658951161041203,0.06309420759744282
turbine_2,2025-12-06T18:00:00Z,2025-12-07T23:00:00Z,29.0,0.2183333333333333,0.05908765369446209,0.07506944200001987
turbine_2,2025-12-06T18:00:00Z,2025-12-08T00:00:00Z,30.0,0.1516666666666666,0.35126877544658597,0.3601886736676056
turbine_2,2025-12-06T18:00:00Z,2025-12-08T01:00:00Z,31.0,0.6483333333333333,0.21983602340620909,0.23574245440178654
turbine_2,2025-12-06T18:00:00Z,2025-12-08T02:00:00Z,32.0,0.5316666666666666,0.49046720859658793,0.44767594812643463
turbine_2,2025-12-06T18:00:00Z,2025-12-08T03:00:00Z,33.0,0.3833333333333333,0.6802456625454535,0.7389246105037937
turbine_2,2025-12-06T18:00:00Z,2025-12-08T04:00:00Z,34.0,0.3533333333333333,0.6208945409406683,0.6744597345573324
turbine_2,2025-12-06T18:00:00Z,2025-12-08T05:00:00Z,35.0,0.1566666666666666,0.6721044211840574,0.6983685826853232
turbine_2,2025-12-06T18:00:00Z,2025-12-08T06:00:00Z,36.0,0.01,0.5911159504901791,0.618330514017956
turbine_2,2025-12-06T18:00:00Z,2025-12-08T07:00:00Z,37.0,0.01,0.4064156785091516,0.40239317774737127
turbine_2,2025-12-06T18:00:00Z,2025-12-08T08:00:00Z,38.0,0.0083333333333333,0.24981447103194174,0.24601965157788558
turbine_2,2025-12-06T18:00:00Z,2025-12-08T09:00:00Z,39.0,0.04,0.10338442439753708,0.11592930282792241
turbine_2,2025-12-06T18:00:00Z,2025-12-08T10:00:00Z,40.0,0.4216666666666667,0.03166311676917652,0.02847428974964744
turbine_2,2025-12-06T18:00:00Z,2025-12-08T11:00:00Z,41.0,0.5333333333333333,0.1302307640659558,0.1367060387757527
turbine_2,2025-12-06T18:00:00Z,2025-12-08T12:00:00Z,42.0,0.33,0.30534077324052633,0.2977903921863687
turbine_2,2025-12-06T18:00:00Z,2025-12-08T13:00:00Z,43.0,0.6816666666666666,0.686931583943131,0.6590348067199236
turbine_2,2025-12-06T18:00:00Z,2025-12-08T14:00:00Z,44.0,0.92,0.9392236626350593,0.9215268732173171
turbine_2,2025-12-06T18:00:00Z,2025-12-08T15:00:00Z,45.0,0.9466666666666668,0.9519460351814396,0.9162459360995524
turbine_2,2025-12-06T18:00:00Z,2025-12-08T16:00:00Z,46.0,0.96,0.9550092909618272,0.9155664564077078
turbine_2,2025-12-06T18:00:00Z,2025-12-08T17:00:00Z,47.0,0.8533333333333334,0.944141915780885,0.8913342371098715
turbine_2,2025-12-06T18:00:00Z,2025-12-08T18:00:00Z,48.0,0.945,0.8544720702624916,0.8217246360412169
turbine_2,2025-12-07T18:00:00Z,2025-12-07T19:00:00Z,1.0,0.01,0.1416997325560977,0.1537524588434862
turbine_2,2025-12-07T18:00:00Z,2025-12-07T20:00:00Z,2.0,0.01,0.11890693604358755,0.18068853079332534
turbine_2,2025-12-07T18:00:00Z,2025-12-07T21:00:00Z,3.0,0.01,0.19636882765505767,0.2227912475058717
turbine_2,2025-12-07T18:00:00Z,2025-12-07T22:00:00Z,4.0,0.0466666666666666,0.4068240943251805,0.3749936995763157
turbine_2,2025-12-07T18:00:00Z,2025-12-07T23:00:00Z,5.0,0.2183333333333333,0.34439674252786656,0.3613613168231756
turbine_2,2025-12-07T18:00:00Z,2025-12-08T00:00:00Z,6.0,0.1516666666666666,0.42216712854183835,0.39675550401145404
turbine_2,2025-12-07T18:00:00Z,2025-12-08T01:00:00Z,7.0,0.6483333333333333,0.5933048002040563,0.6189725120119653
turbine_2,2025-12-07T18:00:00Z,2025-12-08T02:00:00Z,8.0,0.5316666666666666,0.5398008577087855,0.5363628705532486
turbine_2,2025-12-07T18:00:00Z,2025-12-08T03:00:00Z,9.0,0.3833333333333333,0.5888946978268187,0.587758588348724
turbine_2,2025-12-07T18:00:00Z,2025-12-08T04:00:00Z,10.0,0.3533333333333333,0.7254544109680999,0.7465691292681923
turbine_2,2025-12-07T18:00:00Z,2025-12-08T05:00:00Z,11.0,0.1566666666666666,0.6748642170590262,0.7153765956590802
turbine_2,2025-12-07T18:00:00Z,2025-12-08T06:00:00Z,12.0,0.01,0.3702175009783003,0.34166216394541615
turbine_2,2025-12-07T18:00:00Z,2025-12-08T07:00:00Z,13.0,0.01,0.17376936300680215,0.17472792542407742
turbine_2,2025-12-07T18:00:00Z,2025-12-08T08:00:00Z,14.0,0.0083333333333333,0.05507443349025373,0.06177867803474481
turbine_2,2025-12-07T18:00:00Z,2025-12-08T09:00:00Z,15.0,0.04,0.041513817488096544,0.0406412239648723
turbine_2,2025-12-07T18:00:00Z,2025-12-08T10:00:00Z,16.0,0.4216666666666667,0.185395877634161,0.18628058734196443
turbine_2,2025-12-07T18:00:00Z,2025-12-08T11:00:00Z,17.0,0.5333333333333333,0.6240884908366173,0.6599136280031841
turbine_2,2025-12-07T18:00:00Z,2025-12-08T12:00:00Z,18.0,0.33,0.9383944118497526,0.9378935069037406
turbine_2,2025-12-07T18:00:00Z,2025-12-08T13:00:00Z,19.0,0.6816666666666666,0.9380682390236685,0.9323428721109353
turbine_2,2025-12-07T18:00:00Z,2025-12-08T14:00:00Z,20.0,0.92,0.9361072521068774,0.9228105347534362
turbine_2,2025-12-07T18:00:00Z,2025-12-08T15:00:00Z,21.0,0.9466666666666668,0.9517441198109244,0.9266296976068155
turbine_2,2025-12-07T18:00:00Z,2025-12-08T16:00:00Z,22.0,0.96,0.9037417865651839,0.8649283426899865
turbine_2,2025-12-07T18:00:00Z,2025-12-08T17:00:00Z,23.0,0.8533333333333334,0.9461742046153524,0.9278510302226975
turbine_2,2025-12-07T18:00:00Z,2025-12-08T18:00:00Z,24.0,0.945,0.9235167697169065,0.9155871761645477
turbine_2,2025-12-07T18:00:00Z,2025-12-08T19:00:00Z,25.0,0.785,0.8996048066034704,0.8786193459580269
turbine_2,2025-12-07T18:00:00Z,2025-12-08T20:00:00Z,26.0,0.2966666666666667,0.6797541623462736,0.7197375090746887
turbine_2,2025-12-07T18:00:00Z,2025-12-08T21:00:00Z,27.0,0.15,0.5800686938902944,0.5677972512416445
turbine_2,2025-12-07T18:00:00Z,2025-12-08T22:00:00Z,28.0,0.125,0.42718326340140356,0.39003787454018807
turbine_2,2025-12-07T18:00:00Z,2025-12-08T23:00:00Z,29.0,0.075,0.2608036573634104,0.20800073584879858
turbine_2,2025-12-07T18:00:00Z,2025-12-09T00:00:00Z,30.0,0.0249999999999999,0.1289934544689451,0.1189722812807319
turbine_2,2025-12-07T18:00:00Z,2025-12-09T01:00:00Z,31.0,0.0116666666666666,0.06345237116272441,0.04985888957159873
turbine_2,2025-12-07T18:00:00Z,2025-12-09T02:00:00Z,32.0,0.01,0.029209552031479374,0.03389059119414861
turbine_2,2025-12-07T18:00:00Z,2025-12-09T03:00:00Z,33.0,0.01,0.016508550771547198,0.025335579688632842
turbine_2,2025-12-07T18:00:00Z,2025-12-09T04:00:00Z,34.0,0.155,0.01150416767873566,0.014266062565858745
turbine_2,2025-12-07T18:00:00Z,2025-12-09T05:00:00Z,35.0,0.7999999999999999,0.02751982793511637,0.036806984502269185
turbine_2,2025-12-07T18:00:00Z,2025-12-09T06:00:00Z,36.0,0.9083333333333332,0.16059042857858366,0.17734933489937896
turbine_2,2025-12-07T18:00:00Z,2025-12-09T07:00:00Z,37.0,0.9716666666666668,0.8499418487092201,0.834413281189521
turbine_2,2025-12-07T18:00:00Z,2025-12-09T08:00:00Z,38.0,0.97,0.9690410987020545,0.9624840069007198
turbine_2,2025-12-07T18:00:00Z,2025-12-09T09:00:00Z,39.0,0.9633333333333332,0.9675228083990656,0.9617705696611946
turbine_2,2025-12-07T18:00:00Z,2025-12-09T10:00:00Z,40.0,0.9683333333333332,0.9539521005387733,0.9433522916511343
turbine_2,2025-12-07T18:00:00Z,2025-12-09T11:00:00Z,41.0,0.9533333333333333,0.7626795108949511,0.8385252524078058
turbine_2,2025-12-07T18:00:00Z,2025-12-09T12:00:00Z,42.0,0.9533333333333333,0.6508351286035151,0.665238791610387
turbine_2,2025-12-07T18:00:00Z,2025-12-09T13:00:00Z,43.0,0.9,0.45148849404227603,0.4653808892357698
turbine_2,2025-12-07T18:00:00Z,2025-12-09T14:00:00Z,44.0,0.9366666666666666,0.2016189289023668,0.23239111966873696
turbine_2,2025-12-07T18:00:00Z,2025-12-09T15:00:00Z,45.0,0.8649999999999999,0.08161432423161344,0.09040433699469524
turbine_2,2025-12-07T18:00:00Z,2025-12-09T16:00:00Z,46.0,0.5466666666666666,0.06050454083804363,0.07029361185312938
turbine_2,2025-12-07T18:00:00Z,2025-12-09T17:00:00Z,47.0,0.145,0.04157564261053784,0.04110900388533048
turbine_2,2025-12-07T18:00:00Z,2025-12-09T18:00:00Z,48.0,0.04,0.04294872618869919,0.04142085937170625
turbine_2,2025-12-08T18:00:00Z,2025-12-08T19:00:00Z,1.0,0.785,0.7821016005743541,0.7962929570455968
turbine_2,2025-12-08T18:00:00Z,2025-12-08T20:00:00Z,2.0,0.2966666666666667,0.6886688521580447,0.7278404607734201
turbine_2,2025-12-08T18:00:00Z,2025-12-08T21:00:00Z,3.0,0.15,0.3661547670785241,0.36072761041818246
turbine_2,2025-12-08T18:00:00Z,2025-12-08T22:00:00Z,4.0,0.125,0.18213139636046544,0.206276006572921
turbine_2,2025-12-08T18:00:00Z,2025-12-08T23:00:00Z,5.0,0.075,0.07259390558642646,0.0684196865475517
turbine_2,2025-12-08T18:00:00Z,2025-12-09T00:00:00Z,6.0,0.0249999999999999,0.02665952527728227,0.03287793101409667
turbine_2,2025-12-08T18:00:00Z,2025-12-09T01:00:00Z,7.0,0.0116666666666666,0.016231147479358332,0.021483618745735872
turbine_2,2025-12-08T18:00:00Z,2025-12-09T02:00:00Z,8.0,0.01,0.016471238507833885,0.013155363651383728
turbine_2,2025-12-08T18:00:00Z,2025-12-09T03:00:00Z,9.0,0.01,0.02885316451038364,0.0190077667905367
turbine_2,2025-12-08T18:00:00Z,2025-12-09T04:00:00Z,10.0,0.155,0.08916352465732927,0.06595636089059645
turbine_2,2025-12-08T18:00:00Z,2025-12-09T05:00:00Z,11.0,0.7999999999999999,0.4909218559993262,0.4797670610326071
turbine_2,2025-12-08T18:00:00Z,2025-12-09T06:00:00Z,12.0,0.9083333333333332,0.9598482280543279,0.9545301742677572
turbine_2,2025-12-08T18:00:00Z,2025-12-09T07:00:00Z,13.0,0.9716666666666668,0.9619964414169951,0.9610979325358507
turbine_2,2025-12-08T18:00:00Z,2025-12-09T08:00:00Z,14.0,0.97,0.9692808150128867,0.9644448359248671
turbine_2,2025-12-08T18:00:00Z,2025-12-09T09:00:00Z,15.0,0.9633333333333332,0.9632134717382175,0.9486086979912733
turbine_2,2025-12-08T18:00:00Z,2025-12-09T10:00:00Z,16.0,0.9683333333333332,0.8159631938685481,0.8635529708884743
turbine_2,2025-12-08T18:00:00Z,2025-12-09T11:00:00Z,17.0,0.9533333333333333,0.643549054470057,0.6815915191867233
turbine_2,2025-12-08T18:00:00Z,2025-12-09T12:00:00Z,18.0,0.9533333333333333,0.5234745681427536,0.48629768797514067
turbine_2,2025-12-08T18:00:00Z,2025-12-09T13:00:00Z,19.0,0.9,0.2369148364455969,0.2671853667214571
turbine_2,2025-12-08T18:00:00Z,2025-12-09T14:00:00Z,20.0,0.9366666666666666,0.12265121806602836,0.14752995665076757
turbine_2,2025-12-08T18:00:00Z,2025-12-09T15:00:00Z,21.0,0.8649999999999999,0.09674858962616714,0.0924398542960103
turbine_2,2025-12-08T18:00:00Z,2025-12-09T16:00:00Z,22.0,0.5466666666666666,0.049374380765148385,0.048180129192723714
turbine_2,2025-12-08T18:00:00Z,2025-12-09T17:00:00Z,23.0,0.145,0.039700673701578426,0.03797888585287673
turbine_2,2025-12-08T18:00:00Z,2025-12-09T18:00:00Z,24.0,0.04,0.029309510454165633,0.024617867179163866
turbine_2,2025-12-08T18:00:00Z,2025-12-09T19:00:00Z,25.0,0.3316666666666666,0.06767535885279675,0.0689342001452838
turbine_2,2025-12-08T18:00:00Z,2025-12-09T20:00:00Z,26.0,0.6516666666666667,0.14581831064866274,0.1554343579708708
turbine_2,2025-12-08T18:00:00Z,2025-12-09T21:00:00Z,27.0,0.7916666666666666,0.2467683489852998,0.2364879885955593
turbine_2,2025-12-08T18:00:00Z,2025-12-09T22:00:00Z,28.0,0.9433333333333334,0.5085228149810139,0.4754712735756419
turbine_2,2025-12-08T18:00:00Z,2025-12-09T23:00:00Z,29.0,0.9783333333333334,0.6639430479985217,0.6995062270556802
turbine_2,2025-12-08T18:00:00Z,2025-12-10T00:00:00Z,30.0,0.975,0.6171754885912138,0.6776975965991439
turbine_2,2025-12-08T18:00:00Z,2025-12-10T05:00:00Z,35.0,0.6416666666666667,0.9477268110823626,0.9445825718995573
turbine_2,2025-12-08T18:00:00Z,2025-12-10T06:00:00Z,36.0,0.93,0.9616992283461969,0.9392056523254957
turbine_2,2025-12-08T18:00:00Z,2025-12-10T07:00:00Z,37.0,0.9466666666666668,0.9548291568168594,0.937677874374906
turbine_2,2025-12-08T18:00:00Z,2025-12-10T08:00:00Z,38.0,0.9466666666666668,0.9720894913189879,0.936059643900573
turbine_2,2025-12-08T18:00:00Z,2025-12-10T09:00:00Z,39.0,0.9616666666666666,0.9718764717194007,0.9362673297427658
turbine_2,2025-12-08T18:00:00Z,2025-12-10T10:00:00Z,40.0,0.97,0.8489664027864234,0.8341613821432055
turbine_2,2025-12-08T18:00:00Z,2025-12-10T11:00:00Z,41.0,0.9733333333333332,0.5624878488448041,0.4938624839308428
turbine_2,2025-12-08T18:00:00Z,2025-12-10T12:00:00Z,42.0,0.9733333333333332,0.4067317765304904,0.34233813620769277
turbine_2,2025-12-08T18:00:00Z,2025-12-10T13:00:00Z,43.0,0.955,0.5113750012101613,0.432450778069864
turbine_2,2025-12-08T18:00:00Z,2025-12-10T14:00:00Z,44.0,0.98,0.7636553449988238,0.7079133227887598
turbine_2,2025-12-08T18:00:00Z,2025-12-10T15:00:00Z,45.0,0.98,0.8489213793463005,0.7850810664362068
turbine_2,2025-12-08T18:00:00Z,2025-12-10T16:00:00Z,46.0,0.98,0.9121719566093779,0.8453563178484068
turbine_2,2025-12-08T18:00:00Z,2025-12-10T17:00:00Z,47.0,0.98,0.9216069137140753,0.8773312285673563
turbine_2,2025-12-08T18:00:00Z,2025-12-10T18:00:00Z,48.0,0.97,0.8367418557668761,0.8083221939558082
turbine_2,2025-12-09T18:00:00Z,2025-12-09T19:00:00Z,1.0,0.3316666666666666,0.10118589673365945,0.11665846813519773
turbine_2,2025-12-09T18:00:00Z,2025-12-09T20:00:00Z,2.0,0.6516666666666667,0.16992826356715804,0.18279437440171917
turbine_2,2025-12-09T18:00:00Z,2025-12-09T21:00:00Z,3.0,0.7916666666666666,0.3828992881168163,0.4159028475727935
turbine_2,2025-12-09T18:00:00Z,2025-12-09T22:00:00Z,4.0,0.9433333333333334,0.7414848306793443,0.777241164295688
turbine_2,2025-12-09T18:00:00Z,2025-12-09T23:00:00Z,5.0,0.9783333333333334,0.9212982495431067,0.9286903629465537
turbine_2,2025-12-09T18:00:00Z,2025-12-10T00:00:00Z,6.0,0.975,0.9620066686661513,0.9543600238723517
turbine_2,2025-12-09T18:00:00Z,2025-12-10T05:00:00Z,11.0,0.6416666666666667,0.9423711699953665,0.9264942141893898
turbine_2,2025-12-09T18:00:00Z,2025-12-10T06:00:00Z,12.0,0.93,0.9581677047557512,0.9436855136943711
turbine_2,2025-12-09T18:00:00Z,2025-12-10T07:00:00Z,13.0,0.9466666666666668,0.9673531257773753,0.9580082748623794
turbine_2,2025-12-09T18:00:00Z,2025-12-10T08:00:00Z,14.0,0.9466666666666668,0.9704430232511262,0.9548543604589237
turbine_2,2025-12-09T18:00:00Z,2025-12-10T09:00:00Z,15.0,0.9616666666666666,0.9702480398776185,0.9526229768498538
turbine_2,2025-12-09T18:00:00Z,2025-12-10T10:00:00Z,16.0,0.97,0.9701555060517401,0.9409969133567972
turbine_2,2025-12-09T18:00:00Z,2025-12-10T11:00:00Z,17.0,0.9733333333333332,0.9524444240478436,0.9004244854253122
turbine_2,2025-12-09T18:00:00Z,2025-12-10T12:00:00Z,18.0,0.9733333333333332,0.8040724720566628,0.8090706706790505
turbine_2,2025-12-09T18:00:00Z,2025-12-10T13:00:00Z,19.0,0.955,0.9385713005217642,0.9324455705390584
turbine_2,2025-12-09T18:00:00Z,2025-12-10T14:00:00Z,20.0,0.98,0.9361163479155042,0.9183746990924982
turbine_2,2025-12-09T18:00:00Z,2025-12-10T15:00:00Z,21.0,0.98,0.9450564527116286,0.9148462082293948
turbine_2,2025-12-09T18:00:00Z,2025-12-10T16:00:00Z,22.0,0.98,0.943950191978229,0.9135662719741767
turbine_2,2025-12-09T18:00:00Z,2025-12-10T17:00:00Z,23.0,0.98,0.9255132740525182,0.8990234006787291
turbine_2,2025-12-09T18:00:00Z,2025-12-10T18:00:00Z,24.0,0.97,0.8845763662712395,0.8667273172687906
turbine_2,2025-12-09T18:00:00Z,2025-12-10T19:00:00Z,25.0,0.9433333333333334,0.8670410836237096,0.8655479942756903
turbine_2,2025-12-09T18:00:00Z,2025-12-10T20:00:00Z,26.0,0.4883333333333333,0.8749129672796191,0.8597771407958326
turbine_2,2025-12-09T18:00:00Z,2025-12-10T21:00:00Z,27.0,0.3533333333333333,0.8139013681461894,0.8229165126139087
turbine_2,2025-12-09T18:00:00Z,2025-12-10T22:00:00Z,28.0,0.0883333333333333,0.7511691021133854,0.7684547885561908
turbine_2,2025-12-09T18:00:00Z,2025-12-10T23:00:00Z,29.0,0.005,0.6394432866694928,0.6840367059520378
turbine_2,2025-12-09T18:00:00Z,2025-12-11T00:00:00Z,30.0,0.0083333333333333,0.21805654107993974,0.16210402112351946
turbine_2,2025-12-09T18:00:00Z,2025-12-11T01:00:00Z,31.0,0.0349999999999999,0.07683326741189983,0.06286532273778561
turbine_2,2025-12-09T18:00:00Z,2025-12-11T02:00:00Z,32.0,0.01,0.010557294657283972,0.01300823034749024
turbine_2,2025-12-09T18:00:00Z,2025-12-11T03:00:00Z,33.0,0.3283333333333333,0.03498607898380429,0.029509660889666472
turbine_2,2025-12-09T18:00:00Z,2025-12-11T04:00:00Z,34.0,0.98,0.10986265701336397,0.10257634640633846
turbine_2,2025-12-09T18:00:00Z,2025-12-11T05:00:00Z,35.0,0.9,0.6180046594341173,0.6754248220578154
turbine_2,2025-12-09T18:00:00Z,2025-12-11T06:00:00Z,36.0,0.3066666666666666,0.9365360637486233,0.9412486600410714
turbine_2,2025-12-09T18:00:00Z,2025-12-11T07:00:00Z,37.0,0.9783333333333334,0.966760819512255,0.958316144254465
turbine_2,2025-12-09T18:00:00Z,2025-12-11T08:00:00Z,38.0,0.975,0.9737978759011406,0.9615892959217358
turbine_2,2025-12-09T18:00:00Z,2025-12-11T09:00:00Z,39.0,0.22,0.9721478285277407,0.9615283448466501
turbine_2,2025-12-09T18:00:00Z,2025-12-11T12:00:00Z,42.0,0.98,0.9727255585233303,0.9588176667582244
turbine_2,2025-12-09T18:00:00Z,2025-12-11T13:00:00Z,43.0,0.9733333333333332,0.9743499114050056,0.9597650417365722
turbine_2,2025-12-09T18:00:00Z,2025-12-11T14:00:00Z,44.0,0.975,0.9740243522273753,0.9553698995999491
turbine_2,2025-12-09T18:00:00Z,2025-12-11T15:00:00Z,45.0,0.9766666666666666,0.9669255717354452,0.9573836185995648
turbine_2,2025-12-09T18:00:00Z,2025-12-11T16:00:00Z,46.0,0.98,0.9672366683114668,0.9491350034631639
turbine_2,2025-12-09T18:00:00Z,2025-12-11T17:00:00Z,47.0,0.9783333333333334,0.9672366683114668,0.9492290027053356
turbine_2,2025-12-09T18:00:00Z,2025-12-11T18:00:00Z,48.0,0.98,0.9524920059708161,0.9506645458602117
turbine_2,2025-12-10T18:00:00Z,2025-12-10T19:00:00Z,1.0,0.9433333333333334,0.8506548205282333,0.8609591812158499
turbine_2,2025-12-10T18:00:00Z,2025-12-10T20:00:00Z,2.0,0.4883333333333333,0.695970834433098,0.7381346846940382
turbine_2,2025-12-10T18:00:00Z,2025-12-10T21:00:00Z,3.0,0.3533333333333333,0.42126271062383114,0.44710056918345864
turbine_2,2025-12-10T18:00:00Z,2025-12-10T22:00:00Z,4.0,0.0883333333333333,0.1544725642359926,0.13781597928314923
turbine_2,2025-12-10T18:00:00Z,2025-12-10T23:00:00Z,5.0,0.005,0.017745619481970315,0.024723409177479005
turbine_2,2025-12-10T18:00:00Z,2025-12-11T00:00:00Z,6.0,0.0083333333333333,0.02345031181101176,0.01221603741458524
turbine_2,2025-12-10T18:00:00Z,2025-12-11T01:00:00Z,7.0,0.0349999999999999,0.035743117477782665,0.031120637962015918
turbine_2,2025-12-10T18:00:00Z,2025-12-11T02:00:00Z,8.0,0.01,0.13309493786837073,0.12462520640732265
turbine_2,2025-12-10T18:00:00Z,2025-12-11T03:00:00Z,9.0,0.3283333333333333,0.7587365190612301,0.7776446187755115
turbine_2,2025-12-10T18:00:00Z,2025-12-11T04:00:00Z,10.0,0.98,0.9298340636761817,0.9350299044319484
turbine_2,2025-12-10T18:00:00Z,2025-12-11T05:00:00Z,11.0,0.9,0.9419224371597261,0.9549415522268283
turbine_2,2025-12-10T18:00:00Z,2025-12-11T06:00:00Z,12.0,0.3066666666666666,0.9629020637395639,0.9569787440472595
turbine_2,2025-12-10T18:00:00Z,2025-12-11T07:00:00Z,13.0,0.9783333333333334,0.9667532186160815,0.9607531574852279
turbine_2,2025-12-10T18:00:00Z,2025-12-11T08:00:00Z,14.0,0.975,0.9739593876805163,0.9647276613643015
turbine_2,2025-12-10T18:00:00Z,2025-12-11T09:00:00Z,15.0,0.22,0.9725855239043185,0.9640298049648369
turbine_2,2025-12-10T18:00:00Z,2025-12-11T12:00:00Z,18.0,0.98,0.971833559704001,0.9627147356838637
turbine_2,2025-12-10T18:00:00Z,2025-12-11T13:00:00Z,19.0,0.9733333333333332,0.9738154588059499,0.9628515286758419
turbine_2,2025-12-10T18:00:00Z,2025-12-11T14:00:00Z,20.0,0.975,0.973188408084833,0.9555082781965145
turbine_2,2025-12-10T18:00:00Z,2025-12-11T15:00:00Z,21.0,0.9766666666666666,0.9741984503425896,0.9576634110753439
turbine_2,2025-12-10T18:00:00Z,2025-12-11T16:00:00Z,22.0,0.98,0.9743957890309235,0.9487850774816999
turbine_2,2025-12-10T18:00:00Z,2025-12-11T17:00:00Z,23.0,0.9783333333333334,0.9743957890309235,0.9491828764506008
turbine_2,2025-12-10T18:00:00Z,2025-12-11T18:00:00Z,24.0,0.98,0.9595067001634814,0.9501436985717857
turbine_2,2025-12-10T18:00:00Z,2025-12-11T19:00:00Z,25.0,0.98,0.9520504277706683,0.9459713682315418
turbine_2,2025-12-10T18:00:00Z,2025-12-11T20:00:00Z,26.0,0.98,0.9524152156527099,0.941563700905531
turbine_2,2025-12-10T18:00:00Z,2025-12-11T21:00:00Z,27.0,0.98,0.9425609641500061,0.9417031596779338
turbine_2,2025-12-10T18:00:00Z,2025-12-11T22:00:00Z,28.0,0.98,0.9316701609672728,0.9256510031450538
turbine_2,2025-12-10T18:00:00Z,2025-12-11T23:00:00Z,29.0,0.98,0.9318048609472146,0.9363363715335269
turbine_2,2025-12-10T18:00:00Z,2025-12-12T00:00:00Z,30.0,0.9783333333333334,0.9318521949521135,0.9346156964909724
turbine_2,2025-12-10T18:00:00Z,2025-12-12T01:00:00Z,31.0,0.98,0.9318798383760528,0.9316577993708074
turbine_2,2025-12-10T18:00:00Z,2025-12-12T04:00:00Z,34.0,0.9783333333333334,0.9302502113912755,0.9387889730083651
turbine_2,2025-12-10T18:00:00Z,2025-12-12T05:00:00Z,35.0,0.98,0.9405429435151978,0.9532119460431274
turbine_2,2025-12-10T18:00:00Z,2025-12-12T06:00:00Z,36.0,0.9766666666666666,0.9615225700950356,0.9563870711873603
turbine_2,2025-12-10T18:00:00Z,2025-12-12T07:00:00Z,37.0,0.9766666666666666,0.966760819512255,0.958316144254465
turbine_2,2025-12-10T18:00:00Z,2025-12-12T08:00:00Z,38.0,0.9716666666666668,0.9737978759011406,0.9615892959217358
turbine_2,2025-12-10T18:00:00Z,2025-12-12T09:00:00Z,39.0,0.9783333333333334,0.9721478285277407,0.9612181739795833
turbine_2,2025-12-10T18:00:00Z,2025-12-12T10:00:00Z,40.0,0.975,0.972684096274521,0.9595279247419473
turbine_2,2025-12-10T18:00:00Z,2025-12-12T11:00:00Z,41.0,0.975,0.9734655265436496,0.962669092170862
turbine_2,2025-12-10T18:00:00Z,2025-12-12T12:00:00Z,42.0,0.9733333333333332,0.9727255585233303,0.9588176667582244
turbine_2,2025-12-10T18:00:00Z,2025-12-12T13:00:00Z,43.0,0.9716666666666668,0.9743499114050056,0.9597650417365722
turbine_2,2025-12-10T18:00:00Z,2025-12-12T15:00:00Z,45.0,0.9766666666666666,0.9669255717354452,0.9574162426423599
turbine_2,2025-12-10T18:00:00Z,2025-12-12T16:00:00Z,46.0,0.98,0.9686586325012042,0.9477753041250787
turbine_2,2025-12-10T18:00:00Z,2025-12-12T17:00:00Z,47.0,0.98,0.9672366683114668,0.9492616267481307
turbine_2,2025-12-10T18:00:00Z,2025-12-12T18:00:00Z,48.0,0.98,0.9524920059708161,0.9506645458602117
turbine_2,2025-12-11T18:00:00Z,2025-12-11T19:00:00Z,1.0,0.98,0.9299061962404751,0.9271932337315621
turbine_2,2025-12-11T18:00:00Z,2025-12-11T20:00:00Z,2.0,0.98,0.9302709841225167,0.9220496238123932
turbine_2,2025-12-11T18:00:00Z,2025-12-11T21:00:00Z,3.0,0.98,0.9399936097083132,0.9282878279510097
turbine_2,2025-12-11T18:00:00Z,2025-12-11T22:00:00Z,4.0,0.98,0.92910280652558,0.9121990182504496
turbine_2,2025-12-11T18:00:00Z,2025-12-11T23:00:00Z,5.0,0.98,0.9285192849607758,0.9218474638794403
turbine_2,2025-12-11T18:00:00Z,2025-12-12T00:00:00Z,6.0,0.9783333333333334,0.9359299167725531,0.9215605209419233
turbine_2,2025-12-11T18:00:00Z,2025-12-12T01:00:00Z,7.0,0.98,0.9358442675044377,0.9255434262258757
turbine_2,2025-12-11T18:00:00Z,2025-12-12T04:00:00Z,10.0,0.9783333333333334,0.9315366003441029,0.9362495454680494
turbine_2,2025-12-11T18:00:00Z,2025-12-12T05:00:00Z,11.0,0.98,0.9419224371597261,0.9549415522268283
turbine_2,2025-12-11T18:00:00Z,2025-12-12T06:00:00Z,12.0,0.9766666666666666,0.9629020637395639,0.9569787440472595
turbine_2,2025-12-11T18:00:00Z,2025-12-12T07:00:00Z,13.0,0.9766666666666666,0.9667532186160815,0.9607531574852279
turbine_2,2025-12-11T18:00:00Z,2025-12-12T08:00:00Z,14.0,0.9716666666666668,0.9739593876805163,0.9647276613643015
turbine_2,2025-12-11T18:00:00Z,2025-12-12T09:00:00Z,15.0,0.9783333333333334,0.9724537668339075,0.9643171158120155
turbine_2,2025-12-11T18:00:00Z,2025-12-12T10:00:00Z,16.0,0.975,0.9729587332010176,0.9654621747871222
turbine_2,2025-12-11T18:00:00Z,2025-12-12T11:00:00Z,17.0,0.975,0.973356614420522,0.9671679618935963
turbine_2,2025-12-11T18:00:00Z,2025-12-12T12:00:00Z,18.0,0.9733333333333332,0.9721207956323241,0.9626659602728118
turbine_2,2025-12-11T18:00:00Z,2025-12-12T13:00:00Z,19.0,0.9716666666666668,0.9736837017355389,0.9631388395230205
turbine_2,2025-12-11T18:00:00Z,2025-12-12T15:00:00Z,21.0,0.9766666666666666,0.9738744655657949,0.9561336343761685
turbine_2,2025-12-11T18:00:00Z,2025-12-12T16:00:00Z,22.0,0.98,0.9757934852823112,0.9485879113189074
turbine_2,2025-12-11T18:00:00Z,2025-12-12T17:00:00Z,23.0,0.98,0.9752463851362397,0.9493049300338194
turbine_2,2025-12-11T18:00:00Z,2025-12-12T18:00:00Z,24.0,0.98,0.9595067001634814,0.9501436985717857
turbine_2,2025-12-11T18:00:00Z,2025-12-12T19:00:00Z,25.0,0.9783333333333334,0.9520504277706683,0.9459713682315418
turbine_2,2025-12-11T18:00:00Z,2025-12-12T20:00:00Z,26.0,0.9583333333333334,0.9538129119040979,0.9407739055915273
turbine_2,2025-12-11T18:00:00Z,2025-12-12T21:00:00Z,27.0,0.5116666666666666,0.8056742032239854,0.8245460755956991
turbine_2,2025-12-11T18:00:00Z,2025-12-12T22:00:00Z,28.0,0.18,0.46190373670579116,0.46171378138386565
turbine_2,2025-12-11T18:00:00Z,2025-12-12T23:00:00Z,29.0,0.0533333333333333,0.03674237377432063,0.041059632920862815
turbine_2,2025-12-11T18:00:00Z,2025-12-13T00:00:00Z,30.0,0.0116666666666666,0.017139093987295684,0.023219929950656942
turbine_2,2025-12-11T18:00:00Z,2025-12-13T01:00:00Z,31.0,0.0116666666666666,0.022924411513089632,0.03184883474258415
turbine_2,2025-12-11T18:00:00Z,2025-12-13T02:00:00Z,32.0,0.0233333333333333,0.01516215931204648,0.012899728289740564
turbine_2,2025-12-11T18:00:00Z,2025-12-13T03:00:00Z,33.0,0.0083333333333333,0.014245428621841333,0.026538287359853252
turbine_2,2025-12-11T18:00:00Z,2025-12-13T04:00:00Z,34.0,0.0633333333333333,0.038961887878869644,0.05909149697511734
turbine_2,2025-12-11T18:00:00Z,2025-12-13T06:00:00Z,36.0,0.0499999999999999,0.044205145186449524,0.08585504006548128
turbine_2,2025-12-11T18:00:00Z,2025-12-13T07:00:00Z,37.0,0.2916666666666667,0.10923309073172761,0.14793755576202877
turbine_2,2025-12-11T18:00:00Z,2025-12-13T08:00:00Z,38.0,0.395,0.23281575966668588,0.25514081992362075
turbine_2,2025-12-11T18:00:00Z,2025-12-13T09:00:00Z,39.0,0.4416666666666666,0.5851817250515413,0.6060578216866517
turbine_2,2025-12-11T18:00:00Z,2025-12-13T10:00:00Z,40.0,0.5033333333333333,0.8127219746997131,0.8573661982707137
turbine_2,2025-12-11T18:00:00Z,2025-12-13T11:00:00Z,41.0,0.7583333333333333,0.8825972607703476,0.9041068492831754
turbine_2,2025-12-11T18:00:00Z,2025-12-13T12:00:00Z,42.0,0.93,0.920899334829105,0.9197836635054242
turbine_2,2025-12-11T18:00:00Z,2025-12-13T13:00:00Z,43.0,0.9216666666666667,0.954787166455756,0.9460961793211436
turbine_2,2025-12-11T18:00:00Z,2025-12-13T14:00:00Z,44.0,0.875,0.9206043645693648,0.9289538628190122
turbine_2,2025-12-11T18:00:00Z,2025-12-13T15:00:00Z,45.0,0.975,0.9135055840774348,0.912214536030661
turbine_2,2025-12-11T18:00:00Z,2025-12-13T16:00:00Z,46.0,0.9383333333333334,0.9109817463938228,0.9225613324726489
turbine_2,2025-12-11T18:00:00Z,2025-12-13T17:00:00Z,47.0,0.8450000000000001,0.8393773228236824,0.8523904261646364
turbine_2,2025-12-11T18:00:00Z,2025-12-13T18:00:00Z,48.0,0.315,0.828612148329331,0.8289734600318234
turbine_2,2025-12-12T18:00:00Z,2025-12-12T19:00:00Z,1.0,0.9783333333333334,0.9015327560039468,0.8934813565262328
turbine_2,2025-12-12T18:00:00Z,2025-12-12T20:00:00Z,2.0,0.9583333333333334,0.7578424356334473,0.7795592596026615
turbine_2,2025-12-12T18:00:00Z,2025-12-12T21:00:00Z,3.0,0.5116666666666666,0.07008287482750186,0.09601355896512835
turbine_2,2025-12-12T18:00:00Z,2025-12-12T22:00:00Z,4.0,0.18,0.03855554191492447,0.04014733918731825
turbine_2,2025-12-12T18:00:00Z,2025-12-12T23:00:00Z,5.0,0.0533333333333333,0.013595465339420604,0.02812746348671133
turbine_2,2025-12-12T18:00:00Z,2025-12-13T00:00:00Z,6.0,0.0116666666666666,0.022855208191167736,0.022684916050020543
turbine_2,2025-12-12T18:00:00Z,2025-12-13T01:00:00Z,7.0,0.0116666666666666,0.01882780235413989,0.021416414421778135
turbine_2,2025-12-12T18:00:00Z,2025-12-13T02:00:00Z,8.0,0.0233333333333333,0.010368114983467958,0.012372080442117434
turbine_2,2025-12-12T18:00:00Z,2025-12-13T03:00:00Z,9.0,0.0083333333333333,0.019547531023306114,0.012194303770536069
turbine_2,2025-12-12T18:00:00Z,2025-12-13T04:00:00Z,10.0,0.0633333333333333,0.012125361684622693,0.01474140221891479
turbine_2,2025-12-12T18:00:00Z,2025-12-13T06:00:00Z,12.0,0.0499999999999999,0.17950978464364992,0.19019306656125953
turbine_2,2025-12-12T18:00:00Z,2025-12-13T07:00:00Z,13.0,0.2916666666666667,0.5964816084631142,0.5883654155949222
turbine_2,2025-12-12T18:00:00Z,2025-12-13T08:00:00Z,14.0,0.395,0.8713596746915999,0.8427264557892875
turbine_2,2025-12-12T18:00:00Z,2025-12-13T09:00:00Z,15.0,0.4416666666666666,0.9471872408482211,0.9365676995668554
turbine_2,2025-12-12T18:00:00Z,2025-12-13T10:00:00Z,16.0,0.5033333333333333,0.9277703284260124,0.9396994331430064
turbine_2,2025-12-12T18:00:00Z,2025-12-13T11:00:00Z,17.0,0.7583333333333333,0.9530972615256501,0.958446544494766
turbine_2,2025-12-12T18:00:00Z,2025-12-13T12:00:00Z,18.0,0.93,0.9180386503955702,0.9380821127722069
turbine_2,2025-12-12T18:00:00Z,2025-12-13T13:00:00Z,19.0,0.9216666666666667,0.7865799964404654,0.7908045139765572
turbine_2,2025-12-12T18:00:00Z,2025-12-13T14:00:00Z,20.0,0.875,0.7727014600092941,0.7456442589100617
turbine_2,2025-12-12T18:00:00Z,2025-12-13T15:00:00Z,21.0,0.975,0.8668527303582644,0.8934720193447506
turbine_2,2025-12-12T18:00:00Z,2025-12-13T16:00:00Z,22.0,0.9383333333333334,0.899619961398224,0.9092660867191272
turbine_2,2025-12-12T18:00:00Z,2025-12-13T17:00:00Z,23.0,0.8450000000000001,0.9076736633897738,0.899360172821097
turbine_2,2025-12-12T18:00:00Z,2025-12-13T18:00:00Z,24.0,0.315,0.9355277049903236,0.908266351340927
turbine_2,2025-12-12T18:00:00Z,2025-12-13T19:00:00Z,25.0,0.2633333333333333,0.7613377452732739,0.7573618750014238
turbine_2,2025-12-12T18:00:00Z,2025-12-13T20:00:00Z,26.0,0.0483333333333333,0.41183443309206774,0.40829262266508964
turbine_2,2025-12-12T18:00:00Z,2025-12-13T21:00:00Z,27.0,0.3866666666666666,0.11554975295015311,0.12282325888147173
turbine_2,2025-12-12T18:00:00Z,2025-12-13T22:00:00Z,28.0,0.7016666666666667,0.04484584532412994,0.05230434481494087
turbine_2,2025-12-12T18:00:00Z,2025-12-13T23:00:00Z,29.0,0.6316666666666667,0.01484750884977265,0.023824735490586724
turbine_2,2025-12-12T18:00:00Z,2025-12-14T00:00:00Z,30.0,0.375,0.046971149874794504,0.03612974334604582
turbine_2,2025-12-12T18:00:00Z,2025-12-14T01:00:00Z,31.0,0.3083333333333333,0.032172594829613654,0.029990383550994815
turbine_2,2025-12-12T18:00:00Z,2025-12-14T02:00:00Z,32.0,0.36,0.059109437150090705,0.03961581005498943
turbine_2,2025-12-12T18:00:00Z,2025-12-14T03:00:00Z,33.0,0.68,0.13674190301403522,0.11971862286785795
turbine_2,2025-12-12T18:00:00Z,2025-12-14T04:00:00Z,34.0,0.755,0.7733674835677655,0.8123962879669966
turbine_2,2025-12-12T18:00:00Z,2025-12-14T05:00:00Z,35.0,0.7716666666666666,0.8594278065304343,0.8463631690396528
turbine_2,2025-12-12T18:00:00Z,2025-12-14T06:00:00Z,36.0,0.8916666666666666,0.6893707457318857,0.7439067543181697
turbine_2,2025-12-12T18:00:00Z,2025-12-14T07:00:00Z,37.0,0.97,0.4651455274054702,0.4364141971616381
turbine_2,2025-12-12T18:00:00Z,2025-12-14T08:00:00Z,38.0,0.9733333333333332,0.5206671912826838,0.42501943288213323
turbine_2,2025-12-12T18:00:00Z,2025-12-14T09:00:00Z,39.0,0.7383333333333333,0.37308680289754614,0.31085909485470553
turbine_2,2025-12-12T18:00:00Z,2025-12-14T10:00:00Z,40.0,0.2966666666666667,0.1337431900601758,0.14556951789457157
turbine_2,2025-12-12T18:00:00Z,2025-12-14T11:00:00Z,41.0,0.0249999999999999,0.06583229743988958,0.061395053446157935
turbine_2,2025-12-12T18:00:00Z,2025-12-14T12:00:00Z,42.0,0.03,0.04215506626864138,0.04937592569156707
turbine_2,2025-12-12T18:00:00Z,2025-12-14T13:00:00Z,43.0,0.2416666666666666,0.10861612586608044,0.12832379461580679
turbine_2,2025-12-12T18:00:00Z,2025-12-14T14:00:00Z,44.0,0.8683333333333333,0.809280866752513,0.8602122613926696
turbine_2,2025-12-12T18:00:00Z,2025-12-14T15:00:00Z,45.0,0.9783333333333334,0.9135055840774348,0.9277763316253129
turbine_2,2025-12-12T18:00:00Z,2025-12-14T16:00:00Z,46.0,0.9733333333333332,0.9657002469504762,0.944146221653106
turbine_2,2025-12-12T18:00:00Z,2025-12-14T17:00:00Z,47.0,0.9783333333333334,0.9672366683114668,0.9492290027053356
turbine_2,2025-12-12T18:00:00Z,2025-12-14T18:00:00Z,48.0,0.98,0.9527914053679567,0.9492949888454235
turbine_2,2025-12-13T18:00:00Z,2025-12-13T19:00:00Z,1.0,0.2633333333333333,0.843435506229632,0.8515425937476115
turbine_2,2025-12-13T18:00:00Z,2025-12-13T20:00:00Z,2.0,0.0483333333333333,0.373366811757489,0.3753233027958039
turbine_2,2025-12-13T18:00:00Z,2025-12-13T21:00:00Z,3.0,0.3866666666666666,0.5684765186270759,0.5707083858032048
turbine_2,2025-12-13T18:00:00Z,2025-12-13T22:00:00Z,4.0,0.7016666666666667,0.08749843661402779,0.0861215826922675
turbine_2,2025-12-13T18:00:00Z,2025-12-13T23:00:00Z,5.0,0.6316666666666667,0.021890855752308425,0.02545888626899509
turbine_2,2025-12-13T18:00:00Z,2025-12-14T00:00:00Z,6.0,0.375,0.062216114658730726,0.07550837158546596
turbine_2,2025-12-13T18:00:00Z,2025-12-14T01:00:00Z,7.0,0.3083333333333333,0.09545157428260519,0.07211955138725389
turbine_2,2025-12-13T18:00:00Z,2025-12-14T02:00:00Z,8.0,0.36,0.6063002811270002,0.664911956262902
turbine_2,2025-12-13T18:00:00Z,2025-12-14T03:00:00Z,9.0,0.68,0.892946561784817,0.8902602236962671
turbine_2,2025-12-13T18:00:00Z,2025-12-14T04:00:00Z,10.0,0.755,0.7275217520897843,0.7543038966010605
turbine_2,2025-12-13T18:00:00Z,2025-12-14T05:00:00Z,11.0,0.7716666666666666,0.9100860377630123,0.9017523380687618
turbine_2,2025-12-13T18:00:00Z,2025-12-14T06:00:00Z,12.0,0.8916666666666666,0.8390186137205556,0.8317220529424441
turbine_2,2025-12-13T18:00:00Z,2025-12-14T07:00:00Z,13.0,0.97,0.7053464611258885,0.7225422720299193
turbine_2,2025-12-13T18:00:00Z,2025-12-14T08:00:00Z,14.0,0.9733333333333332,0.747073104482675,0.7150483551296531
turbine_2,2025-12-13T18:00:00Z,2025-12-14T09:00:00Z,15.0,0.7383333333333333,0.537902162174541,0.46455100273671507
turbine_2,2025-12-13T18:00:00Z,2025-12-14T10:00:00Z,16.0,0.2966666666666667,0.23842716246050352,0.21634820519409084
turbine_2,2025-12-13T18:00:00Z,2025-12-14T11:00:00Z,17.0,0.0249999999999999,0.03919204582224936,0.033207349894147004
turbine_2,2025-12-13T18:00:00Z,2025-12-14T12:00:00Z,18.0,0.03,0.06361374715453899,0.07222486189077813
turbine_2,2025-12-13T18:00:00Z,2025-12-14T13:00:00Z,19.0,0.2416666666666666,0.4526498993924052,0.45381307473805826
turbine_2,2025-12-13T18:00:00Z,2025-12-14T14:00:00Z,20.0,0.8683333333333333,0.9558852357064042,0.9427200235447318
turbine_2,2025-12-13T18:00:00Z,2025-12-14T15:00:00Z,21.0,0.9783333333333334,0.9741984503425896,0.957696035118139
turbine_2,2025-12-13T18:00:00Z,2025-12-14T16:00:00Z,22.0,0.9733333333333332,0.9743957890309235,0.9487850774816999
turbine_2,2025-12-13T18:00:00Z,2025-12-14T17:00:00Z,23.0,0.9783333333333334,0.9743957890309235,0.9491828764506008
turbine_2,2025-12-13T18:00:00Z,2025-12-14T18:00:00Z,24.0,0.98,0.9595067001634814,0.9501436985717857
turbine_2,2025-12-13T18:00:00Z,2025-12-14T19:00:00Z,25.0,0.9783333333333334,0.9517264429938734,0.9443154036034409
turbine_2,2025-12-13T18:00:00Z,2025-12-14T20:00:00Z,26.0,0.955,0.947345874602147,0.9272080655088931
turbine_2,2025-12-13T18:00:00Z,2025-12-14T21:00:00Z,27.0,0.9133333333333332,0.9013424907470522,0.8859240972777788
turbine_2,2025-12-13T18:00:00Z,2025-12-14T22:00:00Z,28.0,0.5216666666666666,0.6388459499287116,0.646000892347571
turbine_2,2025-12-13T18:00:00Z,2025-12-14T23:00:00Z,29.0,0.1983333333333333,0.43414998027736473,0.4080201528816915
turbine_2,2025-12-13T18:00:00Z,2025-12-15T00:00:00Z,30.0,0.0166666666666666,0.04856203197651732,0.05876029845902968
turbine_2,2025-12-13T18:00:00Z,2025-12-15T01:00:00Z,31.0,0.0216666666666666,0.01792604217977961,0.012366357565141567
turbine_2,2025-12-13T18:00:00Z,2025-12-15T02:00:00Z,32.0,0.6566666666666666,0.030974767576900347,0.037633884115434
turbine_2,2025-12-13T18:00:00Z,2025-12-15T03:00:00Z,33.0,0.5833333333333334,0.12388887204939758,0.10740681129863759
turbine_2,2025-12-13T18:00:00Z,2025-12-15T04:00:00Z,34.0,0.7566666666666667,0.38508335505337166,0.30884961576562653
turbine_2,2025-12-13T18:00:00Z,2025-12-15T05:00:00Z,35.0,0.98,0.7642919415043521,0.7891173485235374
turbine_2,2025-12-13T18:00:00Z,2025-12-15T06:00:00Z,36.0,0.97,0.936993698054971,0.9309247043336094
turbine_2,2025-12-13T18:00:00Z,2025-12-15T07:00:00Z,37.0,0.9716666666666668,0.9562093971725558,0.9561026648651432
turbine_2,2025-12-13T18:00:00Z,2025-12-15T08:00:00Z,38.0,0.975,0.9609617360607143,0.9321163196388924
turbine_2,2025-12-13T18:00:00Z,2025-12-15T09:00:00Z,39.0,0.9766666666666666,0.9607487164611274,0.932398118267272
turbine_2,2025-12-13T18:00:00Z,2025-12-15T10:00:00Z,40.0,0.9716666666666668,0.960560532208177,0.9304962102213075
turbine_2,2025-12-13T18:00:00Z,2025-12-15T11:00:00Z,41.0,0.9733333333333332,0.9539641147224013,0.9325272215338143
turbine_2,2025-12-13T18:00:00Z,2025-12-15T12:00:00Z,42.0,0.9716666666666668,0.9106218257724306,0.8964153651949525
turbine_2,2025-12-13T18:00:00Z,2025-12-15T13:00:00Z,43.0,0.9733333333333332,0.8701144049232651,0.8335771212940314
turbine_2,2025-12-13T18:00:00Z,2025-12-15T14:00:00Z,44.0,0.9783333333333334,0.8481489221141986,0.8201806174585959
turbine_2,2025-12-13T18:00:00Z,2025-12-15T15:00:00Z,45.0,0.97,0.7242094494893699,0.6747302291823996
turbine_2,2025-12-13T18:00:00Z,2025-12-15T16:00:00Z,46.0,0.4833333333333333,0.6842829948653734,0.6488335703807114
turbine_2,2025-12-13T18:00:00Z,2025-12-15T17:00:00Z,47.0,0.0416666666666666,0.3962577111255603,0.36124550437392344
turbine_2,2025-12-13T18:00:00Z,2025-12-15T18:00:00Z,48.0,0.0249999999999999,0.0955145197861205,0.1158989501930881
turbine_2,2025-12-14T18:00:00Z,2025-12-14T19:00:00Z,1.0,0.9783333333333334,0.9296300074511493,0.9269079277657283
turbine_2,2025-12-14T18:00:00Z,2025-12-14T20:00:00Z,2.0,0.955,0.9263869362360254,0.9208623266260401
turbine_2,2025-12-14T18:00:00Z,2025-12-14T21:00:00Z,3.0,0.9133333333333332,0.890488235037564,0.8750687488036916
turbine_2,2025-12-14T18:00:00Z,2025-12-14T22:00:00Z,4.0,0.5216666666666666,0.5731771027781216,0.5696130474419023
turbine_2,2025-12-14T18:00:00Z,2025-12-14T23:00:00Z,5.0,0.1983333333333333,0.3742503353375358,0.35928743752514153
turbine_2,2025-12-14T18:00:00Z,2025-12-15T00:00:00Z,6.0,0.0166666666666666,0.05191469233390378,0.03884081680839929
turbine_2,2025-12-14T18:00:00Z,2025-12-15T01:00:00Z,7.0,0.0216666666666666,0.06477235631991858,0.06864677363439234
turbine_2,2025-12-14T18:00:00Z,2025-12-15T02:00:00Z,8.0,0.6566666666666666,0.020030162377174365,0.013983760832961295
turbine_2,2025-12-14T18:00:00Z,2025-12-15T03:00:00Z,9.0,0.5833333333333334,0.03371681708830401,0.03293213073699411
turbine_2,2025-12-14T18:00:00Z,2025-12-15T04:00:00Z,10.0,0.7566666666666667,0.13467671073878015,0.1472650200219134
turbine_2,2025-12-14T18:00:00Z,2025-12-15T05:00:00Z,11.0,0.98,0.702813879650305,0.7130913819904259
turbine_2,2025-12-14T18:00:00Z,2025-12-15T06:00:00Z,12.0,0.97,0.9592625665430455,0.9586089730760154
turbine_2,2025-12-14T18:00:00Z,2025-12-15T07:00:00Z,13.0,0.9716666666666668,0.9541403372892139,0.9562180599484498
turbine_2,2025-12-14T18:00:00Z,2025-12-15T08:00:00Z,14.0,0.975,0.9584530072583801,0.9427883705525677
turbine_2,2025-12-14T18:00:00Z,2025-12-15T09:00:00Z,15.0,0.9766666666666666,0.9589931957801257,0.948574493177454
turbine_2,2025-12-14T18:00:00Z,2025-12-15T10:00:00Z,16.0,0.9716666666666668,0.9587737101475051,0.9384925919642682
turbine_2,2025-12-14T18:00:00Z,2025-12-15T11:00:00Z,17.0,0.9733333333333332,0.9580262271455205,0.9378616793652466
turbine_2,2025-12-14T18:00:00Z,2025-12-15T12:00:00Z,18.0,0.9716666666666668,0.9184820440643127,0.9229428427847053
turbine_2,2025-12-14T18:00:00Z,2025-12-15T13:00:00Z,19.0,0.9733333333333332,0.9084447177772091,0.9044975979226468
turbine_2,2025-12-14T18:00:00Z,2025-12-15T14:00:00Z,20.0,0.9783333333333334,0.8400616434287623,0.8207188860154903
turbine_2,2025-12-14T18:00:00Z,2025-12-15T15:00:00Z,21.0,0.97,0.7139407208314651,0.7131105407645184
turbine_2,2025-12-14T18:00:00Z,2025-12-15T16:00:00Z,22.0,0.4833333333333333,0.5728500969531037,0.5967328718808097
turbine_2,2025-12-14T18:00:00Z,2025-12-15T17:00:00Z,23.0,0.0416666666666666,0.278476217816137,0.30017426131895414
turbine_2,2025-12-14T18:00:00Z,2025-12-15T18:00:00Z,24.0,0.0249999999999999,0.11391646351019315,0.1162893571617471
turbine_2,2025-12-14T18:00:00Z,2025-12-15T19:00:00Z,25.0,0.01,0.040821275149743264,0.03473341784921655
turbine_2,2025-12-14T18:00:00Z,2025-12-15T20:00:00Z,26.0,0.01,0.017146302197120822,0.02025725844791132
turbine_2,2025-12-14T18:00:00Z,2025-12-15T21:00:00Z,27.0,0.0083333333333333,0.028349996614503437,0.022059929892966207
turbine_2,2025-12-14T18:00:00Z,2025-12-15T22:00:00Z,28.0,0.0566666666666666,0.038304734913395005,0.030439880662101043
turbine_2,2025-12-14T18:00:00Z,2025-12-15T23:00:00Z,29.0,0.05,0.05955853774683194,0.07260779632613341
turbine_2,2025-12-14T18:00:00Z,2025-12-16T00:00:00Z,30.0,0.31,0.10392741837651301,0.13698478000242764
turbine_2,2025-12-14T18:00:00Z,2025-12-16T01:00:00Z,31.0,0.4066666666666667,0.20640730339868937,0.20373635256826653
turbine_2,2025-12-14T18:00:00Z,2025-12-16T02:00:00Z,32.0,0.6733333333333333,0.3210742114907137,0.2666019225520863
turbine_2,2025-12-14T18:00:00Z,2025-12-16T03:00:00Z,33.0,0.9683333333333332,0.35542803484486585,0.34902517897992
turbine_2,2025-12-14T18:00:00Z,2025-12-16T04:00:00Z,34.0,0.97,0.3392404674736883,0.35601161708440743
turbine_2,2025-12-14T18:00:00Z,2025-12-16T05:00:00Z,35.0,0.9266666666666666,0.5631686355710601,0.6142260862980073
turbine_2,2025-12-14T18:00:00Z,2025-12-16T06:00:00Z,36.0,0.9716666666666668,0.6219483858841819,0.6872959093342795
turbine_2,2025-12-14T18:00:00Z,2025-12-16T07:00:00Z,37.0,0.965,0.6465496373006678,0.7151870301954366
turbine_2,2025-12-14T18:00:00Z,2025-12-16T08:00:00Z,38.0,0.945,0.6721954219234434,0.708351208929439
turbine_2,2025-12-14T18:00:00Z,2025-12-16T09:00:00Z,39.0,0.9566666666666668,0.7017483506755663,0.7339092677227291
turbine_2,2025-12-14T18:00:00Z,2025-12-16T10:00:00Z,40.0,0.9016666666666668,0.691661680473003,0.7071792103644731
turbine_2,2025-12-14T18:00:00Z,2025-12-16T11:00:00Z,41.0,0.7583333333333333,0.5632553798868198,0.6390862118110102
turbine_2,2025-12-14T18:00:00Z,2025-12-16T12:00:00Z,42.0,0.4666666666666666,0.4250420039960396,0.4504124618910716
turbine_2,2025-12-14T18:00:00Z,2025-12-16T13:00:00Z,43.0,0.0616666666666666,0.2700979013049203,0.3710408177978072
turbine_2,2025-12-14T18:00:00Z,2025-12-16T14:00:00Z,44.0,0.0116666666666666,0.29831279606526295,0.37373003571050034
turbine_2,2025-12-14T18:00:00Z,2025-12-16T15:00:00Z,45.0,0.015,0.2661847563629102,0.3273717685462686
turbine_2,2025-12-14T18:00:00Z,2025-12-16T16:00:00Z,46.0,0.0833333333333333,0.47734114689203816,0.5091779804460259
turbine_2,2025-12-14T18:00:00Z,2025-12-16T17:00:00Z,47.0,0.0083333333333333,0.5495391789025419,0.5529034928747826
turbine_2,2025-12-14T18:00:00Z,2025-12-16T18:00:00Z,48.0,0.0083333333333333,0.5887971754697205,0.6133500473337459
turbine_2,2025-12-15T18:00:00Z,2025-12-15T19:00:00Z,1.0,0.01,0.045964904561023534,0.05769985336045724
turbine_2,2025-12-15T18:00:00Z,2025-12-15T20:00:00Z,2.0,0.01,0.02358393825031249,0.02873745324236812
turbine_2,2025-12-15T18:00:00Z,2025-12-15T21:00:00Z,3.0,0.0083333333333333,0.024102259067387305,0.02956592610729092
turbine_2,2025-12-15T18:00:00Z,2025-12-15T22:00:00Z,4.0,0.0566666666666666,0.01046109089653774,0.011871854901639195
turbine_2,2025-12-15T18:00:00Z,2025-12-15T23:00:00Z,5.0,0.05,0.01957367018664205,0.014269574874829632
turbine_2,2025-12-15T18:00:00Z,2025-12-16T00:00:00Z,6.0,0.31,0.03862116546491923,0.04198958487709059
turbine_2,2025-12-15T18:00:00Z,2025-12-16T01:00:00Z,7.0,0.4066666666666667,0.09613042520611209,0.10031796301486814
turbine_2,2025-12-15T18:00:00Z,2025-12-16T02:00:00Z,8.0,0.6733333333333333,0.4207123747072927,0.37760694511827386
turbine_2,2025-12-15T18:00:00Z,2025-12-16T03:00:00Z,9.0,0.9683333333333332,0.5683285136329367,0.5660956683732887
turbine_2,2025-12-15T18:00:00Z,2025-12-16T04:00:00Z,10.0,0.97,0.7346635020764519,0.7779234816122482
turbine_2,2025-12-15T18:00:00Z,2025-12-16T05:00:00Z,11.0,0.9266666666666666,0.9045422388304267,0.9100507691875612
turbine_2,2025-12-15T18:00:00Z,2025-12-16T06:00:00Z,12.0,0.9716666666666668,0.95557624306378,0.9396957219087759
turbine_2,2025-12-15T18:00:00Z,2025-12-16T07:00:00Z,13.0,0.965,0.9612657623732486,0.9418394575229627
turbine_2,2025-12-15T18:00:00Z,2025-12-16T08:00:00Z,14.0,0.945,0.8794234717427061,0.8492203865911728
turbine_2,2025-12-15T18:00:00Z,2025-12-16T09:00:00Z,15.0,0.9566666666666668,0.7316395142251638,0.7530594722698468
turbine_2,2025-12-15T18:00:00Z,2025-12-16T10:00:00Z,16.0,0.9016666666666668,0.48924112516569673,0.5015078031966629
turbine_2,2025-12-15T18:00:00Z,2025-12-16T11:00:00Z,17.0,0.7583333333333333,0.37307714100703937,0.40816893606889115
turbine_2,2025-12-15T18:00:00Z,2025-12-16T12:00:00Z,18.0,0.4666666666666666,0.24840858716206335,0.3079163091544188
turbine_2,2025-12-15T18:00:00Z,2025-12-16T13:00:00Z,19.0,0.0616666666666666,0.23936696192900736,0.27697141283051213
turbine_2,2025-12-15T18:00:00Z,2025-12-16T14:00:00Z,20.0,0.0116666666666666,0.1821120590119739,0.21458391129462157
turbine_2,2025-12-15T18:00:00Z,2025-12-16T15:00:00Z,21.0,0.015,0.23836583799889582,0.3087659361578269
turbine_2,2025-12-15T18:00:00Z,2025-12-16T16:00:00Z,22.0,0.0833333333333333,0.3022604820034813,0.35796070545306247
turbine_2,2025-12-15T18:00:00Z,2025-12-16T17:00:00Z,23.0,0.0083333333333333,0.5049216684648916,0.5218027465459093
turbine_2,2025-12-15T18:00:00Z,2025-12-16T18:00:00Z,24.0,0.0083333333333333,0.24451152295391435,0.3137746556233273
turbine_2,2025-12-15T18:00:00Z,2025-12-16T19:00:00Z,25.0,0.01,0.22879071563391104,0.27381414251915703
turbine_2,2025-12-15T18:00:00Z,2025-12-16T20:00:00Z,26.0,0.01,0.2761322882636903,0.26760679027775025
turbine_2,2025-12-15T18:00:00Z,2025-12-16T21:00:00Z,27.0,0.085,0.1647855537445293,0.20110406624146968
turbine_2,2025-12-15T18:00:00Z,2025-12-16T22:00:00Z,28.0,0.1616666666666666,0.08035983192420273,0.08693173167302133
turbine_2,2025-12-15T18:00:00Z,2025-12-16T23:00:00Z,29.0,0.0083333333333333,0.03812601657157491,0.03699545573641819
turbine_2,2025-12-15T18:00:00Z,2025-12-17T00:00:00Z,30.0,0.01,0.03028402503691166,0.01932834717435164
turbine_2,2025-12-15T18:00:00Z,2025-12-17T01:00:00Z,31.0,0.07,0.008393237122513997,0.011719177679637038
turbine_2,2025-12-15T18:00:00Z,2025-12-17T02:00:00Z,32.0,0.1083333333333333,0.02659294929787334,0.036427305692329354
turbine_2,2025-12-15T18:00:00Z,2025-12-17T03:00:00Z,33.0,0.1283333333333333,0.03424860581371794,0.02945487369403188
turbine_2,2025-12-15T18:00:00Z,2025-12-17T04:00:00Z,34.0,0.055,0.08832044038318833,0.08613961287586545
turbine_2,2025-12-15T18:00:00Z,2025-12-17T05:00:00Z,35.0,0.01,0.09115256858532501,0.09170313827672374
turbine_2,2025-12-15T18:00:00Z,2025-12-17T06:00:00Z,36.0,0.0083333333333333,0.3726924960082799,0.3238488012856362
turbine_2,2025-12-15T18:00:00Z,2025-12-17T07:00:00Z,37.0,0.01,0.7172671958857572,0.7215190101517994
turbine_2,2025-12-15T18:00:00Z,2025-12-17T08:00:00Z,38.0,0.01,0.7742191721886932,0.7293507943773685
turbine_2,2025-12-15T18:00:00Z,2025-12-17T09:00:00Z,39.0,0.01,0.9355685275078256,0.8898017415448849
turbine_2,2025-12-15T18:00:00Z,2025-12-17T10:00:00Z,40.0,0.01,0.9358012360119915,0.8862313409433429
turbine_2,2025-12-15T18:00:00Z,2025-12-17T11:00:00Z,41.0,0.01,0.9264409137025522,0.8918320389707144
turbine_2,2025-12-15T18:00:00Z,2025-12-17T12:00:00Z,42.0,0.0633333333333333,0.9227016254070929,0.9062174797996911
turbine_2,2025-12-15T18:00:00Z,2025-12-17T13:00:00Z,43.0,0.2516666666666666,0.9246014472006576,0.9094677227202781
turbine_2,2025-12-15T18:00:00Z,2025-12-17T14:00:00Z,44.0,0.2566666666666666,0.8307784074699552,0.7884637851413736
turbine_2,2025-12-15T18:00:00Z,2025-12-17T15:00:00Z,45.0,0.405,0.8263020460249234,0.7583570040349902
turbine_2,2025-12-15T18:00:00Z,2025-12-17T16:00:00Z,46.0,0.4283333333333333,0.7950542453723203,0.7516297194335242
turbine_2,2025-12-15T18:00:00Z,2025-12-17T17:00:00Z,47.0,0.5133333333333333,0.7583075400426252,0.6880969010882061
turbine_2,2025-12-15T18:00:00Z,2025-12-17T18:00:00Z,48.0,0.7116666666666666,0.6195524167532469,0.6137790874990869
turbine_2,2025-12-16T18:00:00Z,2025-12-16T19:00:00Z,1.0,0.01,0.25207909354743085,0.264557492415351
turbine_2,2025-12-16T18:00:00Z,2025-12-16T20:00:00Z,2.0,0.01,0.16677070894233267,0.21527010480868397
turbine_2,2025-12-16T18:00:00Z,2025-12-16T21:00:00Z,3.0,0.085,0.15327825481061277,0.1865487774466252
turbine_2,2025-12-16T18:00:00Z,2025-12-16T22:00:00Z,4.0,0.1616666666666666,0.11461863855955214,0.1590439120604435
turbine_2,2025-12-16T18:00:00Z,2025-12-16T23:00:00Z,5.0,0.0083333333333333,0.058013456506035205,0.06310567847745854
turbine_2,2025-12-16T18:00:00Z,2025-12-17T00:00:00Z,6.0,0.01,0.03211787759609225,0.03850368675048041
turbine_2,2025-12-16T18:00:00Z,2025-12-17T01:00:00Z,7.0,0.07,0.03264576047680609,0.02258081366013215
turbine_2,2025-12-16T18:00:00Z,2025-12-17T02:00:00Z,8.0,0.1083333333333333,0.038602179580837837,0.024122477837363904
turbine_2,2025-12-16T18:00:00Z,2025-12-17T03:00:00Z,9.0,0.1283333333333333,0.020715073656143612,0.013459036879480774
turbine_2,2025-12-16T18:00:00Z,2025-12-17T04:00:00Z,10.0,0.055,0.03034260958748175,0.02936157584688262
turbine_2,2025-12-16T18:00:00Z,2025-12-17T05:00:00Z,11.0,0.01,0.07368506193217991,0.0784399115637327
turbine_2,2025-12-16T18:00:00Z,2025-12-17T06:00:00Z,12.0,0.0083333333333333,0.22853395052813597,0.2424851499059053
turbine_2,2025-12-16T18:00:00Z,2025-12-17T07:00:00Z,13.0,0.01,0.4075715674500525,0.3847326419073532
turbine_2,2025-12-16T18:00:00Z,2025-12-17T08:00:00Z,14.0,0.01,0.6321315381019427,0.5680644988969206
turbine_2,2025-12-16T18:00:00Z,2025-12-17T09:00:00Z,15.0,0.01,0.9126009041601932,0.8661503889934756
turbine_2,2025-12-16T18:00:00Z,2025-12-17T10:00:00Z,16.0,0.01,0.9598855532401421,0.95112257419441
turbine_2,2025-12-16T18:00:00Z,2025-12-17T11:00:00Z,17.0,0.01,0.9434462596818719,0.9182808911532925
turbine_2,2025-12-16T18:00:00Z,2025-12-17T12:00:00Z,18.0,0.0633333333333333,0.9393847754125547,0.9306759832369158
turbine_2,2025-12-16T18:00:00Z,2025-12-17T13:00:00Z,19.0,0.2516666666666666,0.9389386268166533,0.9286356881286637
turbine_2,2025-12-16T18:00:00Z,2025-12-17T14:00:00Z,20.0,0.2566666666666666,0.9155719673105535,0.9019012666907095
turbine_2,2025-12-16T18:00:00Z,2025-12-17T15:00:00Z,21.0,0.405,0.9338621896700424,0.9016143996233849
turbine_2,2025-12-16T18:00:00Z,2025-12-17T16:00:00Z,22.0,0.4283333333333333,0.8373893404040768,0.8118346384654216
turbine_2,2025-12-16T18:00:00Z,2025-12-17T17:00:00Z,23.0,0.5133333333333333,0.7918625828672218,0.7748252345719078
turbine_2,2025-12-16T18:00:00Z,2025-12-17T18:00:00Z,24.0,0.7116666666666666,0.6276495905898459,0.6229599220121608
turbine_2,2025-12-16T18:00:00Z,2025-12-17T19:00:00Z,25.0,0.835,0.426241612263505,0.4089228464554766
turbine_2,2025-12-16T18:00:00Z,2025-12-17T20:00:00Z,26.0,0.6533333333333333,0.25402563295658764,0.24165152179171542
turbine_2,2025-12-16T18:00:00Z,2025-12-17T21:00:00Z,27.0,0.5883333333333334,0.13147815068978927,0.12473797314980767
turbine_2,2025-12-16T18:00:00Z,2025-12-17T22:00:00Z,28.0,0.38,0.08459454618293193,0.0819134611665861
turbine_2,2025-12-16T18:00:00Z,2025-12-17T23:00:00Z,29.0,0.4533333333333333,0.0908878361872455,0.07622867759279732
turbine_2,2025-12-16T18:00:00Z,2025-12-18T00:00:00Z,30.0,0.61,0.08122884504502856,0.0668490846103135
turbine_2,2025-12-16T18:00:00Z,2025-12-18T01:00:00Z,31.0,0.4633333333333334,0.04932054641379929,0.060118675623078086
turbine_2,2025-12-16T18:00:00Z,2025-12-18T02:00:00Z,32.0,0.2133333333333333,0.08847348861138021,0.06645283483012421
turbine_2,2025-12-16T18:00:00Z,2025-12-18T03:00:00Z,33.0,0.18,0.06306138951855997,0.06967021565488646
turbine_2,2025-12-16T18:00:00Z,2025-12-18T04:00:00Z,34.0,0.1733333333333333,0.07187705027445558,0.06904965737428946
turbine_2,2025-12-16T18:00:00Z,2025-12-18T05:00:00Z,35.0,0.1816666666666666,0.06084058020622475,0.06598221866840087
turbine_2,2025-12-16T18:00:00Z,2025-12-18T06:00:00Z,36.0,0.145,0.043988789822181185,0.04720819834168266
turbine_2,2025-12-16T18:00:00Z,2025-12-18T07:00:00Z,37.0,0.27,0.03682552728998406,0.03682530185379243
turbine_2,2025-12-16T18:00:00Z,2025-12-18T08:00:00Z,38.0,0.695,0.08229148330941291,0.08654264359374109
turbine_2,2025-12-16T18:00:00Z,2025-12-18T09:00:00Z,39.0,0.68,0.256607147221095,0.233637383832458
turbine_2,2025-12-16T18:00:00Z,2025-12-18T10:00:00Z,40.0,0.8833333333333333,0.47366619727137493,0.4044269033510033
turbine_2,2025-12-16T18:00:00Z,2025-12-18T11:00:00Z,41.0,0.8966666666666666,0.535652434329586,0.4958056524390709
turbine_2,2025-12-16T18:00:00Z,2025-12-18T12:00:00Z,42.0,0.9333333333333332,0.8685719837027625,0.8352059460467013
turbine_2,2025-12-16T18:00:00Z,2025-12-18T13:00:00Z,43.0,0.945,0.9183388780710033,0.8967698928690944
turbine_2,2025-12-16T18:00:00Z,2025-12-18T14:00:00Z,44.0,0.975,0.9321717990668489,0.9004981268551838
turbine_2,2025-12-16T18:00:00Z,2025-12-18T15:00:00Z,45.0,0.9683333333333332,0.912934412147013,0.868530317731477
turbine_2,2025-12-16T18:00:00Z,2025-12-18T16:00:00Z,46.0,0.9766666666666666,0.8589405919212852,0.8238357704847261
turbine_2,2025-12-16T18:00:00Z,2025-12-18T17:00:00Z,47.0,0.9333333333333332,0.883346950186139,0.8258061948459825
turbine_2,2025-12-16T18:00:00Z,2025-12-18T18:00:00Z,48.0,0.9633333333333334,0.7834921773476765,0.7486549791517242
turbine_2,2025-12-17T18:00:00Z,2025-12-17T19:00:00Z,1.0,0.835,0.6030058690938118,0.6160627719860216
turbine_2,2025-12-17T18:00:00Z,2025-12-17T20:00:00Z,2.0,0.6533333333333333,0.5062369494854979,0.5226837572123514
turbine_2,2025-12-17T18:00:00Z,2025-12-17T21:00:00Z,3.0,0.5883333333333334,0.3180326444089744,0.3168439382537397
turbine_2,2025-12-17T18:00:00Z,2025-12-17T22:00:00Z,4.0,0.38,0.15585751837619682,0.1418285128758606
turbine_2,2025-12-17T18:00:00Z,2025-12-17T23:00:00Z,5.0,0.4533333333333333,0.11065003532990945,0.10937006871260166
turbine_2,2025-12-17T18:00:00Z,2025-12-18T00:00:00Z,6.0,0.61,0.12292382255632613,0.09475228618949788
turbine_2,2025-12-17T18:00:00Z,2025-12-18T01:00:00Z,7.0,0.4633333333333334,0.11098171363455085,0.08085569199272409
turbine_2,2025-12-17T18:00:00Z,2025-12-18T02:00:00Z,8.0,0.2133333333333333,0.10973899658650606,0.07537503936335949
turbine_2,2025-12-17T18:00:00Z,2025-12-18T03:00:00Z,9.0,0.18,0.11102479373039446,0.08359560097594929
turbine_2,2025-12-17T18:00:00Z,2025-12-18T04:00:00Z,10.0,0.1733333333333333,0.09018824749711227,0.0663966512731898
turbine_2,2025-12-17T18:00:00Z,2025-12-18T05:00:00Z,11.0,0.1816666666666666,0.053794890439481574,0.06485311609499544
turbine_2,2025-12-17T18:00:00Z,2025-12-18T06:00:00Z,12.0,0.145,0.04729582437745672,0.050734688172132114
turbine_2,2025-12-17T18:00:00Z,2025-12-18T07:00:00Z,13.0,0.27,0.13091427755195578,0.11172092972728104
turbine_2,2025-12-17T18:00:00Z,2025-12-18T08:00:00Z,14.0,0.695,0.3179435986641313,0.29374644727689125
turbine_2,2025-12-17T18:00:00Z,2025-12-18T09:00:00Z,15.0,0.68,0.5940440450516582,0.5415013223527856
turbine_2,2025-12-17T18:00:00Z,2025-12-18T10:00:00Z,16.0,0.8833333333333333,0.7710526753703535,0.7348783922607007
turbine_2,2025-12-17T18:00:00Z,2025-12-18T11:00:00Z,17.0,0.8966666666666666,0.9036805194504919,0.8781604296904272
turbine_2,2025-12-17T18:00:00Z,2025-12-18T12:00:00Z,18.0,0.9333333333333332,0.913573049929756,0.9071956563960554
turbine_2,2025-12-17T18:00:00Z,2025-12-18T13:00:00Z,19.0,0.945,0.9172901457043298,0.9095355810701562
turbine_2,2025-12-17T18:00:00Z,2025-12-18T14:00:00Z,20.0,0.975,0.9357490216206151,0.9219398150718469
turbine_2,2025-12-17T18:00:00Z,2025-12-18T15:00:00Z,21.0,0.9683333333333332,0.9557638419804831,0.9249262869374751
turbine_2,2025-12-17T18:00:00Z,2025-12-18T16:00:00Z,22.0,0.9766666666666666,0.9570308487947506,0.9258281576262296
turbine_2,2025-12-17T18:00:00Z,2025-12-18T17:00:00Z,23.0,0.9333333333333332,0.9573696522177799,0.9252720862007636
turbine_2,2025-12-17T18:00:00Z,2025-12-18T18:00:00Z,24.0,0.9633333333333334,0.9387785472600785,0.9227076649433367
turbine_2,2025-12-17T18:00:00Z,2025-12-18T19:00:00Z,25.0,0.7583333333333333,0.9344939904273992,0.9308574831201172
turbine_2,2025-12-17T18:00:00Z,2025-12-18T20:00:00Z,26.0,0.975,0.9436631870062664,0.9320919986253752
turbine_2,2025-12-17T18:00:00Z,2025-12-18T21:00:00Z,27.0,0.98,0.9312565306229565,0.8936257219249439
turbine_2,2025-12-17T18:00:00Z,2025-12-18T22:00:00Z,28.0,0.9533333333333333,0.7765180541120954,0.8138357866222174
turbine_2,2025-12-17T18:00:00Z,2025-12-18T23:00:00Z,29.0,0.9133333333333332,0.6753457907563971,0.7020324233709792
turbine_2,2025-12-17T18:00:00Z,2025-12-19T00:00:00Z,30.0,0.615,0.49328081555148257,0.45505715987810547
turbine_2,2025-12-17T18:00:00Z,2025-12-19T01:00:00Z,31.0,0.1566666666666666,0.21337293073708907,0.17129683214661184
turbine_2,2025-12-17T18:00:00Z,2025-12-19T02:00:00Z,32.0,0.0083333333333333,0.1667444933632507,0.12865909545480325
turbine_2,2025-12-17T18:00:00Z,2025-12-19T03:00:00Z,33.0,0.0116666666666666,0.07834844232441476,0.07411517005793028
turbine_2,2025-12-17T18:00:00Z,2025-12-19T04:00:00Z,34.0,0.0266666666666666,0.012241719784232191,0.01613570776792883
turbine_2,2025-12-17T18:00:00Z,2025-12-19T05:00:00Z,35.0,0.01,0.011585939193168443,0.015122357455163549
turbine_2,2025-12-17T18:00:00Z,2025-12-19T06:00:00Z,36.0,0.0999999999999999,0.015284551037432315,0.022732041256460278
turbine_2,2025-12-17T18:00:00Z,2025-12-19T07:00:00Z,37.0,0.2683333333333333,0.038419770908185435,0.038003778919049686
turbine_2,2025-12-17T18:00:00Z,2025-12-19T08:00:00Z,38.0,0.51,0.07214673403743517,0.0831944862196512
turbine_2,2025-12-17T18:00:00Z,2025-12-19T09:00:00Z,39.0,0.7616666666666667,0.11599561388961101,0.13842359397884701
turbine_2,2025-12-17T18:00:00Z,2025-12-19T10:00:00Z,40.0,0.8983333333333333,0.22450317814476006,0.2522042723118758
turbine_2,2025-12-17T18:00:00Z,2025-12-19T11:00:00Z,41.0,0.9666666666666668,0.5131252003371755,0.5458558595006893
turbine_2,2025-12-17T18:00:00Z,2025-12-19T12:00:00Z,42.0,0.975,0.6695995616123489,0.7140623183304239
turbine_2,2025-12-17T18:00:00Z,2025-12-19T13:00:00Z,43.0,0.9783333333333334,0.5908538694845631,0.6384532268423553
turbine_2,2025-12-17T18:00:00Z,2025-12-19T14:00:00Z,44.0,0.98,0.7971103730266135,0.8215156543149132
turbine_2,2025-12-17T18:00:00Z,2025-12-19T15:00:00Z,45.0,0.975,0.928212081470335,0.9298110645446539
turbine_2,2025-12-17T18:00:00Z,2025-12-19T16:00:00Z,46.0,0.895,0.9376249461596831,0.9221767148808883
turbine_2,2025-12-17T18:00:00Z,2025-12-19T17:00:00Z,47.0,0.9716666666666668,0.9366564186307632,0.9143920258894707
turbine_2,2025-12-17T18:00:00Z,2025-12-19T18:00:00Z,48.0,0.9733333333333332,0.9232940065796531,0.8977980080227105
turbine_2,2025-12-18T18:00:00Z,2025-12-18T19:00:00Z,1.0,0.7583333333333333,0.7938902123064212,0.8133624483790013
turbine_2,2025-12-18T18:00:00Z,2025-12-18T20:00:00Z,2.0,0.975,0.7347207469958766,0.7871778258043396
turbine_2,2025-12-18T18:00:00Z,2025-12-18T21:00:00Z,3.0,0.98,0.6795971502519843,0.6955698830227799
turbine_2,2025-12-18T18:00:00Z,2025-12-18T22:00:00Z,4.0,0.9533333333333333,0.5748517865742016,0.5997775985606582
turbine_2,2025-12-18T18:00:00Z,2025-12-18T23:00:00Z,5.0,0.9133333333333332,0.5410458690067264,0.5272037948757713
turbine_2,2025-12-18T18:00:00Z,2025-12-19T00:00:00Z,6.0,0.615,0.3874987733533547,0.34247772103753227
turbine_2,2025-12-18T18:00:00Z,2025-12-19T01:00:00Z,7.0,0.1566666666666666,0.14348611518384763,0.13942799288956123
turbine_2,2025-12-18T18:00:00Z,2025-12-19T02:00:00Z,8.0,0.0083333333333333,0.0759292825814517,0.07010398244167755
turbine_2,2025-12-18T18:00:00Z,2025-12-19T03:00:00Z,9.0,0.0116666666666666,0.017873149139453898,0.029955416493030684
turbine_2,2025-12-18T18:00:00Z,2025-12-19T04:00:00Z,10.0,0.0266666666666666,0.010340581339178645,0.011958138004903252
turbine_2,2025-12-18T18:00:00Z,2025-12-19T05:00:00Z,11.0,0.01,0.027621531248879866,0.02281788322017031
turbine_2,2025-12-18T18:00:00Z,2025-12-19T06:00:00Z,12.0,0.0999999999999999,0.0810892219767413,0.09424078523498147
turbine_2,2025-12-18T18:00:00Z,2025-12-19T07:00:00Z,13.0,0.2683333333333333,0.5137617592049019,0.537148155518108
turbine_2,2025-12-18T18:00:00Z,2025-12-19T08:00:00Z,14.0,0.51,0.866262823768757,0.8832062624215429
turbine_2,2025-12-18T18:00:00Z,2025-12-19T09:00:00Z,15.0,0.7616666666666667,0.9042512620470209,0.918422559770326
turbine_2,2025-12-18T18:00:00Z,2025-12-19T10:00:00Z,16.0,0.8983333333333333,0.8265896356979414,0.8927600934893712
turbine_2,2025-12-18T18:00:00Z,2025-12-19T11:00:00Z,17.0,0.9666666666666668,0.8361732658810365,0.8834175894985982
turbine_2,2025-12-18T18:00:00Z,2025-12-19T12:00:00Z,18.0,0.975,0.8102688621300468,0.8729867367420797
turbine_2,2025-12-18T18:00:00Z,2025-12-19T13:00:00Z,19.0,0.9783333333333334,0.8448976961737333,0.899356945063326
turbine_2,2025-12-18T18:00:00Z,2025-12-19T14:00:00Z,20.0,0.98,0.8489184201204345,0.8729180376070065
turbine_2,2025-12-18T18:00:00Z,2025-12-19T15:00:00Z,21.0,0.975,0.8998300287517716,0.9166035047769922
turbine_2,2025-12-18T18:00:00Z,2025-12-19T16:00:00Z,22.0,0.895,0.9048918641571785,0.8964460103752274
turbine_2,2025-12-18T18:00:00Z,2025-12-19T17:00:00Z,23.0,0.9716666666666668,0.927952072746245,0.9071240737885666
turbine_2,2025-12-18T18:00:00Z,2025-12-19T18:00:00Z,24.0,0.9733333333333332,0.8878920769404376,0.8829137373972631
turbine_2,2025-12-18T18:00:00Z,2025-12-19T19:00:00Z,25.0,0.9783333333333334,0.8497255427159628,0.8146556619247773
turbine_2,2025-12-18T18:00:00Z,2025-12-19T20:00:00Z,26.0,0.9566666666666668,0.8508812615587961,0.8596071963856935
turbine_2,2025-12-18T18:00:00Z,2025-12-19T21:00:00Z,27.0,0.9666666666666668,0.8295519217746444,0.8239362209074238
turbine_2,2025-12-18T18:00:00Z,2025-12-19T22:00:00Z,28.0,0.9716666666666668,0.6681647322844415,0.691872880308871
turbine_2,2025-12-18T18:00:00Z,2025-12-19T23:00:00Z,29.0,0.8416666666666667,0.5119493670073543,0.5325659948935231
turbine_2,2025-12-18T18:00:00Z,2025-12-20T00:00:00Z,30.0,0.535,0.3840862668750922,0.3885165057012662
turbine_2,2025-12-18T18:00:00Z,2025-12-20T01:00:00Z,31.0,0.1116666666666666,0.3808141509222236,0.3701343437640051
turbine_2,2025-12-18T18:00:00Z,2025-12-20T02:00:00Z,32.0,0.0866666666666666,0.40860684594225394,0.3982570380526699
turbine_2,2025-12-18T18:00:00Z,2025-12-20T03:00:00Z,33.0,0.1849999999999999,0.4169038204999401,0.3880293676291827
turbine_2,2025-12-18T18:00:00Z,2025-12-20T04:00:00Z,34.0,0.125,0.2586256467201502,0.23786779223834448
turbine_2,2025-12-18T18:00:00Z,2025-12-20T05:00:00Z,35.0,0.13,0.2323291237202746,0.26851507932838803
turbine_2,2025-12-18T18:00:00Z,2025-12-20T06:00:00Z,36.0,0.1666666666666666,0.23062852723013585,0.24947575856373813
turbine_2,2025-12-18T18:00:00Z,2025-12-20T07:00:00Z,37.0,0.2866666666666667,0.20123043828564724,0.21523677261208418
turbine_2,2025-12-18T18:00:00Z,2025-12-20T08:00:00Z,38.0,0.395,0.2050693247434776,0.21450749368418492
turbine_2,2025-12-18T18:00:00Z,2025-12-20T09:00:00Z,39.0,0.295,0.11798589697869043,0.13046678618025237
turbine_2,2025-12-18T18:00:00Z,2025-12-20T10:00:00Z,40.0,0.2666666666666666,0.06309881262712351,0.06725284263289595
turbine_2,2025-12-18T18:00:00Z,2025-12-20T11:00:00Z,41.0,0.09,0.04434699637927372,0.044693902647001876
turbine_2,2025-12-18T18:00:00Z,2025-12-20T12:00:00Z,42.0,0.01,0.037700488662681136,0.03627337788996546
turbine_2,2025-12-18T18:00:00Z,2025-12-20T13:00:00Z,43.0,0.0083333333333333,0.045349865456576155,0.04916028332796607
turbine_2,2025-12-18T18:00:00Z,2025-12-20T14:00:00Z,44.0,0.01,0.04355888440608319,0.04358604823607837
turbine_2,2025-12-18T18:00:00Z,2025-12-20T15:00:00Z,45.0,0.01,0.061006676339551466,0.07397374849967091
turbine_2,2025-12-18T18:00:00Z,2025-12-20T16:00:00Z,46.0,0.01,0.08167985988294571,0.10995776930600391
turbine_2,2025-12-18T18:00:00Z,2025-12-20T17:00:00Z,47.0,0.0083333333333333,0.10683408801536654,0.12615595334451038
turbine_2,2025-12-18T18:00:00Z,2025-12-20T18:00:00Z,48.0,0.06,0.10282696122129653,0.10595875700803112
turbine_2,2025-12-19T18:00:00Z,2025-12-19T19:00:00Z,1.0,0.9783333333333334,0.8958295108156025,0.8813829340546705
turbine_2,2025-12-19T18:00:00Z,2025-12-19T20:00:00Z,2.0,0.9566666666666668,0.888071467657149,0.8642219998372681
turbine_2,2025-12-19T18:00:00Z,2025-12-19T21:00:00Z,3.0,0.9666666666666668,0.8598111285236113,0.8488128976486752
turbine_2,2025-12-19T18:00:00Z,2025-12-19T22:00:00Z,4.0,0.9716666666666668,0.8098197801844956,0.7981440854068523
turbine_2,2025-12-19T18:00:00Z,2025-12-19T23:00:00Z,5.0,0.8416666666666667,0.6424400475762997,0.6772887566362038
turbine_2,2025-12-19T18:00:00Z,2025-12-20T00:00:00Z,6.0,0.535,0.454062301671299,0.49188111033293735
turbine_2,2025-12-19T18:00:00Z,2025-12-20T01:00:00Z,7.0,0.1116666666666666,0.3501409200075424,0.3334017122732838
turbine_2,2025-12-19T18:00:00Z,2025-12-20T02:00:00Z,8.0,0.0866666666666666,0.36153105705806876,0.30573849009811527
turbine_2,2025-12-19T18:00:00Z,2025-12-20T03:00:00Z,9.0,0.1849999999999999,0.30332078468689183,0.2810932438275238
turbine_2,2025-12-19T18:00:00Z,2025-12-20T04:00:00Z,10.0,0.125,0.3424235742492221,0.36966926194668537
turbine_2,2025-12-19T18:00:00Z,2025-12-20T05:00:00Z,11.0,0.13,0.5859628023268534,0.6586451319118001
turbine_2,2025-12-19T18:00:00Z,2025-12-20T06:00:00Z,12.0,0.1666666666666666,0.8704989159650942,0.8922955354139497
turbine_2,2025-12-19T18:00:00Z,2025-12-20T07:00:00Z,13.0,0.2866666666666667,0.9542637831553544,0.9369829724286052
turbine_2,2025-12-19T18:00:00Z,2025-12-20T08:00:00Z,14.0,0.395,0.7687571586654367,0.7524922778146486
turbine_2,2025-12-19T18:00:00Z,2025-12-20T09:00:00Z,15.0,0.295,0.6790695213698611,0.7064850510966858
turbine_2,2025-12-19T18:00:00Z,2025-12-20T10:00:00Z,16.0,0.2666666666666666,0.35624603214283096,0.3505060249042329
turbine_2,2025-12-19T18:00:00Z,2025-12-20T11:00:00Z,17.0,0.09,0.17370976465775237,0.17764920059216602
turbine_2,2025-12-19T18:00:00Z,2025-12-20T12:00:00Z,18.0,0.01,0.07663421858755595,0.07843544532260689
turbine_2,2025-12-19T18:00:00Z,2025-12-20T13:00:00Z,19.0,0.0083333333333333,0.060117708620181454,0.04461783513119058
turbine_2,2025-12-19T18:00:00Z,2025-12-20T14:00:00Z,20.0,0.01,0.03538662095701939,0.032276247720368245
turbine_2,2025-12-19T18:00:00Z,2025-12-20T15:00:00Z,21.0,0.01,0.05365706655910599,0.06137062485178835
turbine_2,2025-12-19T18:00:00Z,2025-12-20T16:00:00Z,22.0,0.01,0.10603667385246376,0.12191385248736838
turbine_2,2025-12-19T18:00:00Z,2025-12-20T17:00:00Z,23.0,0.0083333333333333,0.158627289822034,0.16799433248673784
turbine_2,2025-12-19T18:00:00Z,2025-12-20T18:00:00Z,24.0,0.06,0.23581279701986863,0.24370423261821011
turbine_2,2025-12-19T18:00:00Z,2025-12-20T19:00:00Z,25.0,0.03,0.32152263075440457,0.3043606076643282
turbine_2,2025-12-19T18:00:00Z,2025-12-20T20:00:00Z,26.0,0.0833333333333333,0.32732609404145574,0.2883096180075947
turbine_2,2025-12-19T18:00:00Z,2025-12-20T21:00:00Z,27.0,0.3033333333333333,0.5258376859876945,0.49310813452506275
turbine_2,2025-12-19T18:00:00Z,2025-12-20T22:00:00Z,28.0,0.23,0.5717072935209424,0.5602191413040403
turbine_2,2025-12-19T18:00:00Z,2025-12-20T23:00:00Z,29.0,0.7383333333333333,0.6468166623181011,0.681572575756378
turbine_2,2025-12-19T18:00:00Z,2025-12-21T00:00:00Z,30.0,0.98,0.6967980631773661,0.73533732907444
turbine_2,2025-12-19T18:00:00Z,2025-12-21T01:00:00Z,31.0,0.8416666666666667,0.7516019037739313,0.8066763214357582
turbine_2,2025-12-19T18:00:00Z,2025-12-21T02:00:00Z,32.0,0.32,0.7460585520057004,0.80580246929034
turbine_2,2025-12-19T18:00:00Z,2025-12-21T03:00:00Z,33.0,0.31,0.7059631078037181,0.7117813844592498
turbine_2,2025-12-19T18:00:00Z,2025-12-21T04:00:00Z,34.0,0.3266666666666666,0.762715497742557,0.7887891070454705
turbine_2,2025-12-19T18:00:00Z,2025-12-21T05:00:00Z,35.0,0.3783333333333333,0.8045630090951188,0.7622730440639147
turbine_2,2025-12-19T18:00:00Z,2025-12-21T06:00:00Z,36.0,0.3883333333333333,0.8463718219859638,0.8089904037634876
turbine_2,2025-12-19T18:00:00Z,2025-12-21T07:00:00Z,37.0,0.3233333333333333,0.9345454240095592,0.9296561628144939
turbine_2,2025-12-19T18:00:00Z,2025-12-21T08:00:00Z,38.0,0.35,0.9465397846687471,0.9171814771580209
turbine_2,2025-12-19T18:00:00Z,2025-12-21T09:00:00Z,39.0,0.3116666666666667,0.9564529000896937,0.9249672035601086
turbine_2,2025-12-19T18:00:00Z,2025-12-21T10:00:00Z,40.0,0.5216666666666666,0.855067294943358,0.7982352565146302
turbine_2,2025-12-19T18:00:00Z,2025-12-21T11:00:00Z,41.0,0.3999999999999999,0.80598826952508,0.7486350868284062
turbine_2,2025-12-19T18:00:00Z,2025-12-21T12:00:00Z,42.0,0.4683333333333333,0.754042919252615,0.7367211012099564
turbine_2,2025-12-19T18:00:00Z,2025-12-21T13:00:00Z,43.0,0.58,0.7420375428749263,0.6784205548248066
turbine_2,2025-12-19T18:00:00Z,2025-12-21T14:00:00Z,44.0,0.7666666666666666,0.6920381961627976,0.6426300150977009
turbine_2,2025-12-19T18:00:00Z,2025-12-21T15:00:00Z,45.0,0.6833333333333332,0.5961140411004662,0.5671359396004219
turbine_2,2025-12-19T18:00:00Z,2025-12-21T16:00:00Z,46.0,0.62,0.5469109844798004,0.5370642918795164
turbine_2,2025-12-19T18:00:00Z,2025-12-21T17:00:00Z,47.0,0.5083333333333333,0.4819355397730782,0.4516860018515114
turbine_2,2025-12-19T18:00:00Z,2025-12-21T18:00:00Z,48.0,0.58,0.272037045063212,0.27027444506442366
turbine_2,2025-12-20T18:00:00Z,2025-12-20T19:00:00Z,1.0,0.03,0.17601298489059186,0.20155126861733189
turbine_2,2025-12-20T18:00:00Z,2025-12-20T20:00:00Z,2.0,0.0833333333333333,0.1498653105990922,0.17190114676344984
turbine_2,2025-12-20T18:00:00Z,2025-12-20T21:00:00Z,3.0,0.3033333333333333,0.2663504103857626,0.2667819227724356
turbine_2,2025-12-20T18:00:00Z,2025-12-20T22:00:00Z,4.0,0.23,0.36000020393004317,0.3346414585125202
turbine_2,2025-12-20T18:00:00Z,2025-12-20T23:00:00Z,5.0,0.7383333333333333,0.6159322759165706,0.637251193984174
turbine_2,2025-12-20T18:00:00Z,2025-12-21T00:00:00Z,6.0,0.98,0.8367810151648795,0.8748442160000672
turbine_2,2025-12-20T18:00:00Z,2025-12-21T01:00:00Z,7.0,0.8416666666666667,0.8920754281130341,0.9103198406401527
turbine_2,2025-12-20T18:00:00Z,2025-12-21T02:00:00Z,8.0,0.32,0.9192412837057596,0.923771016478556
turbine_2,2025-12-20T18:00:00Z,2025-12-21T03:00:00Z,9.0,0.31,0.8184367891337734,0.8592568426722279
turbine_2,2025-12-20T18:00:00Z,2025-12-21T04:00:00Z,10.0,0.3266666666666666,0.9665295198314103,0.957845029255135
turbine_2,2025-12-20T18:00:00Z,2025-12-21T05:00:00Z,11.0,0.3783333333333333,0.9633063725401204,0.952403976388581
turbine_2,2025-12-20T18:00:00Z,2025-12-21T06:00:00Z,12.0,0.3883333333333333,0.9432183931005607,0.9381823800957261
turbine_2,2025-12-20T18:00:00Z,2025-12-21T07:00:00Z,13.0,0.3233333333333333,0.9521611145755542,0.9386068720868403
turbine_2,2025-12-20T18:00:00Z,2025-12-21T08:00:00Z,14.0,0.35,0.9570825661392617,0.9295511554375249
turbine_2,2025-12-20T18:00:00Z,2025-12-21T09:00:00Z,15.0,0.3116666666666667,0.858128822800202,0.8025455943741171
turbine_2,2025-12-20T18:00:00Z,2025-12-21T10:00:00Z,16.0,0.5216666666666666,0.741994142497244,0.707953358047309
turbine_2,2025-12-20T18:00:00Z,2025-12-21T11:00:00Z,17.0,0.3999999999999999,0.6794172557057598,0.667702905370531
turbine_2,2025-12-20T18:00:00Z,2025-12-21T12:00:00Z,18.0,0.4683333333333333,0.6988658055579324,0.6905389210636161
turbine_2,2025-12-20T18:00:00Z,2025-12-21T13:00:00Z,19.0,0.58,0.6944011275838772,0.6862941987907629
turbine_2,2025-12-20T18:00:00Z,2025-12-21T14:00:00Z,20.0,0.7666666666666666,0.6319883174108937,0.637114125360301
turbine_2,2025-12-20T18:00:00Z,2025-12-21T15:00:00Z,21.0,0.6833333333333332,0.5725596310117794,0.5800743902283606
turbine_2,2025-12-20T18:00:00Z,2025-12-21T16:00:00Z,22.0,0.62,0.5055356405479564,0.4914257956682041
turbine_2,2025-12-20T18:00:00Z,2025-12-21T17:00:00Z,23.0,0.5083333333333333,0.4489453022121691,0.43900851687131826
turbine_2,2025-12-20T18:00:00Z,2025-12-21T18:00:00Z,24.0,0.58,0.35515758122589636,0.3626272821334135
turbine_2,2025-12-20T18:00:00Z,2025-12-21T19:00:00Z,25.0,0.64,0.27844178256506036,0.30834763925783837
turbine_2,2025-12-20T18:00:00Z,2025-12-21T20:00:00Z,26.0,0.4666666666666667,0.20808223595467076,0.19794904754019496
turbine_2,2025-12-20T18:00:00Z,2025-12-21T21:00:00Z,27.0,0.1716666666666666,0.11255712614866427,0.11269161543790263
turbine_2,2025-12-20T18:00:00Z,2025-12-21T22:00:00Z,28.0,0.01,0.03712266130313602,0.04387208079677679
turbine_2,2025-12-20T18:00:00Z,2025-12-21T23:00:00Z,29.0,0.0116666666666666,0.013492410263306887,0.014105802863123462
turbine_2,2025-12-20T18:00:00Z,2025-12-22T00:00:00Z,30.0,0.0866666666666666,0.01738550114079268,0.012987141538953806
turbine_2,2025-12-20T18:00:00Z,2025-12-22T01:00:00Z,31.0,0.17,0.03483213693039952,0.028869786702235223
turbine_2,2025-12-20T18:00:00Z,2025-12-22T02:00:00Z,32.0,0.125,0.09508084593178408,0.12043764643923065
turbine_2,2025-12-20T18:00:00Z,2025-12-22T03:00:00Z,33.0,0.145,0.2797061249599897,0.24447917430561955
turbine_2,2025-12-20T18:00:00Z,2025-12-22T04:00:00Z,34.0,0.5333333333333333,0.5987323715786275,0.653519406179631
turbine_2,2025-12-20T18:00:00Z,2025-12-22T05:00:00Z,35.0,0.96,0.8824773104605614,0.8978906730091173
turbine_2,2025-12-20T18:00:00Z,2025-12-22T06:00:00Z,36.0,0.97,0.9615225700950356,0.9566301371538086
turbine_2,2025-12-20T18:00:00Z,2025-12-22T07:00:00Z,37.0,0.9783333333333334,0.9656627446154639,0.9577912869239532
turbine_2,2025-12-20T18:00:00Z,2025-12-22T08:00:00Z,38.0,0.9716666666666668,0.9711538633425832,0.958102544309164
turbine_2,2025-12-20T18:00:00Z,2025-12-22T09:00:00Z,39.0,0.98,0.9698655582400962,0.9594008308410681
turbine_2,2025-12-20T18:00:00Z,2025-12-22T10:00:00Z,40.0,0.9783333333333334,0.9422882452474556,0.9476738237341421
turbine_2,2025-12-20T18:00:00Z,2025-12-22T11:00:00Z,41.0,0.9766666666666666,0.9162368484949136,0.9395074217597451
turbine_2,2025-12-20T18:00:00Z,2025-12-22T12:00:00Z,42.0,0.9733333333333332,0.735475290673091,0.7976969436977958
turbine_2,2025-12-20T18:00:00Z,2025-12-22T13:00:00Z,43.0,0.9566666666666668,0.6042405010452483,0.6585488908270842
turbine_2,2025-12-20T18:00:00Z,2025-12-22T14:00:00Z,44.0,0.5833333333333334,0.5753903733593381,0.5790833567148291
turbine_2,2025-12-20T18:00:00Z,2025-12-22T15:00:00Z,45.0,0.0983333333333333,0.5378429435795525,0.5726063774176602
turbine_2,2025-12-20T18:00:00Z,2025-12-22T16:00:00Z,46.0,0.1383333333333333,0.44499332785284523,0.48318305845128395
turbine_2,2025-12-20T18:00:00Z,2025-12-22T17:00:00Z,47.0,0.0983333333333333,0.2222303776441485,0.27464783770996204
turbine_2,2025-12-20T18:00:00Z,2025-12-22T18:00:00Z,48.0,0.0666666666666666,0.15931681657277036,0.18040874746822647
turbine_2,2025-12-21T18:00:00Z,2025-12-21T19:00:00Z,1.0,0.64,0.35823596995060913,0.3993910142584088
turbine_2,2025-12-21T18:00:00Z,2025-12-21T20:00:00Z,2.0,0.4666666666666667,0.21612077784802136,0.22127550396607837
turbine_2,2025-12-21T18:00:00Z,2025-12-21T21:00:00Z,3.0,0.1716666666666666,0.11504286662078154,0.12212214006899619
turbine_2,2025-12-21T18:00:00Z,2025-12-21T22:00:00Z,4.0,0.01,0.051395005569998986,0.05858179367074473
turbine_2,2025-12-21T18:00:00Z,2025-12-21T23:00:00Z,5.0,0.0116666666666666,0.01350129446962059,0.02194538167871976
turbine_2,2025-12-21T18:00:00Z,2025-12-22T00:00:00Z,6.0,0.0866666666666666,0.010318292472971113,0.01192476772477788
turbine_2,2025-12-21T18:00:00Z,2025-12-22T01:00:00Z,7.0,0.17,0.02180987795755157,0.01435897697150565
turbine_2,2025-12-21T18:00:00Z,2025-12-22T02:00:00Z,8.0,0.125,0.033365753170105455,0.03717118430572133
turbine_2,2025-12-21T18:00:00Z,2025-12-22T03:00:00Z,9.0,0.145,0.08773100939538864,0.0913043145429125
turbine_2,2025-12-21T18:00:00Z,2025-12-22T04:00:00Z,10.0,0.5333333333333333,0.4562068031313745,0.4343621503088981
turbine_2,2025-12-21T18:00:00Z,2025-12-22T05:00:00Z,11.0,0.96,0.8787215671035886,0.8878732455613234
turbine_2,2025-12-21T18:00:00Z,2025-12-22T06:00:00Z,12.0,0.97,0.9612532516840868,0.9501717275156658
turbine_2,2025-12-21T18:00:00Z,2025-12-22T07:00:00Z,13.0,0.9783333333333334,0.9650857875594151,0.9478729085913611
turbine_2,2025-12-21T18:00:00Z,2025-12-22T08:00:00Z,14.0,0.9716666666666668,0.9459724449910777,0.9453908068133935
turbine_2,2025-12-21T18:00:00Z,2025-12-22T09:00:00Z,15.0,0.98,0.9743796792805431,0.9584254302436608
turbine_2,2025-12-21T18:00:00Z,2025-12-22T10:00:00Z,16.0,0.9783333333333334,0.9719203206802491,0.9577182540900872
turbine_2,2025-12-21T18:00:00Z,2025-12-22T11:00:00Z,17.0,0.9766666666666666,0.953021603963567,0.9622770615577464
turbine_2,2025-12-21T18:00:00Z,2025-12-22T12:00:00Z,18.0,0.9733333333333332,0.7887133834036377,0.8528594930472805
turbine_2,2025-12-21T18:00:00Z,2025-12-22T13:00:00Z,19.0,0.9566666666666668,0.6310864935275199,0.6877001344497565
turbine_2,2025-12-21T18:00:00Z,2025-12-22T14:00:00Z,20.0,0.5833333333333334,0.5919269748711503,0.5995318331652468
turbine_2,2025-12-21T18:00:00Z,2025-12-22T15:00:00Z,21.0,0.0983333333333333,0.33871261920106716,0.3923326922055058
turbine_2,2025-12-21T18:00:00Z,2025-12-22T16:00:00Z,22.0,0.1383333333333333,0.19681327249378142,0.20672664987679149
turbine_2,2025-12-21T18:00:00Z,2025-12-22T17:00:00Z,23.0,0.0983333333333333,0.16723049092950057,0.17225686314668537
turbine_2,2025-12-21T18:00:00Z,2025-12-22T18:00:00Z,24.0,0.0666666666666666,0.09679317241100735,0.10627186198730405
turbine_2,2025-12-21T18:00:00Z,2025-12-22T19:00:00Z,25.0,0.01,0.06287459749974714,0.07082074918174269
turbine_2,2025-12-21T18:00:00Z,2025-12-22T20:00:00Z,26.0,0.01,0.05234872083806463,0.06032451299460195
turbine_2,2025-12-21T18:00:00Z,2025-12-22T21:00:00Z,27.0,0.01,0.04268572082358635,0.04818120987846031
turbine_2,2025-12-21T18:00:00Z,2025-12-22T22:00:00Z,28.0,0.01,0.040171267833226415,0.04335922384462548
turbine_2,2025-12-21T18:00:00Z,2025-12-22T23:00:00Z,29.0,0.0083333333333333,0.03925750967443073,0.03620793109390277
turbine_2,2025-12-21T18:00:00Z,2025-12-23T00:00:00Z,30.0,0.0066666666666666,0.039457317648192713,0.036572761090730904
turbine_2,2025-12-21T18:00:00Z,2025-12-23T01:00:00Z,31.0,0.01,0.03801135737316921,0.040329091655673305
turbine_2,2025-12-21T18:00:00Z,2025-12-23T02:00:00Z,32.0,0.0116666666666666,0.02544302799854356,0.017461227298206122
turbine_2,2025-12-21T18:00:00Z,2025-12-23T03:00:00Z,33.0,0.0216666666666666,0.022331682584674772,0.014499401964282815
turbine_2,2025-12-21T18:00:00Z,2025-12-23T04:00:00Z,34.0,0.01,0.022475769493042613,0.016716605539620205
turbine_2,2025-12-21T18:00:00Z,2025-12-23T05:00:00Z,35.0,0.01,0.019993321793427637,0.017965116353692495
turbine_2,2025-12-21T18:00:00Z,2025-12-23T06:00:00Z,36.0,0.01,0.021603287336000643,0.01828596396479823
turbine_2,2025-12-21T18:00:00Z,2025-12-23T07:00:00Z,37.0,0.01,0.03405991474083575,0.038134349580900256
turbine_2,2025-12-21T18:00:00Z,2025-12-23T08:00:00Z,38.0,0.01,0.039288524101970035,0.03639581607680234
turbine_2,2025-12-21T18:00:00Z,2025-12-23T09:00:00Z,39.0,0.01,0.03977255663067267,0.030113311275890564
turbine_2,2025-12-21T18:00:00Z,2025-12-23T10:00:00Z,40.0,0.01,0.04370664510848668,0.03166277550753893
turbine_2,2025-12-21T18:00:00Z,2025-12-23T11:00:00Z,41.0,0.01,0.06156345663514558,0.05415249185117575
turbine_2,2025-12-21T18:00:00Z,2025-12-23T12:00:00Z,42.0,0.01,0.0697878337588684,0.0793804221450875
turbine_2,2025-12-21T18:00:00Z,2025-12-23T13:00:00Z,43.0,0.01,0.057420053062142526,0.06780893971571636
turbine_2,2025-12-21T18:00:00Z,2025-12-23T14:00:00Z,44.0,0.01,0.06156355157184194,0.05311217713200639
turbine_2,2025-12-21T18:00:00Z,2025-12-23T15:00:00Z,45.0,0.01,0.03857051150526747,0.041673095524189574
turbine_2,2025-12-21T18:00:00Z,2025-12-23T16:00:00Z,46.0,0.01,0.056702689952351004,0.05159544292533144
turbine_2,2025-12-21T18:00:00Z,2025-12-23T17:00:00Z,47.0,0.01,0.06408446640428367,0.06138262713615858
turbine_2,2025-12-21T18:00:00Z,2025-12-23T18:00:00Z,48.0,0.0916666666666666,0.07315313424179419,0.06770855116368607
turbine_2,2025-12-22T18:00:00Z,2025-12-22T19:00:00Z,1.0,0.01,0.11251839082912897,0.135983246470296
turbine_2,2025-12-22T18:00:00Z,2025-12-22T20:00:00Z,2.0,0.01,0.08892885657258454,0.10354941297554801
turbine_2,2025-12-22T18:00:00Z,2025-12-22T21:00:00Z,3.0,0.01,0.07541633072195655,0.0937348080920472
turbine_2,2025-12-22T18:00:00Z,2025-12-22T22:00:00Z,4.0,0.01,0.10282971596801185,0.12438776514830417
turbine_2,2025-12-22T18:00:00Z,2025-12-22T23:00:00Z,5.0,0.0083333333333333,0.18886329905990962,0.19743607711322997
turbine_2,2025-12-22T18:00:00Z,2025-12-23T00:00:00Z,6.0,0.0066666666666666,0.25143878159737454,0.2309834018329423
turbine_2,2025-12-22T18:00:00Z,2025-12-23T01:00:00Z,7.0,0.01,0.1031293027487126,0.14429121837223957
turbine_2,2025-12-22T18:00:00Z,2025-12-23T02:00:00Z,8.0,0.0116666666666666,0.08616961741315522,0.08212368741558088
turbine_2,2025-12-22T18:00:00Z,2025-12-23T03:00:00Z,9.0,0.0216666666666666,0.05697774519912295,0.055722752166059014
turbine_2,2025-12-22T18:00:00Z,2025-12-23T04:00:00Z,10.0,0.01,0.06407260292538555,0.050294133960847726
turbine_2,2025-12-22T18:00:00Z,2025-12-23T05:00:00Z,11.0,0.01,0.0669973751579668,0.07575796456377862
turbine_2,2025-12-22T18:00:00Z,2025-12-23T06:00:00Z,12.0,0.01,0.05585286232204789,0.06468201394673027
turbine_2,2025-12-22T18:00:00Z,2025-12-23T07:00:00Z,13.0,0.01,0.05110009010695127,0.060201341703829014
turbine_2,2025-12-22T18:00:00Z,2025-12-23T08:00:00Z,14.0,0.01,0.05822243857845649,0.05560871894684581
turbine_2,2025-12-22T18:00:00Z,2025-12-23T09:00:00Z,15.0,0.01,0.05006608988992711,0.04199610680306079
turbine_2,2025-12-22T18:00:00Z,2025-12-23T10:00:00Z,16.0,0.01,0.04512132462681456,0.03340990073635361
turbine_2,2025-12-22T18:00:00Z,2025-12-23T11:00:00Z,17.0,0.01,0.036487470717821685,0.034318864491764633
turbine_2,2025-12-22T18:00:00Z,2025-12-23T12:00:00Z,18.0,0.01,0.04706154151902123,0.05817560847563137
turbine_2,2025-12-22T18:00:00Z,2025-12-23T13:00:00Z,19.0,0.01,0.043409627790055194,0.0549766733223421
turbine_2,2025-12-22T18:00:00Z,2025-12-23T14:00:00Z,20.0,0.01,0.04289284769486307,0.049463781334127405
turbine_2,2025-12-22T18:00:00Z,2025-12-23T15:00:00Z,21.0,0.01,0.03907298736443615,0.0375060130829267
turbine_2,2025-12-22T18:00:00Z,2025-12-23T16:00:00Z,22.0,0.01,0.04015434432227194,0.038980760814841586
turbine_2,2025-12-22T18:00:00Z,2025-12-23T17:00:00Z,23.0,0.01,0.04169574161179618,0.042342324022956346
turbine_2,2025-12-22T18:00:00Z,2025-12-23T18:00:00Z,24.0,0.0916666666666666,0.04953792396281623,0.041914465829917896
turbine_2,2025-12-22T18:00:00Z,2025-12-23T19:00:00Z,25.0,0.165,0.056554335933430205,0.059584427633669765
turbine_2,2025-12-22T18:00:00Z,2025-12-23T20:00:00Z,26.0,0.2933333333333333,0.10199385397467058,0.12172689945421013
turbine_2,2025-12-22T18:00:00Z,2025-12-23T21:00:00Z,27.0,0.7616666666666667,0.12729027914146568,0.20142119886569798
turbine_2,2025-12-22T18:00:00Z,2025-12-23T22:00:00Z,28.0,0.6716666666666667,0.23765698578203454,0.23021771402094038
turbine_2,2025-12-22T18:00:00Z,2025-12-23T23:00:00Z,29.0,0.6866666666666666,0.23070621587217927,0.24103381782804467
turbine_2,2025-12-22T18:00:00Z,2025-12-24T00:00:00Z,30.0,0.8383333333333334,0.21272292537707727,0.20310958836511703
turbine_2,2025-12-22T18:00:00Z,2025-12-24T01:00:00Z,31.0,0.935,0.1484523653154738,0.18513775733357657
turbine_2,2025-12-22T18:00:00Z,2025-12-24T02:00:00Z,32.0,0.6616666666666666,0.1522603101766466,0.17916434293751218
turbine_2,2025-12-22T18:00:00Z,2025-12-24T03:00:00Z,33.0,0.7783333333333333,0.21312920859389065,0.19307207811875285
turbine_2,2025-12-22T18:00:00Z,2025-12-24T04:00:00Z,34.0,0.5366666666666666,0.21585726392984345,0.24280029545116516
turbine_2,2025-12-22T18:00:00Z,2025-12-24T05:00:00Z,35.0,0.435,0.341115700499913,0.35268052312740816
turbine_2,2025-12-22T18:00:00Z,2025-12-24T06:00:00Z,36.0,0.265,0.3594879368727749,0.38062955095555695
turbine_2,2025-12-22T18:00:00Z,2025-12-24T07:00:00Z,37.0,0.23,0.34915100836975443,0.38608670989840654
turbine_2,2025-12-22T18:00:00Z,2025-12-24T08:00:00Z,38.0,0.2516666666666666,0.3723955316690069,0.40268713195464934
turbine_2,2025-12-22T18:00:00Z,2025-12-24T09:00:00Z,39.0,0.2316666666666667,0.41461494739562266,0.4665407173417766
turbine_2,2025-12-22T18:00:00Z,2025-12-24T10:00:00Z,40.0,0.225,0.48166594209340957,0.5290283329311061
turbine_2,2025-12-22T18:00:00Z,2025-12-24T11:00:00Z,41.0,0.2916666666666667,0.580828782411908,0.643510799000053
turbine_2,2025-12-22T18:00:00Z,2025-12-24T12:00:00Z,42.0,0.3533333333333333,0.6025034951387968,0.6575566527013796
turbine_2,2025-12-22T18:00:00Z,2025-12-24T13:00:00Z,43.0,0.2333333333333333,0.592196402416372,0.6704958551790314
turbine_2,2025-12-22T18:00:00Z,2025-12-24T14:00:00Z,44.0,0.2933333333333333,0.6582170651323385,0.687570889045785
turbine_2,2025-12-22T18:00:00Z,2025-12-24T15:00:00Z,45.0,0.4883333333333333,0.6617486465695588,0.714711439164308
turbine_2,2025-12-22T18:00:00Z,2025-12-24T16:00:00Z,46.0,0.5316666666666666,0.6530377927308488,0.6975443700505037
turbine_2,2025-12-22T18:00:00Z,2025-12-24T17:00:00Z,47.0,0.3883333333333333,0.6543298588399111,0.6667438589065995
turbine_2,2025-12-22T18:00:00Z,2025-12-24T18:00:00Z,48.0,0.5016666666666666,0.6545923747658999,0.6415281513271371
turbine_2,2025-12-23T18:00:00Z,2025-12-23T19:00:00Z,1.0,0.165,0.2508725034455579,0.25891459733187655
turbine_2,2025-12-23T18:00:00Z,2025-12-23T20:00:00Z,2.0,0.2933333333333333,0.42861126622786944,0.4128364002596181
turbine_2,2025-12-23T18:00:00Z,2025-12-23T21:00:00Z,3.0,0.7616666666666667,0.44641914410413097,0.43891802584975714
turbine_2,2025-12-23T18:00:00Z,2025-12-23T22:00:00Z,4.0,0.6716666666666667,0.4828930173464775,0.4693218692079699
turbine_2,2025-12-23T18:00:00Z,2025-12-23T23:00:00Z,5.0,0.6866666666666666,0.4366519962694626,0.44685837611144297
turbine_2,2025-12-23T18:00:00Z,2025-12-24T00:00:00Z,6.0,0.8383333333333334,0.41564695466452584,0.4327424504974495
turbine_2,2025-12-23T18:00:00Z,2025-12-24T01:00:00Z,7.0,0.935,0.3840355445148895,0.373417333333673
turbine_2,2025-12-23T18:00:00Z,2025-12-24T02:00:00Z,8.0,0.6616666666666666,0.2833801387229601,0.22703815509450093
turbine_2,2025-12-23T18:00:00Z,2025-12-24T03:00:00Z,9.0,0.7783333333333333,0.26075540080272447,0.22434469051510791
turbine_2,2025-12-23T18:00:00Z,2025-12-24T04:00:00Z,10.0,0.5366666666666666,0.26664074899855444,0.2755509875535092
turbine_2,2025-12-23T18:00:00Z,2025-12-24T05:00:00Z,11.0,0.435,0.4441012218797594,0.4161439101120701
turbine_2,2025-12-23T18:00:00Z,2025-12-24T06:00:00Z,12.0,0.265,0.571302531898974,0.578499273019794
turbine_2,2025-12-23T18:00:00Z,2025-12-24T07:00:00Z,13.0,0.23,0.6204936954777978,0.6706995475556615
turbine_2,2025-12-23T18:00:00Z,2025-12-24T08:00:00Z,14.0,0.2516666666666666,0.7008299836624872,0.7512537428097243
turbine_2,2025-12-23T18:00:00Z,2025-12-24T09:00:00Z,15.0,0.2316666666666667,0.7832580767250604,0.8112030570023296
turbine_2,2025-12-23T18:00:00Z,2025-12-24T10:00:00Z,16.0,0.225,0.711798466250435,0.8086780742189441
turbine_2,2025-12-23T18:00:00Z,2025-12-24T11:00:00Z,17.0,0.2916666666666667,0.6209578549197832,0.7016637897761531
turbine_2,2025-12-23T18:00:00Z,2025-12-24T12:00:00Z,18.0,0.3533333333333333,0.6272951398522982,0.6770592719125628
turbine_2,2025-12-23T18:00:00Z,2025-12-24T13:00:00Z,19.0,0.2333333333333333,0.5807283145666797,0.6029875939872371
turbine_2,2025-12-23T18:00:00Z,2025-12-24T14:00:00Z,20.0,0.2933333333333333,0.43550463676936324,0.44031317292436856
turbine_2,2025-12-23T18:00:00Z,2025-12-24T15:00:00Z,21.0,0.4883333333333333,0.37324797291572853,0.39869452541776584
turbine_2,2025-12-23T18:00:00Z,2025-12-24T16:00:00Z,22.0,0.5316666666666666,0.5724659624093444,0.5521427360747517
turbine_2,2025-12-23T18:00:00Z,2025-12-24T17:00:00Z,23.0,0.3883333333333333,0.46423023035615046,0.4723912912441083
turbine_2,2025-12-23T18:00:00Z,2025-12-24T18:00:00Z,24.0,0.5016666666666666,0.6426667495314382,0.6283927790832271
turbine_2,2025-12-23T18:00:00Z,2025-12-24T19:00:00Z,25.0,0.4266666666666667,0.6718292856660095,0.6571421344881121
turbine_2,2025-12-23T18:00:00Z,2025-12-24T20:00:00Z,26.0,0.4133333333333333,0.7297984101918583,0.7815138384897181
turbine_2,2025-12-23T18:00:00Z,2025-12-24T21:00:00Z,27.0,0.6533333333333333,0.8011623560774878,0.8038272055046823
turbine_2,2025-12-23T18:00:00Z,2025-12-24T22:00:00Z,28.0,0.58,0.8576402338703223,0.8479603405485169
turbine_2,2025-12-23T18:00:00Z,2025-12-24T23:00:00Z,29.0,0.63,0.8874459661926128,0.8859168788562706
turbine_2,2025-12-23T18:00:00Z,2025-12-25T00:00:00Z,30.0,0.5766666666666667,0.891996227495689,0.8886113826100257
turbine_2,2025-12-23T18:00:00Z,2025-12-25T01:00:00Z,31.0,0.47,0.8994509612620956,0.8951289956406019
turbine_2,2025-12-23T18:00:00Z,2025-12-25T02:00:00Z,32.0,0.46,0.8945626607778512,0.8952120479218982
turbine_2,2025-12-23T18:00:00Z,2025-12-25T03:00:00Z,33.0,0.2733333333333334,0.9006040968583581,0.9036920489197733
turbine_2,2025-12-23T18:00:00Z,2025-12-25T04:00:00Z,34.0,0.1983333333333333,0.9312139551817192,0.9365521882686496
turbine_2,2025-12-23T18:00:00Z,2025-12-25T05:00:00Z,35.0,0.2666666666666666,0.9405429435151978,0.9529357875972662
turbine_2,2025-12-23T18:00:00Z,2025-12-25T06:00:00Z,36.0,0.2133333333333333,0.9615225700950356,0.9563870711873603
turbine_2,2025-12-23T18:00:00Z,2025-12-25T07:00:00Z,37.0,0.17,0.966760819512255,0.958316144254465
turbine_2,2025-12-23T18:00:00Z,2025-12-25T08:00:00Z,38.0,0.2083333333333333,0.9737978759011406,0.9615892959217358
turbine_2,2025-12-23T18:00:00Z,2025-12-25T09:00:00Z,39.0,0.185,0.971871639738415,0.9612334668733369
turbine_2,2025-12-23T18:00:00Z,2025-12-25T10:00:00Z,40.0,0.24,0.9624160188672193,0.9562698268606776
turbine_2,2025-12-23T18:00:00Z,2025-12-25T11:00:00Z,41.0,0.2266666666666666,0.9354091619206102,0.939801911357584
turbine_2,2025-12-23T18:00:00Z,2025-12-25T12:00:00Z,42.0,0.125,0.8973592940002209,0.8987258833873579
turbine_2,2025-12-23T18:00:00Z,2025-12-25T13:00:00Z,43.0,0.1966666666666666,0.8948816079725571,0.9085465208242256
turbine_2,2025-12-23T18:00:00Z,2025-12-25T14:00:00Z,44.0,0.3883333333333333,0.8748243616429068,0.8820666423187827
turbine_2,2025-12-23T18:00:00Z,2025-12-25T15:00:00Z,45.0,0.6666666666666666,0.8677255811509768,0.8840803613183982
turbine_2,2025-12-23T18:00:00Z,2025-12-25T16:00:00Z,46.0,0.7966666666666667,0.8763744325143206,0.8774332315140657
turbine_2,2025-12-23T18:00:00Z,2025-12-25T17:00:00Z,47.0,0.4316666666666666,0.8666112533478817,0.8584221793388872
turbine_2,2025-12-23T18:00:00Z,2025-12-25T18:00:00Z,48.0,0.215,0.8391086897846677,0.825975867001436
turbine_2,2025-12-24T18:00:00Z,2025-12-24T19:00:00Z,1.0,0.4266666666666667,0.7785219775009627,0.7512272852408409
turbine_2,2025-12-24T18:00:00Z,2025-12-24T20:00:00Z,2.0,0.4133333333333333,0.8519566682267649,0.8067278286871087
turbine_2,2025-12-24T18:00:00Z,2025-12-24T21:00:00Z,3.0,0.6533333333333333,0.8985229906316554,0.8803929298912112
turbine_2,2025-12-24T18:00:00Z,2025-12-24T22:00:00Z,4.0,0.58,0.9038433806348075,0.8910388164502494
turbine_2,2025-12-24T18:00:00Z,2025-12-24T23:00:00Z,5.0,0.63,0.8849672688985031,0.8888583122006841
turbine_2,2025-12-24T18:00:00Z,2025-12-25T00:00:00Z,6.0,0.5766666666666667,0.8968608345628475,0.887229186495788
turbine_2,2025-12-24T18:00:00Z,2025-12-25T01:00:00Z,7.0,0.47,0.8962267859769326,0.890810708317968
turbine_2,2025-12-24T18:00:00Z,2025-12-25T02:00:00Z,8.0,0.46,0.8908268188765548,0.8796254775594102
turbine_2,2025-12-24T18:00:00Z,2025-12-25T03:00:00Z,9.0,0.2733333333333334,0.8964449974671199,0.8925807707762208
turbine_2,2025-12-24T18:00:00Z,2025-12-25T04:00:00Z,10.0,0.1983333333333333,0.9073033339469726,0.9187328303702508
turbine_2,2025-12-24T18:00:00Z,2025-12-25T05:00:00Z,11.0,0.2666666666666666,0.9432599385397599,0.9543088242193791
turbine_2,2025-12-24T18:00:00Z,2025-12-25T06:00:00Z,12.0,0.2133333333333333,0.9629020637395639,0.9569787440472595
turbine_2,2025-12-24T18:00:00Z,2025-12-25T07:00:00Z,13.0,0.17,0.9667532186160815,0.9607531574852279
turbine_2,2025-12-24T18:00:00Z,2025-12-25T08:00:00Z,14.0,0.2083333333333333,0.9728326027858742,0.9641060031684854
turbine_2,2025-12-24T18:00:00Z,2025-12-25T09:00:00Z,15.0,0.185,0.9749304573475734,0.9644355681385567
turbine_2,2025-12-24T18:00:00Z,2025-12-25T10:00:00Z,16.0,0.24,0.9765379406709759,0.9651582479348647
turbine_2,2025-12-24T18:00:00Z,2025-12-25T11:00:00Z,17.0,0.2266666666666666,0.9646734314855892,0.9576381921993637
turbine_2,2025-12-24T18:00:00Z,2025-12-25T12:00:00Z,18.0,0.125,0.9193950252490488,0.9230631686237252
turbine_2,2025-12-24T18:00:00Z,2025-12-25T13:00:00Z,19.0,0.1966666666666666,0.9025850903764189,0.9094347186315257
turbine_2,2025-12-24T18:00:00Z,2025-12-25T14:00:00Z,20.0,0.3883333333333333,0.867337147977216,0.8931851123795673
turbine_2,2025-12-24T18:00:00Z,2025-12-25T15:00:00Z,21.0,0.6666666666666666,0.8535377524234106,0.8546656767004615
turbine_2,2025-12-24T18:00:00Z,2025-12-25T16:00:00Z,22.0,0.7966666666666667,0.8662743513239629,0.8799862735000006
turbine_2,2025-12-24T18:00:00Z,2025-12-25T17:00:00Z,23.0,0.4316666666666666,0.7422544529749455,0.7112117020260534
turbine_2,2025-12-24T18:00:00Z,2025-12-25T18:00:00Z,24.0,0.215,0.6644244700103636,0.6469914386140977
turbine_2,2025-12-24T18:00:00Z,2025-12-25T19:00:00Z,25.0,0.295,0.674599519560078,0.663548746997267
turbine_2,2025-12-24T18:00:00Z,2025-12-25T20:00:00Z,26.0,0.465,0.6503282708955784,0.6402031852587159
turbine_2,2025-12-24T18:00:00Z,2025-12-25T21:00:00Z,27.0,0.5316666666666666,0.7575679341212552,0.7795772208857072
turbine_2,2025-12-24T18:00:00Z,2025-12-25T22:00:00Z,28.0,0.2566666666666666,0.5383592225366085,0.550869477887696
turbine_2,2025-12-24T18:00:00Z,2025-12-25T23:00:00Z,29.0,0.3183333333333333,0.32605792508866527,0.33944667260950434
turbine_2,2025-12-24T18:00:00Z,2025-12-26T00:00:00Z,30.0,0.2033333333333333,0.06495377136595658,0.05954981694890023
turbine_2,2025-12-24T18:00:00Z,2025-12-26T01:00:00Z,31.0,0.0966666666666666,0.03612761658704158,0.03663421720515725
turbine_2,2025-12-24T18:00:00Z,2025-12-26T02:00:00Z,32.0,0.04,0.019170870274198004,0.020239378855241186
turbine_2,2025-12-24T18:00:00Z,2025-12-26T03:00:00Z,33.0,0.0216666666666666,0.010845416005633296,0.011744553726776158
turbine_2,2025-12-24T18:00:00Z,2025-12-26T04:00:00Z,34.0,0.0083333333333333,0.10299674095664983,0.07779273322626087
turbine_2,2025-12-24T18:00:00Z,2025-12-26T05:00:00Z,35.0,0.01,0.2926871621165963,0.28763489827796473
turbine_2,2025-12-24T18:00:00Z,2025-12-26T06:00:00Z,36.0,0.01,0.6885427220688639,0.6954693066515121
turbine_2,2025-12-24T18:00:00Z,2025-12-26T07:00:00Z,37.0,0.01,0.9567269534028897,0.9562054446536048
turbine_2,2025-12-24T18:00:00Z,2025-12-26T08:00:00Z,38.0,0.235,0.9609617360607143,0.9453927549073444
turbine_2,2025-12-24T18:00:00Z,2025-12-26T09:00:00Z,39.0,0.7566666666666667,0.9429559586769398,0.9146121780102427
turbine_2,2025-12-24T18:00:00Z,2025-12-26T10:00:00Z,40.0,0.01,0.9455497463354343,0.9055248066293335
turbine_2,2025-12-24T18:00:00Z,2025-12-26T11:00:00Z,41.0,0.01,0.7774533601113636,0.7198378372228846
turbine_2,2025-12-24T18:00:00Z,2025-12-26T12:00:00Z,42.0,0.9333333333333332,0.4749980495105214,0.47221696540416797
turbine_2,2025-12-24T18:00:00Z,2025-12-26T13:00:00Z,43.0,0.9583333333333334,0.3284696408742248,0.33996112716415117
turbine_2,2025-12-24T18:00:00Z,2025-12-26T14:00:00Z,44.0,0.7066666666666667,0.2925218937296895,0.31909006408763785
turbine_2,2025-12-24T18:00:00Z,2025-12-26T15:00:00Z,45.0,0.7916666666666666,0.4418388846945696,0.4796195217167539
turbine_2,2025-12-24T18:00:00Z,2025-12-26T16:00:00Z,46.0,0.3916666666666666,0.46127923633518503,0.4443377864479938
turbine_2,2025-12-24T18:00:00Z,2025-12-26T17:00:00Z,47.0,0.3266666666666666,0.4588178386739327,0.43659739393141206
turbine_2,2025-12-24T18:00:00Z,2025-12-26T18:00:00Z,48.0,0.215,0.5073574188939478,0.5075396475454997
turbine_2,2025-12-25T18:00:00Z,2025-12-25T19:00:00Z,1.0,0.295,0.5385361525986326,0.494544557417846
turbine_2,2025-12-25T18:00:00Z,2025-12-25T20:00:00Z,2.0,0.465,0.5751208908093315,0.5578527111680853
turbine_2,2025-12-25T18:00:00Z,2025-12-25T21:00:00Z,3.0,0.5316666666666666,0.6585218792339155,0.660108269002452
turbine_2,2025-12-25T18:00:00Z,2025-12-25T22:00:00Z,4.0,0.2566666666666666,0.6294947222462833,0.6295628050463428
turbine_2,2025-12-25T18:00:00Z,2025-12-25T23:00:00Z,5.0,0.3183333333333333,0.5174246515799097,0.5349912497707547
turbine_2,2025-12-25T18:00:00Z,2025-12-26T00:00:00Z,6.0,0.2033333333333333,0.12968942653005977,0.13761362392334556
turbine_2,2025-12-25T18:00:00Z,2025-12-26T01:00:00Z,7.0,0.0966666666666666,0.05237662059690504,0.04712242076670359
turbine_2,2025-12-25T18:00:00Z,2025-12-26T02:00:00Z,8.0,0.04,0.02012270777473607,0.01889711971126312
turbine_2,2025-12-25T18:00:00Z,2025-12-26T03:00:00Z,9.0,0.0216666666666666,0.010108802353163887,0.013722948684052688
turbine_2,2025-12-25T18:00:00Z,2025-12-26T04:00:00Z,10.0,0.0083333333333333,0.0206136301697408,0.021464352679792242
turbine_2,2025-12-25T18:00:00Z,2025-12-26T05:00:00Z,11.0,0.01,0.028824516422201935,0.045069917638526136
turbine_2,2025-12-25T18:00:00Z,2025-12-26T06:00:00Z,12.0,0.01,0.10409603316191342,0.1067269567951578
turbine_2,2025-12-25T18:00:00Z,2025-12-26T07:00:00Z,13.0,0.01,0.3535588466843169,0.342241869304533
turbine_2,2025-12-25T18:00:00Z,2025-12-26T08:00:00Z,14.0,0.235,0.42836795869566324,0.43537816017721565
turbine_2,2025-12-25T18:00:00Z,2025-12-26T09:00:00Z,15.0,0.7566666666666667,0.6890018435795144,0.6857854778842738
turbine_2,2025-12-25T18:00:00Z,2025-12-26T10:00:00Z,16.0,0.01,0.8416453671005801,0.8244021601759564
turbine_2,2025-12-25T18:00:00Z,2025-12-26T11:00:00Z,17.0,0.01,0.8768591404207021,0.8805832759125855
turbine_2,2025-12-25T18:00:00Z,2025-12-26T12:00:00Z,18.0,0.9333333333333332,0.8446398570303698,0.8643570062545641
turbine_2,2025-12-25T18:00:00Z,2025-12-26T13:00:00Z,19.0,0.9583333333333334,0.8701404000692045,0.849383651024956
turbine_2,2025-12-25T18:00:00Z,2025-12-26T14:00:00Z,20.0,0.7066666666666667,0.7126614043307337,0.7080273694753335
turbine_2,2025-12-25T18:00:00Z,2025-12-26T15:00:00Z,21.0,0.7916666666666666,0.6481510551979931,0.6539564628969582
turbine_2,2025-12-25T18:00:00Z,2025-12-26T16:00:00Z,22.0,0.3916666666666666,0.7123929595702215,0.7117708000401259
turbine_2,2025-12-25T18:00:00Z,2025-12-26T17:00:00Z,23.0,0.3266666666666666,0.5810704695177529,0.5671923869987072
turbine_2,2025-12-25T18:00:00Z,2025-12-26T18:00:00Z,24.0,0.215,0.2798617007380239,0.28449025409419104
turbine_2,2025-12-25T18:00:00Z,2025-12-26T19:00:00Z,25.0,0.2516666666666666,0.09556136124360612,0.10080132313059144
turbine_2,2025-12-25T18:00:00Z,2025-12-26T20:00:00Z,26.0,0.1666666666666666,0.031060733779913363,0.03430610799066702
turbine_2,2025-12-25T18:00:00Z,2025-12-26T21:00:00Z,27.0,0.1983333333333333,0.011398788201884724,0.014882410845343058
turbine_2,2025-12-25T18:00:00Z,2025-12-26T22:00:00Z,28.0,0.125,0.010357255622387762,0.013077857568771806
turbine_2,2025-12-25T18:00:00Z,2025-12-26T23:00:00Z,29.0,0.0133333333333333,0.02730728681997152,0.017191291531718222
turbine_2,2025-12-25T18:00:00Z,2025-12-27T00:00:00Z,30.0,0.0383333333333333,0.28400855051383267,0.2413083642244146
turbine_2,2025-12-25T18:00:00Z,2025-12-27T01:00:00Z,31.0,0.1233333333333333,0.5114498603100992,0.5127502645428048
turbine_2,2025-12-25T18:00:00Z,2025-12-27T02:00:00Z,32.0,0.215,0.5592357182721466,0.6035689777853194
turbine_2,2025-12-25T18:00:00Z,2025-12-27T03:00:00Z,33.0,0.1983333333333333,0.764209549211027,0.8248738118405937
turbine_2,2025-12-25T18:00:00Z,2025-12-27T04:00:00Z,34.0,0.2566666666666666,0.9289832792341549,0.931689561027544
turbine_2,2025-12-25T18:00:00Z,2025-12-27T05:00:00Z,35.0,0.61,0.9405429435151978,0.9532119460431274
turbine_2,2025-12-25T18:00:00Z,2025-12-27T06:00:00Z,36.0,0.96,0.9615225700950356,0.9563870711873603
turbine_2,2025-12-25T18:00:00Z,2025-12-27T07:00:00Z,37.0,0.945,0.966760819512255,0.958316144254465
turbine_2,2025-12-25T18:00:00Z,2025-12-27T08:00:00Z,38.0,0.895,0.9728028480769096,0.9613238343487043
turbine_2,2025-12-25T18:00:00Z,2025-12-27T09:00:00Z,39.0,0.89,0.9722857878806284,0.9583734132713282
turbine_2,2025-12-25T18:00:00Z,2025-12-27T10:00:00Z,40.0,0.8983333333333333,0.95956128982327,0.952428730467087
turbine_2,2025-12-25T18:00:00Z,2025-12-27T11:00:00Z,41.0,0.8966666666666666,0.9551577755929204,0.9419414482111383
turbine_2,2025-12-25T18:00:00Z,2025-12-27T12:00:00Z,42.0,0.955,0.8108388627134934,0.8566303507444872
turbine_2,2025-12-25T18:00:00Z,2025-12-27T13:00:00Z,43.0,0.8733333333333334,0.6227300190695851,0.6996394092635514
turbine_2,2025-12-25T18:00:00Z,2025-12-27T14:00:00Z,44.0,0.6816666666666666,0.575552507902487,0.6164778247564621
turbine_2,2025-12-25T18:00:00Z,2025-12-27T15:00:00Z,45.0,0.2933333333333333,0.5539681855683604,0.5901197999502986
turbine_2,2025-12-25T18:00:00Z,2025-12-27T16:00:00Z,46.0,0.1183333333333333,0.5401572351475865,0.5634391828696088
turbine_2,2025-12-25T18:00:00Z,2025-12-27T17:00:00Z,47.0,0.3583333333333333,0.5573830361382843,0.5639778731479821
turbine_2,2025-12-25T18:00:00Z,2025-12-27T18:00:00Z,48.0,0.2566666666666666,0.5009141984500716,0.5073476329247287
turbine_2,2025-12-26T18:00:00Z,2025-12-26T19:00:00Z,1.0,0.2516666666666666,0.051403035613800774,0.05364556665214966
turbine_2,2025-12-26T18:00:00Z,2025-12-26T20:00:00Z,2.0,0.1666666666666666,0.02755084942251737,0.02243670157300584
turbine_2,2025-12-26T18:00:00Z,2025-12-26T21:00:00Z,3.0,0.1983333333333333,0.011631007307671887,0.014236342047435957
turbine_2,2025-12-26T18:00:00Z,2025-12-26T22:00:00Z,4.0,0.125,0.010284784749343384,0.012191409204322906
turbine_2,2025-12-26T18:00:00Z,2025-12-26T23:00:00Z,5.0,0.0133333333333333,0.007316167077477592,0.013528248709366558
turbine_2,2025-12-26T18:00:00Z,2025-12-27T00:00:00Z,6.0,0.0383333333333333,0.04612305379437251,0.05007069333708125
turbine_2,2025-12-26T18:00:00Z,2025-12-27T01:00:00Z,7.0,0.1233333333333333,0.2723010268800412,0.2571176348026905
turbine_2,2025-12-26T18:00:00Z,2025-12-27T02:00:00Z,8.0,0.215,0.4438481390641559,0.4326131894171364
turbine_2,2025-12-26T18:00:00Z,2025-12-27T03:00:00Z,9.0,0.1983333333333333,0.6341906198656484,0.6708254073715026
turbine_2,2025-12-26T18:00:00Z,2025-12-27T04:00:00Z,10.0,0.2566666666666666,0.9282926289125649,0.9341594507360801
turbine_2,2025-12-26T18:00:00Z,2025-12-27T05:00:00Z,11.0,0.61,0.9419224371597261,0.9549415522268283
turbine_2,2025-12-26T18:00:00Z,2025-12-27T06:00:00Z,12.0,0.96,0.9629020637395639,0.9569787440472595
turbine_2,2025-12-26T18:00:00Z,2025-12-27T07:00:00Z,13.0,0.945,0.9667532186160815,0.9607628884275577
turbine_2,2025-12-26T18:00:00Z,2025-12-27T08:00:00Z,14.0,0.895,0.9725453668575511,0.9647982860495007
turbine_2,2025-12-26T18:00:00Z,2025-12-27T09:00:00Z,15.0,0.89,0.9670479782455771,0.9518154623326402
turbine_2,2025-12-26T18:00:00Z,2025-12-27T10:00:00Z,16.0,0.8983333333333333,0.8808842330619675,0.9212750579214927
turbine_2,2025-12-26T18:00:00Z,2025-12-27T11:00:00Z,17.0,0.8966666666666666,0.7768399559779169,0.8493566576664991
turbine_2,2025-12-26T18:00:00Z,2025-12-27T12:00:00Z,18.0,0.955,0.7325593703524854,0.7431681931045778
turbine_2,2025-12-26T18:00:00Z,2025-12-27T13:00:00Z,19.0,0.8733333333333334,0.5872569863551587,0.6394121887656274
turbine_2,2025-12-26T18:00:00Z,2025-12-27T14:00:00Z,20.0,0.6816666666666666,0.4525548194237021,0.48882653248283836
turbine_2,2025-12-26T18:00:00Z,2025-12-27T15:00:00Z,21.0,0.2933333333333333,0.41959400201157987,0.43318517239588394
turbine_2,2025-12-26T18:00:00Z,2025-12-27T16:00:00Z,22.0,0.1183333333333333,0.35676515467149383,0.39252036024729375
turbine_2,2025-12-26T18:00:00Z,2025-12-27T17:00:00Z,23.0,0.3583333333333333,0.41533827024165704,0.42397110934764926
turbine_2,2025-12-26T18:00:00Z,2025-12-27T18:00:00Z,24.0,0.2566666666666666,0.4557919382243795,0.4737458453493004
turbine_2,2025-12-26T18:00:00Z,2025-12-27T19:00:00Z,25.0,0.6833333333333332,0.5046522385047798,0.47987586134291194
turbine_2,2025-12-26T18:00:00Z,2025-12-27T20:00:00Z,26.0,0.5966666666666667,0.5304658491140097,0.520693785095149
turbine_2,2025-12-26T18:00:00Z,2025-12-27T21:00:00Z,27.0,0.8816666666666667,0.5997404691118557,0.6027189508429031
turbine_2,2025-12-26T18:00:00Z,2025-12-27T22:00:00Z,28.0,0.875,0.6575644162073386,0.6297366444023795
turbine_2,2025-12-26T18:00:00Z,2025-12-27T23:00:00Z,29.0,0.945,0.662371820009203,0.6819624762533515
turbine_2,2025-12-26T18:00:00Z,2025-12-28T00:00:00Z,30.0,0.8983333333333333,0.6965043234908963,0.7548674593418413
turbine_2,2025-12-26T18:00:00Z,2025-12-28T01:00:00Z,31.0,0.8566666666666666,0.7349162891745785,0.7851309918338709
turbine_2,2025-12-26T18:00:00Z,2025-12-28T02:00:00Z,32.0,0.6983333333333334,0.7957253692192665,0.8091358060420154
turbine_2,2025-12-26T18:00:00Z,2025-12-28T03:00:00Z,33.0,0.7050000000000001,0.8251208884584689,0.8348410064495069
turbine_2,2025-12-26T18:00:00Z,2025-12-28T04:00:00Z,34.0,0.625,0.8893291196270531,0.8817820366050627
turbine_2,2025-12-26T18:00:00Z,2025-12-28T05:00:00Z,35.0,0.7566666666666667,0.9415980538234295,0.9526346097856699
turbine_2,2025-12-26T18:00:00Z,2025-12-28T06:00:00Z,36.0,0.9233333333333332,0.9615225700950356,0.9563870711873603
turbine_2,2025-12-26T18:00:00Z,2025-12-28T07:00:00Z,37.0,0.8566666666666666,0.966760819512255,0.958316144254465
turbine_2,2025-12-26T18:00:00Z,2025-12-28T08:00:00Z,38.0,0.8666666666666667,0.9737978759011406,0.9615892959217358
turbine_2,2025-12-26T18:00:00Z,2025-12-28T09:00:00Z,39.0,0.8166666666666668,0.9748290332443221,0.9613245258557004
turbine_2,2025-12-26T18:00:00Z,2025-12-28T10:00:00Z,40.0,0.9083333333333332,0.9572136299273171,0.9443236759968624
turbine_2,2025-12-26T18:00:00Z,2025-12-28T11:00:00Z,41.0,0.9,0.8980048474236184,0.9100411329118412
turbine_2,2025-12-26T18:00:00Z,2025-12-28T12:00:00Z,42.0,0.9516666666666668,0.8846731709504232,0.9004059059210423
turbine_2,2025-12-26T18:00:00Z,2025-12-28T13:00:00Z,43.0,0.5816666666666667,0.8430442541643124,0.8931510826183002
turbine_2,2025-12-26T18:00:00Z,2025-12-28T14:00:00Z,44.0,0.8333333333333334,0.845574114641255,0.8842598094654167
turbine_2,2025-12-26T18:00:00Z,2025-12-28T15:00:00Z,45.0,0.4216666666666667,0.838475334149325,0.8808293792117569
turbine_2,2025-12-26T18:00:00Z,2025-12-28T16:00:00Z,46.0,0.4533333333333333,0.8367112996897484,0.8650449339686391
turbine_2,2025-12-26T18:00:00Z,2025-12-28T17:00:00Z,47.0,0.2649999999999999,0.849873864279019,0.8517085746736439
turbine_2,2025-12-26T18:00:00Z,2025-12-28T18:00:00Z,48.0,0.4166666666666667,0.828612148329331,0.825975867001436
turbine_2,2025-12-27T18:00:00Z,2025-12-27T19:00:00Z,1.0,0.6833333333333332,0.5874329955908911,0.54280976805626
turbine_2,2025-12-27T18:00:00Z,2025-12-27T20:00:00Z,2.0,0.5966666666666667,0.6178673866689766,0.6005877657279592
turbine_2,2025-12-27T18:00:00Z,2025-12-27T21:00:00Z,3.0,0.8816666666666667,0.634225227510357,0.5919622309709308
turbine_2,2025-12-27T18:00:00Z,2025-12-27T22:00:00Z,4.0,0.875,0.6612144655507183,0.6947055201951857
turbine_2,2025-12-27T18:00:00Z,2025-12-27T23:00:00Z,5.0,0.945,0.6449916698374308,0.7029677629228249
turbine_2,2025-12-27T18:00:00Z,2025-12-28T00:00:00Z,6.0,0.8983333333333333,0.6605315298630731,0.712223058430782
turbine_2,2025-12-27T18:00:00Z,2025-12-28T01:00:00Z,7.0,0.8566666666666666,0.6587760242927804,0.7094441052198145
turbine_2,2025-12-27T18:00:00Z,2025-12-28T02:00:00Z,8.0,0.6983333333333334,0.7667893840091411,0.7718145638275645
turbine_2,2025-12-27T18:00:00Z,2025-12-28T03:00:00Z,9.0,0.7050000000000001,0.8565833197997845,0.8502736017955065
turbine_2,2025-12-27T18:00:00Z,2025-12-28T04:00:00Z,10.0,0.625,0.9183205368367758,0.9270627329782751
turbine_2,2025-12-27T18:00:00Z,2025-12-28T05:00:00Z,11.0,0.7566666666666667,0.9419224371597261,0.9549415522268283
turbine_2,2025-12-27T18:00:00Z,2025-12-28T06:00:00Z,12.0,0.9233333333333332,0.9629020637395639,0.9569787440472595
turbine_2,2025-12-27T18:00:00Z,2025-12-28T07:00:00Z,13.0,0.8566666666666666,0.9667532186160815,0.9607531574852279
turbine_2,2025-12-27T18:00:00Z,2025-12-28T08:00:00Z,14.0,0.8666666666666667,0.9730371169887897,0.96459813296764
turbine_2,2025-12-27T18:00:00Z,2025-12-28T09:00:00Z,15.0,0.8166666666666668,0.9751349715504889,0.9642111617968939
turbine_2,2025-12-27T18:00:00Z,2025-12-28T10:00:00Z,16.0,0.9083333333333332,0.9524922147325947,0.9533188514077308
turbine_2,2025-12-27T18:00:00Z,2025-12-28T11:00:00Z,17.0,0.9,0.9043338277460637,0.9244986812824438
turbine_2,2025-12-27T18:00:00Z,2025-12-28T12:00:00Z,18.0,0.9516666666666668,0.8399005484562626,0.8812223429786393
turbine_2,2025-12-27T18:00:00Z,2025-12-28T13:00:00Z,19.0,0.5816666666666667,0.8473073308091017,0.8897050746119136
turbine_2,2025-12-27T18:00:00Z,2025-12-28T14:00:00Z,20.0,0.8333333333333334,0.8383956942045596,0.8744833806854887
turbine_2,2025-12-27T18:00:00Z,2025-12-28T15:00:00Z,21.0,0.4216666666666667,0.8120965268247886,0.8348227807990587
turbine_2,2025-12-27T18:00:00Z,2025-12-28T16:00:00Z,22.0,0.4533333333333333,0.7065172401141795,0.710549836372476
turbine_2,2025-12-27T18:00:00Z,2025-12-28T17:00:00Z,23.0,0.2649999999999999,0.6640801287336755,0.6681836949207551
turbine_2,2025-12-27T18:00:00Z,2025-12-28T18:00:00Z,24.0,0.4166666666666667,0.26123053514217776,0.3182572595368892
turbine_2,2025-12-27T18:00:00Z,2025-12-28T19:00:00Z,25.0,0.3483333333333333,0.14191571224156854,0.1696464976964417
turbine_2,2025-12-27T18:00:00Z,2025-12-28T20:00:00Z,26.0,0.3066666666666666,0.09308839491434873,0.11111503120466427
turbine_2,2025-12-27T18:00:00Z,2025-12-28T21:00:00Z,27.0,0.3583333333333333,0.08134312091032923,0.08345218082757462
turbine_2,2025-12-27T18:00:00Z,2025-12-28T22:00:00Z,28.0,0.36,0.10538990614229862,0.12688411373408642
turbine_2,2025-12-27T18:00:00Z,2025-12-28T23:00:00Z,29.0,0.2433333333333333,0.09942603884916626,0.12140031235206182
turbine_2,2025-12-27T18:00:00Z,2025-12-29T00:00:00Z,30.0,0.2766666666666666,0.23193024898838815,0.22078995329441609
turbine_2,2025-12-27T18:00:00Z,2025-12-29T01:00:00Z,31.0,0.4566666666666667,0.4234943800714084,0.4000287253882183
turbine_2,2025-12-27T18:00:00Z,2025-12-29T02:00:00Z,32.0,0.5733333333333334,0.45558501223574727,0.46824005520429335
turbine_2,2025-12-27T18:00:00Z,2025-12-29T03:00:00Z,33.0,0.7916666666666666,0.44802589768462603,0.4623801456955786
turbine_2,2025-12-27T18:00:00Z,2025-12-29T04:00:00Z,34.0,0.5316666666666666,0.6003283567467863,0.6341017942775381
turbine_2,2025-12-27T18:00:00Z,2025-12-29T05:00:00Z,35.0,0.2966666666666667,0.8295229916055858,0.8465412536186946
turbine_2,2025-12-27T18:00:00Z,2025-12-29T06:00:00Z,36.0,0.215,0.919817188674328,0.9261356898981771
turbine_2,2025-12-27T18:00:00Z,2025-12-29T07:00:00Z,37.0,0.6583333333333333,0.962796755904703,0.9536084138540755
turbine_2,2025-12-27T18:00:00Z,2025-12-29T08:00:00Z,38.0,0.5433333333333333,0.8900665302355446,0.8537778938231154
turbine_2,2025-12-27T18:00:00Z,2025-12-29T09:00:00Z,39.0,0.7433333333333333,0.7020159307379791,0.7423249454732346
turbine_2,2025-12-27T18:00:00Z,2025-12-29T10:00:00Z,40.0,0.9216666666666667,0.5731333362502365,0.6548527325899007
turbine_2,2025-12-27T18:00:00Z,2025-12-29T11:00:00Z,41.0,0.9516666666666668,0.5714276803734188,0.6647972038445442
turbine_2,2025-12-27T18:00:00Z,2025-12-29T12:00:00Z,42.0,0.9733333333333332,0.6271624502318447,0.6916796587416548
turbine_2,2025-12-27T18:00:00Z,2025-12-29T13:00:00Z,43.0,0.9716666666666668,0.7386404877201637,0.7847021667411752
turbine_2,2025-12-27T18:00:00Z,2025-12-29T14:00:00Z,44.0,0.975,0.7493488122580864,0.7706384072030916
turbine_2,2025-12-27T18:00:00Z,2025-12-29T15:00:00Z,45.0,0.975,0.8167095556287123,0.868946347807359
turbine_2,2025-12-27T18:00:00Z,2025-12-29T16:00:00Z,46.0,0.97,0.8664379882308731,0.8723577936235235
turbine_2,2025-12-27T18:00:00Z,2025-12-29T17:00:00Z,47.0,0.9733333333333332,0.9136121664505409,0.905321500289541
turbine_2,2025-12-27T18:00:00Z,2025-12-29T18:00:00Z,48.0,0.97,0.9197952200724968,0.8952311989846411
turbine_2,2025-12-28T18:00:00Z,2025-12-28T19:00:00Z,1.0,0.3483333333333333,0.07824886959660934,0.09603634512604474
turbine_2,2025-12-28T18:00:00Z,2025-12-28T20:00:00Z,2.0,0.3066666666666666,0.0647459030156527,0.07316132891858762
turbine_2,2025-12-28T18:00:00Z,2025-12-28T21:00:00Z,3.0,0.3583333333333333,0.09742865110096445,0.09355785596616129
turbine_2,2025-12-28T18:00:00Z,2025-12-28T22:00:00Z,4.0,0.36,0.10019667369833107,0.11275194194203567
turbine_2,2025-12-28T18:00:00Z,2025-12-28T23:00:00Z,5.0,0.2433333333333333,0.21437178572163043,0.20453681819145236
turbine_2,2025-12-28T18:00:00Z,2025-12-29T00:00:00Z,6.0,0.2766666666666666,0.43440045068654143,0.4056239154820387
turbine_2,2025-12-28T18:00:00Z,2025-12-29T01:00:00Z,7.0,0.4566666666666667,0.4491557713622919,0.47187914076152326
turbine_2,2025-12-28T18:00:00Z,2025-12-29T02:00:00Z,8.0,0.5733333333333334,0.5735492676431039,0.5832000560519552
turbine_2,2025-12-28T18:00:00Z,2025-12-29T03:00:00Z,9.0,0.7916666666666666,0.6688926944448288,0.7476191011872811
turbine_2,2025-12-28T18:00:00Z,2025-12-29T04:00:00Z,10.0,0.5316666666666666,0.7282520673174547,0.7806053981247763
turbine_2,2025-12-28T18:00:00Z,2025-12-29T05:00:00Z,11.0,0.2966666666666667,0.8866127516852735,0.898055410280771
turbine_2,2025-12-28T18:00:00Z,2025-12-29T06:00:00Z,12.0,0.215,0.9639571740477955,0.9560684650804665
turbine_2,2025-12-28T18:00:00Z,2025-12-29T07:00:00Z,13.0,0.6583333333333333,0.9669639351014734,0.9587741376640689
turbine_2,2025-12-28T18:00:00Z,2025-12-29T08:00:00Z,14.0,0.5433333333333333,0.9721128441979698,0.957482821382988
turbine_2,2025-12-28T18:00:00Z,2025-12-29T09:00:00Z,15.0,0.7433333333333333,0.9310258107078849,0.9299327635105121
turbine_2,2025-12-28T18:00:00Z,2025-12-29T10:00:00Z,16.0,0.9216666666666667,0.9003697423521113,0.9010291680324114
turbine_2,2025-12-28T18:00:00Z,2025-12-29T11:00:00Z,17.0,0.9516666666666668,0.845891046563746,0.8895601175765798
turbine_2,2025-12-28T18:00:00Z,2025-12-29T12:00:00Z,18.0,0.9733333333333332,0.8522220617394635,0.896595581113808
turbine_2,2025-12-28T18:00:00Z,2025-12-29T13:00:00Z,19.0,0.9716666666666668,0.9024118252594105,0.9077038771089924
turbine_2,2025-12-28T18:00:00Z,2025-12-29T14:00:00Z,20.0,0.975,0.8959274533548937,0.9006956475934285
turbine_2,2025-12-28T18:00:00Z,2025-12-29T15:00:00Z,21.0,0.975,0.9305365332905063,0.9422192699618279
turbine_2,2025-12-28T18:00:00Z,2025-12-29T16:00:00Z,22.0,0.97,0.9534448970882397,0.9400009416695697
turbine_2,2025-12-28T18:00:00Z,2025-12-29T17:00:00Z,23.0,0.9733333333333332,0.9758177532206609,0.9489955679645115
turbine_2,2025-12-28T18:00:00Z,2025-12-29T18:00:00Z,24.0,0.97,0.9595067001634814,0.9501436985717857
turbine_2,2025-12-28T18:00:00Z,2025-12-29T19:00:00Z,25.0,0.9783333333333334,0.9520504277706683,0.9459713682315418
turbine_2,2025-12-28T18:00:00Z,2025-12-29T20:00:00Z,26.0,0.98,0.9524152156527099,0.941563700905531
turbine_2,2025-12-28T18:00:00Z,2025-12-29T21:00:00Z,27.0,0.98,0.9425609641500061,0.9417031596779338
turbine_2,2025-12-28T18:00:00Z,2025-12-29T22:00:00Z,28.0,0.98,0.9316701609672728,0.9256510031450538
turbine_2,2025-12-28T18:00:00Z,2025-12-29T23:00:00Z,29.0,0.98,0.9318048609472146,0.9363363715335269
turbine_2,2025-12-28T18:00:00Z,2025-12-30T00:00:00Z,30.0,0.9766666666666666,0.9318521949521135,0.9346156964909724
turbine_2,2025-12-28T18:00:00Z,2025-12-30T01:00:00Z,31.0,0.98,0.9318798383760528,0.9316577993708074
turbine_2,2025-12-28T18:00:00Z,2025-12-30T02:00:00Z,32.0,0.9716666666666668,0.9308016433981031,0.9303933360526186
turbine_2,2025-12-28T18:00:00Z,2025-12-30T03:00:00Z,33.0,0.8450000000000001,0.9311398342902659,0.9345126827356587
turbine_2,2025-12-28T18:00:00Z,2025-12-30T04:00:00Z,34.0,0.9566666666666668,0.9210373489030149,0.9247639085219148
turbine_2,2025-12-28T18:00:00Z,2025-12-30T05:00:00Z,35.0,0.9416666666666668,0.4472250526981094,0.4586791286041316
turbine_2,2025-12-28T18:00:00Z,2025-12-30T06:00:00Z,36.0,0.9316666666666666,0.24549405304237096,0.28895818903710074
turbine_2,2025-12-28T18:00:00Z,2025-12-30T07:00:00Z,37.0,0.9716666666666668,0.1631515470821299,0.21136745097262782
turbine_2,2025-12-28T18:00:00Z,2025-12-30T08:00:00Z,38.0,0.96,0.2805522631194787,0.2648780226858634
turbine_2,2025-12-28T18:00:00Z,2025-12-30T09:00:00Z,39.0,0.97,0.25296723257086845,0.2767704892107874
turbine_2,2025-12-28T18:00:00Z,2025-12-30T10:00:00Z,40.0,0.97,0.11701427985693258,0.1297087530887639
turbine_2,2025-12-28T18:00:00Z,2025-12-30T11:00:00Z,41.0,0.97,0.1012847258927826,0.11030322936328252
turbine_2,2025-12-28T18:00:00Z,2025-12-30T12:00:00Z,42.0,0.97,0.19925479235567847,0.24481570945011616
turbine_2,2025-12-28T18:00:00Z,2025-12-30T13:00:00Z,43.0,0.9516666666666668,0.4251182231223605,0.41587844834738963
turbine_2,2025-12-28T18:00:00Z,2025-12-30T14:00:00Z,44.0,0.9516666666666668,0.6431846821448819,0.6680824732638844
turbine_2,2025-12-28T18:00:00Z,2025-12-30T15:00:00Z,45.0,0.625,0.5470755707354842,0.590285514237519
turbine_2,2025-12-28T18:00:00Z,2025-12-30T16:00:00Z,46.0,0.8266666666666667,0.6128326932801622,0.603270717353119
turbine_2,2025-12-28T18:00:00Z,2025-12-30T17:00:00Z,47.0,0.68,0.5870560682397781,0.5871478363065754
turbine_2,2025-12-28T18:00:00Z,2025-12-30T18:00:00Z,48.0,0.89,0.3380669396307523,0.3530893085992478
turbine_2,2025-12-29T18:00:00Z,2025-12-29T19:00:00Z,1.0,0.9783333333333334,0.9299061962404751,0.9271932337315621
turbine_2,2025-12-29T18:00:00Z,2025-12-29T20:00:00Z,2.0,0.98,0.9302709841225167,0.9220496238123932
turbine_2,2025-12-29T18:00:00Z,2025-12-29T21:00:00Z,3.0,0.98,0.9399936097083132,0.9282878279510097
turbine_2,2025-12-29T18:00:00Z,2025-12-29T22:00:00Z,4.0,0.98,0.92910280652558,0.9121990182504496
turbine_2,2025-12-29T18:00:00Z,2025-12-29T23:00:00Z,5.0,0.98,0.9285192849607758,0.9218474638794403
turbine_2,2025-12-29T18:00:00Z,2025-12-30T00:00:00Z,6.0,0.9766666666666666,0.9359299167725531,0.9215605209419233
turbine_2,2025-12-29T18:00:00Z,2025-12-30T01:00:00Z,7.0,0.98,0.9358442675044377,0.9255434262258757
turbine_2,2025-12-29T18:00:00Z,2025-12-30T02:00:00Z,8.0,0.9716666666666668,0.9347660725264881,0.9246816475201994
turbine_2,2025-12-29T18:00:00Z,2025-12-30T03:00:00Z,9.0,0.8450000000000001,0.9326132756597018,0.928518085196232
turbine_2,2025-12-29T18:00:00Z,2025-12-30T04:00:00Z,10.0,0.9566666666666668,0.8014518005441968,0.8152157261186243
turbine_2,2025-12-29T18:00:00Z,2025-12-30T05:00:00Z,11.0,0.9416666666666668,0.33466135992390456,0.32982902269976533
turbine_2,2025-12-29T18:00:00Z,2025-12-30T06:00:00Z,12.0,0.9316666666666666,0.1612601820578286,0.17561907906930163
turbine_2,2025-12-29T18:00:00Z,2025-12-30T07:00:00Z,13.0,0.9716666666666668,0.13641736273896868,0.14305224687098633
turbine_2,2025-12-29T18:00:00Z,2025-12-30T08:00:00Z,14.0,0.96,0.202661927394532,0.18576637841636498
turbine_2,2025-12-29T18:00:00Z,2025-12-30T09:00:00Z,15.0,0.97,0.11783642722876035,0.12707477904833892
turbine_2,2025-12-29T18:00:00Z,2025-12-30T10:00:00Z,16.0,0.97,0.07788249605636993,0.08801012141132346
turbine_2,2025-12-29T18:00:00Z,2025-12-30T11:00:00Z,17.0,0.97,0.08077239631233657,0.0772460004464908
turbine_2,2025-12-29T18:00:00Z,2025-12-30T12:00:00Z,18.0,0.97,0.058345294562331895,0.0515837498546009
turbine_2,2025-12-29T18:00:00Z,2025-12-30T13:00:00Z,19.0,0.9516666666666668,0.07170138749581922,0.07756659528035721
turbine_2,2025-12-29T18:00:00Z,2025-12-30T14:00:00Z,20.0,0.9516666666666668,0.14086636594195168,0.14340464444732048
turbine_2,2025-12-29T18:00:00Z,2025-12-30T15:00:00Z,21.0,0.625,0.24396726688076348,0.2735419428286127
turbine_2,2025-12-29T18:00:00Z,2025-12-30T16:00:00Z,22.0,0.8266666666666667,0.23467264602718116,0.2538982638539715
turbine_2,2025-12-29T18:00:00Z,2025-12-30T17:00:00Z,23.0,0.68,0.24972914837210985,0.26691936087654006
turbine_2,2025-12-29T18:00:00Z,2025-12-30T18:00:00Z,24.0,0.89,0.42964423291401677,0.42393341266098716
turbine_2,2025-12-29T18:00:00Z,2025-12-30T19:00:00Z,25.0,0.375,0.3275978759745466,0.3561320042300614
turbine_2,2025-12-29T18:00:00Z,2025-12-30T20:00:00Z,26.0,0.235,0.3096772967742464,0.3268795909174436
turbine_2,2025-12-29T18:00:00Z,2025-12-30T21:00:00Z,27.0,0.125,0.1106583423897943,0.15220333951841453
turbine_2,2025-12-29T18:00:00Z,2025-12-30T22:00:00Z,28.0,0.0133333333333333,0.06414581388629399,0.0649450313393894
turbine_2,2025-12-29T18:00:00Z,2025-12-30T23:00:00Z,29.0,0.01,0.0355495720139648,0.02727551644066023
turbine_2,2025-12-29T18:00:00Z,2025-12-31T00:00:00Z,30.0,0.01,0.029320243714167443,0.018991082970623713
turbine_2,2025-12-29T18:00:00Z,2025-12-31T01:00:00Z,31.0,0.01,0.023778644404010063,0.01566001481067722
turbine_2,2025-12-29T18:00:00Z,2025-12-31T02:00:00Z,32.0,0.01,0.011914041172503942,0.014285414647589284
turbine_2,2025-12-29T18:00:00Z,2025-12-31T03:00:00Z,33.0,0.01,0.017445594509626072,0.012565308736247366
turbine_2,2025-12-29T18:00:00Z,2025-12-31T04:00:00Z,34.0,0.0616666666666666,0.009200285817594578,0.014908850016385727
turbine_2,2025-12-29T18:00:00Z,2025-12-31T05:00:00Z,35.0,0.115,0.022680332567110717,0.025908407594633365
turbine_2,2025-12-29T18:00:00Z,2025-12-31T06:00:00Z,36.0,0.0866666666666666,0.02737818185445079,0.04657771936469579
turbine_2,2025-12-29T18:00:00Z,2025-12-31T07:00:00Z,37.0,0.19,0.03834336453363729,0.05627413481480409
turbine_2,2025-12-29T18:00:00Z,2025-12-31T08:00:00Z,38.0,0.3616666666666666,0.06925167227599541,0.09229752700939603
turbine_2,2025-12-29T18:00:00Z,2025-12-31T09:00:00Z,39.0,0.1016666666666666,0.0729282430615301,0.08203527071331845
turbine_2,2025-12-29T18:00:00Z,2025-12-31T10:00:00Z,40.0,0.0083333333333333,0.0969788141241873,0.118171258070222
turbine_2,2025-12-29T18:00:00Z,2025-12-31T11:00:00Z,41.0,0.005,0.11208348795421108,0.12317596278798366
turbine_2,2025-12-29T18:00:00Z,2025-12-31T12:00:00Z,42.0,0.0366666666666666,0.12697609138280921,0.14290324001663463
turbine_2,2025-12-29T18:00:00Z,2025-12-31T13:00:00Z,43.0,0.0766666666666666,0.16394070595940768,0.14631502636157737
turbine_2,2025-12-29T18:00:00Z,2025-12-31T14:00:00Z,44.0,0.0133333333333333,0.17835706040529883,0.17841800185024437
turbine_2,2025-12-29T18:00:00Z,2025-12-31T15:00:00Z,45.0,0.0183333333333333,0.17071265115221332,0.16592809357878247
turbine_2,2025-12-29T18:00:00Z,2025-12-31T16:00:00Z,46.0,0.0216666666666666,0.16145500253646713,0.14575010072686378
turbine_2,2025-12-30T18:00:00Z,2025-12-30T19:00:00Z,1.0,0.375,0.11059158128673778,0.12515604009097803
turbine_2,2025-12-30T18:00:00Z,2025-12-30T20:00:00Z,2.0,0.235,0.08715967430961846,0.08617878486738356
turbine_2,2025-12-30T18:00:00Z,2025-12-30T21:00:00Z,3.0,0.125,0.03198452755078038,0.04853050698495165
turbine_2,2025-12-30T18:00:00Z,2025-12-30T22:00:00Z,4.0,0.0133333333333333,0.025260417158312565,0.01811751247460827
turbine_2,2025-12-30T18:00:00Z,2025-12-30T23:00:00Z,5.0,0.01,0.01150194173625843,0.014617113252019726
turbine_2,2025-12-30T18:00:00Z,2025-12-31T00:00:00Z,6.0,0.01,0.016407791620982298,0.012170816101529008
turbine_2,2025-12-30T18:00:00Z,2025-12-31T01:00:00Z,7.0,0.01,0.008158237657912598,0.012319713207521288
turbine_2,2025-12-30T18:00:00Z,2025-12-31T02:00:00Z,8.0,0.01,0.01252499338314006,0.01460480408697265
turbine_2,2025-12-30T18:00:00Z,2025-12-31T03:00:00Z,9.0,0.01,0.010108802353163887,0.011510402759326771
turbine_2,2025-12-30T18:00:00Z,2025-12-31T04:00:00Z,10.0,0.0616666666666666,0.010146606809223524,0.012622668817247995
turbine_2,2025-12-30T18:00:00Z,2025-12-31T05:00:00Z,11.0,0.115,0.020675981658246745,0.024116858040768907
turbine_2,2025-12-30T18:00:00Z,2025-12-31T06:00:00Z,12.0,0.0866666666666666,0.03447188243495272,0.04829264357662802
turbine_2,2025-12-30T18:00:00Z,2025-12-31T07:00:00Z,13.0,0.19,0.08347688514646114,0.09651945570771414
turbine_2,2025-12-30T18:00:00Z,2025-12-31T08:00:00Z,14.0,0.3616666666666666,0.17389447740648167,0.166723613327399
turbine_2,2025-12-30T18:00:00Z,2025-12-31T09:00:00Z,15.0,0.1016666666666666,0.31252567332357195,0.2794761588677086
turbine_2,2025-12-30T18:00:00Z,2025-12-31T10:00:00Z,16.0,0.0083333333333333,0.21005971693138126,0.2320502960405759
turbine_2,2025-12-30T18:00:00Z,2025-12-31T11:00:00Z,17.0,0.005,0.29112367234551184,0.32793735520360856
turbine_2,2025-12-30T18:00:00Z,2025-12-31T12:00:00Z,18.0,0.0366666666666666,0.2930715548724535,0.3733844408063016
turbine_2,2025-12-30T18:00:00Z,2025-12-31T13:00:00Z,19.0,0.0766666666666666,0.43041570994655676,0.4532079000014955
turbine_2,2025-12-30T18:00:00Z,2025-12-31T14:00:00Z,20.0,0.0133333333333333,0.5506942643674347,0.5832230056639088
turbine_2,2025-12-30T18:00:00Z,2025-12-31T15:00:00Z,21.0,0.0183333333333333,0.4514357794717344,0.48520021406910363
turbine_2,2025-12-30T18:00:00Z,2025-12-31T16:00:00Z,22.0,0.0216666666666666,0.25521018869870576,0.3363242941049597
