site_id,forecast_origin,target_time,lead_hours,actual,incumbent_prediction,candidate_prediction
turbine_1,2025-11-30T18:00:00Z,2025-11-30T19:00:00Z,1.0,0.01,0.04032347886996196,0.02293265843667755
turbine_1,2025-11-30T18:00:00Z,2025-11-30T20:00:00Z,2.0,0.01,0.022075839373186357,0.024124897535404616
turbine_1,2025-11-30T18:00:00Z,2025-11-30T21:00:00Z,3.0,0.01,0.0321925157883792,0.023061196511501736
turbine_1,2025-11-30T18:00:00Z,2025-11-30T22:00:00Z,4.0,0.0083333333333333,0.030511024141320203,0.024797094654497448
turbine_1,2025-11-30T18:00:00Z,2025-11-30T23:00:00Z,5.0,0.01,0.0292895955444,0.023717595571771916
turbine_1,2025-11-30T18:00:00Z,2025-12-01T00:00:00Z,6.0,0.0133333333333333,0.037851113389293395,0.029149448321912602
turbine_1,2025-11-30T18:00:00Z,2025-12-01T01:00:00Z,7.0,0.015,0.06576750400088521,0.043756325199337726
turbine_1,2025-11-30T18:00:00Z,2025-12-01T02:00:00Z,8.0,0.0633333333333333,0.09873870471690499,0.09312481798760913
turbine_1,2025-11-30T18:00:00Z,2025-12-01T03:00:00Z,9.0,0.0733333333333333,0.3414845787120854,0.3239217961687183
turbine_1,2025-11-30T18:00:00Z,2025-12-01T04:00:00Z,10.0,0.1849999999999999,0.4656507216751057,0.45235127386159574
turbine_1,2025-11-30T18:00:00Z,2025-12-01T05:00:00Z,11.0,0.1833333333333333,0.7282020574596623,0.722531926323927
turbine_1,2025-11-30T18:00:00Z,2025-12-01T06:00:00Z,12.0,0.1316666666666666,0.8946608953405005,0.9043151891035129
turbine_1,2025-11-30T18:00:00Z,2025-12-01T07:00:00Z,13.0,0.4783333333333333,0.9617153267059503,0.9326744307352131
turbine_1,2025-11-30T18:00:00Z,2025-12-01T08:00:00Z,14.0,0.9366666666666666,0.9668394183721286,0.946532611533248
turbine_1,2025-11-30T18:00:00Z,2025-12-01T09:00:00Z,15.0,0.9766666666666666,0.9535476872677173,0.9399608943456914
turbine_1,2025-11-30T18:00:00Z,2025-12-01T10:00:00Z,16.0,0.8533333333333334,0.9230918455152093,0.8906553491509372
turbine_1,2025-11-30T18:00:00Z,2025-12-01T11:00:00Z,17.0,0.6816666666666666,0.8469427196410403,0.8754778256844218
turbine_1,2025-11-30T18:00:00Z,2025-12-01T12:00:00Z,18.0,0.5983333333333333,0.7166784308924458,0.74382420696361
turbine_1,2025-11-30T18:00:00Z,2025-12-01T13:00:00Z,19.0,0.7050000000000001,0.6783795481327738,0.6803331204560786
turbine_1,2025-11-30T18:00:00Z,2025-12-01T14:00:00Z,20.0,0.9083333333333332,0.6471517549581924,0.636319712737988
turbine_1,2025-11-30T18:00:00Z,2025-12-01T15:00:00Z,21.0,0.99,0.665499830675246,0.6309443984450314
turbine_1,2025-11-30T18:00:00Z,2025-12-01T16:00:00Z,22.0,0.9833333333333334,0.6399333324882815,0.616326986327552
turbine_1,2025-11-30T18:00:00Z,2025-12-01T17:00:00Z,23.0,0.9833333333333334,0.6329750934935028,0.5932263484356777
turbine_1,2025-11-30T18:00:00Z,2025-12-01T18:00:00Z,24.0,0.8266666666666667,0.5947876578879405,0.5529954106625881
turbine_1,2025-11-30T18:00:00Z,2025-12-01T19:00:00Z,25.0,0.65,0.6233506582639351,0.5644691367569445
turbine_1,2025-11-30T18:00:00Z,2025-12-01T20:00:00Z,26.0,0.645,0.5705710080465712,0.5313763138533896
turbine_1,2025-11-30T18:00:00Z,2025-12-01T21:00:00Z,27.0,0.1733333333333333,0.5696024705408583,0.5281233182041037
turbine_1,2025-11-30T18:00:00Z,2025-12-01T22:00:00Z,28.0,0.0683333333333333,0.5334096111071869,0.4950480519332581
turbine_1,2025-11-30T18:00:00Z,2025-12-01T23:00:00Z,29.0,0.0383333333333333,0.4397819035041083,0.406531596542204
turbine_1,2025-11-30T18:00:00Z,2025-12-02T00:00:00Z,30.0,0.0249999999999999,0.2960951370220444,0.28018516887647316
turbine_1,2025-11-30T18:00:00Z,2025-12-02T01:00:00Z,31.0,0.0383333333333333,0.10211887242035912,0.13894500785512975
turbine_1,2025-11-30T18:00:00Z,2025-12-02T02:00:00Z,32.0,0.1066666666666666,0.061376216089075675,0.05583211700345181
turbine_1,2025-11-30T18:00:00Z,2025-12-02T03:00:00Z,33.0,0.1366666666666666,0.044489473968641335,0.03329287502566308
turbine_1,2025-11-30T18:00:00Z,2025-12-02T04:00:00Z,34.0,0.1066666666666666,0.020665265526461418,0.02620149009996356
turbine_1,2025-11-30T18:00:00Z,2025-12-02T05:00:00Z,35.0,0.0999999999999999,0.014958568862425081,0.020811483810132314
turbine_1,2025-11-30T18:00:00Z,2025-12-02T06:00:00Z,36.0,0.0933333333333333,0.01392646361911315,0.019501816609753198
turbine_1,2025-11-30T18:00:00Z,2025-12-02T07:00:00Z,37.0,0.0666666666666666,0.018248613189124074,0.02456698793952189
turbine_1,2025-11-30T18:00:00Z,2025-12-02T08:00:00Z,38.0,0.0383333333333333,0.028988572543486912,0.03118777085232502
turbine_1,2025-11-30T18:00:00Z,2025-12-02T09:00:00Z,39.0,0.0633333333333333,0.036508974366193936,0.03301287820345436
turbine_1,2025-11-30T18:00:00Z,2025-12-02T10:00:00Z,40.0,0.045,0.04144594659546191,0.04560458633160769
turbine_1,2025-11-30T18:00:00Z,2025-12-02T11:00:00Z,41.0,0.0116666666666666,0.07937689131518179,0.08337131662527268
turbine_1,2025-11-30T18:00:00Z,2025-12-02T12:00:00Z,42.0,0.01,0.11238660975812798,0.10135419554627752
turbine_1,2025-11-30T18:00:00Z,2025-12-02T13:00:00Z,43.0,0.01,0.1187440837096312,0.12512756041225698
turbine_1,2025-11-30T18:00:00Z,2025-12-02T14:00:00Z,44.0,0.01,0.08397577103487693,0.11577253376762155
turbine_1,2025-11-30T18:00:00Z,2025-12-02T15:00:00Z,45.0,0.01,0.052312159660437396,0.06521206778492664
turbine_1,2025-11-30T18:00:00Z,2025-12-02T16:00:00Z,46.0,0.0133333333333333,0.03952567818490188,0.05531432219105281
turbine_1,2025-11-30T18:00:00Z,2025-12-02T17:00:00Z,47.0,0.01,0.03803478612353961,0.04932815243155961
turbine_1,2025-11-30T18:00:00Z,2025-12-02T18:00:00Z,48.0,0.01,0.03221266091296948,0.039950511922571985
turbine_1,2025-12-01T18:00:00Z,2025-12-01T19:00:00Z,1.0,0.65,0.5488924169053431,0.44222922991552843
turbine_1,2025-12-01T18:00:00Z,2025-12-01T20:00:00Z,2.0,0.645,0.4787371421095234,0.39455164641159535
turbine_1,2025-12-01T18:00:00Z,2025-12-01T21:00:00Z,3.0,0.1733333333333333,0.45824421518001707,0.38945519295288644
turbine_1,2025-12-01T18:00:00Z,2025-12-01T22:00:00Z,4.0,0.0683333333333333,0.36441598630611644,0.3004676403984945
turbine_1,2025-12-01T18:00:00Z,2025-12-01T23:00:00Z,5.0,0.0383333333333333,0.14484084602946998,0.15376306716852398
turbine_1,2025-12-01T18:00:00Z,2025-12-02T00:00:00Z,6.0,0.0249999999999999,0.05499249125627112,0.052650315330357605
turbine_1,2025-12-01T18:00:00Z,2025-12-02T01:00:00Z,7.0,0.0383333333333333,0.021964007699263183,0.02570187821344566
turbine_1,2025-12-01T18:00:00Z,2025-12-02T02:00:00Z,8.0,0.1066666666666666,0.013318836119523392,0.01675529109986884
turbine_1,2025-12-01T18:00:00Z,2025-12-02T03:00:00Z,9.0,0.1366666666666666,0.009941453285977231,0.015776079963636752
turbine_1,2025-12-01T18:00:00Z,2025-12-02T04:00:00Z,10.0,0.1066666666666666,0.015443477591060462,0.022075957054764117
turbine_1,2025-12-01T18:00:00Z,2025-12-02T05:00:00Z,11.0,0.0999999999999999,0.016569502503187172,0.018648238654055987
turbine_1,2025-12-01T18:00:00Z,2025-12-02T06:00:00Z,12.0,0.0933333333333333,0.014655468051713194,0.018021938071422744
turbine_1,2025-12-01T18:00:00Z,2025-12-02T07:00:00Z,13.0,0.0666666666666666,0.022420254236000303,0.03198157384227332
turbine_1,2025-12-01T18:00:00Z,2025-12-02T08:00:00Z,14.0,0.0383333333333333,0.02795714778266578,0.0286372949440786
turbine_1,2025-12-01T18:00:00Z,2025-12-02T09:00:00Z,15.0,0.0633333333333333,0.04111442393665293,0.04504503869348678
turbine_1,2025-12-01T18:00:00Z,2025-12-02T10:00:00Z,16.0,0.045,0.05858101234647112,0.05615633380253468
turbine_1,2025-12-01T18:00:00Z,2025-12-02T11:00:00Z,17.0,0.0116666666666666,0.06862932861264746,0.06724079669651978
turbine_1,2025-12-01T18:00:00Z,2025-12-02T12:00:00Z,18.0,0.01,0.06998234235782888,0.07604326018388399
turbine_1,2025-12-01T18:00:00Z,2025-12-02T13:00:00Z,19.0,0.01,0.06076115322426068,0.07041046960320052
turbine_1,2025-12-01T18:00:00Z,2025-12-02T14:00:00Z,20.0,0.01,0.055122724049919136,0.04645257709587622
turbine_1,2025-12-01T18:00:00Z,2025-12-02T15:00:00Z,21.0,0.01,0.04185025866728914,0.039980736966944236
turbine_1,2025-12-01T18:00:00Z,2025-12-02T16:00:00Z,22.0,0.0133333333333333,0.04032068847614689,0.038926256300004486
turbine_1,2025-12-01T18:00:00Z,2025-12-02T17:00:00Z,23.0,0.01,0.039535616246753,0.034741387918121425
turbine_1,2025-12-01T18:00:00Z,2025-12-02T18:00:00Z,24.0,0.01,0.03217893334482397,0.030242016859799686
turbine_1,2025-12-01T18:00:00Z,2025-12-02T19:00:00Z,25.0,0.0116666666666666,0.04836402964359815,0.03136127351561371
turbine_1,2025-12-01T18:00:00Z,2025-12-02T20:00:00Z,26.0,0.1116666666666666,0.0462694778253738,0.035692736623960414
turbine_1,2025-12-01T18:00:00Z,2025-12-02T21:00:00Z,27.0,0.1949999999999999,0.06999838169876656,0.05374718425945013
turbine_1,2025-12-01T18:00:00Z,2025-12-02T22:00:00Z,28.0,0.22,0.08706372471614958,0.08236562181598654
turbine_1,2025-12-01T18:00:00Z,2025-12-02T23:00:00Z,29.0,0.3066666666666667,0.12251109224568142,0.1019939834985518
turbine_1,2025-12-01T18:00:00Z,2025-12-03T00:00:00Z,30.0,0.3783333333333333,0.13059295063656284,0.15871081091701714
turbine_1,2025-12-01T18:00:00Z,2025-12-03T01:00:00Z,31.0,0.3883333333333333,0.10625855326996612,0.14988126793186285
turbine_1,2025-12-01T18:00:00Z,2025-12-03T02:00:00Z,32.0,0.6466666666666666,0.0988640895617503,0.1400503519472276
turbine_1,2025-12-01T18:00:00Z,2025-12-03T03:00:00Z,33.0,0.7083333333333334,0.10746220245592103,0.1712811217441872
turbine_1,2025-12-01T18:00:00Z,2025-12-03T04:00:00Z,34.0,0.6283333333333333,0.2175047158955207,0.21077591657218944
turbine_1,2025-12-01T18:00:00Z,2025-12-03T05:00:00Z,35.0,0.2799999999999999,0.2788636356415235,0.28409040142812
turbine_1,2025-12-01T18:00:00Z,2025-12-03T06:00:00Z,36.0,0.2,0.32296315429182093,0.38652438355896435
turbine_1,2025-12-01T18:00:00Z,2025-12-03T07:00:00Z,37.0,0.2666666666666666,0.3751870416194903,0.37866421437167763
turbine_1,2025-12-01T18:00:00Z,2025-12-03T08:00:00Z,38.0,0.3183333333333333,0.3281319189996398,0.3877186775196252
turbine_1,2025-12-01T18:00:00Z,2025-12-03T09:00:00Z,39.0,0.1716666666666666,0.31818065525505057,0.35780477892571527
turbine_1,2025-12-01T18:00:00Z,2025-12-03T10:00:00Z,40.0,0.1166666666666666,0.29128136825019924,0.25819105819452653
turbine_1,2025-12-01T18:00:00Z,2025-12-03T11:00:00Z,41.0,0.1166666666666666,0.22020241889862477,0.21481087266167678
turbine_1,2025-12-01T18:00:00Z,2025-12-03T12:00:00Z,42.0,0.15,0.22717167893208523,0.21797886644094133
turbine_1,2025-12-01T18:00:00Z,2025-12-03T13:00:00Z,43.0,0.3,0.1971519690081377,0.17776555906239896
turbine_1,2025-12-01T18:00:00Z,2025-12-03T14:00:00Z,44.0,0.4333333333333333,0.21845005374810061,0.2063982911931188
turbine_1,2025-12-01T18:00:00Z,2025-12-03T15:00:00Z,45.0,0.365,0.21572667549090416,0.20700263582791972
turbine_1,2025-12-01T18:00:00Z,2025-12-03T16:00:00Z,46.0,0.265,0.2514339977278157,0.32060618197563395
turbine_1,2025-12-01T18:00:00Z,2025-12-03T17:00:00Z,47.0,0.1816666666666666,0.28623108012730253,0.33031255745071925
turbine_1,2025-12-01T18:00:00Z,2025-12-03T18:00:00Z,48.0,0.3116666666666667,0.3029584134267804,0.3335233518843828
turbine_1,2025-12-02T18:00:00Z,2025-12-02T19:00:00Z,1.0,0.0116666666666666,0.06354810925551227,0.03226771640584414
turbine_1,2025-12-02T18:00:00Z,2025-12-02T20:00:00Z,2.0,0.1116666666666666,0.05817639979650749,0.04877803651492854
turbine_1,2025-12-02T18:00:00Z,2025-12-02T21:00:00Z,3.0,0.1949999999999999,0.0916672523176379,0.08779455745346812
turbine_1,2025-12-02T18:00:00Z,2025-12-02T22:00:00Z,4.0,0.22,0.10224297910353207,0.0808607484062864
turbine_1,2025-12-02T18:00:00Z,2025-12-02T23:00:00Z,5.0,0.3066666666666667,0.12161270122391728,0.09489969698068343
turbine_1,2025-12-02T18:00:00Z,2025-12-03T00:00:00Z,6.0,0.3783333333333333,0.12577111417511067,0.14717657981760907
turbine_1,2025-12-02T18:00:00Z,2025-12-03T01:00:00Z,7.0,0.3883333333333333,0.10211887242035912,0.14886529750520078
turbine_1,2025-12-02T18:00:00Z,2025-12-03T02:00:00Z,8.0,0.6466666666666666,0.10296505155949717,0.15863679956495377
turbine_1,2025-12-02T18:00:00Z,2025-12-03T03:00:00Z,9.0,0.7083333333333334,0.10878754951738145,0.18233533182612718
turbine_1,2025-12-02T18:00:00Z,2025-12-03T04:00:00Z,10.0,0.6283333333333333,0.2175047158955207,0.21197586005857064
turbine_1,2025-12-02T18:00:00Z,2025-12-03T05:00:00Z,11.0,0.2799999999999999,0.24978629491828702,0.26398142275819536
turbine_1,2025-12-02T18:00:00Z,2025-12-03T06:00:00Z,12.0,0.2,0.28011483069371423,0.30135250720546175
turbine_1,2025-12-02T18:00:00Z,2025-12-03T07:00:00Z,13.0,0.2666666666666666,0.3465686091704113,0.3480447180843005
turbine_1,2025-12-02T18:00:00Z,2025-12-03T08:00:00Z,14.0,0.3183333333333333,0.3281319189996398,0.376827538937088
turbine_1,2025-12-02T18:00:00Z,2025-12-03T09:00:00Z,15.0,0.1716666666666666,0.35001398925148575,0.35324263334423855
turbine_1,2025-12-02T18:00:00Z,2025-12-03T10:00:00Z,16.0,0.1166666666666666,0.3194971591524196,0.2883076166091334
turbine_1,2025-12-02T18:00:00Z,2025-12-03T11:00:00Z,17.0,0.1166666666666666,0.2804919942347841,0.3107902580879398
turbine_1,2025-12-02T18:00:00Z,2025-12-03T12:00:00Z,18.0,0.15,0.22513063062450178,0.21297332134878433
turbine_1,2025-12-02T18:00:00Z,2025-12-03T13:00:00Z,19.0,0.3,0.2683399032220441,0.3022610040502412
turbine_1,2025-12-02T18:00:00Z,2025-12-03T14:00:00Z,20.0,0.4333333333333333,0.20519822675488364,0.2025071367128475
turbine_1,2025-12-02T18:00:00Z,2025-12-03T15:00:00Z,21.0,0.365,0.28562059755936475,0.3179366112959225
turbine_1,2025-12-02T18:00:00Z,2025-12-03T16:00:00Z,22.0,0.265,0.2266262958189039,0.2593532413293269
turbine_1,2025-12-02T18:00:00Z,2025-12-03T17:00:00Z,23.0,0.1816666666666666,0.27247502232555587,0.3035369823918248
turbine_1,2025-12-02T18:00:00Z,2025-12-03T18:00:00Z,24.0,0.3116666666666667,0.22893370773608052,0.27958097149948413
turbine_1,2025-12-02T18:00:00Z,2025-12-03T19:00:00Z,25.0,0.185,0.21934581255537058,0.25522975329295955
turbine_1,2025-12-02T18:00:00Z,2025-12-03T20:00:00Z,26.0,0.0999999999999999,0.16782770965776975,0.18394330462974237
turbine_1,2025-12-02T18:00:00Z,2025-12-03T21:00:00Z,27.0,0.1783333333333333,0.24979024711956888,0.25660184260636776
turbine_1,2025-12-02T18:00:00Z,2025-12-03T22:00:00Z,28.0,0.1516666666666666,0.31523653275842517,0.31424851401210957
turbine_1,2025-12-02T18:00:00Z,2025-12-03T23:00:00Z,29.0,0.0933333333333333,0.303040077006746,0.30592035907276705
turbine_1,2025-12-02T18:00:00Z,2025-12-04T00:00:00Z,30.0,0.105,0.5488306240736021,0.4904591202555202
turbine_1,2025-12-02T18:00:00Z,2025-12-04T01:00:00Z,31.0,0.1016666666666666,0.38479790548242077,0.36029303073204016
turbine_1,2025-12-02T18:00:00Z,2025-12-04T02:00:00Z,32.0,0.165,0.4144250040204337,0.3645541924050225
turbine_1,2025-12-02T18:00:00Z,2025-12-04T03:00:00Z,33.0,0.1999999999999999,0.44314740865681435,0.38423155170638035
turbine_1,2025-12-02T18:00:00Z,2025-12-04T04:00:00Z,34.0,0.115,0.1558226356747047,0.1634218221269481
turbine_1,2025-12-02T18:00:00Z,2025-12-04T05:00:00Z,35.0,0.0583333333333333,0.15507625376377515,0.12059822210437544
turbine_1,2025-12-02T18:00:00Z,2025-12-04T06:00:00Z,36.0,0.0216666666666666,0.09941002485318401,0.11928252907295962
turbine_1,2025-12-02T18:00:00Z,2025-12-04T07:00:00Z,37.0,0.04,0.08079537351095,0.09665515356807944
turbine_1,2025-12-02T18:00:00Z,2025-12-04T08:00:00Z,38.0,0.0433333333333333,0.07216994842208406,0.08813291923879735
turbine_1,2025-12-02T18:00:00Z,2025-12-04T09:00:00Z,39.0,0.0516666666666666,0.04837313267579574,0.04924679155105538
turbine_1,2025-12-02T18:00:00Z,2025-12-04T10:00:00Z,40.0,0.0249999999999999,0.03694551873864699,0.03694562015982217
turbine_1,2025-12-02T18:00:00Z,2025-12-04T11:00:00Z,41.0,0.1816666666666666,0.04044578956446182,0.03943327040308156
turbine_1,2025-12-02T18:00:00Z,2025-12-04T12:00:00Z,42.0,0.225,0.03785507943817784,0.043822963730001246
turbine_1,2025-12-02T18:00:00Z,2025-12-04T13:00:00Z,43.0,0.185,0.037151751516955656,0.04568246281138566
turbine_1,2025-12-02T18:00:00Z,2025-12-04T14:00:00Z,44.0,0.0633333333333333,0.19033685818332943,0.1855914983178797
turbine_1,2025-12-02T18:00:00Z,2025-12-04T15:00:00Z,45.0,0.0133333333333333,0.23873524505605143,0.2640631995391214
turbine_1,2025-12-02T18:00:00Z,2025-12-04T16:00:00Z,46.0,0.12,0.21900889605738927,0.24756297251619586
turbine_1,2025-12-02T18:00:00Z,2025-12-04T17:00:00Z,47.0,0.0883333333333333,0.17105270659646582,0.21798566575005643
turbine_1,2025-12-02T18:00:00Z,2025-12-04T18:00:00Z,48.0,0.0366666666666666,0.13917184489167506,0.19990572172425555
turbine_1,2025-12-03T18:00:00Z,2025-12-03T19:00:00Z,1.0,0.185,0.19123319220744428,0.18907521383493336
turbine_1,2025-12-03T18:00:00Z,2025-12-03T20:00:00Z,2.0,0.0999999999999999,0.1408264743663895,0.14115340697741816
turbine_1,2025-12-03T18:00:00Z,2025-12-03T21:00:00Z,3.0,0.1783333333333333,0.13778839973271556,0.10435845129175689
turbine_1,2025-12-03T18:00:00Z,2025-12-03T22:00:00Z,4.0,0.1516666666666666,0.13004234277746662,0.1284243284349751
turbine_1,2025-12-03T18:00:00Z,2025-12-03T23:00:00Z,5.0,0.0933333333333333,0.11538265117821765,0.10997842389619616
turbine_1,2025-12-03T18:00:00Z,2025-12-04T00:00:00Z,6.0,0.105,0.09712977358851034,0.09131313181287967
turbine_1,2025-12-03T18:00:00Z,2025-12-04T01:00:00Z,7.0,0.1016666666666666,0.1327253010376939,0.16336375633773756
turbine_1,2025-12-03T18:00:00Z,2025-12-04T02:00:00Z,8.0,0.165,0.0995493353019441,0.07416979974541241
turbine_1,2025-12-03T18:00:00Z,2025-12-04T03:00:00Z,9.0,0.1999999999999999,0.11040950186851872,0.079332007347104
turbine_1,2025-12-03T18:00:00Z,2025-12-04T04:00:00Z,10.0,0.115,0.15442565316566562,0.14959223231344065
turbine_1,2025-12-03T18:00:00Z,2025-12-04T05:00:00Z,11.0,0.0583333333333333,0.1846971190528354,0.18719422280079936
turbine_1,2025-12-03T18:00:00Z,2025-12-04T06:00:00Z,12.0,0.0216666666666666,0.15279048653443394,0.13760014129343678
turbine_1,2025-12-03T18:00:00Z,2025-12-04T07:00:00Z,13.0,0.04,0.20833708978265167,0.17209010331641272
turbine_1,2025-12-03T18:00:00Z,2025-12-04T08:00:00Z,14.0,0.0433333333333333,0.1947805377055624,0.20389543246208738
turbine_1,2025-12-03T18:00:00Z,2025-12-04T09:00:00Z,15.0,0.0516666666666666,0.16575956950787069,0.15763165256126727
turbine_1,2025-12-03T18:00:00Z,2025-12-04T10:00:00Z,16.0,0.0249999999999999,0.07734633854750934,0.06775709733168425
turbine_1,2025-12-03T18:00:00Z,2025-12-04T11:00:00Z,17.0,0.1816666666666666,0.04616644071796522,0.04044768983455749
turbine_1,2025-12-03T18:00:00Z,2025-12-04T12:00:00Z,18.0,0.225,0.038350468502883095,0.0353869961444295
turbine_1,2025-12-03T18:00:00Z,2025-12-04T13:00:00Z,19.0,0.185,0.037961739256578086,0.03588363157965366
turbine_1,2025-12-03T18:00:00Z,2025-12-04T14:00:00Z,20.0,0.0633333333333333,0.08123991962809485,0.06730698272054633
turbine_1,2025-12-03T18:00:00Z,2025-12-04T15:00:00Z,21.0,0.0133333333333333,0.09696984001966215,0.09729304833768895
turbine_1,2025-12-03T18:00:00Z,2025-12-04T16:00:00Z,22.0,0.12,0.1155996475427199,0.12056109602208909
turbine_1,2025-12-03T18:00:00Z,2025-12-04T17:00:00Z,23.0,0.0883333333333333,0.15106276298052346,0.13293563098311031
turbine_1,2025-12-03T18:00:00Z,2025-12-04T18:00:00Z,24.0,0.0366666666666666,0.08133316243784586,0.08169187945487985
turbine_1,2025-12-03T18:00:00Z,2025-12-04T19:00:00Z,25.0,0.0166666666666666,0.05970004467469031,0.06476328755440844
turbine_1,2025-12-03T18:00:00Z,2025-12-04T20:00:00Z,26.0,0.0133333333333333,0.04307604296682349,0.05405827958842477
turbine_1,2025-12-03T18:00:00Z,2025-12-04T21:00:00Z,27.0,0.015,0.026810759547252594,0.030542826482337637
turbine_1,2025-12-03T18:00:00Z,2025-12-04T22:00:00Z,28.0,0.0283333333333333,0.05630019174392634,0.06431036625869074
turbine_1,2025-12-03T18:00:00Z,2025-12-04T23:00:00Z,29.0,0.0566666666666666,0.0724382819215606,0.06746850327802298
turbine_1,2025-12-03T18:00:00Z,2025-12-05T00:00:00Z,30.0,0.035,0.06332608259943082,0.06913207130843657
turbine_1,2025-12-03T18:00:00Z,2025-12-05T01:00:00Z,31.0,0.065,0.05289833469571881,0.06574360049615341
turbine_1,2025-12-03T18:00:00Z,2025-12-05T02:00:00Z,32.0,0.0116666666666666,0.07126466744379599,0.07202242348680764
turbine_1,2025-12-03T18:00:00Z,2025-12-05T03:00:00Z,33.0,0.01,0.04813358092820963,0.04432816229717587
turbine_1,2025-12-03T18:00:00Z,2025-12-05T04:00:00Z,34.0,0.0133333333333333,0.03176885039515043,0.03672225668928991
turbine_1,2025-12-03T18:00:00Z,2025-12-05T05:00:00Z,35.0,0.01,0.017008397714297352,0.022698745844437374
turbine_1,2025-12-03T18:00:00Z,2025-12-05T06:00:00Z,36.0,0.01,0.023560954398331613,0.0316741549835855
turbine_1,2025-12-03T18:00:00Z,2025-12-05T07:00:00Z,37.0,0.01,0.038834741078527746,0.03771942894878769
turbine_1,2025-12-03T18:00:00Z,2025-12-05T08:00:00Z,38.0,0.01,0.05270744288427692,0.05647452108057907
turbine_1,2025-12-03T18:00:00Z,2025-12-05T09:00:00Z,39.0,0.01,0.09979918724016267,0.08278293780347838
turbine_1,2025-12-03T18:00:00Z,2025-12-05T10:00:00Z,40.0,0.01,0.10495626418710034,0.10116042593924858
turbine_1,2025-12-03T18:00:00Z,2025-12-05T11:00:00Z,41.0,0.0083333333333333,0.15041549431266554,0.18014874517204568
turbine_1,2025-12-03T18:00:00Z,2025-12-05T12:00:00Z,42.0,0.0216666666666666,0.2658197686080113,0.27440601261814046
turbine_1,2025-12-03T18:00:00Z,2025-12-05T13:00:00Z,43.0,0.16,0.3721643296132092,0.3428226655401936
turbine_1,2025-12-03T18:00:00Z,2025-12-05T14:00:00Z,44.0,0.1816666666666666,0.45212370555676695,0.4528670543988068
turbine_1,2025-12-03T18:00:00Z,2025-12-05T15:00:00Z,45.0,0.1733333333333333,0.4506984165744924,0.43052902942830196
turbine_1,2025-12-03T18:00:00Z,2025-12-05T16:00:00Z,46.0,0.0766666666666666,0.4205306264375548,0.4242561294360498
turbine_1,2025-12-03T18:00:00Z,2025-12-05T17:00:00Z,47.0,0.1216666666666666,0.36683451408413,0.34553951269502814
turbine_1,2025-12-03T18:00:00Z,2025-12-05T18:00:00Z,48.0,0.1433333333333333,0.31648871959495795,0.3084964985998935
turbine_1,2025-12-04T18:00:00Z,2025-12-04T19:00:00Z,1.0,0.0166666666666666,0.047378054449550455,0.03380931660339925
turbine_1,2025-12-04T18:00:00Z,2025-12-04T20:00:00Z,2.0,0.0133333333333333,0.033426821328710665,0.02668187291266963
turbine_1,2025-12-04T18:00:00Z,2025-12-04T21:00:00Z,3.0,0.015,0.022591734915646255,0.02224588778668532
turbine_1,2025-12-04T18:00:00Z,2025-12-04T22:00:00Z,4.0,0.0283333333333333,0.014859086258270038,0.025264974826007786
turbine_1,2025-12-04T18:00:00Z,2025-12-04T23:00:00Z,5.0,0.0566666666666666,0.015642650944148406,0.030421994197390195
turbine_1,2025-12-04T18:00:00Z,2025-12-05T00:00:00Z,6.0,0.035,0.011204281599215549,0.016407320951647403
turbine_1,2025-12-04T18:00:00Z,2025-12-05T01:00:00Z,7.0,0.065,0.031901703592957964,0.034745250895353935
turbine_1,2025-12-04T18:00:00Z,2025-12-05T02:00:00Z,8.0,0.0116666666666666,0.033546181056284485,0.04109682450469321
turbine_1,2025-12-04T18:00:00Z,2025-12-05T03:00:00Z,9.0,0.01,0.024770834362323968,0.02777929397080836
turbine_1,2025-12-04T18:00:00Z,2025-12-05T04:00:00Z,10.0,0.0133333333333333,0.025628214512413094,0.030236531126940913
turbine_1,2025-12-04T18:00:00Z,2025-12-05T05:00:00Z,11.0,0.01,0.026257143548209794,0.034868963819459003
turbine_1,2025-12-04T18:00:00Z,2025-12-05T06:00:00Z,12.0,0.01,0.04133705889481415,0.04892345288902347
turbine_1,2025-12-04T18:00:00Z,2025-12-05T07:00:00Z,13.0,0.01,0.08063656008743471,0.0810253424008775
turbine_1,2025-12-04T18:00:00Z,2025-12-05T08:00:00Z,14.0,0.01,0.16392291150237373,0.1863104722681684
turbine_1,2025-12-04T18:00:00Z,2025-12-05T09:00:00Z,15.0,0.01,0.3064316221834986,0.3061519229503626
turbine_1,2025-12-04T18:00:00Z,2025-12-05T10:00:00Z,16.0,0.01,0.3995786299913918,0.3884281384411271
turbine_1,2025-12-04T18:00:00Z,2025-12-05T11:00:00Z,17.0,0.0083333333333333,0.4954281681296726,0.5149323371422707
turbine_1,2025-12-04T18:00:00Z,2025-12-05T12:00:00Z,18.0,0.0216666666666666,0.6397758445696404,0.6007068986945182
turbine_1,2025-12-04T18:00:00Z,2025-12-05T13:00:00Z,19.0,0.16,0.5461549827492912,0.544924900230745
turbine_1,2025-12-04T18:00:00Z,2025-12-05T14:00:00Z,20.0,0.1816666666666666,0.6560966701344395,0.6518518194980287
turbine_1,2025-12-04T18:00:00Z,2025-12-05T15:00:00Z,21.0,0.1733333333333333,0.571547496459859,0.5791944308549254
turbine_1,2025-12-04T18:00:00Z,2025-12-05T16:00:00Z,22.0,0.0766666666666666,0.6190506261298365,0.6046130515651427
turbine_1,2025-12-04T18:00:00Z,2025-12-05T17:00:00Z,23.0,0.1216666666666666,0.5349731022410582,0.5560377114357036
turbine_1,2025-12-04T18:00:00Z,2025-12-05T18:00:00Z,24.0,0.1433333333333333,0.42054333685466655,0.4825803110075515
turbine_1,2025-12-04T18:00:00Z,2025-12-05T19:00:00Z,25.0,0.0116666666666666,0.36030411195066847,0.30611980761137136
turbine_1,2025-12-04T18:00:00Z,2025-12-05T20:00:00Z,26.0,0.01,0.2898406494528829,0.26506130939239353
turbine_1,2025-12-04T18:00:00Z,2025-12-05T21:00:00Z,27.0,0.0116666666666666,0.19228944166289996,0.19002870153452928
turbine_1,2025-12-04T18:00:00Z,2025-12-05T22:00:00Z,28.0,0.0083333333333333,0.05179128302496924,0.07011035908725093
turbine_1,2025-12-04T18:00:00Z,2025-12-05T23:00:00Z,29.0,0.01,0.021643010656263978,0.04193595852593476
turbine_1,2025-12-04T18:00:00Z,2025-12-06T00:00:00Z,30.0,0.01,0.01240201147051051,0.016996457755913602
turbine_1,2025-12-04T18:00:00Z,2025-12-06T01:00:00Z,31.0,0.0216666666666666,0.01157989680484045,0.016874236358266237
turbine_1,2025-12-04T18:00:00Z,2025-12-06T02:00:00Z,32.0,0.0216666666666666,0.013833682946182535,0.023213086652731973
turbine_1,2025-12-04T18:00:00Z,2025-12-06T03:00:00Z,33.0,0.17,0.0166267756642412,0.02014432442078809
turbine_1,2025-12-04T18:00:00Z,2025-12-06T04:00:00Z,34.0,0.185,0.026443152925719804,0.030485607170158968
turbine_1,2025-12-04T18:00:00Z,2025-12-06T05:00:00Z,35.0,0.1066666666666666,0.04293045662908834,0.055241982906180515
turbine_1,2025-12-04T18:00:00Z,2025-12-06T06:00:00Z,36.0,0.1083333333333333,0.13457935760433545,0.12945556477373915
turbine_1,2025-12-04T18:00:00Z,2025-12-06T07:00:00Z,37.0,0.73,0.20317384626945878,0.16536297502957936
turbine_1,2025-12-04T18:00:00Z,2025-12-06T08:00:00Z,38.0,0.6533333333333333,0.28543366979446394,0.3431477816423789
turbine_1,2025-12-04T18:00:00Z,2025-12-06T09:00:00Z,39.0,0.5716666666666667,0.3805913431417609,0.40547878051770453
turbine_1,2025-12-04T18:00:00Z,2025-12-06T10:00:00Z,40.0,0.4083333333333334,0.38290807178310293,0.3791879175252806
turbine_1,2025-12-04T18:00:00Z,2025-12-06T11:00:00Z,41.0,0.3233333333333333,0.3859655497196425,0.37272209340942675
turbine_1,2025-12-04T18:00:00Z,2025-12-06T12:00:00Z,42.0,0.0933333333333333,0.5504465045012314,0.5150253858642022
turbine_1,2025-12-04T18:00:00Z,2025-12-06T13:00:00Z,43.0,0.01,0.6302759029936016,0.6206207550874383
turbine_1,2025-12-04T18:00:00Z,2025-12-06T14:00:00Z,44.0,0.01,0.6879456808249825,0.6560744953401885
turbine_1,2025-12-04T18:00:00Z,2025-12-06T15:00:00Z,45.0,0.01,0.7138719462852545,0.6816540455981568
turbine_1,2025-12-04T18:00:00Z,2025-12-06T16:00:00Z,46.0,0.01,0.6968199258927967,0.6775785380558634
turbine_1,2025-12-04T18:00:00Z,2025-12-06T17:00:00Z,47.0,0.0499999999999999,0.6924401610170958,0.666604021898233
turbine_1,2025-12-04T18:00:00Z,2025-12-06T18:00:00Z,48.0,0.09,0.680427529607339,0.6586144233534532
turbine_1,2025-12-05T18:00:00Z,2025-12-05T19:00:00Z,1.0,0.0116666666666666,0.18352662023329983,0.1825970203267852
turbine_1,2025-12-05T18:00:00Z,2025-12-05T20:00:00Z,2.0,0.01,0.08230626648742059,0.09278074824116239
turbine_1,2025-12-05T18:00:00Z,2025-12-05T21:00:00Z,3.0,0.0116666666666666,0.07502756079274574,0.07246452676936967
turbine_1,2025-12-05T18:00:00Z,2025-12-05T22:00:00Z,4.0,0.0083333333333333,0.03355153938005195,0.04404507741776209
turbine_1,2025-12-05T18:00:00Z,2025-12-05T23:00:00Z,5.0,0.01,0.012795397684824794,0.01607618846792966
turbine_1,2025-12-05T18:00:00Z,2025-12-06T00:00:00Z,6.0,0.01,0.01661724897339828,0.015902029134055945
turbine_1,2025-12-05T18:00:00Z,2025-12-06T01:00:00Z,7.0,0.0216666666666666,0.026257695131288755,0.02045339501378557
turbine_1,2025-12-05T18:00:00Z,2025-12-06T02:00:00Z,8.0,0.0216666666666666,0.03184826819110215,0.02649338042690405
turbine_1,2025-12-05T18:00:00Z,2025-12-06T03:00:00Z,9.0,0.17,0.03635500271419331,0.02719518876789745
turbine_1,2025-12-05T18:00:00Z,2025-12-06T04:00:00Z,10.0,0.185,0.04066407012968137,0.034420772430721974
turbine_1,2025-12-05T18:00:00Z,2025-12-06T05:00:00Z,11.0,0.1066666666666666,0.05358615737495609,0.06991270912953096
turbine_1,2025-12-05T18:00:00Z,2025-12-06T06:00:00Z,12.0,0.1083333333333333,0.12869670910605235,0.12900980196368472
turbine_1,2025-12-05T18:00:00Z,2025-12-06T07:00:00Z,13.0,0.73,0.20378196855745673,0.15870959012449787
turbine_1,2025-12-05T18:00:00Z,2025-12-06T08:00:00Z,14.0,0.6533333333333333,0.2537017246740035,0.2259783939367574
turbine_1,2025-12-05T18:00:00Z,2025-12-06T09:00:00Z,15.0,0.5716666666666667,0.3209140434430981,0.28076529316703036
turbine_1,2025-12-05T18:00:00Z,2025-12-06T10:00:00Z,16.0,0.4083333333333334,0.3305776002196822,0.2751660822106111
turbine_1,2025-12-05T18:00:00Z,2025-12-06T11:00:00Z,17.0,0.3233333333333333,0.38246659601679844,0.34401021731877357
turbine_1,2025-12-05T18:00:00Z,2025-12-06T12:00:00Z,18.0,0.0933333333333333,0.5568364601208045,0.5610699758873665
turbine_1,2025-12-05T18:00:00Z,2025-12-06T13:00:00Z,19.0,0.01,0.5643212211884765,0.5674136278649693
turbine_1,2025-12-05T18:00:00Z,2025-12-06T14:00:00Z,20.0,0.01,0.541582648732704,0.5027547749113311
turbine_1,2025-12-05T18:00:00Z,2025-12-06T15:00:00Z,21.0,0.01,0.33642748854660665,0.378763818381736
turbine_1,2025-12-05T18:00:00Z,2025-12-06T16:00:00Z,22.0,0.01,0.33418882065215505,0.3546503008698433
turbine_1,2025-12-05T18:00:00Z,2025-12-06T17:00:00Z,23.0,0.0499999999999999,0.4434040215226329,0.4410743703235235
turbine_1,2025-12-05T18:00:00Z,2025-12-06T18:00:00Z,24.0,0.09,0.4804771614790122,0.4783910754453211
turbine_1,2025-12-05T18:00:00Z,2025-12-06T19:00:00Z,25.0,0.1083333333333333,0.5248331431220407,0.4611693586151132
turbine_1,2025-12-05T18:00:00Z,2025-12-06T20:00:00Z,26.0,0.1416666666666666,0.4732886263675061,0.4178801077941841
turbine_1,2025-12-05T18:00:00Z,2025-12-06T21:00:00Z,27.0,0.13,0.4629664338907651,0.4124964599967482
turbine_1,2025-12-05T18:00:00Z,2025-12-06T22:00:00Z,28.0,0.2233333333333333,0.4003694192157997,0.35019810527270856
turbine_1,2025-12-05T18:00:00Z,2025-12-06T23:00:00Z,29.0,0.2933333333333333,0.43784061988082956,0.38937606172318673
turbine_1,2025-12-05T18:00:00Z,2025-12-07T00:00:00Z,30.0,0.4316666666666666,0.3584751722243712,0.3536108890780762
turbine_1,2025-12-05T18:00:00Z,2025-12-07T01:00:00Z,31.0,0.445,0.31766018088545706,0.3110416197075904
turbine_1,2025-12-05T18:00:00Z,2025-12-07T02:00:00Z,32.0,0.5066666666666667,0.14709445212578304,0.20112078807988912
turbine_1,2025-12-05T18:00:00Z,2025-12-07T03:00:00Z,33.0,0.1016666666666666,0.13483002811108075,0.1590223284555419
turbine_1,2025-12-05T18:00:00Z,2025-12-07T04:00:00Z,34.0,0.03,0.13870586261709827,0.11616655302803892
turbine_1,2025-12-05T18:00:00Z,2025-12-07T05:00:00Z,35.0,0.055,0.15568651683644114,0.10930089114666461
turbine_1,2025-12-05T18:00:00Z,2025-12-07T06:00:00Z,36.0,0.01,0.10811113198191005,0.12327162080027114
turbine_1,2025-12-05T18:00:00Z,2025-12-07T07:00:00Z,37.0,0.01,0.14914389978440956,0.153392608448156
turbine_1,2025-12-05T18:00:00Z,2025-12-07T08:00:00Z,38.0,0.0116666666666666,0.13608659697609793,0.1664928442083394
turbine_1,2025-12-05T18:00:00Z,2025-12-07T09:00:00Z,39.0,0.0116666666666666,0.08905170658569324,0.11538640446473349
turbine_1,2025-12-05T18:00:00Z,2025-12-07T10:00:00Z,40.0,0.01,0.08316693167421377,0.07663706285389979
turbine_1,2025-12-05T18:00:00Z,2025-12-07T11:00:00Z,41.0,0.0233333333333333,0.05267136211569845,0.05597038896300291
turbine_1,2025-12-05T18:00:00Z,2025-12-07T12:00:00Z,42.0,0.0166666666666666,0.036934857982108826,0.0442761933409235
turbine_1,2025-12-05T18:00:00Z,2025-12-07T13:00:00Z,43.0,0.075,0.04069362747974764,0.045530921316283196
turbine_1,2025-12-05T18:00:00Z,2025-12-07T14:00:00Z,44.0,0.0166666666666666,0.04541550480838008,0.051774107001451686
turbine_1,2025-12-05T18:00:00Z,2025-12-07T15:00:00Z,45.0,0.0116666666666666,0.05194632124651588,0.057038145963566406
turbine_1,2025-12-05T18:00:00Z,2025-12-07T16:00:00Z,46.0,0.0883333333333333,0.05981763604913365,0.07099332321162671
turbine_1,2025-12-05T18:00:00Z,2025-12-07T17:00:00Z,47.0,0.0166666666666666,0.06991545838712958,0.06807925664075765
turbine_1,2025-12-05T18:00:00Z,2025-12-07T18:00:00Z,48.0,0.01,0.07719773579124271,0.07017400626254941
turbine_1,2025-12-06T18:00:00Z,2025-12-06T19:00:00Z,1.0,0.1083333333333333,0.49441741610515055,0.421945358503077
turbine_1,2025-12-06T18:00:00Z,2025-12-06T20:00:00Z,2.0,0.1416666666666666,0.44094832972563425,0.3514314828254964
turbine_1,2025-12-06T18:00:00Z,2025-12-06T21:00:00Z,3.0,0.13,0.42448757600363707,0.38284743054405834
turbine_1,2025-12-06T18:00:00Z,2025-12-06T22:00:00Z,4.0,0.2233333333333333,0.4664330839594938,0.38745592169625387
turbine_1,2025-12-06T18:00:00Z,2025-12-06T23:00:00Z,5.0,0.2933333333333333,0.4730328889449211,0.4318286572925663
turbine_1,2025-12-06T18:00:00Z,2025-12-07T00:00:00Z,6.0,0.4316666666666666,0.5494959146499097,0.5055760218453169
turbine_1,2025-12-06T18:00:00Z,2025-12-07T01:00:00Z,7.0,0.445,0.5694653907988723,0.537370735401666
turbine_1,2025-12-06T18:00:00Z,2025-12-07T02:00:00Z,8.0,0.5066666666666667,0.5640298208599304,0.5560493769786494
turbine_1,2025-12-06T18:00:00Z,2025-12-07T03:00:00Z,9.0,0.1016666666666666,0.62484119479872,0.6214042533213289
turbine_1,2025-12-06T18:00:00Z,2025-12-07T04:00:00Z,10.0,0.03,0.6450395585379477,0.6640150361880127
turbine_1,2025-12-06T18:00:00Z,2025-12-07T05:00:00Z,11.0,0.055,0.6376107970418692,0.6761209283705347
turbine_1,2025-12-06T18:00:00Z,2025-12-07T06:00:00Z,12.0,0.01,0.5724812854292182,0.6075681000152521
turbine_1,2025-12-06T18:00:00Z,2025-12-07T07:00:00Z,13.0,0.01,0.5602026322227203,0.5971075284533621
turbine_1,2025-12-06T18:00:00Z,2025-12-07T08:00:00Z,14.0,0.0116666666666666,0.5609847815427358,0.6290557197296419
turbine_1,2025-12-06T18:00:00Z,2025-12-07T09:00:00Z,15.0,0.0116666666666666,0.31546076402678613,0.2857013693196662
turbine_1,2025-12-06T18:00:00Z,2025-12-07T10:00:00Z,16.0,0.01,0.20778092259417985,0.2130473773667863
turbine_1,2025-12-06T18:00:00Z,2025-12-07T11:00:00Z,17.0,0.0233333333333333,0.13369929383095253,0.14988783683032295
turbine_1,2025-12-06T18:00:00Z,2025-12-07T12:00:00Z,18.0,0.0166666666666666,0.08165724246711345,0.07396679063160952
turbine_1,2025-12-06T18:00:00Z,2025-12-07T13:00:00Z,19.0,0.075,0.06510661911302124,0.05806735096014762
turbine_1,2025-12-06T18:00:00Z,2025-12-07T14:00:00Z,20.0,0.0166666666666666,0.07780894866160908,0.06620512078177701
turbine_1,2025-12-06T18:00:00Z,2025-12-07T15:00:00Z,21.0,0.0116666666666666,0.049204819865021676,0.04113225925538161
turbine_1,2025-12-06T18:00:00Z,2025-12-07T16:00:00Z,22.0,0.0883333333333333,0.04187971824012532,0.03848215699821414
turbine_1,2025-12-06T18:00:00Z,2025-12-07T17:00:00Z,23.0,0.0166666666666666,0.0610385632176067,0.05618123298749689
turbine_1,2025-12-06T18:00:00Z,2025-12-07T18:00:00Z,24.0,0.01,0.07649167402494893,0.072804702821747
turbine_1,2025-12-06T18:00:00Z,2025-12-07T19:00:00Z,25.0,0.01,0.07227357855497163,0.08303466606415474
turbine_1,2025-12-06T18:00:00Z,2025-12-07T20:00:00Z,26.0,0.01,0.06064085488213361,0.0724449051431014
turbine_1,2025-12-06T18:00:00Z,2025-12-07T21:00:00Z,27.0,0.01,0.10283734086454396,0.08010365631699448
turbine_1,2025-12-06T18:00:00Z,2025-12-07T22:00:00Z,28.0,0.0499999999999999,0.09600572753315734,0.09115750647390854
turbine_1,2025-12-06T18:00:00Z,2025-12-07T23:00:00Z,29.0,0.2383333333333333,0.0772057228705141,0.08351113592842523
turbine_1,2025-12-06T18:00:00Z,2025-12-08T00:00:00Z,30.0,0.1566666666666666,0.40368004303885474,0.3647416540494344
turbine_1,2025-12-06T18:00:00Z,2025-12-08T01:00:00Z,31.0,0.6266666666666666,0.32349831430896253,0.27442122906784705
turbine_1,2025-12-06T18:00:00Z,2025-12-08T02:00:00Z,32.0,0.62,0.5302662526842372,0.5020138081636141
turbine_1,2025-12-06T18:00:00Z,2025-12-08T03:00:00Z,33.0,0.435,0.7256150547714423,0.7715818129786749
turbine_1,2025-12-06T18:00:00Z,2025-12-08T04:00:00Z,34.0,0.34,0.6431477433013932,0.7040847805484257
turbine_1,2025-12-06T18:00:00Z,2025-12-08T05:00:00Z,35.0,0.1783333333333333,0.6786797285312167,0.7120715558657175
turbine_1,2025-12-06T18:00:00Z,2025-12-08T06:00:00Z,36.0,0.0116666666666666,0.5965294013625506,0.6017823200364482
turbine_1,2025-12-06T18:00:00Z,2025-12-08T07:00:00Z,37.0,0.0133333333333333,0.37131578775959584,0.40911683780686847
turbine_1,2025-12-06T18:00:00Z,2025-12-08T08:00:00Z,38.0,0.01,0.19179134116307292,0.20216600230969894
turbine_1,2025-12-06T18:00:00Z,2025-12-08T09:00:00Z,39.0,0.0416666666666666,0.10593644683695479,0.12370925769677028
turbine_1,2025-12-06T18:00:00Z,2025-12-08T10:00:00Z,40.0,0.4133333333333333,0.03872910994812706,0.0345116585791192
turbine_1,2025-12-06T18:00:00Z,2025-12-08T11:00:00Z,41.0,0.5133333333333333,0.1393698465390832,0.13527301326450997
turbine_1,2025-12-06T18:00:00Z,2025-12-08T12:00:00Z,42.0,0.3083333333333333,0.3081294016148924,0.30370536321405983
turbine_1,2025-12-06T18:00:00Z,2025-12-08T13:00:00Z,43.0,0.7000000000000001,0.7067217038145566,0.6259547795467647
turbine_1,2025-12-06T18:00:00Z,2025-12-08T14:00:00Z,44.0,0.9333333333333332,0.9593281016973148,0.9052572328353321
turbine_1,2025-12-06T18:00:00Z,2025-12-08T15:00:00Z,45.0,0.955,0.949619928468579,0.9106572392994561
turbine_1,2025-12-06T18:00:00Z,2025-12-08T16:00:00Z,46.0,0.975,0.9323575967218766,0.8820829472411282
turbine_1,2025-12-06T18:00:00Z,2025-12-08T17:00:00Z,47.0,0.8649999999999999,0.9267606337413681,0.875061485365499
turbine_1,2025-12-06T18:00:00Z,2025-12-08T18:00:00Z,48.0,0.955,0.9169661626190793,0.8010793653808725
turbine_1,2025-12-07T18:00:00Z,2025-12-07T19:00:00Z,1.0,0.01,0.24866096717678773,0.21356669929904468
turbine_1,2025-12-07T18:00:00Z,2025-12-07T20:00:00Z,2.0,0.01,0.2211905440450473,0.21072936635643638
turbine_1,2025-12-07T18:00:00Z,2025-12-07T21:00:00Z,3.0,0.01,0.3139627849614129,0.29823463686443646
turbine_1,2025-12-07T18:00:00Z,2025-12-07T22:00:00Z,4.0,0.0499999999999999,0.48034434818401217,0.42487276039433913
turbine_1,2025-12-07T18:00:00Z,2025-12-07T23:00:00Z,5.0,0.2383333333333333,0.43546971308458426,0.3788473911940507
turbine_1,2025-12-07T18:00:00Z,2025-12-08T00:00:00Z,6.0,0.1566666666666666,0.46758211617462475,0.4152898191974715
turbine_1,2025-12-07T18:00:00Z,2025-12-08T01:00:00Z,7.0,0.6266666666666666,0.6210415336736219,0.6373673679907682
turbine_1,2025-12-07T18:00:00Z,2025-12-08T02:00:00Z,8.0,0.62,0.5496958283695309,0.5671239321681945
turbine_1,2025-12-07T18:00:00Z,2025-12-08T03:00:00Z,9.0,0.435,0.6122051239817774,0.6160265191101164
turbine_1,2025-12-07T18:00:00Z,2025-12-08T04:00:00Z,10.0,0.34,0.7361527694046979,0.7835263553195099
turbine_1,2025-12-07T18:00:00Z,2025-12-08T05:00:00Z,11.0,0.1783333333333333,0.7089457866821348,0.699172683535059
turbine_1,2025-12-07T18:00:00Z,2025-12-08T06:00:00Z,12.0,0.0116666666666666,0.30507578369034005,0.3050337628604988
turbine_1,2025-12-07T18:00:00Z,2025-12-08T07:00:00Z,13.0,0.0133333333333333,0.18600931431430556,0.1563903360089593
turbine_1,2025-12-07T18:00:00Z,2025-12-08T08:00:00Z,14.0,0.01,0.07565508851546486,0.07014070535052942
turbine_1,2025-12-07T18:00:00Z,2025-12-08T09:00:00Z,15.0,0.0416666666666666,0.040122642740800574,0.036188213007020714
turbine_1,2025-12-07T18:00:00Z,2025-12-08T10:00:00Z,16.0,0.4133333333333333,0.1571720096627808,0.1925658662465472
turbine_1,2025-12-07T18:00:00Z,2025-12-08T11:00:00Z,17.0,0.5133333333333333,0.589036706964562,0.6134859517368606
turbine_1,2025-12-07T18:00:00Z,2025-12-08T12:00:00Z,18.0,0.3083333333333333,0.9570521905967201,0.9343751711817192
turbine_1,2025-12-07T18:00:00Z,2025-12-08T13:00:00Z,19.0,0.7000000000000001,0.9499411856809089,0.923390927574218
turbine_1,2025-12-07T18:00:00Z,2025-12-08T14:00:00Z,20.0,0.9333333333333332,0.9421028977309622,0.9130640684873217
turbine_1,2025-12-07T18:00:00Z,2025-12-08T15:00:00Z,21.0,0.955,0.936409131334376,0.9214630745769121
turbine_1,2025-12-07T18:00:00Z,2025-12-08T16:00:00Z,22.0,0.975,0.8970326150562189,0.8629593068025558
turbine_1,2025-12-07T18:00:00Z,2025-12-08T17:00:00Z,23.0,0.8649999999999999,0.9298030522964256,0.925375548741745
turbine_1,2025-12-07T18:00:00Z,2025-12-08T18:00:00Z,24.0,0.955,0.9543793574690372,0.925290830836627
turbine_1,2025-12-07T18:00:00Z,2025-12-08T19:00:00Z,25.0,0.775,0.9148884819481968,0.8788644056974249
turbine_1,2025-12-07T18:00:00Z,2025-12-08T20:00:00Z,26.0,0.2799999999999999,0.7132062196942697,0.6909127817151082
turbine_1,2025-12-07T18:00:00Z,2025-12-08T21:00:00Z,27.0,0.1483333333333333,0.4919185515457108,0.5587348961812919
turbine_1,2025-12-07T18:00:00Z,2025-12-08T22:00:00Z,28.0,0.1216666666666666,0.3830288799515876,0.3791385013668582
turbine_1,2025-12-07T18:00:00Z,2025-12-08T23:00:00Z,29.0,0.0716666666666666,0.24025370811064917,0.21105506643300578
turbine_1,2025-12-07T18:00:00Z,2025-12-09T00:00:00Z,30.0,0.0266666666666666,0.1153040952587484,0.12303794123453816
turbine_1,2025-12-07T18:00:00Z,2025-12-09T01:00:00Z,31.0,0.01,0.06218144528831898,0.059354226641740726
turbine_1,2025-12-07T18:00:00Z,2025-12-09T02:00:00Z,32.0,0.01,0.04030901261873254,0.03859058739593199
turbine_1,2025-12-07T18:00:00Z,2025-12-09T03:00:00Z,33.0,0.01,0.02068680939862666,0.03181516241908505
turbine_1,2025-12-07T18:00:00Z,2025-12-09T04:00:00Z,34.0,0.1766666666666666,0.012913158461026197,0.018220331373625054
turbine_1,2025-12-07T18:00:00Z,2025-12-09T05:00:00Z,35.0,0.8283333333333333,0.040638881753575995,0.04906289726638144
turbine_1,2025-12-07T18:00:00Z,2025-12-09T06:00:00Z,36.0,0.915,0.16822350700223712,0.15143839437993423
turbine_1,2025-12-07T18:00:00Z,2025-12-09T07:00:00Z,37.0,0.9866666666666668,0.7938018454570668,0.8339363195760559
turbine_1,2025-12-07T18:00:00Z,2025-12-09T08:00:00Z,38.0,0.9866666666666668,0.9834498822991792,0.9666392682126097
turbine_1,2025-12-07T18:00:00Z,2025-12-09T09:00:00Z,39.0,0.9883333333333332,0.9999295498674554,0.9668854372154223
turbine_1,2025-12-07T18:00:00Z,2025-12-09T10:00:00Z,40.0,0.98,0.9487980440927913,0.9436292311063721
turbine_1,2025-12-07T18:00:00Z,2025-12-09T11:00:00Z,41.0,0.9316666666666666,0.8053505544042371,0.8085145861333154
turbine_1,2025-12-07T18:00:00Z,2025-12-09T12:00:00Z,42.0,0.9416666666666668,0.6280051853959593,0.6526818585352756
turbine_1,2025-12-07T18:00:00Z,2025-12-09T13:00:00Z,43.0,0.8849999999999999,0.43405604545115906,0.43523313578895406
turbine_1,2025-12-07T18:00:00Z,2025-12-09T14:00:00Z,44.0,0.935,0.27483412906669896,0.23598625810450996
turbine_1,2025-12-07T18:00:00Z,2025-12-09T15:00:00Z,45.0,0.815,0.09489525053796291,0.10281888783747338
turbine_1,2025-12-07T18:00:00Z,2025-12-09T16:00:00Z,46.0,0.5316666666666666,0.0854755247718223,0.07787766691935194
turbine_1,2025-12-07T18:00:00Z,2025-12-09T17:00:00Z,47.0,0.165,0.038171120062396535,0.04890347411074225
turbine_1,2025-12-07T18:00:00Z,2025-12-09T18:00:00Z,48.0,0.0483333333333333,0.03304133912114815,0.04511577791302446
turbine_1,2025-12-08T18:00:00Z,2025-12-08T19:00:00Z,1.0,0.775,0.764738669035725,0.7929131311990771
turbine_1,2025-12-08T18:00:00Z,2025-12-08T20:00:00Z,2.0,0.2799999999999999,0.6979814647167327,0.708033246259138
turbine_1,2025-12-08T18:00:00Z,2025-12-08T21:00:00Z,3.0,0.1483333333333333,0.37213336273987446,0.31976481430494014
turbine_1,2025-12-08T18:00:00Z,2025-12-08T22:00:00Z,4.0,0.1216666666666666,0.18994568787940194,0.18818341569842206
turbine_1,2025-12-08T18:00:00Z,2025-12-08T23:00:00Z,5.0,0.0716666666666666,0.06996044233189885,0.07697393924007331
turbine_1,2025-12-08T18:00:00Z,2025-12-09T00:00:00Z,6.0,0.0266666666666666,0.033262986143949014,0.03518147348193046
turbine_1,2025-12-08T18:00:00Z,2025-12-09T01:00:00Z,7.0,0.01,0.014825599751334961,0.03203915700412932
turbine_1,2025-12-08T18:00:00Z,2025-12-09T02:00:00Z,8.0,0.01,0.018321150837998013,0.017589777908587262
turbine_1,2025-12-08T18:00:00Z,2025-12-09T03:00:00Z,9.0,0.01,0.03153688334745633,0.02719282096412337
turbine_1,2025-12-08T18:00:00Z,2025-12-09T04:00:00Z,10.0,0.1766666666666666,0.11421830907329046,0.08764956583230707
turbine_1,2025-12-08T18:00:00Z,2025-12-09T05:00:00Z,11.0,0.8283333333333333,0.4666825933950993,0.4768229977146739
turbine_1,2025-12-08T18:00:00Z,2025-12-09T06:00:00Z,12.0,0.915,0.9799530071919377,0.9507268286706243
turbine_1,2025-12-08T18:00:00Z,2025-12-09T07:00:00Z,13.0,0.9866666666666668,0.9827180332319544,0.9579060225656542
turbine_1,2025-12-08T18:00:00Z,2025-12-09T08:00:00Z,14.0,0.9866666666666668,0.9865449610551839,0.9651486590843719
turbine_1,2025-12-08T18:00:00Z,2025-12-09T09:00:00Z,15.0,0.9883333333333332,0.9805201277177592,0.9501247322717512
turbine_1,2025-12-08T18:00:00Z,2025-12-09T10:00:00Z,16.0,0.98,0.8656876888430549,0.8461223802345844
turbine_1,2025-12-08T18:00:00Z,2025-12-09T11:00:00Z,17.0,0.9316666666666666,0.6504814818955595,0.6491524889902968
turbine_1,2025-12-08T18:00:00Z,2025-12-09T12:00:00Z,18.0,0.9416666666666668,0.4739411429348317,0.50707646183428
turbine_1,2025-12-08T18:00:00Z,2025-12-09T13:00:00Z,19.0,0.8849999999999999,0.2947808871610806,0.26957188240021124
turbine_1,2025-12-08T18:00:00Z,2025-12-09T14:00:00Z,20.0,0.935,0.14945228949170034,0.16186094874865437
turbine_1,2025-12-08T18:00:00Z,2025-12-09T15:00:00Z,21.0,0.815,0.13442814098062972,0.11721382273620151
turbine_1,2025-12-08T18:00:00Z,2025-12-09T16:00:00Z,22.0,0.5316666666666666,0.07333368508729315,0.06131154258682989
turbine_1,2025-12-08T18:00:00Z,2025-12-09T17:00:00Z,23.0,0.165,0.03814671136627912,0.0409067634479387
turbine_1,2025-12-08T18:00:00Z,2025-12-09T18:00:00Z,24.0,0.0483333333333333,0.03174559626692186,0.027179846156362625
turbine_1,2025-12-08T18:00:00Z,2025-12-09T19:00:00Z,25.0,0.3483333333333333,0.08481433807432152,0.07397407490257005
turbine_1,2025-12-08T18:00:00Z,2025-12-09T20:00:00Z,26.0,0.6333333333333333,0.15050283955413912,0.15388657559100363
turbine_1,2025-12-08T18:00:00Z,2025-12-09T21:00:00Z,27.0,0.7716666666666666,0.26861305314505385,0.23870801917397966
turbine_1,2025-12-08T18:00:00Z,2025-12-09T22:00:00Z,28.0,0.9483333333333333,0.43027877971520007,0.43053175422627366
turbine_1,2025-12-08T18:00:00Z,2025-12-09T23:00:00Z,29.0,0.99,0.6724140898176079,0.6673969496954921
turbine_1,2025-12-08T18:00:00Z,2025-12-10T00:00:00Z,30.0,0.9816666666666666,0.5685818108810847,0.6189445576685774
turbine_1,2025-12-08T18:00:00Z,2025-12-10T01:00:00Z,31.0,0.975,0.7234838877800968,0.7015987952673849
turbine_1,2025-12-08T18:00:00Z,2025-12-10T02:00:00Z,32.0,0.99,0.8653263175586737,0.8605315100049781
turbine_1,2025-12-08T18:00:00Z,2025-12-10T03:00:00Z,33.0,0.98,0.9720255679768431,0.9591279533700132
turbine_1,2025-12-08T18:00:00Z,2025-12-10T04:00:00Z,34.0,0.9166666666666666,0.9605654993566967,0.950160433981684
turbine_1,2025-12-08T18:00:00Z,2025-12-10T05:00:00Z,35.0,0.79,0.9860962594945197,0.950055063067613
turbine_1,2025-12-08T18:00:00Z,2025-12-10T06:00:00Z,36.0,0.915,0.9810655305895314,0.9435881541239652
turbine_1,2025-12-08T18:00:00Z,2025-12-10T07:00:00Z,37.0,0.9416666666666668,0.9347512662296209,0.9265715341477267
turbine_1,2025-12-08T18:00:00Z,2025-12-10T08:00:00Z,38.0,0.9316666666666666,0.9292954493783503,0.9260137498524461
turbine_1,2025-12-08T18:00:00Z,2025-12-10T09:00:00Z,39.0,0.9666666666666668,0.93505762642492,0.9266318763055004
turbine_1,2025-12-08T18:00:00Z,2025-12-10T10:00:00Z,40.0,0.9766666666666666,0.8034274153693315,0.8317699884739664
turbine_1,2025-12-08T18:00:00Z,2025-12-10T11:00:00Z,41.0,0.99,0.4322577031439807,0.49800190800899147
turbine_1,2025-12-08T18:00:00Z,2025-12-10T12:00:00Z,42.0,0.9866666666666668,0.38863445618902004,0.339669273845305
turbine_1,2025-12-08T18:00:00Z,2025-12-10T13:00:00Z,43.0,0.9633333333333334,0.45165352445650064,0.4267592888193931
turbine_1,2025-12-08T18:00:00Z,2025-12-10T14:00:00Z,44.0,0.99,0.7688984377030245,0.6759280855382952
turbine_1,2025-12-08T18:00:00Z,2025-12-10T15:00:00Z,45.0,0.99,0.851026372545729,0.7734533872344622
turbine_1,2025-12-08T18:00:00Z,2025-12-10T16:00:00Z,46.0,0.99,0.8801077321121994,0.8161923656951253
turbine_1,2025-12-08T18:00:00Z,2025-12-10T17:00:00Z,47.0,0.99,0.9026824799653628,0.8475771796592728
turbine_1,2025-12-08T18:00:00Z,2025-12-10T18:00:00Z,48.0,0.9816666666666666,0.8685760600936129,0.7707855568231285
turbine_1,2025-12-09T18:00:00Z,2025-12-09T19:00:00Z,1.0,0.3483333333333333,0.14461579917572487,0.120653610941001
turbine_1,2025-12-09T18:00:00Z,2025-12-09T20:00:00Z,2.0,0.6333333333333333,0.18150835478870794,0.18996127935880117
turbine_1,2025-12-09T18:00:00Z,2025-12-09T21:00:00Z,3.0,0.7716666666666666,0.4188811694280885,0.4112103224859951
turbine_1,2025-12-09T18:00:00Z,2025-12-09T22:00:00Z,4.0,0.9483333333333333,0.7256203653270925,0.7654979897388483
turbine_1,2025-12-09T18:00:00Z,2025-12-09T23:00:00Z,5.0,0.99,0.8991057830093198,0.9108512335685508
turbine_1,2025-12-09T18:00:00Z,2025-12-10T00:00:00Z,6.0,0.9816666666666666,0.9678210578317002,0.9537104501863236
turbine_1,2025-12-09T18:00:00Z,2025-12-10T01:00:00Z,7.0,0.975,0.9676957081442826,0.955516736756613
turbine_1,2025-12-09T18:00:00Z,2025-12-10T02:00:00Z,8.0,0.99,0.967998833413854,0.9575243521662345
turbine_1,2025-12-09T18:00:00Z,2025-12-10T03:00:00Z,9.0,0.98,0.9604791050305107,0.954715821283679
turbine_1,2025-12-09T18:00:00Z,2025-12-10T04:00:00Z,10.0,0.9166666666666666,0.9613822181255541,0.9445823459979138
turbine_1,2025-12-09T18:00:00Z,2025-12-10T05:00:00Z,11.0,0.79,0.9658934774619793,0.9245300847396748
turbine_1,2025-12-09T18:00:00Z,2025-12-10T06:00:00Z,12.0,0.915,0.9716699499435745,0.9400206612045686
turbine_1,2025-12-09T18:00:00Z,2025-12-10T07:00:00Z,13.0,0.9416666666666668,0.9863428250077811,0.9395199990193313
turbine_1,2025-12-09T18:00:00Z,2025-12-10T08:00:00Z,14.0,0.9316666666666666,0.9808870081565104,0.9344318228155477
turbine_1,2025-12-09T18:00:00Z,2025-12-10T09:00:00Z,15.0,0.9666666666666668,0.9528939210139074,0.9374579837182384
turbine_1,2025-12-09T18:00:00Z,2025-12-10T10:00:00Z,16.0,0.9766666666666666,0.9362923085804652,0.9291984350040678
turbine_1,2025-12-09T18:00:00Z,2025-12-10T11:00:00Z,17.0,0.99,0.929454334042223,0.9013387307271787
turbine_1,2025-12-09T18:00:00Z,2025-12-10T12:00:00Z,18.0,0.9866666666666668,0.7898444379960482,0.7666954765881262
turbine_1,2025-12-09T18:00:00Z,2025-12-10T13:00:00Z,19.0,0.9633333333333334,0.9433505390773448,0.9218293314390544
turbine_1,2025-12-09T18:00:00Z,2025-12-10T14:00:00Z,20.0,0.99,0.9428837558187756,0.9073041155046564
turbine_1,2025-12-09T18:00:00Z,2025-12-10T15:00:00Z,21.0,0.99,0.9031504378021599,0.9096640706323438
turbine_1,2025-12-09T18:00:00Z,2025-12-10T16:00:00Z,22.0,0.99,0.9042907350001245,0.9095176374461058
turbine_1,2025-12-09T18:00:00Z,2025-12-10T17:00:00Z,23.0,0.99,0.8969336752850762,0.8922560601968597
turbine_1,2025-12-09T18:00:00Z,2025-12-10T18:00:00Z,24.0,0.9816666666666666,0.8985926036866513,0.8485013104332086
turbine_1,2025-12-09T18:00:00Z,2025-12-10T19:00:00Z,25.0,0.9066666666666666,0.9052990526172492,0.8518973536504792
turbine_1,2025-12-09T18:00:00Z,2025-12-10T20:00:00Z,26.0,0.475,0.903634032254179,0.8586767436254147
turbine_1,2025-12-09T18:00:00Z,2025-12-10T21:00:00Z,27.0,0.3616666666666666,0.809689240022991,0.8371904385688524
turbine_1,2025-12-09T18:00:00Z,2025-12-10T22:00:00Z,28.0,0.0933333333333333,0.7487463569435053,0.7595518046828056
turbine_1,2025-12-09T18:00:00Z,2025-12-10T23:00:00Z,29.0,0.01,0.6034698279280679,0.6322470918778986
turbine_1,2025-12-09T18:00:00Z,2025-12-11T00:00:00Z,30.0,0.01,0.19413883835697002,0.16663131131780048
turbine_1,2025-12-09T18:00:00Z,2025-12-11T01:00:00Z,31.0,0.0333333333333333,0.061929596287425365,0.07157576619237202
turbine_1,2025-12-09T18:00:00Z,2025-12-11T02:00:00Z,32.0,0.01,0.01687009064047995,0.018970744051030497
turbine_1,2025-12-09T18:00:00Z,2025-12-11T03:00:00Z,33.0,0.1766666666666666,0.06491099799017772,0.048389699964491356
turbine_1,2025-12-09T18:00:00Z,2025-12-11T04:00:00Z,34.0,0.995,0.13594293262043006,0.11153806944117214
turbine_1,2025-12-09T18:00:00Z,2025-12-11T05:00:00Z,35.0,0.99,0.6579755391895691,0.6441674702460618
turbine_1,2025-12-09T18:00:00Z,2025-12-11T06:00:00Z,36.0,0.99,0.9479854367639169,0.9350273329944528
turbine_1,2025-12-09T18:00:00Z,2025-12-11T07:00:00Z,37.0,0.9883333333333332,0.9758949792208171,0.9608139448803292
turbine_1,2025-12-09T18:00:00Z,2025-12-11T08:00:00Z,38.0,0.99,0.9809925176692778,0.965571881929645
turbine_1,2025-12-09T18:00:00Z,2025-12-11T09:00:00Z,39.0,0.99,1.0,0.9645616482668513
turbine_1,2025-12-09T18:00:00Z,2025-12-11T10:00:00Z,40.0,0.99,1.0,0.9677332512795713
turbine_1,2025-12-09T18:00:00Z,2025-12-11T11:00:00Z,41.0,0.99,0.9995267575278276,0.9675950549335164
turbine_1,2025-12-09T18:00:00Z,2025-12-11T12:00:00Z,42.0,0.99,0.9918788209486459,0.9652749683273731
turbine_1,2025-12-09T18:00:00Z,2025-12-11T13:00:00Z,43.0,0.99,0.993189423916245,0.9671551581362741
turbine_1,2025-12-09T18:00:00Z,2025-12-11T14:00:00Z,44.0,0.99,0.9922271938975364,0.9639420070362903
turbine_1,2025-12-09T18:00:00Z,2025-12-11T15:00:00Z,45.0,0.99,0.9942224907966956,0.9631309324175423
turbine_1,2025-12-09T18:00:00Z,2025-12-11T16:00:00Z,46.0,0.99,0.9854057881731306,0.9527830189961779
turbine_1,2025-12-09T18:00:00Z,2025-12-11T17:00:00Z,47.0,0.99,0.9903518070954003,0.9411286665246703
turbine_1,2025-12-09T18:00:00Z,2025-12-11T18:00:00Z,48.0,0.99,0.9720360057980366,0.9359676940522625
turbine_1,2025-12-10T18:00:00Z,2025-12-10T19:00:00Z,1.0,0.9066666666666666,0.8915872361309158,0.8429762231515916
turbine_1,2025-12-10T18:00:00Z,2025-12-10T20:00:00Z,2.0,0.475,0.7186844147153975,0.7398853709335457
turbine_1,2025-12-10T18:00:00Z,2025-12-10T21:00:00Z,3.0,0.3616666666666666,0.4264768044921211,0.4407372360421295
turbine_1,2025-12-10T18:00:00Z,2025-12-10T22:00:00Z,4.0,0.0933333333333333,0.1776345791793647,0.157453684598289
turbine_1,2025-12-10T18:00:00Z,2025-12-10T23:00:00Z,5.0,0.01,0.02161873949320986,0.02955970607457506
turbine_1,2025-12-10T18:00:00Z,2025-12-11T00:00:00Z,6.0,0.01,0.01816075795540112,0.018447533086044965
turbine_1,2025-12-10T18:00:00Z,2025-12-11T01:00:00Z,7.0,0.0333333333333333,0.05711574962063204,0.04406296761353948
turbine_1,2025-12-10T18:00:00Z,2025-12-11T02:00:00Z,8.0,0.01,0.16342891727077813,0.13170817105535693
turbine_1,2025-12-10T18:00:00Z,2025-12-11T03:00:00Z,9.0,0.1766666666666666,0.8032281636891029,0.7853520867591961
turbine_1,2025-12-10T18:00:00Z,2025-12-11T04:00:00Z,10.0,0.995,0.9601236177694852,0.927169419031506
turbine_1,2025-12-10T18:00:00Z,2025-12-11T05:00:00Z,11.0,0.99,0.9788508109918758,0.9474554479318155
turbine_1,2025-12-10T18:00:00Z,2025-12-11T06:00:00Z,12.0,0.99,0.9744897613288082,0.9532258074381911
turbine_1,2025-12-10T18:00:00Z,2025-12-11T07:00:00Z,13.0,0.9883333333333332,0.9765763759910173,0.9557135440621993
turbine_1,2025-12-10T18:00:00Z,2025-12-11T08:00:00Z,14.0,0.99,0.9809925176692778,0.96388895651944
turbine_1,2025-12-10T18:00:00Z,2025-12-11T09:00:00Z,15.0,0.99,1.0,0.9670667397886266
turbine_1,2025-12-10T18:00:00Z,2025-12-11T10:00:00Z,16.0,0.99,1.0,0.9709299406573701
turbine_1,2025-12-10T18:00:00Z,2025-12-11T11:00:00Z,17.0,0.99,0.9991376662706117,0.9711619658135695
turbine_1,2025-12-10T18:00:00Z,2025-12-11T12:00:00Z,18.0,0.99,0.989869504431467,0.9718355109504635
turbine_1,2025-12-10T18:00:00Z,2025-12-11T13:00:00Z,19.0,0.99,0.9918557559065516,0.969852522689397
turbine_1,2025-12-10T18:00:00Z,2025-12-11T14:00:00Z,20.0,0.99,0.9922271938975364,0.9657391388921399
turbine_1,2025-12-10T18:00:00Z,2025-12-11T15:00:00Z,21.0,0.99,0.9942224907966956,0.965250229755388
turbine_1,2025-12-10T18:00:00Z,2025-12-11T16:00:00Z,22.0,0.99,0.9854057881731306,0.9548347599841103
turbine_1,2025-12-10T18:00:00Z,2025-12-11T17:00:00Z,23.0,0.99,0.9903518070954003,0.9432504645753317
turbine_1,2025-12-10T18:00:00Z,2025-12-11T18:00:00Z,24.0,0.99,0.9720360057980366,0.9380894921029241
turbine_1,2025-12-10T18:00:00Z,2025-12-11T19:00:00Z,25.0,0.99,0.9735378090602229,0.9364447601188914
turbine_1,2025-12-10T18:00:00Z,2025-12-11T20:00:00Z,26.0,0.99,0.9652736980012263,0.9292730683623083
turbine_1,2025-12-10T18:00:00Z,2025-12-11T21:00:00Z,27.0,0.99,0.9687448781045161,0.9347840305465822
turbine_1,2025-12-10T18:00:00Z,2025-12-11T22:00:00Z,28.0,0.99,0.949878309671521,0.9269851536232344
turbine_1,2025-12-10T18:00:00Z,2025-12-11T23:00:00Z,29.0,0.99,0.951954996807466,0.9310508101943472
turbine_1,2025-12-10T18:00:00Z,2025-12-12T00:00:00Z,30.0,0.99,0.9495258057481565,0.9302363359875079
turbine_1,2025-12-10T18:00:00Z,2025-12-12T01:00:00Z,31.0,0.99,0.9500573953684426,0.9279707961237769
turbine_1,2025-12-10T18:00:00Z,2025-12-12T04:00:00Z,34.0,0.99,0.9603042879342581,0.9374737112416012
turbine_1,2025-12-10T18:00:00Z,2025-12-12T05:00:00Z,35.0,0.99,0.9788508109918758,0.9524324921719687
turbine_1,2025-12-10T18:00:00Z,2025-12-12T06:00:00Z,36.0,0.99,0.9749648164549097,0.9589199958982833
turbine_1,2025-12-10T18:00:00Z,2025-12-12T07:00:00Z,37.0,0.99,0.9770514311171189,0.9612717811851317
turbine_1,2025-12-10T18:00:00Z,2025-12-12T08:00:00Z,38.0,0.99,0.9821489695655795,0.9660297182344475
turbine_1,2025-12-10T18:00:00Z,2025-12-12T09:00:00Z,39.0,0.99,1.0,0.9650194845716538
turbine_1,2025-12-10T18:00:00Z,2025-12-12T10:00:00Z,40.0,0.9883333333333332,1.0,0.9690185249070922
turbine_1,2025-12-10T18:00:00Z,2025-12-12T11:00:00Z,41.0,0.99,1.0,0.966462206547039
turbine_1,2025-12-10T18:00:00Z,2025-12-12T12:00:00Z,42.0,0.99,0.9965394862939735,0.9657328046321756
turbine_1,2025-12-10T18:00:00Z,2025-12-12T13:00:00Z,43.0,0.99,0.997171677883765,0.9676689046397073
turbine_1,2025-12-10T18:00:00Z,2025-12-12T15:00:00Z,45.0,0.99,0.9985586724935529,0.9626014628052153
turbine_1,2025-12-10T18:00:00Z,2025-12-12T16:00:00Z,46.0,0.99,0.9855888741712358,0.9507265602262112
turbine_1,2025-12-10T18:00:00Z,2025-12-12T17:00:00Z,47.0,0.99,0.9898209818028314,0.9405991969123433
turbine_1,2025-12-10T18:00:00Z,2025-12-12T18:00:00Z,48.0,0.99,0.9718326495463305,0.9355685355386978
turbine_1,2025-12-11T18:00:00Z,2025-12-11T19:00:00Z,1.0,0.99,0.9740128641863245,0.929516821253646
turbine_1,2025-12-11T18:00:00Z,2025-12-11T20:00:00Z,2.0,0.99,0.9652736980012263,0.9248152947466897
turbine_1,2025-12-11T18:00:00Z,2025-12-11T21:00:00Z,3.0,0.99,0.9687448781045161,0.9319492330711279
turbine_1,2025-12-11T18:00:00Z,2025-12-11T22:00:00Z,4.0,0.99,0.949878309671521,0.9242189729760588
turbine_1,2025-12-11T18:00:00Z,2025-12-11T23:00:00Z,5.0,0.99,0.951954996807466,0.9275599879944098
turbine_1,2025-12-11T18:00:00Z,2025-12-12T00:00:00Z,6.0,0.99,0.9495258057481565,0.9264478994582087
turbine_1,2025-12-11T18:00:00Z,2025-12-12T01:00:00Z,7.0,0.99,0.9500573953684426,0.9279599284836436
turbine_1,2025-12-11T18:00:00Z,2025-12-12T04:00:00Z,10.0,0.99,0.9603042879342581,0.9331794454191519
turbine_1,2025-12-11T18:00:00Z,2025-12-12T05:00:00Z,11.0,0.99,0.9788508109918758,0.9474554479318155
turbine_1,2025-12-11T18:00:00Z,2025-12-12T06:00:00Z,12.0,0.99,0.9749648164549097,0.9536836437429935
turbine_1,2025-12-11T18:00:00Z,2025-12-12T07:00:00Z,13.0,0.99,0.9770514311171189,0.9561713803670018
turbine_1,2025-12-11T18:00:00Z,2025-12-12T08:00:00Z,14.0,0.99,0.9821489695655795,0.9643467928242424
turbine_1,2025-12-11T18:00:00Z,2025-12-12T09:00:00Z,15.0,0.99,1.0,0.9654236002544023
turbine_1,2025-12-11T18:00:00Z,2025-12-12T10:00:00Z,16.0,0.9883333333333332,1.0,0.9692868011231459
turbine_1,2025-12-11T18:00:00Z,2025-12-12T11:00:00Z,17.0,0.99,1.0,0.9695176702472856
turbine_1,2025-12-11T18:00:00Z,2025-12-12T12:00:00Z,18.0,0.99,0.9965394862939735,0.9701912153841794
turbine_1,2025-12-11T18:00:00Z,2025-12-12T13:00:00Z,19.0,0.99,0.997171677883765,0.9709177686813739
turbine_1,2025-12-11T18:00:00Z,2025-12-12T15:00:00Z,21.0,0.99,0.9981296374158761,0.9657541893253796
turbine_1,2025-12-11T18:00:00Z,2025-12-12T16:00:00Z,22.0,0.99,0.984445927802885,0.9553387195541019
turbine_1,2025-12-11T18:00:00Z,2025-12-12T17:00:00Z,23.0,0.99,0.988081639638742,0.9441278391526147
turbine_1,2025-12-11T18:00:00Z,2025-12-12T18:00:00Z,24.0,0.99,0.9718326495463305,0.9386032386063574
turbine_1,2025-12-11T18:00:00Z,2025-12-12T19:00:00Z,25.0,0.99,0.9740128641863245,0.9369025964236939
turbine_1,2025-12-11T18:00:00Z,2025-12-12T20:00:00Z,26.0,0.8983333333333333,0.9650891126028573,0.9273008962206111
turbine_1,2025-12-11T18:00:00Z,2025-12-12T21:00:00Z,27.0,0.5383333333333333,0.8491722557894548,0.8625731997396504
turbine_1,2025-12-11T18:00:00Z,2025-12-12T22:00:00Z,28.0,0.1933333333333333,0.5608016775875674,0.521014178015549
turbine_1,2025-12-11T18:00:00Z,2025-12-12T23:00:00Z,29.0,0.0566666666666666,0.039115986971336864,0.03488914732397447
turbine_1,2025-12-11T18:00:00Z,2025-12-13T00:00:00Z,30.0,0.0116666666666666,0.026312779940373454,0.030483914661383837
turbine_1,2025-12-11T18:00:00Z,2025-12-13T01:00:00Z,31.0,0.0266666666666666,0.04083186837145367,0.03449299324590868
turbine_1,2025-12-11T18:00:00Z,2025-12-13T02:00:00Z,32.0,0.0249999999999999,0.015495190418656768,0.01963812372551632
turbine_1,2025-12-11T18:00:00Z,2025-12-13T03:00:00Z,33.0,0.015,0.02875136203174905,0.027140718916348477
turbine_1,2025-12-11T18:00:00Z,2025-12-13T04:00:00Z,34.0,0.0666666666666666,0.06353772686401979,0.06385129033853998
turbine_1,2025-12-11T18:00:00Z,2025-12-13T06:00:00Z,36.0,0.1516666666666666,0.06408361362190507,0.088918710560528
turbine_1,2025-12-11T18:00:00Z,2025-12-13T07:00:00Z,37.0,0.265,0.20822449064361823,0.15110144068729492
turbine_1,2025-12-11T18:00:00Z,2025-12-13T08:00:00Z,38.0,0.4166666666666667,0.2910573347569211,0.21437759339539442
turbine_1,2025-12-11T18:00:00Z,2025-12-13T09:00:00Z,39.0,0.4433333333333333,0.5656171315061455,0.5903112606399423
turbine_1,2025-12-11T18:00:00Z,2025-12-13T10:00:00Z,40.0,0.5366666666666666,0.7940842898761914,0.8634345890893442
turbine_1,2025-12-11T18:00:00Z,2025-12-13T11:00:00Z,41.0,0.7383333333333333,0.9440182336853813,0.9331845925781364
turbine_1,2025-12-11T18:00:00Z,2025-12-13T12:00:00Z,42.0,0.9166666666666666,0.9314162763068153,0.9374863885625286
turbine_1,2025-12-11T18:00:00Z,2025-12-13T13:00:00Z,43.0,0.9133333333333334,0.96510131493111,0.9514556204667692
turbine_1,2025-12-11T18:00:00Z,2025-12-13T14:00:00Z,44.0,0.88,0.9447015629266692,0.9355051892230763
turbine_1,2025-12-11T18:00:00Z,2025-12-13T15:00:00Z,45.0,0.99,0.946044588586335,0.9343817152686551
turbine_1,2025-12-11T18:00:00Z,2025-12-13T16:00:00Z,46.0,0.9166666666666666,0.9561252070547183,0.9259197671226236
turbine_1,2025-12-11T18:00:00Z,2025-12-13T17:00:00Z,47.0,0.8666666666666667,0.8724133288310104,0.8592468315065387
turbine_1,2025-12-11T18:00:00Z,2025-12-13T18:00:00Z,48.0,0.3166666666666666,0.8620335402571077,0.8601653097940214
turbine_1,2025-12-12T18:00:00Z,2025-12-12T19:00:00Z,1.0,0.99,0.9381666279472167,0.9065088589897033
turbine_1,2025-12-12T18:00:00Z,2025-12-12T20:00:00Z,2.0,0.8983333333333333,0.8247861760727935,0.8126738084103485
turbine_1,2025-12-12T18:00:00Z,2025-12-12T21:00:00Z,3.0,0.5383333333333333,0.09783655824739736,0.09973676180762117
turbine_1,2025-12-12T18:00:00Z,2025-12-12T22:00:00Z,4.0,0.1933333333333333,0.04898321839844752,0.0440490779114637
turbine_1,2025-12-12T18:00:00Z,2025-12-12T23:00:00Z,5.0,0.0566666666666666,0.02581013543032573,0.032857626132450996
turbine_1,2025-12-12T18:00:00Z,2025-12-13T00:00:00Z,6.0,0.0116666666666666,0.020255949213894064,0.033476466108966346
turbine_1,2025-12-12T18:00:00Z,2025-12-13T01:00:00Z,7.0,0.0266666666666666,0.02294907099461918,0.03156083478360994
turbine_1,2025-12-12T18:00:00Z,2025-12-13T02:00:00Z,8.0,0.0249999999999999,0.01620618969642723,0.016326210799181867
turbine_1,2025-12-12T18:00:00Z,2025-12-13T03:00:00Z,9.0,0.015,0.022623572999061925,0.017109842299218164
turbine_1,2025-12-12T18:00:00Z,2025-12-13T04:00:00Z,10.0,0.0666666666666666,0.020633460982300428,0.023612794541538723
turbine_1,2025-12-12T18:00:00Z,2025-12-13T06:00:00Z,12.0,0.1516666666666666,0.20842606545565628,0.16185146887662416
turbine_1,2025-12-12T18:00:00Z,2025-12-13T07:00:00Z,13.0,0.265,0.5837170292587535,0.5851485910384537
turbine_1,2025-12-12T18:00:00Z,2025-12-13T08:00:00Z,14.0,0.4166666666666667,0.8645886392851602,0.8324114288793424
turbine_1,2025-12-12T18:00:00Z,2025-12-13T09:00:00Z,15.0,0.4433333333333333,0.970119403681455,0.9279102212843766
turbine_1,2025-12-12T18:00:00Z,2025-12-13T10:00:00Z,16.0,0.5366666666666666,0.9457433755083025,0.9340023646726445
turbine_1,2025-12-12T18:00:00Z,2025-12-13T11:00:00Z,17.0,0.7383333333333333,0.9849722468969304,0.9518586960112367
turbine_1,2025-12-12T18:00:00Z,2025-12-13T12:00:00Z,18.0,0.9166666666666666,0.947461389980572,0.938672046737602
turbine_1,2025-12-12T18:00:00Z,2025-12-13T13:00:00Z,19.0,0.9133333333333334,0.7408907369492201,0.792590940056889
turbine_1,2025-12-12T18:00:00Z,2025-12-13T14:00:00Z,20.0,0.88,0.7681198951320037,0.7724017914694454
turbine_1,2025-12-12T18:00:00Z,2025-12-13T15:00:00Z,21.0,0.99,0.895874927664461,0.907101115104322
turbine_1,2025-12-12T18:00:00Z,2025-12-13T16:00:00Z,22.0,0.9166666666666666,0.9313529167081733,0.9223598979910255
turbine_1,2025-12-12T18:00:00Z,2025-12-13T17:00:00Z,23.0,0.8666666666666667,0.94934188815465,0.9040455801159901
turbine_1,2025-12-12T18:00:00Z,2025-12-13T18:00:00Z,24.0,0.3166666666666666,0.9417015845091391,0.8976097217957413
turbine_1,2025-12-12T18:00:00Z,2025-12-13T19:00:00Z,25.0,0.2866666666666667,0.7982571726962202,0.7903887735170612
turbine_1,2025-12-12T18:00:00Z,2025-12-13T20:00:00Z,26.0,0.0766666666666666,0.4657491230137353,0.3952898624990227
turbine_1,2025-12-12T18:00:00Z,2025-12-13T21:00:00Z,27.0,0.3533333333333333,0.19927191537400557,0.141609032779699
turbine_1,2025-12-12T18:00:00Z,2025-12-13T22:00:00Z,28.0,0.7083333333333334,0.05388986062914655,0.06175713677482417
turbine_1,2025-12-12T18:00:00Z,2025-12-13T23:00:00Z,29.0,0.605,0.02327242413679287,0.024222833648268716
turbine_1,2025-12-12T18:00:00Z,2025-12-14T00:00:00Z,30.0,0.3583333333333333,0.043025441439906,0.04807646393678475
turbine_1,2025-12-12T18:00:00Z,2025-12-14T01:00:00Z,31.0,0.305,0.03403469417359484,0.03822195524218178
turbine_1,2025-12-12T18:00:00Z,2025-12-14T02:00:00Z,32.0,0.3783333333333333,0.04966533232924128,0.04785576075478487
turbine_1,2025-12-12T18:00:00Z,2025-12-14T03:00:00Z,33.0,0.73,0.09958926829869023,0.12318880691950403
turbine_1,2025-12-12T18:00:00Z,2025-12-14T04:00:00Z,34.0,0.73,0.8020271719972296,0.838100999026142
turbine_1,2025-12-12T18:00:00Z,2025-12-14T05:00:00Z,35.0,0.8216666666666667,0.8918722876421076,0.8823493859484702
turbine_1,2025-12-12T18:00:00Z,2025-12-14T06:00:00Z,36.0,0.9166666666666666,0.7321803050141946,0.7410555183185671
turbine_1,2025-12-12T18:00:00Z,2025-12-14T07:00:00Z,37.0,0.9766666666666666,0.4272812811303262,0.4577975245952469
turbine_1,2025-12-12T18:00:00Z,2025-12-14T08:00:00Z,38.0,0.9866666666666668,0.4279548282713721,0.45381575188537615
turbine_1,2025-12-12T18:00:00Z,2025-12-14T09:00:00Z,39.0,0.7600000000000001,0.3487241670186811,0.3225933097243997
turbine_1,2025-12-12T18:00:00Z,2025-12-14T10:00:00Z,40.0,0.2916666666666667,0.1595875898004362,0.14033007928972743
turbine_1,2025-12-12T18:00:00Z,2025-12-14T11:00:00Z,41.0,0.03,0.057907398126915616,0.0651506586597978
turbine_1,2025-12-12T18:00:00Z,2025-12-14T12:00:00Z,42.0,0.0316666666666666,0.04364040847744727,0.05063255458148866
turbine_1,2025-12-12T18:00:00Z,2025-12-14T13:00:00Z,43.0,0.2466666666666666,0.15023858360759923,0.15441984114345664
turbine_1,2025-12-12T18:00:00Z,2025-12-14T14:00:00Z,44.0,0.8883333333333333,0.8308367725724318,0.8416957735458526
turbine_1,2025-12-12T18:00:00Z,2025-12-14T15:00:00Z,45.0,0.99,0.9739612581028486,0.9322038549157632
turbine_1,2025-12-12T18:00:00Z,2025-12-14T16:00:00Z,46.0,0.99,0.984445927802885,0.9481604416334302
turbine_1,2025-12-12T18:00:00Z,2025-12-14T17:00:00Z,47.0,0.99,0.9901484508436942,0.9406735978124747
turbine_1,2025-12-12T18:00:00Z,2025-12-14T18:00:00Z,48.0,0.99,0.971076145427791,0.9338631985962933
turbine_1,2025-12-13T18:00:00Z,2025-12-13T19:00:00Z,1.0,0.2866666666666667,0.9145477862377392,0.8506764387502248
turbine_1,2025-12-13T18:00:00Z,2025-12-13T20:00:00Z,2.0,0.0766666666666666,0.47972925175083864,0.4162015666631901
turbine_1,2025-12-13T18:00:00Z,2025-12-13T21:00:00Z,3.0,0.3533333333333333,0.6160881958596585,0.6166681544995103
turbine_1,2025-12-13T18:00:00Z,2025-12-13T22:00:00Z,4.0,0.7083333333333334,0.10805545309378768,0.08880564632182339
turbine_1,2025-12-13T18:00:00Z,2025-12-13T23:00:00Z,5.0,0.605,0.027308196789691208,0.02663410370017641
turbine_1,2025-12-13T18:00:00Z,2025-12-14T00:00:00Z,6.0,0.3583333333333333,0.05645704359397796,0.07574299992960326
turbine_1,2025-12-13T18:00:00Z,2025-12-14T01:00:00Z,7.0,0.305,0.05764892397797958,0.08841690639426952
turbine_1,2025-12-13T18:00:00Z,2025-12-14T02:00:00Z,8.0,0.3783333333333333,0.6035466830196601,0.6234113686135765
turbine_1,2025-12-13T18:00:00Z,2025-12-14T03:00:00Z,9.0,0.73,0.8939851289072025,0.8858657916581226
turbine_1,2025-12-13T18:00:00Z,2025-12-14T04:00:00Z,10.0,0.73,0.7490518919637082,0.7483911288242915
turbine_1,2025-12-13T18:00:00Z,2025-12-14T05:00:00Z,11.0,0.8216666666666667,0.9251534148495524,0.9067603087310941
turbine_1,2025-12-13T18:00:00Z,2025-12-14T06:00:00Z,12.0,0.9166666666666666,0.864181847302096,0.8657155280918145
turbine_1,2025-12-13T18:00:00Z,2025-12-14T07:00:00Z,13.0,0.9766666666666666,0.7333342106861808,0.7474304356761469
turbine_1,2025-12-13T18:00:00Z,2025-12-14T08:00:00Z,14.0,0.9866666666666668,0.6737762867061916,0.7224505312524625
turbine_1,2025-12-13T18:00:00Z,2025-12-14T09:00:00Z,15.0,0.7600000000000001,0.4596384775693513,0.49635653402008484
turbine_1,2025-12-13T18:00:00Z,2025-12-14T10:00:00Z,16.0,0.2916666666666667,0.2115305639211873,0.2512618726165997
turbine_1,2025-12-13T18:00:00Z,2025-12-14T11:00:00Z,17.0,0.03,0.03887949828990245,0.035153543815578864
turbine_1,2025-12-13T18:00:00Z,2025-12-14T12:00:00Z,18.0,0.0316666666666666,0.0840565673104956,0.0726942946494095
turbine_1,2025-12-13T18:00:00Z,2025-12-14T13:00:00Z,19.0,0.2466666666666666,0.4482632726932831,0.4244616333117358
turbine_1,2025-12-13T18:00:00Z,2025-12-14T14:00:00Z,20.0,0.8883333333333333,0.9658110967985446,0.9539265691169885
turbine_1,2025-12-13T18:00:00Z,2025-12-14T15:00:00Z,21.0,0.99,0.9985586724935529,0.9655777549614282
turbine_1,2025-12-13T18:00:00Z,2025-12-14T16:00:00Z,22.0,0.99,0.9858808432992322,0.9552925962889127
turbine_1,2025-12-13T18:00:00Z,2025-12-14T17:00:00Z,23.0,0.99,0.9908268622215018,0.9437083008801341
turbine_1,2025-12-13T18:00:00Z,2025-12-14T18:00:00Z,24.0,0.99,0.9718326495463305,0.9385473284077266
turbine_1,2025-12-13T18:00:00Z,2025-12-14T19:00:00Z,25.0,0.99,0.9725779486899773,0.936948719688883
turbine_1,2025-12-13T18:00:00Z,2025-12-14T20:00:00Z,26.0,0.96,0.9476661965343793,0.9191084041272974
turbine_1,2025-12-13T18:00:00Z,2025-12-14T21:00:00Z,27.0,0.89,0.881988384711204,0.8960351259122902
turbine_1,2025-12-13T18:00:00Z,2025-12-14T22:00:00Z,28.0,0.555,0.6581960953571324,0.672541030351937
turbine_1,2025-12-13T18:00:00Z,2025-12-14T23:00:00Z,29.0,0.2366666666666667,0.43723434462089295,0.39715269074829
turbine_1,2025-12-13T18:00:00Z,2025-12-15T00:00:00Z,30.0,0.0166666666666666,0.053419791449117016,0.05466642373089908
turbine_1,2025-12-13T18:00:00Z,2025-12-15T01:00:00Z,31.0,0.0183333333333333,0.0154075666360593,0.017986390426978638
turbine_1,2025-12-13T18:00:00Z,2025-12-15T02:00:00Z,32.0,0.6433333333333333,0.03857285251617287,0.041970670598552
turbine_1,2025-12-13T18:00:00Z,2025-12-15T03:00:00Z,33.0,0.5750000000000001,0.0990893750770951,0.1019391039136098
turbine_1,2025-12-13T18:00:00Z,2025-12-15T04:00:00Z,34.0,0.7599999999999999,0.33449773011020967,0.2969701522276198
turbine_1,2025-12-13T18:00:00Z,2025-12-15T05:00:00Z,35.0,0.9933333333333332,0.8008781865956109,0.7910992250904388
turbine_1,2025-12-13T18:00:00Z,2025-12-15T06:00:00Z,36.0,0.99,0.9381942783589857,0.9358145793158794
turbine_1,2025-12-13T18:00:00Z,2025-12-15T07:00:00Z,37.0,0.99,0.9772006012656654,0.9568582678170661
turbine_1,2025-12-13T18:00:00Z,2025-12-15T08:00:00Z,38.0,0.99,0.9634796792151009,0.9286418779870218
turbine_1,2025-12-13T18:00:00Z,2025-12-15T09:00:00Z,39.0,0.99,0.9562348521607372,0.9308358196354618
turbine_1,2025-12-13T18:00:00Z,2025-12-15T10:00:00Z,40.0,0.99,0.9561627486769915,0.9249776976932873
turbine_1,2025-12-13T18:00:00Z,2025-12-15T11:00:00Z,41.0,0.99,0.9491501680743742,0.9191732617000279
turbine_1,2025-12-13T18:00:00Z,2025-12-15T12:00:00Z,42.0,0.99,0.9075447329109524,0.8831733122037875
turbine_1,2025-12-13T18:00:00Z,2025-12-15T13:00:00Z,43.0,0.99,0.9062525723890622,0.8308736680019719
turbine_1,2025-12-13T18:00:00Z,2025-12-15T14:00:00Z,44.0,0.99,0.8940355021378499,0.8073113170634063
turbine_1,2025-12-13T18:00:00Z,2025-12-15T15:00:00Z,45.0,0.9783333333333334,0.7216508500481456,0.6575756918421711
turbine_1,2025-12-13T18:00:00Z,2025-12-15T16:00:00Z,46.0,0.465,0.6960799338763689,0.6327444052255019
turbine_1,2025-12-13T18:00:00Z,2025-12-15T17:00:00Z,47.0,0.0349999999999999,0.40787490834033235,0.362793587911474
turbine_1,2025-12-13T18:00:00Z,2025-12-15T18:00:00Z,48.0,0.0266666666666666,0.11635282687454301,0.10762183643835772
turbine_1,2025-12-14T18:00:00Z,2025-12-14T19:00:00Z,1.0,0.99,0.970792586477463,0.9290059148742199
turbine_1,2025-12-14T18:00:00Z,2025-12-14T20:00:00Z,2.0,0.96,0.9650491774902628,0.922891159290995
turbine_1,2025-12-14T18:00:00Z,2025-12-14T21:00:00Z,3.0,0.89,0.9094299991016163,0.8902454308924126
turbine_1,2025-12-14T18:00:00Z,2025-12-14T22:00:00Z,4.0,0.555,0.6097586595834665,0.6006180123020628
turbine_1,2025-12-14T18:00:00Z,2025-12-14T23:00:00Z,5.0,0.2366666666666667,0.42825760982470074,0.3619087129690403
turbine_1,2025-12-14T18:00:00Z,2025-12-15T00:00:00Z,6.0,0.0166666666666666,0.05297569976937397,0.047249043041722755
turbine_1,2025-12-14T18:00:00Z,2025-12-15T01:00:00Z,7.0,0.0183333333333333,0.0686163455726758,0.07554299873022557
turbine_1,2025-12-14T18:00:00Z,2025-12-15T02:00:00Z,8.0,0.6433333333333333,0.021476471139170533,0.02189571395409662
turbine_1,2025-12-14T18:00:00Z,2025-12-15T03:00:00Z,9.0,0.5750000000000001,0.03683403479147451,0.03839107844847259
turbine_1,2025-12-14T18:00:00Z,2025-12-15T04:00:00Z,10.0,0.7599999999999999,0.13506207018845098,0.1369706993866052
turbine_1,2025-12-14T18:00:00Z,2025-12-15T05:00:00Z,11.0,0.9933333333333332,0.7151941114976429,0.7068090532821915
turbine_1,2025-12-14T18:00:00Z,2025-12-15T06:00:00Z,12.0,0.99,0.9753242242726222,0.961864837226662
turbine_1,2025-12-14T18:00:00Z,2025-12-15T07:00:00Z,13.0,0.99,0.9698460060164508,0.9525713048393503
turbine_1,2025-12-14T18:00:00Z,2025-12-15T08:00:00Z,14.0,0.99,0.9644444488573761,0.9393867180726436
turbine_1,2025-12-14T18:00:00Z,2025-12-15T09:00:00Z,15.0,0.99,0.9633562439543965,0.9499159146211982
turbine_1,2025-12-14T18:00:00Z,2025-12-15T10:00:00Z,16.0,0.99,0.9554045813094413,0.9331756665499504
turbine_1,2025-12-14T18:00:00Z,2025-12-15T11:00:00Z,17.0,0.99,0.9554860070296175,0.9320825919695137
turbine_1,2025-12-14T18:00:00Z,2025-12-15T12:00:00Z,18.0,0.99,0.910328824000381,0.9101185658826771
turbine_1,2025-12-14T18:00:00Z,2025-12-15T13:00:00Z,19.0,0.99,0.9054073800269523,0.8901788539818329
turbine_1,2025-12-14T18:00:00Z,2025-12-15T14:00:00Z,20.0,0.99,0.8250443421605901,0.8154731148794487
turbine_1,2025-12-14T18:00:00Z,2025-12-15T15:00:00Z,21.0,0.9783333333333334,0.696698759866518,0.6872795780308226
turbine_1,2025-12-14T18:00:00Z,2025-12-15T16:00:00Z,22.0,0.465,0.5470181993350609,0.5426707531682938
turbine_1,2025-12-14T18:00:00Z,2025-12-15T17:00:00Z,23.0,0.0349999999999999,0.319494600490582,0.3178419718983523
turbine_1,2025-12-14T18:00:00Z,2025-12-15T18:00:00Z,24.0,0.0266666666666666,0.14689326342844866,0.11305828118086997
turbine_1,2025-12-14T18:00:00Z,2025-12-15T19:00:00Z,25.0,0.01,0.06691501582170417,0.03561433224058194
turbine_1,2025-12-14T18:00:00Z,2025-12-15T20:00:00Z,26.0,0.01,0.019276100830268483,0.020197993033134076
turbine_1,2025-12-14T18:00:00Z,2025-12-15T21:00:00Z,27.0,0.0116666666666666,0.031129400419074305,0.028669764245594143
turbine_1,2025-12-14T18:00:00Z,2025-12-15T22:00:00Z,28.0,0.035,0.039407051732713055,0.03880085451674459
turbine_1,2025-12-14T18:00:00Z,2025-12-15T23:00:00Z,29.0,0.0583333333333333,0.0948218739173214,0.07055911889015476
turbine_1,2025-12-14T18:00:00Z,2025-12-16T00:00:00Z,30.0,0.3583333333333334,0.13533362144967137,0.1712896737369377
turbine_1,2025-12-14T18:00:00Z,2025-12-16T01:00:00Z,31.0,0.4333333333333333,0.21863183045216558,0.23269656878898282
turbine_1,2025-12-14T18:00:00Z,2025-12-16T02:00:00Z,32.0,0.64,0.34497410057056077,0.29643984828569003
turbine_1,2025-12-14T18:00:00Z,2025-12-16T03:00:00Z,33.0,0.96,0.3834844348183215,0.3511881160927952
turbine_1,2025-12-14T18:00:00Z,2025-12-16T04:00:00Z,34.0,0.9883333333333332,0.3878656010318383,0.3637252440958616
turbine_1,2025-12-14T18:00:00Z,2025-12-16T05:00:00Z,35.0,0.9383333333333334,0.5944226847076284,0.6053792819095669
turbine_1,2025-12-14T18:00:00Z,2025-12-16T06:00:00Z,36.0,0.975,0.652874529809505,0.6685153101853054
turbine_1,2025-12-14T18:00:00Z,2025-12-16T07:00:00Z,37.0,0.965,0.6271773776775421,0.682115821115564
turbine_1,2025-12-14T18:00:00Z,2025-12-16T08:00:00Z,38.0,0.9516666666666668,0.6256787096313589,0.6908170618629583
turbine_1,2025-12-14T18:00:00Z,2025-12-16T09:00:00Z,39.0,0.88,0.6830378007472373,0.7133364105873439
turbine_1,2025-12-14T18:00:00Z,2025-12-16T10:00:00Z,40.0,0.7600000000000001,0.6743916072505043,0.6660188908272311
turbine_1,2025-12-14T18:00:00Z,2025-12-16T11:00:00Z,41.0,0.6883333333333334,0.6203351809650617,0.5886774637983015
turbine_1,2025-12-14T18:00:00Z,2025-12-16T12:00:00Z,42.0,0.4583333333333333,0.4822695214690126,0.46862971123960184
turbine_1,2025-12-14T18:00:00Z,2025-12-16T13:00:00Z,43.0,0.115,0.33698819936112867,0.38484717456708595
turbine_1,2025-12-14T18:00:00Z,2025-12-16T14:00:00Z,44.0,0.0116666666666666,0.3379914157926528,0.39957010779535296
turbine_1,2025-12-14T18:00:00Z,2025-12-16T15:00:00Z,45.0,0.0116666666666666,0.33801609724405246,0.3592471214829112
turbine_1,2025-12-14T18:00:00Z,2025-12-16T16:00:00Z,46.0,0.0999999999999999,0.5655783023798702,0.5322888283819749
turbine_1,2025-12-14T18:00:00Z,2025-12-16T17:00:00Z,47.0,0.01,0.5984817017462476,0.5378225664230993
turbine_1,2025-12-14T18:00:00Z,2025-12-16T18:00:00Z,48.0,0.01,0.6564406064400519,0.6437165730602976
turbine_1,2025-12-15T18:00:00Z,2025-12-15T19:00:00Z,1.0,0.01,0.06667463241905386,0.06968947735288275
turbine_1,2025-12-15T18:00:00Z,2025-12-15T20:00:00Z,2.0,0.01,0.03018886677805993,0.03148420577284877
turbine_1,2025-12-15T18:00:00Z,2025-12-15T21:00:00Z,3.0,0.0116666666666666,0.03830386971459465,0.03381633108273055
turbine_1,2025-12-15T18:00:00Z,2025-12-15T22:00:00Z,4.0,0.035,0.011962135623280856,0.016541963538475257
turbine_1,2025-12-15T18:00:00Z,2025-12-15T23:00:00Z,5.0,0.0583333333333333,0.01826209011383001,0.01928609402522896
turbine_1,2025-12-15T18:00:00Z,2025-12-16T00:00:00Z,6.0,0.3583333333333334,0.043786716508698004,0.04039183283918257
turbine_1,2025-12-15T18:00:00Z,2025-12-16T01:00:00Z,7.0,0.4333333333333333,0.12878155006474118,0.1478338783870367
turbine_1,2025-12-15T18:00:00Z,2025-12-16T02:00:00Z,8.0,0.64,0.3753665713855744,0.3788324606132925
turbine_1,2025-12-15T18:00:00Z,2025-12-16T03:00:00Z,9.0,0.96,0.5945406916644042,0.5831155377500978
turbine_1,2025-12-15T18:00:00Z,2025-12-16T04:00:00Z,10.0,0.9883333333333332,0.7824045321469008,0.7886148857983926
turbine_1,2025-12-15T18:00:00Z,2025-12-16T05:00:00Z,11.0,0.9383333333333334,0.9176842577804398,0.90795458701585
turbine_1,2025-12-15T18:00:00Z,2025-12-16T06:00:00Z,12.0,0.975,0.9502012911024769,0.9348829520333417
turbine_1,2025-12-15T18:00:00Z,2025-12-16T07:00:00Z,13.0,0.965,0.9558215193827189,0.9387075787698793
turbine_1,2025-12-15T18:00:00Z,2025-12-16T08:00:00Z,14.0,0.9516666666666668,0.8248013760141376,0.8197093481565366
turbine_1,2025-12-15T18:00:00Z,2025-12-16T09:00:00Z,15.0,0.88,0.7160537487487705,0.7442765970981357
turbine_1,2025-12-15T18:00:00Z,2025-12-16T10:00:00Z,16.0,0.7600000000000001,0.5113327856645983,0.5076689236547678
turbine_1,2025-12-15T18:00:00Z,2025-12-16T11:00:00Z,17.0,0.6883333333333334,0.4019882572358427,0.3845885643126592
turbine_1,2025-12-15T18:00:00Z,2025-12-16T12:00:00Z,18.0,0.4583333333333333,0.30853652259057107,0.3262809152984987
turbine_1,2025-12-15T18:00:00Z,2025-12-16T13:00:00Z,19.0,0.115,0.2648680807739235,0.3208618547083409
turbine_1,2025-12-15T18:00:00Z,2025-12-16T14:00:00Z,20.0,0.0116666666666666,0.2053164450374859,0.20908487824649033
turbine_1,2025-12-15T18:00:00Z,2025-12-16T15:00:00Z,21.0,0.0116666666666666,0.28555575758854373,0.33316821630923477
turbine_1,2025-12-15T18:00:00Z,2025-12-16T16:00:00Z,22.0,0.0999999999999999,0.3334937284806113,0.3823853530478599
turbine_1,2025-12-15T18:00:00Z,2025-12-16T17:00:00Z,23.0,0.01,0.5534865470020729,0.5246537928934445
turbine_1,2025-12-15T18:00:00Z,2025-12-16T18:00:00Z,24.0,0.01,0.28127679435500075,0.3258731047646487
turbine_1,2025-12-15T18:00:00Z,2025-12-16T19:00:00Z,25.0,0.01,0.27320261475087565,0.30917197700612153
turbine_1,2025-12-15T18:00:00Z,2025-12-16T20:00:00Z,26.0,0.01,0.2909885163011485,0.29143724394577797
turbine_1,2025-12-15T18:00:00Z,2025-12-16T21:00:00Z,27.0,0.0866666666666666,0.19492023974927752,0.2163857393032953
turbine_1,2025-12-15T18:00:00Z,2025-12-16T22:00:00Z,28.0,0.18,0.10466919449403868,0.08802890022068555
turbine_1,2025-12-15T18:00:00Z,2025-12-16T23:00:00Z,29.0,0.0116666666666666,0.04464985122830187,0.03941333796537336
turbine_1,2025-12-15T18:00:00Z,2025-12-17T00:00:00Z,30.0,0.01,0.02173079101892686,0.024953076819809877
turbine_1,2025-12-15T18:00:00Z,2025-12-17T01:00:00Z,31.0,0.06,0.011300496454342002,0.01689360056581643
turbine_1,2025-12-15T18:00:00Z,2025-12-17T02:00:00Z,32.0,0.1083333333333333,0.04206021815621874,0.041635707045585474
turbine_1,2025-12-15T18:00:00Z,2025-12-17T03:00:00Z,33.0,0.13,0.03720824801754413,0.03442909559839427
turbine_1,2025-12-15T18:00:00Z,2025-12-17T04:00:00Z,34.0,0.055,0.048796319389586645,0.09060092334658028
turbine_1,2025-12-15T18:00:00Z,2025-12-17T05:00:00Z,35.0,0.01,0.10160078287105569,0.10084971041350664
turbine_1,2025-12-15T18:00:00Z,2025-12-17T06:00:00Z,36.0,0.01,0.3373150026867844,0.29158919405712297
turbine_1,2025-12-15T18:00:00Z,2025-12-17T07:00:00Z,37.0,0.01,0.7399249834723144,0.7515108411607481
turbine_1,2025-12-15T18:00:00Z,2025-12-17T08:00:00Z,38.0,0.01,0.739123118798158,0.741196449400169
turbine_1,2025-12-15T18:00:00Z,2025-12-17T09:00:00Z,39.0,0.01,0.9338053620630581,0.9178976052305039
turbine_1,2025-12-15T18:00:00Z,2025-12-17T10:00:00Z,40.0,0.01,0.9213497812319819,0.8882455359418717
turbine_1,2025-12-15T18:00:00Z,2025-12-17T11:00:00Z,41.0,0.01,0.9080123005992541,0.8830714772094603
turbine_1,2025-12-15T18:00:00Z,2025-12-17T12:00:00Z,42.0,0.065,0.9092519278681964,0.8882655222263216
turbine_1,2025-12-15T18:00:00Z,2025-12-17T13:00:00Z,43.0,0.2199999999999999,0.910339210878229,0.8927690080027277
turbine_1,2025-12-15T18:00:00Z,2025-12-17T14:00:00Z,44.0,0.1949999999999999,0.8690499617592268,0.7807247564732858
turbine_1,2025-12-15T18:00:00Z,2025-12-17T15:00:00Z,45.0,0.3916666666666666,0.8313725594104209,0.7747544396024841
turbine_1,2025-12-15T18:00:00Z,2025-12-17T16:00:00Z,46.0,0.425,0.7731267357435644,0.7436383405175722
turbine_1,2025-12-15T18:00:00Z,2025-12-17T17:00:00Z,47.0,0.5,0.739683032633375,0.6955357821454595
turbine_1,2025-12-15T18:00:00Z,2025-12-17T18:00:00Z,48.0,0.7166666666666667,0.6352777036802153,0.6026298806028201
turbine_1,2025-12-16T18:00:00Z,2025-12-16T19:00:00Z,1.0,0.01,0.30546780265324525,0.27697656326152287
turbine_1,2025-12-16T18:00:00Z,2025-12-16T20:00:00Z,2.0,0.01,0.22648033510112955,0.23187186103733662
turbine_1,2025-12-16T18:00:00Z,2025-12-16T21:00:00Z,3.0,0.0866666666666666,0.20251277714561405,0.22687775685858247
turbine_1,2025-12-16T18:00:00Z,2025-12-16T22:00:00Z,4.0,0.18,0.17557212899866215,0.19342882894295002
turbine_1,2025-12-16T18:00:00Z,2025-12-16T23:00:00Z,5.0,0.0116666666666666,0.07848214888353565,0.06811195036947182
turbine_1,2025-12-16T18:00:00Z,2025-12-17T00:00:00Z,6.0,0.01,0.03939494202449165,0.028233148662145685
turbine_1,2025-12-16T18:00:00Z,2025-12-17T01:00:00Z,7.0,0.06,0.04435590036225251,0.02817869194661024
turbine_1,2025-12-16T18:00:00Z,2025-12-17T02:00:00Z,8.0,0.1083333333333333,0.03848381667390838,0.03254598399693831
turbine_1,2025-12-16T18:00:00Z,2025-12-17T03:00:00Z,9.0,0.13,0.02596551975899472,0.022129139377038698
turbine_1,2025-12-16T18:00:00Z,2025-12-17T04:00:00Z,10.0,0.055,0.036880467765052105,0.039659934521198786
turbine_1,2025-12-16T18:00:00Z,2025-12-17T05:00:00Z,11.0,0.01,0.056836779024576456,0.08378285197290831
turbine_1,2025-12-16T18:00:00Z,2025-12-17T06:00:00Z,12.0,0.01,0.20540240013447694,0.22409271879575743
turbine_1,2025-12-16T18:00:00Z,2025-12-17T07:00:00Z,13.0,0.01,0.37354283633373486,0.3362855904861322
turbine_1,2025-12-16T18:00:00Z,2025-12-17T08:00:00Z,14.0,0.01,0.5389280583460644,0.5810072393821806
turbine_1,2025-12-16T18:00:00Z,2025-12-17T09:00:00Z,15.0,0.01,0.8795729590916075,0.8943380649867347
turbine_1,2025-12-16T18:00:00Z,2025-12-17T10:00:00Z,16.0,0.01,0.9549597235499306,0.9464593755499928
turbine_1,2025-12-16T18:00:00Z,2025-12-17T11:00:00Z,17.0,0.01,0.929685981065648,0.9116478444453584
turbine_1,2025-12-16T18:00:00Z,2025-12-17T12:00:00Z,18.0,0.065,0.943340152199497,0.9221203046469837
turbine_1,2025-12-16T18:00:00Z,2025-12-17T13:00:00Z,19.0,0.2199999999999999,0.9433505390773448,0.9182350338644667
turbine_1,2025-12-16T18:00:00Z,2025-12-17T14:00:00Z,20.0,0.1949999999999999,0.9032312903165663,0.890239590759599
turbine_1,2025-12-16T18:00:00Z,2025-12-17T15:00:00Z,21.0,0.3916666666666666,0.8950238985261555,0.8850620489972516
turbine_1,2025-12-16T18:00:00Z,2025-12-17T16:00:00Z,22.0,0.425,0.7835209445904643,0.7999489033186826
turbine_1,2025-12-16T18:00:00Z,2025-12-17T17:00:00Z,23.0,0.5,0.7544731009898268,0.7626017421088498
turbine_1,2025-12-16T18:00:00Z,2025-12-17T18:00:00Z,24.0,0.7166666666666667,0.5766997946741801,0.6111793319334827
turbine_1,2025-12-16T18:00:00Z,2025-12-17T19:00:00Z,25.0,0.8533333333333334,0.4317624802897986,0.36332012474244013
turbine_1,2025-12-16T18:00:00Z,2025-12-17T20:00:00Z,26.0,0.6533333333333333,0.23339503207133686,0.23982006403435424
turbine_1,2025-12-16T18:00:00Z,2025-12-17T21:00:00Z,27.0,0.55,0.13785138916700843,0.12603464158963834
turbine_1,2025-12-16T18:00:00Z,2025-12-17T22:00:00Z,28.0,0.335,0.0881762308973725,0.09038233013228748
turbine_1,2025-12-16T18:00:00Z,2025-12-17T23:00:00Z,29.0,0.4633333333333334,0.08278414764061254,0.08407528876325258
turbine_1,2025-12-16T18:00:00Z,2025-12-18T00:00:00Z,30.0,0.605,0.0716438640795388,0.07668137109133932
turbine_1,2025-12-16T18:00:00Z,2025-12-18T01:00:00Z,31.0,0.4866666666666666,0.06453469196001568,0.06687633929972653
turbine_1,2025-12-16T18:00:00Z,2025-12-18T02:00:00Z,32.0,0.225,0.06978404463569392,0.07452722115303403
turbine_1,2025-12-16T18:00:00Z,2025-12-18T03:00:00Z,33.0,0.165,0.04293657939844345,0.0726325549315495
turbine_1,2025-12-16T18:00:00Z,2025-12-18T04:00:00Z,34.0,0.1683333333333333,0.040886168378276216,0.07450556286403905
turbine_1,2025-12-16T18:00:00Z,2025-12-18T05:00:00Z,35.0,0.1783333333333333,0.06828262443813007,0.07607795221327582
turbine_1,2025-12-16T18:00:00Z,2025-12-18T06:00:00Z,36.0,0.14,0.04391949538987333,0.044125262544287586
turbine_1,2025-12-16T18:00:00Z,2025-12-18T07:00:00Z,37.0,0.285,0.042840976777324236,0.0371674207581863
turbine_1,2025-12-16T18:00:00Z,2025-12-18T08:00:00Z,38.0,0.6649999999999999,0.09608322730807298,0.08325172698450929
turbine_1,2025-12-16T18:00:00Z,2025-12-18T09:00:00Z,39.0,0.6966666666666667,0.2145224637089806,0.2456520270640168
turbine_1,2025-12-16T18:00:00Z,2025-12-18T10:00:00Z,40.0,0.89,0.4339272411943119,0.3851195426956814
turbine_1,2025-12-16T18:00:00Z,2025-12-18T11:00:00Z,41.0,0.93,0.5023663988460743,0.4794970669802707
turbine_1,2025-12-16T18:00:00Z,2025-12-18T12:00:00Z,42.0,0.9483333333333333,0.9054111263186305,0.8349069047134461
turbine_1,2025-12-16T18:00:00Z,2025-12-18T13:00:00Z,43.0,0.9683333333333332,0.9094320342015433,0.883034927097277
turbine_1,2025-12-16T18:00:00Z,2025-12-18T14:00:00Z,44.0,0.99,0.9254608397502976,0.8837128248446324
turbine_1,2025-12-16T18:00:00Z,2025-12-18T15:00:00Z,45.0,0.9883333333333332,0.8950238985261555,0.8584896195411913
turbine_1,2025-12-16T18:00:00Z,2025-12-18T16:00:00Z,46.0,0.9833333333333334,0.8848296551454878,0.8115622094156991
turbine_1,2025-12-16T18:00:00Z,2025-12-18T17:00:00Z,47.0,0.9166666666666666,0.9004651813026289,0.8277366471284033
turbine_1,2025-12-16T18:00:00Z,2025-12-18T18:00:00Z,48.0,0.97,0.7992630376782187,0.7631052730385814
turbine_1,2025-12-17T18:00:00Z,2025-12-17T19:00:00Z,1.0,0.8533333333333334,0.5912739711099457,0.6323578819891076
turbine_1,2025-12-17T18:00:00Z,2025-12-17T20:00:00Z,2.0,0.6533333333333333,0.45024622212338467,0.4834197780199708
turbine_1,2025-12-17T18:00:00Z,2025-12-17T21:00:00Z,3.0,0.55,0.3440737273829173,0.29608119821289053
turbine_1,2025-12-17T18:00:00Z,2025-12-17T22:00:00Z,4.0,0.335,0.1525923968566685,0.14449224371315175
turbine_1,2025-12-17T18:00:00Z,2025-12-17T23:00:00Z,5.0,0.4633333333333334,0.10561182015916278,0.11693996233136103
turbine_1,2025-12-17T18:00:00Z,2025-12-18T00:00:00Z,6.0,0.605,0.09936554570708561,0.0963801581453087
turbine_1,2025-12-17T18:00:00Z,2025-12-18T01:00:00Z,7.0,0.4866666666666666,0.07764491222822234,0.08569669227942861
turbine_1,2025-12-17T18:00:00Z,2025-12-18T02:00:00Z,8.0,0.225,0.07860498068794834,0.08175690060219298
turbine_1,2025-12-17T18:00:00Z,2025-12-18T03:00:00Z,9.0,0.165,0.057576988139575874,0.0822863041092453
turbine_1,2025-12-17T18:00:00Z,2025-12-18T04:00:00Z,10.0,0.1683333333333333,0.05427489026922824,0.0772573343852302
turbine_1,2025-12-17T18:00:00Z,2025-12-18T05:00:00Z,11.0,0.1783333333333333,0.0701555790185668,0.070401678505317
turbine_1,2025-12-17T18:00:00Z,2025-12-18T06:00:00Z,12.0,0.14,0.051037453584868386,0.05488819352598792
turbine_1,2025-12-17T18:00:00Z,2025-12-18T07:00:00Z,13.0,0.285,0.11310471905085327,0.11442668217232971
turbine_1,2025-12-17T18:00:00Z,2025-12-18T08:00:00Z,14.0,0.6649999999999999,0.2858374138249958,0.31423850531119546
turbine_1,2025-12-17T18:00:00Z,2025-12-18T09:00:00Z,15.0,0.6966666666666667,0.4960198811015588,0.5536096034608505
turbine_1,2025-12-17T18:00:00Z,2025-12-18T10:00:00Z,16.0,0.89,0.7347498545133796,0.718951751050315
turbine_1,2025-12-17T18:00:00Z,2025-12-18T11:00:00Z,17.0,0.93,0.909754596598452,0.8615805075662613
turbine_1,2025-12-17T18:00:00Z,2025-12-18T12:00:00Z,18.0,0.9483333333333333,0.8968835010489624,0.8851551801816109
turbine_1,2025-12-17T18:00:00Z,2025-12-18T13:00:00Z,19.0,0.9683333333333332,0.9048797082246823,0.9005291839058276
turbine_1,2025-12-17T18:00:00Z,2025-12-18T14:00:00Z,20.0,0.99,0.9428837558187756,0.9125522845785325
turbine_1,2025-12-17T18:00:00Z,2025-12-18T15:00:00Z,21.0,0.9883333333333332,0.9361617660012757,0.9202788225498828
turbine_1,2025-12-17T18:00:00Z,2025-12-18T16:00:00Z,22.0,0.9833333333333334,0.9430454178670509,0.9216891982028586
turbine_1,2025-12-17T18:00:00Z,2025-12-18T17:00:00Z,23.0,0.9166666666666666,0.9434040722215059,0.9265524700123038
turbine_1,2025-12-17T18:00:00Z,2025-12-18T18:00:00Z,24.0,0.97,0.9568892697728338,0.923645757262108
turbine_1,2025-12-17T18:00:00Z,2025-12-18T19:00:00Z,25.0,0.7399999999999999,0.9518631591102974,0.9304255851076555
turbine_1,2025-12-17T18:00:00Z,2025-12-18T20:00:00Z,26.0,0.9833333333333334,0.9571689090890668,0.9351804897521093
turbine_1,2025-12-17T18:00:00Z,2025-12-18T21:00:00Z,27.0,0.99,0.9027493242879134,0.9033871913735595
turbine_1,2025-12-17T18:00:00Z,2025-12-18T22:00:00Z,28.0,0.97,0.7682438544159144,0.8104718577540723
turbine_1,2025-12-17T18:00:00Z,2025-12-18T23:00:00Z,29.0,0.9383333333333334,0.6727838604501211,0.6692106845085921
turbine_1,2025-12-17T18:00:00Z,2025-12-19T00:00:00Z,30.0,0.5666666666666667,0.392930749011994,0.4181400535304468
turbine_1,2025-12-17T18:00:00Z,2025-12-19T01:00:00Z,31.0,0.1349999999999999,0.2057963362714966,0.17681105499965893
turbine_1,2025-12-17T18:00:00Z,2025-12-19T02:00:00Z,32.0,0.01,0.162309838782428,0.1388301686921524
turbine_1,2025-12-17T18:00:00Z,2025-12-19T03:00:00Z,33.0,0.0116666666666666,0.08265158690283599,0.07566683930918511
turbine_1,2025-12-17T18:00:00Z,2025-12-19T04:00:00Z,34.0,0.0316666666666666,0.011210082766873797,0.018562278384150865
turbine_1,2025-12-17T18:00:00Z,2025-12-19T05:00:00Z,35.0,0.01,0.015797965650633128,0.020274334944509448
turbine_1,2025-12-17T18:00:00Z,2025-12-19T06:00:00Z,36.0,0.0866666666666666,0.025717370805247386,0.024279046056411624
turbine_1,2025-12-17T18:00:00Z,2025-12-19T07:00:00Z,37.0,0.24,0.04427488877794794,0.03783319381744771
turbine_1,2025-12-17T18:00:00Z,2025-12-19T08:00:00Z,38.0,0.4866666666666666,0.0888711501135804,0.08699943918774544
turbine_1,2025-12-17T18:00:00Z,2025-12-19T09:00:00Z,39.0,0.7366666666666667,0.14930386246873023,0.15132048799707537
turbine_1,2025-12-17T18:00:00Z,2025-12-19T10:00:00Z,40.0,0.8666666666666667,0.3448462099499041,0.25985468229812486
turbine_1,2025-12-17T18:00:00Z,2025-12-19T11:00:00Z,41.0,0.9866666666666668,0.5778477188337091,0.546950064816456
turbine_1,2025-12-17T18:00:00Z,2025-12-19T12:00:00Z,42.0,0.9866666666666668,0.6736569292996483,0.6936096800333902
turbine_1,2025-12-17T18:00:00Z,2025-12-19T13:00:00Z,43.0,0.99,0.5912874613933097,0.5951181394950542
turbine_1,2025-12-17T18:00:00Z,2025-12-19T14:00:00Z,44.0,0.99,0.8104127578799722,0.8094995632364896
turbine_1,2025-12-17T18:00:00Z,2025-12-19T15:00:00Z,45.0,0.9883333333333332,0.9599094683737344,0.9356355611185747
turbine_1,2025-12-17T18:00:00Z,2025-12-19T16:00:00Z,46.0,0.9116666666666666,0.9496359007120895,0.9253592372512012
turbine_1,2025-12-17T18:00:00Z,2025-12-19T17:00:00Z,47.0,0.9783333333333334,0.9576009892336314,0.9118339642379063
turbine_1,2025-12-17T18:00:00Z,2025-12-19T18:00:00Z,48.0,0.99,0.9359571234300935,0.8909799233325355
turbine_1,2025-12-18T18:00:00Z,2025-12-18T19:00:00Z,1.0,0.7399999999999999,0.7918811903060707,0.8137231975819976
turbine_1,2025-12-18T18:00:00Z,2025-12-18T20:00:00Z,2.0,0.9833333333333334,0.76015526158774,0.7922060220265121
turbine_1,2025-12-18T18:00:00Z,2025-12-18T21:00:00Z,3.0,0.99,0.6605356887974811,0.6675388397768078
turbine_1,2025-12-18T18:00:00Z,2025-12-18T22:00:00Z,4.0,0.97,0.5572251634472378,0.5963961325075648
turbine_1,2025-12-18T18:00:00Z,2025-12-18T23:00:00Z,5.0,0.9383333333333334,0.43790778342583875,0.46964630806093516
turbine_1,2025-12-18T18:00:00Z,2025-12-19T00:00:00Z,6.0,0.5666666666666667,0.3441238924687867,0.31623628523694813
turbine_1,2025-12-18T18:00:00Z,2025-12-19T01:00:00Z,7.0,0.1349999999999999,0.13758765112313925,0.15154658497402715
turbine_1,2025-12-18T18:00:00Z,2025-12-19T02:00:00Z,8.0,0.01,0.07018837010546974,0.07660063990653554
turbine_1,2025-12-18T18:00:00Z,2025-12-19T03:00:00Z,9.0,0.0116666666666666,0.03260929050912981,0.03838559588240151
turbine_1,2025-12-18T18:00:00Z,2025-12-19T04:00:00Z,10.0,0.0316666666666666,0.010927366605280486,0.018342439298641405
turbine_1,2025-12-18T18:00:00Z,2025-12-19T05:00:00Z,11.0,0.01,0.045245435967212366,0.03451428247709601
turbine_1,2025-12-18T18:00:00Z,2025-12-19T06:00:00Z,12.0,0.0866666666666666,0.11119883667699905,0.11152152544733536
turbine_1,2025-12-18T18:00:00Z,2025-12-19T07:00:00Z,13.0,0.24,0.530379159706877,0.5159708239072243
turbine_1,2025-12-18T18:00:00Z,2025-12-19T08:00:00Z,14.0,0.4866666666666666,0.8513432510837912,0.8296366813790003
turbine_1,2025-12-18T18:00:00Z,2025-12-19T09:00:00Z,15.0,0.7366666666666667,0.9004271444088238,0.8937149927237217
turbine_1,2025-12-18T18:00:00Z,2025-12-19T10:00:00Z,16.0,0.8666666666666667,0.8657296009119428,0.8550246411996424
turbine_1,2025-12-18T18:00:00Z,2025-12-19T11:00:00Z,17.0,0.9866666666666668,0.8197424910386908,0.8486475424605423
turbine_1,2025-12-18T18:00:00Z,2025-12-19T12:00:00Z,18.0,0.9866666666666668,0.803032341682888,0.8467362581664425
turbine_1,2025-12-18T18:00:00Z,2025-12-19T13:00:00Z,19.0,0.99,0.8184137144516473,0.8673897992107621
turbine_1,2025-12-18T18:00:00Z,2025-12-19T14:00:00Z,20.0,0.99,0.8392816801330213,0.8806317819801626
turbine_1,2025-12-18T18:00:00Z,2025-12-19T15:00:00Z,21.0,0.9883333333333332,0.930480885157014,0.9239770308831021
turbine_1,2025-12-18T18:00:00Z,2025-12-19T16:00:00Z,22.0,0.9116666666666666,0.9171279951430442,0.9223598979910255
turbine_1,2025-12-18T18:00:00Z,2025-12-19T17:00:00Z,23.0,0.9783333333333334,0.954984944501954,0.9037847931302527
turbine_1,2025-12-18T18:00:00Z,2025-12-19T18:00:00Z,24.0,0.99,0.9174128724270627,0.8717347238604836
turbine_1,2025-12-18T18:00:00Z,2025-12-19T19:00:00Z,25.0,0.99,0.872562667304473,0.85376954761637
turbine_1,2025-12-18T18:00:00Z,2025-12-19T20:00:00Z,26.0,0.945,0.8602552711254844,0.86123334539507
turbine_1,2025-12-18T18:00:00Z,2025-12-19T21:00:00Z,27.0,0.9833333333333334,0.8586775569581877,0.8582092017370319
turbine_1,2025-12-18T18:00:00Z,2025-12-19T22:00:00Z,28.0,0.98,0.6828432927935388,0.720333794372065
turbine_1,2025-12-18T18:00:00Z,2025-12-19T23:00:00Z,29.0,0.7433333333333333,0.5307300758678364,0.5665483382298435
turbine_1,2025-12-18T18:00:00Z,2025-12-20T00:00:00Z,30.0,0.5,0.4094567536712771,0.3734474348964897
turbine_1,2025-12-18T18:00:00Z,2025-12-20T01:00:00Z,31.0,0.1283333333333333,0.3646134515233551,0.35648611610203496
turbine_1,2025-12-18T18:00:00Z,2025-12-20T02:00:00Z,32.0,0.09,0.4101068253072602,0.4020968852000463
turbine_1,2025-12-18T18:00:00Z,2025-12-20T03:00:00Z,33.0,0.1966666666666666,0.42786598482871285,0.38423155170638035
turbine_1,2025-12-18T18:00:00Z,2025-12-20T04:00:00Z,34.0,0.105,0.20860348918995686,0.255141902953699
turbine_1,2025-12-18T18:00:00Z,2025-12-20T05:00:00Z,35.0,0.1166666666666666,0.24201832868645523,0.2550793116275109
turbine_1,2025-12-18T18:00:00Z,2025-12-20T06:00:00Z,36.0,0.145,0.23210074979140863,0.2669677024636776
turbine_1,2025-12-18T18:00:00Z,2025-12-20T07:00:00Z,37.0,0.21,0.24585238324042488,0.19117162025619253
turbine_1,2025-12-18T18:00:00Z,2025-12-20T08:00:00Z,38.0,0.3833333333333333,0.20593742297653247,0.19965723639390406
turbine_1,2025-12-18T18:00:00Z,2025-12-20T09:00:00Z,39.0,0.2633333333333333,0.11631628278898376,0.1262972336738444
turbine_1,2025-12-18T18:00:00Z,2025-12-20T10:00:00Z,40.0,0.2466666666666666,0.10073233732368114,0.07877746278676613
turbine_1,2025-12-18T18:00:00Z,2025-12-20T11:00:00Z,41.0,0.11,0.05932677711794265,0.04966761515779966
turbine_1,2025-12-18T18:00:00Z,2025-12-20T12:00:00Z,42.0,0.01,0.039501984401107304,0.04425597410941981
turbine_1,2025-12-18T18:00:00Z,2025-12-20T13:00:00Z,43.0,0.01,0.04283191685663157,0.04899524723123999
turbine_1,2025-12-18T18:00:00Z,2025-12-20T14:00:00Z,44.0,0.01,0.03542595370532753,0.048084979091071456
turbine_1,2025-12-18T18:00:00Z,2025-12-20T15:00:00Z,45.0,0.01,0.058520596341299636,0.0711167657407802
turbine_1,2025-12-18T18:00:00Z,2025-12-20T16:00:00Z,46.0,0.01,0.09416172209966027,0.10522027364466512
turbine_1,2025-12-18T18:00:00Z,2025-12-20T17:00:00Z,47.0,0.01,0.14755840331094078,0.13058026865979144
turbine_1,2025-12-18T18:00:00Z,2025-12-20T18:00:00Z,48.0,0.0583333333333333,0.0855553144230557,0.10262689773551455
turbine_1,2025-12-19T18:00:00Z,2025-12-19T19:00:00Z,1.0,0.99,0.9398622691958249,0.8970982272267508
turbine_1,2025-12-19T18:00:00Z,2025-12-19T20:00:00Z,2.0,0.945,0.9145463757962454,0.8909871810826316
turbine_1,2025-12-19T18:00:00Z,2025-12-19T21:00:00Z,3.0,0.9833333333333334,0.9058504972522292,0.856059109315562
turbine_1,2025-12-19T18:00:00Z,2025-12-19T22:00:00Z,4.0,0.98,0.8266210548796172,0.8286061684109058
turbine_1,2025-12-19T18:00:00Z,2025-12-19T23:00:00Z,5.0,0.7433333333333333,0.6438532783407349,0.7002701660290541
turbine_1,2025-12-19T18:00:00Z,2025-12-20T00:00:00Z,6.0,0.5,0.524825042539284,0.5004198487859475
turbine_1,2025-12-19T18:00:00Z,2025-12-20T01:00:00Z,7.0,0.1283333333333333,0.353451711745034,0.32443631885557644
turbine_1,2025-12-19T18:00:00Z,2025-12-20T02:00:00Z,8.0,0.09,0.3753665713855744,0.3344297777156945
turbine_1,2025-12-19T18:00:00Z,2025-12-20T03:00:00Z,9.0,0.1966666666666666,0.3525407523881502,0.2865911693102595
turbine_1,2025-12-19T18:00:00Z,2025-12-20T04:00:00Z,10.0,0.105,0.37695832298534543,0.37359321375383703
turbine_1,2025-12-19T18:00:00Z,2025-12-20T05:00:00Z,11.0,0.1166666666666666,0.625884767440347,0.6319996889513555
turbine_1,2025-12-19T18:00:00Z,2025-12-20T06:00:00Z,12.0,0.145,0.871110262335345,0.8936618603156793
turbine_1,2025-12-19T18:00:00Z,2025-12-20T07:00:00Z,13.0,0.21,0.9548940428654777,0.9330946242489897
turbine_1,2025-12-19T18:00:00Z,2025-12-20T08:00:00Z,14.0,0.3833333333333333,0.7259714038638402,0.7559646597719504
turbine_1,2025-12-19T18:00:00Z,2025-12-20T09:00:00Z,15.0,0.2633333333333333,0.6382738077375696,0.6657449203435569
turbine_1,2025-12-19T18:00:00Z,2025-12-20T10:00:00Z,16.0,0.2466666666666666,0.34346257484479253,0.3428126722781335
turbine_1,2025-12-19T18:00:00Z,2025-12-20T11:00:00Z,17.0,0.11,0.19067243256833558,0.17307110122967057
turbine_1,2025-12-19T18:00:00Z,2025-12-20T12:00:00Z,18.0,0.01,0.09066393996716318,0.08365615983322787
turbine_1,2025-12-19T18:00:00Z,2025-12-20T13:00:00Z,19.0,0.01,0.06479366849491511,0.05387434940825139
turbine_1,2025-12-19T18:00:00Z,2025-12-20T14:00:00Z,20.0,0.01,0.040304261354311255,0.037383002450779496
turbine_1,2025-12-19T18:00:00Z,2025-12-20T15:00:00Z,21.0,0.01,0.0634199346745985,0.055469734546742255
turbine_1,2025-12-19T18:00:00Z,2025-12-20T16:00:00Z,22.0,0.01,0.16229163581031505,0.13046142221879148
turbine_1,2025-12-19T18:00:00Z,2025-12-20T17:00:00Z,23.0,0.01,0.1757130035789714,0.17599540166599795
turbine_1,2025-12-19T18:00:00Z,2025-12-20T18:00:00Z,24.0,0.0583333333333333,0.23652555000051295,0.26431977265693835
turbine_1,2025-12-19T18:00:00Z,2025-12-20T19:00:00Z,25.0,0.04,0.3219764593076483,0.30042862971517137
turbine_1,2025-12-19T18:00:00Z,2025-12-20T20:00:00Z,26.0,0.0816666666666666,0.32306463103226085,0.2858419465026996
turbine_1,2025-12-19T18:00:00Z,2025-12-20T21:00:00Z,27.0,0.2983333333333333,0.4382890617712937,0.45240009570511625
turbine_1,2025-12-19T18:00:00Z,2025-12-20T22:00:00Z,28.0,0.2283333333333333,0.5153447657902248,0.560487015907571
turbine_1,2025-12-19T18:00:00Z,2025-12-20T23:00:00Z,29.0,0.7166666666666667,0.6504519037158816,0.6441375589801923
turbine_1,2025-12-19T18:00:00Z,2025-12-21T00:00:00Z,30.0,0.9983333333333334,0.7356527179091948,0.7231512597633717
turbine_1,2025-12-19T18:00:00Z,2025-12-21T01:00:00Z,31.0,0.8633333333333333,0.7587936896515377,0.7898780509903123
turbine_1,2025-12-19T18:00:00Z,2025-12-21T02:00:00Z,32.0,0.325,0.7643479286972432,0.7982904536519246
turbine_1,2025-12-19T18:00:00Z,2025-12-21T03:00:00Z,33.0,0.305,0.7452619549698422,0.709618644815989
turbine_1,2025-12-19T18:00:00Z,2025-12-21T04:00:00Z,34.0,0.325,0.7869619375018625,0.8003949665422518
turbine_1,2025-12-19T18:00:00Z,2025-12-21T05:00:00Z,35.0,0.3716666666666666,0.8097902464746282,0.793860543339814
turbine_1,2025-12-19T18:00:00Z,2025-12-21T06:00:00Z,36.0,0.3783333333333333,0.8244790686919338,0.8508902604771865
turbine_1,2025-12-19T18:00:00Z,2025-12-21T07:00:00Z,37.0,0.3116666666666666,0.9434049386716555,0.9299611418516449
turbine_1,2025-12-19T18:00:00Z,2025-12-21T08:00:00Z,38.0,0.3066666666666666,0.9279626094483155,0.9141885610664728
turbine_1,2025-12-19T18:00:00Z,2025-12-21T09:00:00Z,39.0,0.3283333333333333,0.9339792559334081,0.920977607105405
turbine_1,2025-12-19T18:00:00Z,2025-12-21T10:00:00Z,40.0,0.5,0.8251578953493937,0.8008821973007201
turbine_1,2025-12-19T18:00:00Z,2025-12-21T11:00:00Z,41.0,0.4166666666666667,0.7780539028689222,0.7510822699768482
turbine_1,2025-12-19T18:00:00Z,2025-12-21T12:00:00Z,42.0,0.4666666666666666,0.7593836664285715,0.7314698090541181
turbine_1,2025-12-19T18:00:00Z,2025-12-21T13:00:00Z,43.0,0.5633333333333334,0.7484552694665894,0.6737400844136381
turbine_1,2025-12-19T18:00:00Z,2025-12-21T14:00:00Z,44.0,0.7516666666666666,0.6713625983437377,0.6210523376830253
turbine_1,2025-12-19T18:00:00Z,2025-12-21T15:00:00Z,45.0,0.6883333333333334,0.5483030416753902,0.5333811201363285
turbine_1,2025-12-19T18:00:00Z,2025-12-21T16:00:00Z,46.0,0.6733333333333333,0.5470181993350609,0.5097805959580066
turbine_1,2025-12-19T18:00:00Z,2025-12-21T17:00:00Z,47.0,0.5033333333333333,0.513681560243096,0.4096883084887262
turbine_1,2025-12-19T18:00:00Z,2025-12-21T18:00:00Z,48.0,0.57,0.27162805516672706,0.2879141667407718
turbine_1,2025-12-20T18:00:00Z,2025-12-20T19:00:00Z,1.0,0.04,0.20308205537416096,0.22879695059682625
turbine_1,2025-12-20T18:00:00Z,2025-12-20T20:00:00Z,2.0,0.0816666666666666,0.17228705537926928,0.1851502094264686
turbine_1,2025-12-20T18:00:00Z,2025-12-20T21:00:00Z,3.0,0.2983333333333333,0.2958059008892878,0.2547448576970834
turbine_1,2025-12-20T18:00:00Z,2025-12-20T22:00:00Z,4.0,0.2283333333333333,0.34588466203733104,0.3871936540781316
turbine_1,2025-12-20T18:00:00Z,2025-12-20T23:00:00Z,5.0,0.7166666666666667,0.6034698279280679,0.5981116803121245
turbine_1,2025-12-20T18:00:00Z,2025-12-21T00:00:00Z,6.0,0.9983333333333334,0.8461452205677107,0.8582197616059113
turbine_1,2025-12-20T18:00:00Z,2025-12-21T01:00:00Z,7.0,0.8633333333333333,0.8965209411699485,0.8973875451066295
turbine_1,2025-12-20T18:00:00Z,2025-12-21T02:00:00Z,8.0,0.325,0.8994114928387724,0.9042620325206655
turbine_1,2025-12-20T18:00:00Z,2025-12-21T03:00:00Z,9.0,0.305,0.8625892776314737,0.8598556171529376
turbine_1,2025-12-20T18:00:00Z,2025-12-21T04:00:00Z,10.0,0.325,0.9635939204010041,0.9591927294706458
turbine_1,2025-12-20T18:00:00Z,2025-12-21T05:00:00Z,11.0,0.3716666666666666,0.9660752625450367,0.9492882981775853
turbine_1,2025-12-20T18:00:00Z,2025-12-21T06:00:00Z,12.0,0.3783333333333333,0.9530771078655181,0.9417136074871278
turbine_1,2025-12-20T18:00:00Z,2025-12-21T07:00:00Z,13.0,0.3116666666666666,0.9577419877395074,0.9328988958898947
turbine_1,2025-12-20T18:00:00Z,2025-12-21T08:00:00Z,14.0,0.3066666666666666,0.9422996585161674,0.9248570666028242
turbine_1,2025-12-20T18:00:00Z,2025-12-21T09:00:00Z,15.0,0.3283333333333333,0.8127014244009331,0.8254910046922199
turbine_1,2025-12-20T18:00:00Z,2025-12-21T10:00:00Z,16.0,0.5,0.6641727206434088,0.6797078856011958
turbine_1,2025-12-20T18:00:00Z,2025-12-21T11:00:00Z,17.0,0.4166666666666667,0.6025164456252902,0.6451597208313342
turbine_1,2025-12-20T18:00:00Z,2025-12-21T12:00:00Z,18.0,0.4666666666666666,0.6687537958326223,0.6567546158549282
turbine_1,2025-12-20T18:00:00Z,2025-12-21T13:00:00Z,19.0,0.5633333333333334,0.6442064731628507,0.6467732978494994
turbine_1,2025-12-20T18:00:00Z,2025-12-21T14:00:00Z,20.0,0.7516666666666666,0.6243587046711911,0.6104956228826948
turbine_1,2025-12-20T18:00:00Z,2025-12-21T15:00:00Z,21.0,0.6883333333333334,0.5493089129118018,0.5348341198791349
turbine_1,2025-12-20T18:00:00Z,2025-12-21T16:00:00Z,22.0,0.6733333333333333,0.5157113420095425,0.48483717718290487
turbine_1,2025-12-20T18:00:00Z,2025-12-21T17:00:00Z,23.0,0.5033333333333333,0.44354506238913505,0.4610609321614735
turbine_1,2025-12-20T18:00:00Z,2025-12-21T18:00:00Z,24.0,0.57,0.34333056079919605,0.34322668861339134
turbine_1,2025-12-20T18:00:00Z,2025-12-21T19:00:00Z,25.0,0.6566666666666666,0.3279367359331068,0.3068789916647412
turbine_1,2025-12-20T18:00:00Z,2025-12-21T20:00:00Z,26.0,0.4816666666666666,0.2054614460229672,0.2164045301173042
turbine_1,2025-12-20T18:00:00Z,2025-12-21T21:00:00Z,27.0,0.1783333333333333,0.12691029408719387,0.12179244896812098
turbine_1,2025-12-20T18:00:00Z,2025-12-21T22:00:00Z,28.0,0.01,0.05646746739731137,0.05194915183098883
turbine_1,2025-12-20T18:00:00Z,2025-12-21T23:00:00Z,29.0,0.015,0.014780995418018417,0.027565108215181156
turbine_1,2025-12-20T18:00:00Z,2025-12-22T00:00:00Z,30.0,0.095,0.01325820134376543,0.018220168052245467
turbine_1,2025-12-20T18:00:00Z,2025-12-22T01:00:00Z,31.0,0.1999999999999999,0.05444229541719847,0.032677217512773665
turbine_1,2025-12-20T18:00:00Z,2025-12-22T02:00:00Z,32.0,0.1333333333333333,0.13230772831172805,0.1619290880885147
turbine_1,2025-12-20T18:00:00Z,2025-12-22T03:00:00Z,33.0,0.1816666666666666,0.30394862524220784,0.28633589748484534
turbine_1,2025-12-20T18:00:00Z,2025-12-22T04:00:00Z,34.0,0.5533333333333333,0.6125502364750595,0.6570494855386705
turbine_1,2025-12-20T18:00:00Z,2025-12-22T05:00:00Z,35.0,0.965,0.9229512428883719,0.9086225096630259
turbine_1,2025-12-20T18:00:00Z,2025-12-22T06:00:00Z,36.0,0.975,0.9728699327569704,0.9556647541225154
turbine_1,2025-12-20T18:00:00Z,2025-12-22T07:00:00Z,37.0,0.9866666666666668,0.9752165678430095,0.9592863787124883
turbine_1,2025-12-20T18:00:00Z,2025-12-22T08:00:00Z,38.0,0.9566666666666668,0.9745398793741553,0.9614123323430115
turbine_1,2025-12-20T18:00:00Z,2025-12-22T09:00:00Z,39.0,0.9883333333333332,0.9812243560591222,0.9560812807213743
turbine_1,2025-12-20T18:00:00Z,2025-12-22T10:00:00Z,40.0,0.9883333333333332,0.9530021934668464,0.943964949482881
turbine_1,2025-12-20T18:00:00Z,2025-12-22T11:00:00Z,41.0,0.99,0.9599087296399264,0.9243471477931773
turbine_1,2025-12-20T18:00:00Z,2025-12-22T12:00:00Z,42.0,0.99,0.7801325194869922,0.7738748538091265
turbine_1,2025-12-20T18:00:00Z,2025-12-22T13:00:00Z,43.0,0.975,0.6293823629518043,0.6266961206160807
turbine_1,2025-12-20T18:00:00Z,2025-12-22T14:00:00Z,44.0,0.5850000000000001,0.6300557589391942,0.5665405052524473
turbine_1,2025-12-20T18:00:00Z,2025-12-22T15:00:00Z,45.0,0.1149999999999999,0.6432112076767365,0.5837227471054257
turbine_1,2025-12-20T18:00:00Z,2025-12-22T16:00:00Z,46.0,0.1733333333333333,0.5619238803488803,0.49663344860767383
turbine_1,2025-12-20T18:00:00Z,2025-12-22T17:00:00Z,47.0,0.1116666666666666,0.25763405502431797,0.32042068068370705
turbine_1,2025-12-20T18:00:00Z,2025-12-22T18:00:00Z,48.0,0.075,0.21259799161530155,0.17652239081631801
turbine_1,2025-12-21T18:00:00Z,2025-12-21T19:00:00Z,1.0,0.6566666666666666,0.4247291178406203,0.39688640465466485
turbine_1,2025-12-21T18:00:00Z,2025-12-21T20:00:00Z,2.0,0.4816666666666666,0.23393227336308833,0.2298650371170626
turbine_1,2025-12-21T18:00:00Z,2025-12-21T21:00:00Z,3.0,0.1783333333333333,0.13558401859722988,0.12659624198810537
turbine_1,2025-12-21T18:00:00Z,2025-12-21T22:00:00Z,4.0,0.01,0.0703875696752885,0.06635582515614685
turbine_1,2025-12-21T18:00:00Z,2025-12-21T23:00:00Z,5.0,0.015,0.01708219548919976,0.03276912458044659
turbine_1,2025-12-21T18:00:00Z,2025-12-22T00:00:00Z,6.0,0.095,0.011122551499534006,0.01628498829296915
turbine_1,2025-12-21T18:00:00Z,2025-12-22T01:00:00Z,7.0,0.1999999999999999,0.017091157414383468,0.02019419968157568
turbine_1,2025-12-21T18:00:00Z,2025-12-22T02:00:00Z,8.0,0.1333333333333333,0.04318597878809888,0.031550171391243914
turbine_1,2025-12-21T18:00:00Z,2025-12-22T03:00:00Z,9.0,0.1816666666666666,0.11160188330552803,0.09275775134981892
turbine_1,2025-12-21T18:00:00Z,2025-12-22T04:00:00Z,10.0,0.5533333333333333,0.40183312703018337,0.42319789490155346
turbine_1,2025-12-21T18:00:00Z,2025-12-22T05:00:00Z,11.0,0.965,0.8913506371692455,0.8959556295904705
turbine_1,2025-12-21T18:00:00Z,2025-12-22T06:00:00Z,12.0,0.975,0.9677857129200168,0.944178305361137
turbine_1,2025-12-21T18:00:00Z,2025-12-22T07:00:00Z,13.0,0.9866666666666668,0.9525727938113012,0.9377031586832365
turbine_1,2025-12-21T18:00:00Z,2025-12-22T08:00:00Z,14.0,0.9566666666666668,0.9312816233295607,0.9328576949740675
turbine_1,2025-12-21T18:00:00Z,2025-12-22T09:00:00Z,15.0,0.9883333333333332,0.9885647152043813,0.9550810205173037
turbine_1,2025-12-21T18:00:00Z,2025-12-22T10:00:00Z,16.0,0.9883333333333332,0.9959894062328505,0.9590313249483922
turbine_1,2025-12-21T18:00:00Z,2025-12-22T11:00:00Z,17.0,0.99,0.9635285020439315,0.9384305635747889
turbine_1,2025-12-21T18:00:00Z,2025-12-22T12:00:00Z,18.0,0.99,0.7948363846362942,0.8233907676216797
turbine_1,2025-12-21T18:00:00Z,2025-12-22T13:00:00Z,19.0,0.975,0.6531395866017938,0.657206162388244
turbine_1,2025-12-21T18:00:00Z,2025-12-22T14:00:00Z,20.0,0.5850000000000001,0.6122802540107318,0.5764537153106435
turbine_1,2025-12-21T18:00:00Z,2025-12-22T15:00:00Z,21.0,0.1149999999999999,0.37644100087786914,0.4043035345538116
turbine_1,2025-12-21T18:00:00Z,2025-12-22T16:00:00Z,22.0,0.1733333333333333,0.2264359978245652,0.20299182756611858
turbine_1,2025-12-21T18:00:00Z,2025-12-22T17:00:00Z,23.0,0.1116666666666666,0.17973201987294718,0.17257270707671385
turbine_1,2025-12-21T18:00:00Z,2025-12-22T18:00:00Z,24.0,0.075,0.11537006085951927,0.12675560687554893
turbine_1,2025-12-21T18:00:00Z,2025-12-22T19:00:00Z,25.0,0.0233333333333333,0.1069382958962889,0.07929796342238529
turbine_1,2025-12-21T18:00:00Z,2025-12-22T20:00:00Z,26.0,0.01,0.06637091079889076,0.06462996883938943
turbine_1,2025-12-21T18:00:00Z,2025-12-22T21:00:00Z,27.0,0.01,0.058201354477581985,0.05298071904690127
turbine_1,2025-12-21T18:00:00Z,2025-12-22T22:00:00Z,28.0,0.015,0.05156729201309804,0.050269345120828784
turbine_1,2025-12-21T18:00:00Z,2025-12-22T23:00:00Z,29.0,0.01,0.04928024506502951,0.03955529078697931
turbine_1,2025-12-21T18:00:00Z,2025-12-23T00:00:00Z,30.0,0.01,0.04663721646333882,0.041939472771474307
turbine_1,2025-12-21T18:00:00Z,2025-12-23T01:00:00Z,31.0,0.01,0.03227572217988253,0.03321204395389596
turbine_1,2025-12-21T18:00:00Z,2025-12-23T02:00:00Z,32.0,0.01,0.021773577998448174,0.025757252873959524
turbine_1,2025-12-21T18:00:00Z,2025-12-23T03:00:00Z,33.0,0.0349999999999999,0.018063550880830337,0.023153411219461573
turbine_1,2025-12-21T18:00:00Z,2025-12-23T04:00:00Z,34.0,0.0216666666666666,0.016021861561371475,0.02342862576525806
turbine_1,2025-12-21T18:00:00Z,2025-12-23T05:00:00Z,35.0,0.01,0.0185256852273305,0.021746985566207105
turbine_1,2025-12-21T18:00:00Z,2025-12-23T06:00:00Z,36.0,0.01,0.02181263971089853,0.0202561449717181
turbine_1,2025-12-21T18:00:00Z,2025-12-23T07:00:00Z,37.0,0.01,0.03907408250000388,0.031725314956978806
turbine_1,2025-12-21T18:00:00Z,2025-12-23T08:00:00Z,38.0,0.01,0.04390389468004707,0.037018778619205356
turbine_1,2025-12-21T18:00:00Z,2025-12-23T09:00:00Z,39.0,0.01,0.034758191783040626,0.03638059005341898
turbine_1,2025-12-21T18:00:00Z,2025-12-23T10:00:00Z,40.0,0.01,0.040133562979819015,0.03909781088767672
turbine_1,2025-12-21T18:00:00Z,2025-12-23T11:00:00Z,41.0,0.01,0.05484137513245896,0.06005899517226271
turbine_1,2025-12-21T18:00:00Z,2025-12-23T12:00:00Z,42.0,0.01,0.06403267087876374,0.08172107171172528
turbine_1,2025-12-21T18:00:00Z,2025-12-23T13:00:00Z,43.0,0.01,0.049775768960507116,0.06632163412270067
turbine_1,2025-12-21T18:00:00Z,2025-12-23T14:00:00Z,44.0,0.01,0.04931848781168563,0.05336165761538664
turbine_1,2025-12-21T18:00:00Z,2025-12-23T15:00:00Z,45.0,0.01,0.041979750248937575,0.05008019466266389
turbine_1,2025-12-21T18:00:00Z,2025-12-23T16:00:00Z,46.0,0.01,0.04966777149948015,0.053649774312688
turbine_1,2025-12-21T18:00:00Z,2025-12-23T17:00:00Z,47.0,0.0083333333333333,0.05718319109558484,0.06538460683234298
turbine_1,2025-12-21T18:00:00Z,2025-12-23T18:00:00Z,48.0,0.0783333333333333,0.07953001593656421,0.07534006483177828
turbine_1,2025-12-22T18:00:00Z,2025-12-22T19:00:00Z,1.0,0.0233333333333333,0.1872417201602834,0.1433777235161728
turbine_1,2025-12-22T18:00:00Z,2025-12-22T20:00:00Z,2.0,0.01,0.11485877579606431,0.11056064630127085
turbine_1,2025-12-22T18:00:00Z,2025-12-22T21:00:00Z,3.0,0.01,0.10944581482472436,0.0949059352584728
turbine_1,2025-12-22T18:00:00Z,2025-12-22T22:00:00Z,4.0,0.015,0.1335260237328234,0.16064413666745628
turbine_1,2025-12-22T18:00:00Z,2025-12-22T23:00:00Z,5.0,0.01,0.1795912313963216,0.2169273978466368
turbine_1,2025-12-22T18:00:00Z,2025-12-23T00:00:00Z,6.0,0.01,0.2718177818717828,0.2599826247767507
turbine_1,2025-12-22T18:00:00Z,2025-12-23T01:00:00Z,7.0,0.01,0.15478918451600213,0.17854841348821493
turbine_1,2025-12-22T18:00:00Z,2025-12-23T02:00:00Z,8.0,0.01,0.1066777763694079,0.09312481798760913
turbine_1,2025-12-22T18:00:00Z,2025-12-23T03:00:00Z,9.0,0.0349999999999999,0.08412581025873836,0.06791320160451547
turbine_1,2025-12-22T18:00:00Z,2025-12-23T04:00:00Z,10.0,0.0216666666666666,0.07045203399277777,0.07041509735464749
turbine_1,2025-12-22T18:00:00Z,2025-12-23T05:00:00Z,11.0,0.01,0.07712369264630767,0.09225982668361926
turbine_1,2025-12-22T18:00:00Z,2025-12-23T06:00:00Z,12.0,0.01,0.08853620805150088,0.09197711757910453
turbine_1,2025-12-22T18:00:00Z,2025-12-23T07:00:00Z,13.0,0.01,0.07121896355319643,0.06461373677348833
turbine_1,2025-12-22T18:00:00Z,2025-12-23T08:00:00Z,14.0,0.01,0.0934440362938678,0.062427080296190485
turbine_1,2025-12-22T18:00:00Z,2025-12-23T09:00:00Z,15.0,0.01,0.05562621434494125,0.04934413002637858
turbine_1,2025-12-22T18:00:00Z,2025-12-23T10:00:00Z,16.0,0.01,0.04928505313721826,0.040601635034172245
turbine_1,2025-12-22T18:00:00Z,2025-12-23T11:00:00Z,17.0,0.01,0.04058966012659232,0.03836869806464746
turbine_1,2025-12-22T18:00:00Z,2025-12-23T12:00:00Z,18.0,0.01,0.053248578651316936,0.049537055717221695
turbine_1,2025-12-22T18:00:00Z,2025-12-23T13:00:00Z,19.0,0.01,0.05170580730590796,0.04770186834544293
turbine_1,2025-12-22T18:00:00Z,2025-12-23T14:00:00Z,20.0,0.01,0.053021448030218854,0.045089817748528854
turbine_1,2025-12-22T18:00:00Z,2025-12-23T15:00:00Z,21.0,0.01,0.04450523092674924,0.03776378570958763
turbine_1,2025-12-22T18:00:00Z,2025-12-23T16:00:00Z,22.0,0.01,0.042500767706201925,0.039445995025881336
turbine_1,2025-12-22T18:00:00Z,2025-12-23T17:00:00Z,23.0,0.0083333333333333,0.04530239564653821,0.040138150446091786
turbine_1,2025-12-22T18:00:00Z,2025-12-23T18:00:00Z,24.0,0.0783333333333333,0.04767905644331835,0.04508797674037243
turbine_1,2025-12-22T18:00:00Z,2025-12-23T19:00:00Z,25.0,0.18,0.10419137183372602,0.0776661150099725
turbine_1,2025-12-22T18:00:00Z,2025-12-23T20:00:00Z,26.0,0.305,0.14153196690831726,0.14456015807662415
turbine_1,2025-12-22T18:00:00Z,2025-12-23T21:00:00Z,27.0,0.735,0.20575138010778912,0.23010430324623665
turbine_1,2025-12-22T18:00:00Z,2025-12-23T22:00:00Z,28.0,0.6533333333333333,0.22048954023352393,0.2517979682827976
turbine_1,2025-12-22T18:00:00Z,2025-12-23T23:00:00Z,29.0,0.5683333333333334,0.2430301595958092,0.24702007492830483
turbine_1,2025-12-22T18:00:00Z,2025-12-24T00:00:00Z,30.0,0.7633333333333333,0.20594196369510995,0.21433313132973517
turbine_1,2025-12-22T18:00:00Z,2025-12-24T01:00:00Z,31.0,0.8833333333333333,0.16447403286364143,0.20442725400299527
turbine_1,2025-12-22T18:00:00Z,2025-12-24T02:00:00Z,32.0,0.5833333333333334,0.16578895865234647,0.20219467764389168
turbine_1,2025-12-22T18:00:00Z,2025-12-24T03:00:00Z,33.0,0.6816666666666666,0.20917374769082545,0.20954275288627525
turbine_1,2025-12-22T18:00:00Z,2025-12-24T04:00:00Z,34.0,0.5583333333333333,0.2237761313674048,0.24145297806232238
turbine_1,2025-12-22T18:00:00Z,2025-12-24T05:00:00Z,35.0,0.4583333333333333,0.3297621912629136,0.32228455844676307
turbine_1,2025-12-22T18:00:00Z,2025-12-24T06:00:00Z,36.0,0.2716666666666666,0.32106558671801533,0.34606388138526134
turbine_1,2025-12-22T18:00:00Z,2025-12-24T07:00:00Z,37.0,0.2133333333333333,0.30959256985007205,0.32893808675943803
turbine_1,2025-12-22T18:00:00Z,2025-12-24T08:00:00Z,38.0,0.2299999999999999,0.3270692900193774,0.38708651403683425
turbine_1,2025-12-22T18:00:00Z,2025-12-24T09:00:00Z,39.0,0.235,0.40098982464756805,0.4381004942054437
turbine_1,2025-12-22T18:00:00Z,2025-12-24T10:00:00Z,40.0,0.2083333333333333,0.48108476930441224,0.5184797828004011
turbine_1,2025-12-22T18:00:00Z,2025-12-24T11:00:00Z,41.0,0.26,0.6203351809650617,0.6136910716129053
turbine_1,2025-12-22T18:00:00Z,2025-12-24T12:00:00Z,42.0,0.295,0.6393034156218983,0.6279393808210233
turbine_1,2025-12-22T18:00:00Z,2025-12-24T13:00:00Z,43.0,0.2483333333333333,0.6316136309294967,0.6403858924289048
turbine_1,2025-12-22T18:00:00Z,2025-12-24T14:00:00Z,44.0,0.2866666666666667,0.6975563719013798,0.6943914844951087
turbine_1,2025-12-22T18:00:00Z,2025-12-24T15:00:00Z,45.0,0.5516666666666666,0.7392368558096679,0.7239343121487811
turbine_1,2025-12-22T18:00:00Z,2025-12-24T16:00:00Z,46.0,0.5616666666666666,0.7191074487257536,0.7093983412270255
turbine_1,2025-12-22T18:00:00Z,2025-12-24T17:00:00Z,47.0,0.365,0.6987780733816392,0.6887424412438856
turbine_1,2025-12-22T18:00:00Z,2025-12-24T18:00:00Z,48.0,0.5433333333333333,0.7080357612875571,0.6605606399267314
turbine_1,2025-12-23T18:00:00Z,2025-12-23T19:00:00Z,1.0,0.18,0.3348355236535902,0.28209659569784823
turbine_1,2025-12-23T18:00:00Z,2025-12-23T20:00:00Z,2.0,0.305,0.47825238047164953,0.43155547971159447
turbine_1,2025-12-23T18:00:00Z,2025-12-23T21:00:00Z,3.0,0.735,0.470616362638813,0.4371120077784785
turbine_1,2025-12-23T18:00:00Z,2025-12-23T22:00:00Z,4.0,0.6533333333333333,0.47839520312706574,0.46559148003077916
turbine_1,2025-12-23T18:00:00Z,2025-12-23T23:00:00Z,5.0,0.5683333333333334,0.447431832252156,0.43548682445624853
turbine_1,2025-12-23T18:00:00Z,2025-12-24T00:00:00Z,6.0,0.7633333333333333,0.4350328839340562,0.41066904248227076
turbine_1,2025-12-23T18:00:00Z,2025-12-24T01:00:00Z,7.0,0.8833333333333333,0.36657474196981965,0.36579796910020773
turbine_1,2025-12-23T18:00:00Z,2025-12-24T02:00:00Z,8.0,0.5833333333333334,0.24341618218293098,0.2324741116178225
turbine_1,2025-12-23T18:00:00Z,2025-12-24T03:00:00Z,9.0,0.6816666666666666,0.2314872520840529,0.24221496599495396
turbine_1,2025-12-23T18:00:00Z,2025-12-24T04:00:00Z,10.0,0.5583333333333333,0.24821070288592387,0.26523078274984396
turbine_1,2025-12-23T18:00:00Z,2025-12-24T05:00:00Z,11.0,0.4583333333333333,0.44134269519072566,0.3916063134060263
turbine_1,2025-12-23T18:00:00Z,2025-12-24T06:00:00Z,12.0,0.2716666666666666,0.5305243471475061,0.5431504893634598
turbine_1,2025-12-23T18:00:00Z,2025-12-24T07:00:00Z,13.0,0.2133333333333333,0.5893912632245971,0.6228258107867148
turbine_1,2025-12-23T18:00:00Z,2025-12-24T08:00:00Z,14.0,0.2299999999999999,0.6631809341943148,0.7232157067992243
turbine_1,2025-12-23T18:00:00Z,2025-12-24T09:00:00Z,15.0,0.235,0.7643392594139893,0.7841420927614845
turbine_1,2025-12-23T18:00:00Z,2025-12-24T10:00:00Z,16.0,0.2083333333333333,0.7596781306047069,0.7744599466726206
turbine_1,2025-12-23T18:00:00Z,2025-12-24T11:00:00Z,17.0,0.26,0.6614393693240942,0.6670615298699256
turbine_1,2025-12-23T18:00:00Z,2025-12-24T12:00:00Z,18.0,0.295,0.6422516603734895,0.6383847193988115
turbine_1,2025-12-23T18:00:00Z,2025-12-24T13:00:00Z,19.0,0.2483333333333333,0.5877915227891383,0.5494032613732276
turbine_1,2025-12-23T18:00:00Z,2025-12-24T14:00:00Z,20.0,0.2866666666666667,0.4413987230919882,0.4159736365878482
turbine_1,2025-12-23T18:00:00Z,2025-12-24T15:00:00Z,21.0,0.5516666666666666,0.40079726576869285,0.38305353014865595
turbine_1,2025-12-23T18:00:00Z,2025-12-24T16:00:00Z,22.0,0.5616666666666666,0.588206177762925,0.5477544307853188
turbine_1,2025-12-23T18:00:00Z,2025-12-24T17:00:00Z,23.0,0.365,0.5463818498643043,0.46533330748194557
turbine_1,2025-12-23T18:00:00Z,2025-12-24T18:00:00Z,24.0,0.5433333333333333,0.6344640059443022,0.6387471084353147
turbine_1,2025-12-23T18:00:00Z,2025-12-24T19:00:00Z,25.0,0.4716666666666667,0.7140620440918028,0.6804262137839217
turbine_1,2025-12-23T18:00:00Z,2025-12-24T20:00:00Z,26.0,0.4733333333333333,0.7588384884886665,0.8082337896079309
turbine_1,2025-12-23T18:00:00Z,2025-12-24T21:00:00Z,27.0,0.6716666666666667,0.8262449016256499,0.8438561414565684
turbine_1,2025-12-23T18:00:00Z,2025-12-24T22:00:00Z,28.0,0.4333333333333333,0.8594901307943736,0.8597741462747992
turbine_1,2025-12-23T18:00:00Z,2025-12-24T23:00:00Z,29.0,0.565,0.892111802388538,0.899487236460933
turbine_1,2025-12-23T18:00:00Z,2025-12-25T00:00:00Z,30.0,0.555,0.8935039509375305,0.9129408330557824
turbine_1,2025-12-23T18:00:00Z,2025-12-25T01:00:00Z,31.0,0.3966666666666666,0.8957847603758458,0.9110843101087508
turbine_1,2025-12-23T18:00:00Z,2025-12-25T02:00:00Z,32.0,0.43,0.9019209689721868,0.903807431616445
turbine_1,2025-12-23T18:00:00Z,2025-12-25T03:00:00Z,33.0,0.3983333333333334,0.9094401916473646,0.9110778316241755
turbine_1,2025-12-23T18:00:00Z,2025-12-25T04:00:00Z,34.0,0.1733333333333333,0.9579659616805271,0.9348575496705193
turbine_1,2025-12-23T18:00:00Z,2025-12-25T05:00:00Z,35.0,0.1483333333333333,0.9781723996140681,0.9499100653102004
turbine_1,2025-12-23T18:00:00Z,2025-12-25T06:00:00Z,36.0,0.205,0.9749648164549097,0.9589199958982833
turbine_1,2025-12-23T18:00:00Z,2025-12-25T07:00:00Z,37.0,0.125,0.9770514311171189,0.9612717811851317
turbine_1,2025-12-23T18:00:00Z,2025-12-25T08:00:00Z,38.0,0.2033333333333333,0.9821489695655795,0.9660297182344475
turbine_1,2025-12-23T18:00:00Z,2025-12-25T09:00:00Z,39.0,0.1616666666666666,1.0,0.9647950334147499
turbine_1,2025-12-23T18:00:00Z,2025-12-25T10:00:00Z,40.0,0.1966666666666666,0.9800860852270245,0.9596012540623036
turbine_1,2025-12-23T18:00:00Z,2025-12-25T11:00:00Z,41.0,0.1916666666666666,0.946887503119658,0.9379628651019807
turbine_1,2025-12-23T18:00:00Z,2025-12-25T12:00:00Z,42.0,0.1483333333333333,0.9058828769404753,0.9230743270052515
turbine_1,2025-12-23T18:00:00Z,2025-12-25T13:00:00Z,43.0,0.1516666666666666,0.9075985246513821,0.9399618724648751
turbine_1,2025-12-23T18:00:00Z,2025-12-25T14:00:00Z,44.0,0.3533333333333333,0.907468883918421,0.9156199215400005
turbine_1,2025-12-23T18:00:00Z,2025-12-25T15:00:00Z,45.0,0.7666666666666666,0.9088119095780868,0.9144964475855795
turbine_1,2025-12-23T18:00:00Z,2025-12-25T16:00:00Z,46.0,0.85,0.8900703772329105,0.9085698237589555
turbine_1,2025-12-23T18:00:00Z,2025-12-25T17:00:00Z,47.0,0.455,0.8894051698062478,0.8839875240850026
turbine_1,2025-12-23T18:00:00Z,2025-12-25T18:00:00Z,48.0,0.2533333333333333,0.8620335402571077,0.8516845294398223
turbine_1,2025-12-24T18:00:00Z,2025-12-24T19:00:00Z,1.0,0.4716666666666667,0.822193221063259,0.7978175459696021
turbine_1,2025-12-24T18:00:00Z,2025-12-24T20:00:00Z,2.0,0.4733333333333333,0.8799865970291136,0.8382997984760722
turbine_1,2025-12-24T18:00:00Z,2025-12-24T21:00:00Z,3.0,0.6716666666666667,0.9124936065028472,0.9081789215315889
turbine_1,2025-12-24T18:00:00Z,2025-12-24T22:00:00Z,4.0,0.4333333333333333,0.9217306291637921,0.9126080488202927
turbine_1,2025-12-24T18:00:00Z,2025-12-24T23:00:00Z,5.0,0.565,0.9075910689484001,0.9099366688928523
turbine_1,2025-12-24T18:00:00Z,2025-12-25T00:00:00Z,6.0,0.555,0.8951571367749214,0.9075934655570727
turbine_1,2025-12-24T18:00:00Z,2025-12-25T01:00:00Z,7.0,0.3966666666666666,0.8957847603758458,0.9091054945825076
turbine_1,2025-12-24T18:00:00Z,2025-12-25T02:00:00Z,8.0,0.43,0.8904564967212373,0.9028130495291781
turbine_1,2025-12-24T18:00:00Z,2025-12-25T03:00:00Z,9.0,0.3983333333333334,0.9013245464824141,0.9062330272704204
turbine_1,2025-12-24T18:00:00Z,2025-12-25T04:00:00Z,10.0,0.1733333333333333,0.9292953591477434,0.9235880171822973
turbine_1,2025-12-24T18:00:00Z,2025-12-25T05:00:00Z,11.0,0.1483333333333333,0.9732157547667248,0.9452966491438971
turbine_1,2025-12-24T18:00:00Z,2025-12-25T06:00:00Z,12.0,0.205,0.9749648164549097,0.9536836437429935
turbine_1,2025-12-24T18:00:00Z,2025-12-25T07:00:00Z,13.0,0.125,0.9770514311171189,0.9561713803670018
turbine_1,2025-12-24T18:00:00Z,2025-12-25T08:00:00Z,14.0,0.2033333333333333,0.9807091447972028,0.96388895651944
turbine_1,2025-12-24T18:00:00Z,2025-12-25T09:00:00Z,15.0,0.1616666666666666,1.0,0.9637748232757484
turbine_1,2025-12-24T18:00:00Z,2025-12-25T10:00:00Z,16.0,0.1966666666666666,1.0,0.9687728827348223
turbine_1,2025-12-24T18:00:00Z,2025-12-25T11:00:00Z,17.0,0.1916666666666666,0.978397969996254,0.9583090883312348
turbine_1,2025-12-24T18:00:00Z,2025-12-25T12:00:00Z,18.0,0.1483333333333333,0.9329151134229724,0.942645543558972
turbine_1,2025-12-24T18:00:00Z,2025-12-25T13:00:00Z,19.0,0.1516666666666666,0.9071934799080744,0.9283653748773095
turbine_1,2025-12-24T18:00:00Z,2025-12-25T14:00:00Z,20.0,0.3533333333333333,0.8995687161017274,0.9178048803030123
turbine_1,2025-12-24T18:00:00Z,2025-12-25T15:00:00Z,21.0,0.7666666666666666,0.8528628094523331,0.8683809498081285
turbine_1,2025-12-24T18:00:00Z,2025-12-25T16:00:00Z,22.0,0.85,0.8864684297757244,0.8943729228852546
turbine_1,2025-12-24T18:00:00Z,2025-12-25T17:00:00Z,23.0,0.455,0.7304509888200778,0.71487372666157
turbine_1,2025-12-24T18:00:00Z,2025-12-25T18:00:00Z,24.0,0.2533333333333333,0.6754711275907194,0.6703581496257294
turbine_1,2025-12-24T18:00:00Z,2025-12-25T19:00:00Z,25.0,0.3133333333333333,0.7064045684642913,0.6790523336839258
turbine_1,2025-12-24T18:00:00Z,2025-12-25T20:00:00Z,26.0,0.4516666666666666,0.6514355186794663,0.6623024950392835
turbine_1,2025-12-24T18:00:00Z,2025-12-25T21:00:00Z,27.0,0.64,0.8120837674389108,0.8184691279106456
turbine_1,2025-12-24T18:00:00Z,2025-12-25T22:00:00Z,28.0,0.2766666666666666,0.5667033224269384,0.5927193019976633
turbine_1,2025-12-24T18:00:00Z,2025-12-25T23:00:00Z,29.0,0.345,0.3770854556956794,0.34605024915319926
turbine_1,2025-12-24T18:00:00Z,2025-12-26T00:00:00Z,30.0,0.235,0.11900413916865266,0.054749230825162476
turbine_1,2025-12-24T18:00:00Z,2025-12-26T01:00:00Z,31.0,0.12,0.04315433189356899,0.03452265210670408
turbine_1,2025-12-24T18:00:00Z,2025-12-26T02:00:00Z,32.0,0.0516666666666666,0.021506451897589512,0.029388084886571936
turbine_1,2025-12-24T18:00:00Z,2025-12-26T03:00:00Z,33.0,0.0266666666666666,0.010676706369277145,0.017267940622622185
turbine_1,2025-12-24T18:00:00Z,2025-12-26T04:00:00Z,34.0,0.0166666666666666,0.051547920931083596,0.09273284010037343
turbine_1,2025-12-24T18:00:00Z,2025-12-26T05:00:00Z,35.0,0.1566666666666666,0.31141777964686473,0.24790493138973366
turbine_1,2025-12-24T18:00:00Z,2025-12-26T06:00:00Z,36.0,0.0583333333333333,0.715219375229387,0.7122687045105519
turbine_1,2025-12-24T18:00:00Z,2025-12-26T07:00:00Z,37.0,0.0833333333333333,0.9812835760249009,0.9544673220280182
turbine_1,2025-12-24T18:00:00Z,2025-12-26T08:00:00Z,38.0,0.2316666666666666,0.9720430808694772,0.942117536728414
turbine_1,2025-12-24T18:00:00Z,2025-12-26T09:00:00Z,39.0,0.8283333333333333,0.9382661799843811,0.9192130448379205
turbine_1,2025-12-24T18:00:00Z,2025-12-26T10:00:00Z,40.0,0.9916666666666668,0.9302873455838118,0.9033318850491294
turbine_1,2025-12-24T18:00:00Z,2025-12-26T11:00:00Z,41.0,0.99,0.7555158796614847,0.7291929219936448
turbine_1,2025-12-24T18:00:00Z,2025-12-26T12:00:00Z,42.0,0.99,0.5287740450977045,0.4745749130986424
turbine_1,2025-12-24T18:00:00Z,2025-12-26T13:00:00Z,43.0,0.9633333333333334,0.3706069901560731,0.33744359254960865
turbine_1,2025-12-24T18:00:00Z,2025-12-26T14:00:00Z,44.0,0.7366666666666667,0.308912383471819,0.3301335046972729
turbine_1,2025-12-24T18:00:00Z,2025-12-26T15:00:00Z,45.0,0.8516666666666666,0.44836403222074234,0.4842286278605501
turbine_1,2025-12-24T18:00:00Z,2025-12-26T16:00:00Z,46.0,0.3883333333333333,0.5081227086534685,0.4302180291789199
turbine_1,2025-12-24T18:00:00Z,2025-12-26T17:00:00Z,47.0,0.2916666666666667,0.49895273738301016,0.42092001075260216
turbine_1,2025-12-24T18:00:00Z,2025-12-26T18:00:00Z,48.0,0.2133333333333333,0.5014214139007267,0.4868069860686652
turbine_1,2025-12-25T18:00:00Z,2025-12-25T19:00:00Z,1.0,0.3133333333333333,0.6149492240850771,0.556867959890431
turbine_1,2025-12-25T18:00:00Z,2025-12-25T20:00:00Z,2.0,0.4516666666666666,0.6111912161823058,0.591751924169257
turbine_1,2025-12-25T18:00:00Z,2025-12-25T21:00:00Z,3.0,0.64,0.7361773920488972,0.7095575861137763
turbine_1,2025-12-25T18:00:00Z,2025-12-25T22:00:00Z,4.0,0.2766666666666666,0.6958967545830232,0.6882892027343946
turbine_1,2025-12-25T18:00:00Z,2025-12-25T23:00:00Z,5.0,0.345,0.579048591747028,0.5818639453049461
turbine_1,2025-12-25T18:00:00Z,2025-12-26T00:00:00Z,6.0,0.235,0.13257541286271468,0.1565009102082413
turbine_1,2025-12-25T18:00:00Z,2025-12-26T01:00:00Z,7.0,0.12,0.08053532758634348,0.04883661639680831
turbine_1,2025-12-25T18:00:00Z,2025-12-26T02:00:00Z,8.0,0.0516666666666666,0.024624527525785533,0.02545883924370998
turbine_1,2025-12-25T18:00:00Z,2025-12-26T03:00:00Z,9.0,0.0266666666666666,0.01075512512821214,0.016880005895375194
turbine_1,2025-12-25T18:00:00Z,2025-12-26T04:00:00Z,10.0,0.0166666666666666,0.023335016098611994,0.03538830071690652
turbine_1,2025-12-25T18:00:00Z,2025-12-26T05:00:00Z,11.0,0.1566666666666666,0.06279432756606673,0.04959232279077197
turbine_1,2025-12-25T18:00:00Z,2025-12-26T06:00:00Z,12.0,0.0583333333333333,0.12060008628646297,0.10817644768393717
turbine_1,2025-12-25T18:00:00Z,2025-12-26T07:00:00Z,13.0,0.0833333333333333,0.33881523283888937,0.3130462398810695
turbine_1,2025-12-25T18:00:00Z,2025-12-26T08:00:00Z,14.0,0.2316666666666666,0.4051075860327961,0.3677615380577731
turbine_1,2025-12-25T18:00:00Z,2025-12-26T09:00:00Z,15.0,0.8283333333333333,0.6336750032745606,0.6567149494629744
turbine_1,2025-12-25T18:00:00Z,2025-12-26T10:00:00Z,16.0,0.9916666666666668,0.8049044528430364,0.8228959367248214
turbine_1,2025-12-25T18:00:00Z,2025-12-26T11:00:00Z,17.0,0.99,0.8780566371505509,0.8560993563743222
turbine_1,2025-12-25T18:00:00Z,2025-12-26T12:00:00Z,18.0,0.99,0.8619268732820754,0.8431789976020154
turbine_1,2025-12-25T18:00:00Z,2025-12-26T13:00:00Z,19.0,0.9633333333333334,0.8474186751552681,0.8318719168426929
turbine_1,2025-12-25T18:00:00Z,2025-12-26T14:00:00Z,20.0,0.7366666666666667,0.7178792774129553,0.6591790889922319
turbine_1,2025-12-25T18:00:00Z,2025-12-26T15:00:00Z,21.0,0.8516666666666666,0.6465022591225862,0.6183597741898532
turbine_1,2025-12-25T18:00:00Z,2025-12-26T16:00:00Z,22.0,0.3883333333333333,0.6960799338763689,0.6734570022993792
turbine_1,2025-12-25T18:00:00Z,2025-12-26T17:00:00Z,23.0,0.2916666666666667,0.5378482280646026,0.5187048508280394
turbine_1,2025-12-25T18:00:00Z,2025-12-26T18:00:00Z,24.0,0.2133333333333333,0.2680024298208036,0.2869827082734703
turbine_1,2025-12-25T18:00:00Z,2025-12-26T19:00:00Z,25.0,0.2533333333333333,0.120591563596295,0.10278190249061234
turbine_1,2025-12-25T18:00:00Z,2025-12-26T20:00:00Z,26.0,0.18,0.027337924360788413,0.03059502489493035
turbine_1,2025-12-25T18:00:00Z,2025-12-26T21:00:00Z,27.0,0.2016666666666666,0.016647601288784675,0.018623977725685664
turbine_1,2025-12-25T18:00:00Z,2025-12-26T22:00:00Z,28.0,0.1383333333333333,0.011962135623280856,0.01752135928699375
turbine_1,2025-12-25T18:00:00Z,2025-12-26T23:00:00Z,29.0,0.0183333333333333,0.030096200627248743,0.027109490104169437
turbine_1,2025-12-25T18:00:00Z,2025-12-27T00:00:00Z,30.0,0.0416666666666666,0.23300672774823883,0.21923853177101515
turbine_1,2025-12-25T18:00:00Z,2025-12-27T01:00:00Z,31.0,0.1183333333333333,0.5206011431600677,0.48730886692584363
turbine_1,2025-12-25T18:00:00Z,2025-12-27T02:00:00Z,32.0,0.2233333333333333,0.5956050119672324,0.598113679601823
turbine_1,2025-12-25T18:00:00Z,2025-12-27T03:00:00Z,33.0,0.2066666666666666,0.816792148401478,0.8247605081418629
turbine_1,2025-12-25T18:00:00Z,2025-12-27T04:00:00Z,34.0,0.255,0.9563080250734801,0.9250198176498521
turbine_1,2025-12-25T18:00:00Z,2025-12-27T05:00:00Z,35.0,0.7483333333333334,0.9783757558657742,0.9519746558671662
turbine_1,2025-12-25T18:00:00Z,2025-12-27T06:00:00Z,36.0,0.97,0.9744897613288082,0.9584621595934808
turbine_1,2025-12-25T18:00:00Z,2025-12-27T07:00:00Z,37.0,0.9066666666666666,0.9758949792208171,0.9608139448803292
turbine_1,2025-12-25T18:00:00Z,2025-12-27T08:00:00Z,38.0,0.9116666666666666,0.9809925176692778,0.9638116686684033
turbine_1,2025-12-25T18:00:00Z,2025-12-27T09:00:00Z,39.0,0.925,1.0,0.9610446111065376
turbine_1,2025-12-25T18:00:00Z,2025-12-27T10:00:00Z,40.0,0.9133333333333334,0.970276085959491,0.9545100564060118
turbine_1,2025-12-25T18:00:00Z,2025-12-27T11:00:00Z,41.0,0.8733333333333334,0.9708769971069087,0.9407894019885263
turbine_1,2025-12-25T18:00:00Z,2025-12-27T12:00:00Z,42.0,0.95,0.7783282873633415,0.8395533921527303
turbine_1,2025-12-25T18:00:00Z,2025-12-27T13:00:00Z,43.0,0.9183333333333332,0.6412014288277416,0.6611646996362028
turbine_1,2025-12-25T18:00:00Z,2025-12-27T14:00:00Z,44.0,0.6033333333333334,0.616736331162475,0.5843276006806446
turbine_1,2025-12-25T18:00:00Z,2025-12-27T15:00:00Z,45.0,0.27,0.62537500661582,0.5771328180106857
turbine_1,2025-12-25T18:00:00Z,2025-12-27T16:00:00Z,46.0,0.1516666666666666,0.5945988650040369,0.554420150635911
turbine_1,2025-12-25T18:00:00Z,2025-12-27T17:00:00Z,47.0,0.3916666666666666,0.5958986004090964,0.5411135097830715
turbine_1,2025-12-25T18:00:00Z,2025-12-27T18:00:00Z,48.0,0.2783333333333333,0.5596724552499988,0.49456286224674684
turbine_1,2025-12-26T18:00:00Z,2025-12-26T19:00:00Z,1.0,0.2533333333333333,0.07415111399981018,0.05857171099738215
turbine_1,2025-12-26T18:00:00Z,2025-12-26T20:00:00Z,2.0,0.18,0.025399396569070476,0.021812845173610984
turbine_1,2025-12-26T18:00:00Z,2025-12-26T21:00:00Z,3.0,0.2016666666666666,0.017562976933727437,0.017526768267814602
turbine_1,2025-12-26T18:00:00Z,2025-12-26T22:00:00Z,4.0,0.1383333333333333,0.011490925672033414,0.016670019849455514
turbine_1,2025-12-26T18:00:00Z,2025-12-26T23:00:00Z,5.0,0.0183333333333333,0.02089549716656164,0.018956884865193424
turbine_1,2025-12-26T18:00:00Z,2025-12-27T00:00:00Z,6.0,0.0416666666666666,0.06148766004176373,0.05270310284295551
turbine_1,2025-12-26T18:00:00Z,2025-12-27T01:00:00Z,7.0,0.1183333333333333,0.23010804912567745,0.24556580750059764
turbine_1,2025-12-26T18:00:00Z,2025-12-27T02:00:00Z,8.0,0.2233333333333333,0.4240743513056052,0.43224620857033397
turbine_1,2025-12-26T18:00:00Z,2025-12-27T03:00:00Z,9.0,0.2066666666666666,0.6408086264566479,0.6839578871813736
turbine_1,2025-12-26T18:00:00Z,2025-12-27T04:00:00Z,10.0,0.255,0.9567830801995817,0.9274270065331157
turbine_1,2025-12-26T18:00:00Z,2025-12-27T05:00:00Z,11.0,0.7483333333333334,0.9783757558657742,0.946997611627013
turbine_1,2025-12-26T18:00:00Z,2025-12-27T06:00:00Z,12.0,0.97,0.973808364558608,0.9532258074381911
turbine_1,2025-12-26T18:00:00Z,2025-12-27T07:00:00Z,13.0,0.9066666666666666,0.9758949792208171,0.9557135440621993
turbine_1,2025-12-26T18:00:00Z,2025-12-27T08:00:00Z,14.0,0.9116666666666666,0.9806034264120619,0.9653485759642064
turbine_1,2025-12-26T18:00:00Z,2025-12-27T09:00:00Z,15.0,0.925,0.9819142731970044,0.9454447411087354
turbine_1,2025-12-26T18:00:00Z,2025-12-27T10:00:00Z,16.0,0.9133333333333334,0.8870125434147274,0.8779413160195774
turbine_1,2025-12-26T18:00:00Z,2025-12-27T11:00:00Z,17.0,0.8733333333333334,0.7978547440031395,0.81822048173747
turbine_1,2025-12-26T18:00:00Z,2025-12-27T12:00:00Z,18.0,0.95,0.7191186375072748,0.7342730789163031
turbine_1,2025-12-26T18:00:00Z,2025-12-27T13:00:00Z,19.0,0.9183333333333332,0.5950093650508974,0.5969577761485751
turbine_1,2025-12-26T18:00:00Z,2025-12-27T14:00:00Z,20.0,0.6033333333333334,0.5195072844566769,0.474224799287246
turbine_1,2025-12-26T18:00:00Z,2025-12-27T15:00:00Z,21.0,0.27,0.4410301611881381,0.41573759615785844
turbine_1,2025-12-26T18:00:00Z,2025-12-27T16:00:00Z,22.0,0.1516666666666666,0.42054497332233215,0.3978665558071287
turbine_1,2025-12-26T18:00:00Z,2025-12-27T17:00:00Z,23.0,0.3916666666666666,0.5249833390525691,0.44488865563579727
turbine_1,2025-12-26T18:00:00Z,2025-12-27T18:00:00Z,24.0,0.2783333333333333,0.5350586194941966,0.48180993421648444
turbine_1,2025-12-26T18:00:00Z,2025-12-27T19:00:00Z,25.0,0.73,0.5682904043694299,0.5035027186590489
turbine_1,2025-12-26T18:00:00Z,2025-12-27T20:00:00Z,26.0,0.5983333333333333,0.5675180498534783,0.5716904396334858
turbine_1,2025-12-26T18:00:00Z,2025-12-27T21:00:00Z,27.0,0.8816666666666667,0.6284772553857825,0.6324840087596092
turbine_1,2025-12-26T18:00:00Z,2025-12-27T22:00:00Z,28.0,0.9033333333333332,0.6326353073650718,0.6492596493987457
turbine_1,2025-12-26T18:00:00Z,2025-12-27T23:00:00Z,29.0,0.97,0.6532278789430428,0.6952434327862215
turbine_1,2025-12-26T18:00:00Z,2025-12-28T00:00:00Z,30.0,0.89,0.7218165291905141,0.7821861991923711
turbine_1,2025-12-26T18:00:00Z,2025-12-28T01:00:00Z,31.0,0.735,0.7698341289904467,0.8086567858894934
turbine_1,2025-12-26T18:00:00Z,2025-12-28T02:00:00Z,32.0,0.6333333333333333,0.8325639081358256,0.853243262596323
turbine_1,2025-12-26T18:00:00Z,2025-12-28T03:00:00Z,33.0,0.6733333333333333,0.845855311100364,0.8650130534017569
turbine_1,2025-12-26T18:00:00Z,2025-12-28T04:00:00Z,34.0,0.52,0.9016146395454572,0.9125369670140447
turbine_1,2025-12-26T18:00:00Z,2025-12-28T05:00:00Z,35.0,0.6766666666666667,0.9761730370261488,0.9501897456081784
turbine_1,2025-12-26T18:00:00Z,2025-12-28T06:00:00Z,36.0,0.8383333333333334,0.9749648164549097,0.9576565389113669
turbine_1,2025-12-26T18:00:00Z,2025-12-28T07:00:00Z,37.0,0.87,0.9770514311171189,0.9612717811851317
turbine_1,2025-12-26T18:00:00Z,2025-12-28T08:00:00Z,38.0,0.8966666666666666,0.9821489695655795,0.9660297182344475
turbine_1,2025-12-26T18:00:00Z,2025-12-28T09:00:00Z,39.0,0.635,1.0,0.9632867598171282
turbine_1,2025-12-26T18:00:00Z,2025-12-28T10:00:00Z,40.0,0.8250000000000001,0.9612168741661848,0.9389646052148424
turbine_1,2025-12-26T18:00:00Z,2025-12-28T11:00:00Z,41.0,0.8450000000000001,0.9168559401920092,0.9242388923030738
turbine_1,2025-12-26T18:00:00Z,2025-12-28T12:00:00Z,42.0,0.96,0.9043877301900753,0.9171729798967239
turbine_1,2025-12-26T18:00:00Z,2025-12-28T13:00:00Z,43.0,0.6516666666666667,0.8411718524117555,0.8993510114965504
turbine_1,2025-12-26T18:00:00Z,2025-12-28T14:00:00Z,44.0,0.83,0.9008100466665516,0.8907772192464414
turbine_1,2025-12-26T18:00:00Z,2025-12-28T15:00:00Z,45.0,0.5933333333333334,0.9128891482749338,0.8866936408256441
turbine_1,2025-12-26T18:00:00Z,2025-12-28T16:00:00Z,46.0,0.5533333333333333,0.8559027090824683,0.867911344054251
turbine_1,2025-12-26T18:00:00Z,2025-12-28T17:00:00Z,47.0,0.2616666666666666,0.8847334275981806,0.8724461227574092
turbine_1,2025-12-26T18:00:00Z,2025-12-28T18:00:00Z,48.0,0.385,0.8620335402571077,0.8499915980770503
turbine_1,2025-12-27T18:00:00Z,2025-12-27T19:00:00Z,1.0,0.73,0.6300084773706678,0.5834847048307845
turbine_1,2025-12-27T18:00:00Z,2025-12-27T20:00:00Z,2.0,0.5983333333333333,0.6616760956441289,0.6309223617733615
turbine_1,2025-12-27T18:00:00Z,2025-12-27T21:00:00Z,3.0,0.8816666666666667,0.6513539031673877,0.6328715013397278
turbine_1,2025-12-27T18:00:00Z,2025-12-27T22:00:00Z,4.0,0.9033333333333332,0.6877922811098249,0.7378390651748866
turbine_1,2025-12-27T18:00:00Z,2025-12-27T23:00:00Z,5.0,0.97,0.6858139615113206,0.7189123458960828
turbine_1,2025-12-27T18:00:00Z,2025-12-28T00:00:00Z,6.0,0.89,0.6866268518225639,0.7267563892764242
turbine_1,2025-12-27T18:00:00Z,2025-12-28T01:00:00Z,7.0,0.735,0.6865971996522164,0.7240240306275879
turbine_1,2025-12-27T18:00:00Z,2025-12-28T02:00:00Z,8.0,0.6333333333333333,0.7787606754642705,0.8141894290462872
turbine_1,2025-12-27T18:00:00Z,2025-12-28T03:00:00Z,9.0,0.6733333333333333,0.8930282513944053,0.8556898825496142
turbine_1,2025-12-27T18:00:00Z,2025-12-28T04:00:00Z,10.0,0.52,0.9393601641311037,0.9218140520122261
turbine_1,2025-12-27T18:00:00Z,2025-12-28T05:00:00Z,11.0,0.6766666666666667,0.9781723996140681,0.9454930627235604
turbine_1,2025-12-27T18:00:00Z,2025-12-28T06:00:00Z,12.0,0.8383333333333334,0.9749648164549097,0.9524201867560772
turbine_1,2025-12-27T18:00:00Z,2025-12-28T07:00:00Z,13.0,0.87,0.9770514311171189,0.9561713803670018
turbine_1,2025-12-27T18:00:00Z,2025-12-28T08:00:00Z,14.0,0.8966666666666666,0.9811430891469091,0.9619886693658748
turbine_1,2025-12-27T18:00:00Z,2025-12-28T09:00:00Z,15.0,0.635,1.0,0.9635708523488371
turbine_1,2025-12-27T18:00:00Z,2025-12-28T10:00:00Z,16.0,0.8250000000000001,0.9752226016259468,0.9441361149965868
turbine_1,2025-12-27T18:00:00Z,2025-12-28T11:00:00Z,17.0,0.8450000000000001,0.9168559401920092,0.9292645469215943
turbine_1,2025-12-27T18:00:00Z,2025-12-28T12:00:00Z,18.0,0.96,0.818930095457648,0.8838110262499639
turbine_1,2025-12-27T18:00:00Z,2025-12-28T13:00:00Z,19.0,0.6516666666666667,0.8246301208076903,0.8893802176190422
turbine_1,2025-12-27T18:00:00Z,2025-12-28T14:00:00Z,20.0,0.83,0.8250124289165313,0.8815023291342488
turbine_1,2025-12-27T18:00:00Z,2025-12-28T15:00:00Z,21.0,0.5933333333333334,0.7878212644042893,0.8277517010689454
turbine_1,2025-12-27T18:00:00Z,2025-12-28T16:00:00Z,22.0,0.5533333333333333,0.7151271687837716,0.7238468984280858
turbine_1,2025-12-27T18:00:00Z,2025-12-28T17:00:00Z,23.0,0.2616666666666666,0.6900836502619982,0.679618387330696
turbine_1,2025-12-27T18:00:00Z,2025-12-28T18:00:00Z,24.0,0.385,0.2787876084724296,0.3330628544511115
turbine_1,2025-12-27T18:00:00Z,2025-12-28T19:00:00Z,25.0,0.3416666666666666,0.19908519948208325,0.194544397523907
turbine_1,2025-12-27T18:00:00Z,2025-12-28T20:00:00Z,26.0,0.3416666666666666,0.13884501262516988,0.133557824646103
turbine_1,2025-12-27T18:00:00Z,2025-12-28T21:00:00Z,27.0,0.36,0.12510029411831636,0.10936130777066119
turbine_1,2025-12-27T18:00:00Z,2025-12-28T22:00:00Z,28.0,0.2933333333333333,0.17722749846156008,0.132064831072521
turbine_1,2025-12-27T18:00:00Z,2025-12-28T23:00:00Z,29.0,0.2783333333333333,0.16151941833993738,0.12608535748959326
turbine_1,2025-12-27T18:00:00Z,2025-12-29T00:00:00Z,30.0,0.31,0.24417927447746146,0.24217602370250219
turbine_1,2025-12-27T18:00:00Z,2025-12-29T01:00:00Z,31.0,0.4983333333333333,0.41156286086287674,0.4022658843271064
turbine_1,2025-12-27T18:00:00Z,2025-12-29T02:00:00Z,32.0,0.6583333333333333,0.5415573687406496,0.48947576588701736
turbine_1,2025-12-27T18:00:00Z,2025-12-29T03:00:00Z,33.0,0.8850000000000001,0.5022844352696406,0.4688434642855992
turbine_1,2025-12-27T18:00:00Z,2025-12-29T04:00:00Z,34.0,0.5499999999999999,0.6251946314707602,0.6458333516397894
turbine_1,2025-12-27T18:00:00Z,2025-12-29T05:00:00Z,35.0,0.295,0.8488128198923662,0.8672990339861585
turbine_1,2025-12-27T18:00:00Z,2025-12-29T06:00:00Z,36.0,0.225,0.9392707662662864,0.9304027539494533
turbine_1,2025-12-27T18:00:00Z,2025-12-29T07:00:00Z,37.0,0.6133333333333333,0.9709278471601692,0.9545181992571228
turbine_1,2025-12-27T18:00:00Z,2025-12-29T08:00:00Z,38.0,0.4666666666666666,0.824274459485383,0.8356755875793276
turbine_1,2025-12-27T18:00:00Z,2025-12-29T09:00:00Z,39.0,0.7599999999999999,0.6859908585448621,0.7446417792964157
turbine_1,2025-12-27T18:00:00Z,2025-12-29T10:00:00Z,40.0,0.9333333333333332,0.6020652959143996,0.6278222086206156
turbine_1,2025-12-27T18:00:00Z,2025-12-29T11:00:00Z,41.0,0.9566666666666668,0.638110685893524,0.6024654409620638
turbine_1,2025-12-27T18:00:00Z,2025-12-29T12:00:00Z,42.0,0.9883333333333332,0.6709493132407046,0.6778375001825776
turbine_1,2025-12-27T18:00:00Z,2025-12-29T13:00:00Z,43.0,0.99,0.7536309553593431,0.7706528672893276
turbine_1,2025-12-27T18:00:00Z,2025-12-29T14:00:00Z,44.0,0.99,0.7377529297036632,0.7672802182636371
turbine_1,2025-12-27T18:00:00Z,2025-12-29T15:00:00Z,45.0,0.99,0.8637483867977576,0.8790334724254063
turbine_1,2025-12-27T18:00:00Z,2025-12-29T16:00:00Z,46.0,0.99,0.8794078362573244,0.9047230919884715
turbine_1,2025-12-27T18:00:00Z,2025-12-29T17:00:00Z,47.0,0.99,0.9600173858065028,0.9038727917680784
turbine_1,2025-12-27T18:00:00Z,2025-12-29T18:00:00Z,48.0,0.99,0.9417015845091391,0.8921100013079915
turbine_1,2025-12-28T18:00:00Z,2025-12-28T19:00:00Z,1.0,0.3416666666666666,0.11106705321668935,0.09560882768773152
turbine_1,2025-12-28T18:00:00Z,2025-12-28T20:00:00Z,2.0,0.3416666666666666,0.0804218617585092,0.08457272400227894
turbine_1,2025-12-28T18:00:00Z,2025-12-28T21:00:00Z,3.0,0.36,0.171453706981211,0.10705517582372281
turbine_1,2025-12-28T18:00:00Z,2025-12-28T22:00:00Z,4.0,0.2933333333333333,0.1468859461607485,0.11308084480160732
turbine_1,2025-12-28T18:00:00Z,2025-12-28T23:00:00Z,5.0,0.2783333333333333,0.23674290557468236,0.20537065459115741
turbine_1,2025-12-28T18:00:00Z,2025-12-29T00:00:00Z,6.0,0.31,0.45163028259262644,0.41060206171763547
turbine_1,2025-12-28T18:00:00Z,2025-12-29T01:00:00Z,7.0,0.4983333333333333,0.4852688769277741,0.4821209649559116
turbine_1,2025-12-28T18:00:00Z,2025-12-29T02:00:00Z,8.0,0.6583333333333333,0.607926294934357,0.6069298277655504
turbine_1,2025-12-28T18:00:00Z,2025-12-29T03:00:00Z,9.0,0.8850000000000001,0.7065471150698714,0.7283298170264434
turbine_1,2025-12-28T18:00:00Z,2025-12-29T04:00:00Z,10.0,0.5499999999999999,0.7781310497176872,0.7960401399829534
turbine_1,2025-12-28T18:00:00Z,2025-12-29T05:00:00Z,11.0,0.295,0.9212556016397637,0.9047268402078481
turbine_1,2025-12-28T18:00:00Z,2025-12-29T06:00:00Z,12.0,0.225,0.9722870424891827,0.9497606497311218
turbine_1,2025-12-28T18:00:00Z,2025-12-29T07:00:00Z,13.0,0.6133333333333333,0.973341438892084,0.9527340779587232
turbine_1,2025-12-28T18:00:00Z,2025-12-29T08:00:00Z,14.0,0.4666666666666666,0.980066022908654,0.9590135025080773
turbine_1,2025-12-28T18:00:00Z,2025-12-29T09:00:00Z,15.0,0.7599999999999999,0.9121479036791008,0.9190495662486983
turbine_1,2025-12-28T18:00:00Z,2025-12-29T10:00:00Z,16.0,0.9333333333333332,0.8909868345741153,0.9103509366465645
turbine_1,2025-12-28T18:00:00Z,2025-12-29T11:00:00Z,17.0,0.9566666666666668,0.8443869673716827,0.8936186822704637
turbine_1,2025-12-28T18:00:00Z,2025-12-29T12:00:00Z,18.0,0.9883333333333332,0.8520328284286268,0.8933991879055575
turbine_1,2025-12-28T18:00:00Z,2025-12-29T13:00:00Z,19.0,0.99,0.8984867377101633,0.9248227222442904
turbine_1,2025-12-28T18:00:00Z,2025-12-29T14:00:00Z,20.0,0.99,0.9120262700968681,0.9340676499180043
turbine_1,2025-12-28T18:00:00Z,2025-12-29T15:00:00Z,21.0,0.99,0.9418922471511956,0.942110343798368
turbine_1,2025-12-28T18:00:00Z,2025-12-29T16:00:00Z,22.0,0.99,0.9576183184228843,0.947035004972606
turbine_1,2025-12-28T18:00:00Z,2025-12-29T17:00:00Z,23.0,0.99,0.9905348930935054,0.9438024608313256
turbine_1,2025-12-28T18:00:00Z,2025-12-29T18:00:00Z,24.0,0.99,0.9718326495463305,0.9385473284077266
turbine_1,2025-12-28T18:00:00Z,2025-12-29T19:00:00Z,25.0,0.99,0.9740128641863245,0.9369025964236939
turbine_1,2025-12-28T18:00:00Z,2025-12-29T20:00:00Z,26.0,0.99,0.9652736980012263,0.9280096113753922
turbine_1,2025-12-28T18:00:00Z,2025-12-29T21:00:00Z,27.0,0.99,0.9687448781045161,0.9328216453383267
turbine_1,2025-12-28T18:00:00Z,2025-12-29T22:00:00Z,28.0,0.99,0.949878309671521,0.9250227684149789
turbine_1,2025-12-28T18:00:00Z,2025-12-29T23:00:00Z,29.0,0.99,0.951954996807466,0.9290884249860917
turbine_1,2025-12-28T18:00:00Z,2025-12-30T00:00:00Z,30.0,0.99,0.9495258057481565,0.9289728790005916
turbine_1,2025-12-28T18:00:00Z,2025-12-30T01:00:00Z,31.0,0.99,0.9493789839906349,0.9260084109155213
turbine_1,2025-12-28T18:00:00Z,2025-12-30T02:00:00Z,32.0,0.9866666666666668,0.9463823175512249,0.9221106249739603
turbine_1,2025-12-28T18:00:00Z,2025-12-30T03:00:00Z,33.0,0.8649999999999999,0.9547253153965929,0.9267956044868386
turbine_1,2025-12-28T18:00:00Z,2025-12-30T04:00:00Z,34.0,0.945,0.9393601641311037,0.9298046368031424
turbine_1,2025-12-28T18:00:00Z,2025-12-30T05:00:00Z,35.0,0.9716666666666668,0.4282415449000405,0.4496014530659247
turbine_1,2025-12-28T18:00:00Z,2025-12-30T06:00:00Z,36.0,0.9283333333333332,0.2624474125503016,0.25061883092374676
turbine_1,2025-12-28T18:00:00Z,2025-12-30T07:00:00Z,37.0,0.99,0.22099061159129021,0.15911387030995033
turbine_1,2025-12-28T18:00:00Z,2025-12-30T08:00:00Z,38.0,0.9516666666666668,0.2708231840857571,0.21355770998334359
turbine_1,2025-12-28T18:00:00Z,2025-12-30T09:00:00Z,39.0,0.99,0.2920467163011713,0.2498618382034426
turbine_1,2025-12-28T18:00:00Z,2025-12-30T10:00:00Z,40.0,0.9883333333333332,0.1303938800491018,0.1411771333684793
turbine_1,2025-12-28T18:00:00Z,2025-12-30T11:00:00Z,41.0,0.99,0.1361931792371544,0.12780251208334525
turbine_1,2025-12-28T18:00:00Z,2025-12-30T12:00:00Z,42.0,0.99,0.2752743570644617,0.24325589194344366
turbine_1,2025-12-28T18:00:00Z,2025-12-30T13:00:00Z,43.0,0.96,0.4201422376595051,0.4370462788763742
turbine_1,2025-12-28T18:00:00Z,2025-12-30T14:00:00Z,44.0,0.9566666666666668,0.7188774710165777,0.6665045274664949
turbine_1,2025-12-28T18:00:00Z,2025-12-30T15:00:00Z,45.0,0.5883333333333334,0.6614589398110058,0.616004465061714
turbine_1,2025-12-28T18:00:00Z,2025-12-30T16:00:00Z,46.0,0.745,0.6844770882152403,0.6407846955235896
turbine_1,2025-12-28T18:00:00Z,2025-12-30T17:00:00Z,47.0,0.6533333333333333,0.6851155327951127,0.611579069368279
turbine_1,2025-12-28T18:00:00Z,2025-12-30T18:00:00Z,48.0,0.8583333333333334,0.467861520815028,0.4353222406493805
turbine_1,2025-12-29T18:00:00Z,2025-12-29T19:00:00Z,1.0,0.99,0.9740128641863245,0.929516821253646
turbine_1,2025-12-29T18:00:00Z,2025-12-29T20:00:00Z,2.0,0.99,0.9652736980012263,0.9248152947466897
turbine_1,2025-12-29T18:00:00Z,2025-12-29T21:00:00Z,3.0,0.99,0.9687448781045161,0.9319492330711279
turbine_1,2025-12-29T18:00:00Z,2025-12-29T22:00:00Z,4.0,0.99,0.949878309671521,0.9242189729760588
turbine_1,2025-12-29T18:00:00Z,2025-12-29T23:00:00Z,5.0,0.99,0.951954996807466,0.9275599879944098
turbine_1,2025-12-29T18:00:00Z,2025-12-30T00:00:00Z,6.0,0.99,0.9495258057481565,0.9264478994582087
turbine_1,2025-12-29T18:00:00Z,2025-12-30T01:00:00Z,7.0,0.99,0.9500573953684426,0.9279599284836436
turbine_1,2025-12-29T18:00:00Z,2025-12-30T02:00:00Z,8.0,0.9866666666666668,0.9463823175512249,0.9219957758039949
turbine_1,2025-12-29T18:00:00Z,2025-12-30T03:00:00Z,9.0,0.8649999999999999,0.954465294972763,0.9240935495325647
turbine_1,2025-12-29T18:00:00Z,2025-12-30T04:00:00Z,10.0,0.945,0.8466793332194692,0.852363191169695
turbine_1,2025-12-29T18:00:00Z,2025-12-30T05:00:00Z,11.0,0.9716666666666668,0.4053564096817377,0.37102545294020606
turbine_1,2025-12-29T18:00:00Z,2025-12-30T06:00:00Z,12.0,0.9283333333333332,0.2172580841855957,0.15321380565789958
turbine_1,2025-12-29T18:00:00Z,2025-12-30T07:00:00Z,13.0,0.99,0.1729448321235134,0.1489075127773179
turbine_1,2025-12-29T18:00:00Z,2025-12-30T08:00:00Z,14.0,0.9516666666666668,0.1975032669269573,0.19738595040651327
turbine_1,2025-12-29T18:00:00Z,2025-12-30T09:00:00Z,15.0,0.99,0.12397486861995946,0.13761874880264896
turbine_1,2025-12-29T18:00:00Z,2025-12-30T10:00:00Z,16.0,0.9883333333333332,0.09135017595356151,0.11121565375173253
turbine_1,2025-12-29T18:00:00Z,2025-12-30T11:00:00Z,17.0,0.99,0.10145683216425083,0.10396717158910007
turbine_1,2025-12-29T18:00:00Z,2025-12-30T12:00:00Z,18.0,0.99,0.09128038491469939,0.060855015765776066
turbine_1,2025-12-29T18:00:00Z,2025-12-30T13:00:00Z,19.0,0.96,0.09914220710123943,0.09149275870769027
turbine_1,2025-12-29T18:00:00Z,2025-12-30T14:00:00Z,20.0,0.9566666666666668,0.1695916379611231,0.18198443437534104
turbine_1,2025-12-29T18:00:00Z,2025-12-30T15:00:00Z,21.0,0.5883333333333334,0.34116183049594706,0.2768728719742899
turbine_1,2025-12-29T18:00:00Z,2025-12-30T16:00:00Z,22.0,0.745,0.3017079559413343,0.25554437321301227
turbine_1,2025-12-29T18:00:00Z,2025-12-30T17:00:00Z,23.0,0.6533333333333333,0.2955862880438225,0.3210724256504357
turbine_1,2025-12-29T18:00:00Z,2025-12-30T18:00:00Z,24.0,0.8583333333333334,0.5033710888802261,0.44561184858966807
turbine_1,2025-12-29T18:00:00Z,2025-12-30T19:00:00Z,25.0,0.395,0.43556162059020126,0.4288186233013117
turbine_1,2025-12-29T18:00:00Z,2025-12-30T20:00:00Z,26.0,0.2566666666666666,0.37766536025384306,0.36923154003807296
turbine_1,2025-12-29T18:00:00Z,2025-12-30T21:00:00Z,27.0,0.1383333333333333,0.1624491341059272,0.1770875182750319
turbine_1,2025-12-29T18:00:00Z,2025-12-30T22:00:00Z,28.0,0.0183333333333333,0.11350025037611995,0.0793435413365191
turbine_1,2025-12-29T18:00:00Z,2025-12-30T23:00:00Z,29.0,0.01,0.04805396385832808,0.032863298369636196
turbine_1,2025-12-29T18:00:00Z,2025-12-31T00:00:00Z,30.0,0.01,0.02136837445881848,0.026464379176165453
turbine_1,2025-12-29T18:00:00Z,2025-12-31T01:00:00Z,31.0,0.1583333333333333,0.030382077779198158,0.024942849960443714
turbine_1,2025-12-29T18:00:00Z,2025-12-31T02:00:00Z,32.0,0.2583333333333333,0.01537454842722552,0.019316153765377403
turbine_1,2025-12-29T18:00:00Z,2025-12-31T03:00:00Z,33.0,0.735,0.017424732986119074,0.01944163004280014
turbine_1,2025-12-29T18:00:00Z,2025-12-31T04:00:00Z,34.0,0.2033333333333333,0.014565011331320654,0.021550397782660102
turbine_1,2025-12-29T18:00:00Z,2025-12-31T05:00:00Z,35.0,0.11,0.03200770221888649,0.03390272763243235
turbine_1,2025-12-29T18:00:00Z,2025-12-31T06:00:00Z,36.0,0.08,0.05938734058931494,0.053844742922126015
turbine_1,2025-12-29T18:00:00Z,2025-12-31T07:00:00Z,37.0,0.165,0.06232788786221438,0.06257403391740443
turbine_1,2025-12-29T18:00:00Z,2025-12-31T08:00:00Z,38.0,0.3233333333333333,0.09307400022714096,0.09227344173714594
turbine_1,2025-12-29T18:00:00Z,2025-12-31T09:00:00Z,39.0,0.1,0.08474313222839067,0.0892687279274352
turbine_1,2025-12-29T18:00:00Z,2025-12-31T10:00:00Z,40.0,0.01,0.11861381937179605,0.12671129426205746
turbine_1,2025-12-29T18:00:00Z,2025-12-31T11:00:00Z,41.0,0.01,0.1433786406275965,0.13848244954350836
turbine_1,2025-12-29T18:00:00Z,2025-12-31T12:00:00Z,42.0,0.04,0.16271164714190559,0.1562739802783708
turbine_1,2025-12-29T18:00:00Z,2025-12-31T13:00:00Z,43.0,0.0516666666666666,0.154236256246304,0.15783877384409573
turbine_1,2025-12-29T18:00:00Z,2025-12-31T14:00:00Z,44.0,0.0233333333333333,0.23070464585717493,0.2065163855844627
turbine_1,2025-12-29T18:00:00Z,2025-12-31T15:00:00Z,45.0,0.0283333333333333,0.22547694481496122,0.1735560932947017
turbine_1,2025-12-29T18:00:00Z,2025-12-31T16:00:00Z,46.0,0.0316666666666666,0.18465614008186942,0.1568411497415284
turbine_1,2025-12-30T18:00:00Z,2025-12-30T19:00:00Z,1.0,0.395,0.19860383404881607,0.14705033813361865
turbine_1,2025-12-30T18:00:00Z,2025-12-30T20:00:00Z,2.0,0.2566666666666666,0.15021993510967746,0.09981234469227929
turbine_1,2025-12-30T18:00:00Z,2025-12-30T21:00:00Z,3.0,0.1383333333333333,0.06349657983589269,0.04884100372930231
turbine_1,2025-12-30T18:00:00Z,2025-12-30T22:00:00Z,4.0,0.0183333333333333,0.025164351778163063,0.02670650978248551
turbine_1,2025-12-30T18:00:00Z,2025-12-30T23:00:00Z,5.0,0.01,0.023357621777481075,0.021325600254965715
turbine_1,2025-12-30T18:00:00Z,2025-12-31T00:00:00Z,6.0,0.01,0.018184287471353422,0.016970065615204644
turbine_1,2025-12-30T18:00:00Z,2025-12-31T01:00:00Z,7.0,0.1583333333333333,0.013914825189225377,0.016177004325881594
turbine_1,2025-12-30T18:00:00Z,2025-12-31T02:00:00Z,8.0,0.2583333333333333,0.012484438182025936,0.01756084847067549
turbine_1,2025-12-30T18:00:00Z,2025-12-31T03:00:00Z,9.0,0.735,0.01075512512821214,0.015993700302673747
turbine_1,2025-12-30T18:00:00Z,2025-12-31T04:00:00Z,10.0,0.2033333333333333,0.012585320732833638,0.01876690136636186
turbine_1,2025-12-30T18:00:00Z,2025-12-31T05:00:00Z,11.0,0.11,0.03167274055392172,0.0349216266017007
turbine_1,2025-12-30T18:00:00Z,2025-12-31T06:00:00Z,12.0,0.08,0.05252783570636832,0.054606781312067254
turbine_1,2025-12-30T18:00:00Z,2025-12-31T07:00:00Z,13.0,0.165,0.08508499308598005,0.10717458130643792
turbine_1,2025-12-30T18:00:00Z,2025-12-31T08:00:00Z,14.0,0.3233333333333333,0.20780081037978707,0.17417551645172155
turbine_1,2025-12-30T18:00:00Z,2025-12-31T09:00:00Z,15.0,0.1,0.3076251936994361,0.2399800077120623
turbine_1,2025-12-30T18:00:00Z,2025-12-31T10:00:00Z,16.0,0.01,0.24386556036109724,0.24059768175277593
turbine_1,2025-12-30T18:00:00Z,2025-12-31T11:00:00Z,17.0,0.01,0.3575837380164513,0.32711908114970056
turbine_1,2025-12-30T18:00:00Z,2025-12-31T12:00:00Z,18.0,0.04,0.33859947947135605,0.385560740573596
turbine_1,2025-12-30T18:00:00Z,2025-12-31T13:00:00Z,19.0,0.0516666666666666,0.45121755548861214,0.4154892139065781
turbine_1,2025-12-30T18:00:00Z,2025-12-31T14:00:00Z,20.0,0.0233333333333333,0.5842039084215136,0.5621288531208632
turbine_1,2025-12-30T18:00:00Z,2025-12-31T15:00:00Z,21.0,0.0283333333333333,0.5450928038015659,0.48957328381189885
turbine_1,2025-12-30T18:00:00Z,2025-12-31T16:00:00Z,22.0,0.0316666666666666,0.3315112662544595,0.3613127417287191
