run_id,site_id,issued_at,target_time,horizon_step,lead_hours,model_version,weather_version,quality_flag,prediction,forecast_id,forecast_origin,target_time_local
forecast-02326c986e2fb5c389d27361,turbine_1,2026-01-31T18:00:00Z,2026-01-31T19:00:00Z,1,1,ml-483c8ee3abe0fe0e00412708,gfs-8e9ba8aecc67611f65bf768c,verified_object_version,0.016109924398249986,forecast-02326c986e2fb5c389d27361,2026-01-31T18:00:00Z,2026-02-01T00:00:00+05:00
forecast-02326c986e2fb5c389d27361,turbine_1,2026-01-31T18:00:00Z,2026-01-31T20:00:00Z,2,2,ml-483c8ee3abe0fe0e00412708,gfs-8e9ba8aecc67611f65bf768c,verified_object_version,0.02649709863240038,forecast-02326c986e2fb5c389d27361,2026-01-31T18:00:00Z,2026-02-01T01:00:00+05:00
forecast-02326c986e2fb5c389d27361,turbine_1,2026-01-31T18:00:00Z,2026-01-31T21:00:00Z,3,3,ml-483c8ee3abe0fe0e00412708,gfs-8e9ba8aecc67611f65bf768c,verified_object_version,0.02271551287803436,forecast-02326c986e2fb5c389d27361,2026-01-31T18:00:00Z,2026-02-01T02:00:00+05:00
forecast-02326c986e2fb5c389d27361,turbine_1,2026-01-31T18:00:00Z,2026-01-31T22:00:00Z,4,4,ml-483c8ee3abe0fe0e00412708,gfs-8e9ba8aecc67611f65bf768c,verified_object_version,0.03877775167080272,forecast-02326c986e2fb5c389d27361,2026-01-31T18:00:00Z,2026-02-01T03:00:00+05:00
forecast-02326c986e2fb5c389d27361,turbine_1,2026-01-31T18:00:00Z,2026-01-31T23:00:00Z,5,5,ml-483c8ee3abe0fe0e00412708,gfs-8e9ba8aecc67611f65bf768c,verified_object_version,0.16126570460683104,forecast-02326c986e2fb5c389d27361,2026-01-31T18:00:00Z,2026-02-01T04:00:00+05:00
forecast-02326c986e2fb5c389d27361,turbine_1,2026-01-31T18:00:00Z,2026-02-01T00:00:00Z,6,6,ml-483c8ee3abe0fe0e00412708,gfs-8e9ba8aecc67611f65bf768c,verified_object_version,0.3503251637367162,forecast-02326c986e2fb5c389d27361,2026-01-31T18:00:00Z,2026-02-01T05:00:00+05:00
forecast-02326c986e2fb5c389d27361,turbine_1,2026-01-31T18:00:00Z,2026-02-01T01:00:00Z,7,7,ml-483c8ee3abe0fe0e00412708,gfs-8e9ba8aecc67611f65bf768c,verified_object_version,0.34220980758735875,forecast-02326c986e2fb5c389d27361,2026-01-31T18:00:00Z,2026-02-01T06:00:00+05:00
forecast-02326c986e2fb5c389d27361,turbine_1,2026-01-31T18:00:00Z,2026-02-01T02:00:00Z,8,8,ml-483c8ee3abe0fe0e00412708,gfs-8e9ba8aecc67611f65bf768c,verified_object_version,0.31681069767978404,forecast-02326c986e2fb5c389d27361,2026-01-31T18:00:00Z,2026-02-01T07:00:00+05:00
forecast-02326c986e2fb5c389d27361,turbine_1,2026-01-31T18:00:00Z,2026-02-01T03:00:00Z,9,9,ml-483c8ee3abe0fe0e00412708,gfs-8e9ba8aecc67611f65bf768c,verified_object_version,0.177369506647433,forecast-02326c986e2fb5c389d27361,2026-01-31T18:00:00Z,2026-02-01T08:00:00+05:00
forecast-02326c986e2fb5c389d27361,turbine_1,2026-01-31T18:00:00Z,2026-02-01T04:00:00Z,10,10,ml-483c8ee3abe0fe0e00412708,gfs-8e9ba8aecc67611f65bf768c,verified_object_version,0.38376101783184247,forecast-02326c986e2fb5c389d27361,2026-01-31T18:00:00Z,2026-02-01T09:00:00+05:00
forecast-02326c986e2fb5c389d27361,turbine_1,2026-01-31T18:00:00Z,2026-02-01T05:00:00Z,11,11,ml-483c8ee3abe0fe0e00412708,gfs-8e9ba8aecc67611f65bf768c,verified_object_version,0.3832046056415014,forecast-02326c986e2fb5c389d27361,2026-01-31T18:00:00Z,2026-02-01T10:00:00+05:00
forecast-02326c986e2fb5c389d27361,turbine_1,2026-01-31T18:00:00Z,2026-02-01T06:00:00Z,12,12,ml-483c8ee3abe0fe0e00412708,gfs-8e9ba8aecc67611f65bf768c,verified_object_version,0.5642270676016956,forecast-02326c986e2fb5c389d27361,2026-01-31T18:00:00Z,2026-02-01T11:00:00+05:00
forecast-02326c986e2fb5c389d27361,turbine_1,2026-01-31T18:00:00Z,2026-02-01T07:00:00Z,13,13,ml-483c8ee3abe0fe0e00412708,gfs-8e9ba8aecc67611f65bf768c,verified_object_version,0.7461142085744161,forecast-02326c986e2fb5c389d27361,2026-01-31T18:00:00Z,2026-02-01T12:00:00+05:00
forecast-02326c986e2fb5c389d27361,turbine_1,2026-01-31T18:00:00Z,2026-02-01T08:00:00Z,14,14,ml-483c8ee3abe0fe0e00412708,gfs-8e9ba8aecc67611f65bf768c,verified_object_version,0.6576264360209048,forecast-02326c986e2fb5c389d27361,2026-01-31T18:00:00Z,2026-02-01T13:00:00+05:00
forecast-02326c986e2fb5c389d27361,turbine_1,2026-01-31T18:00:00Z,2026-02-01T09:00:00Z,15,15,ml-483c8ee3abe0fe0e00412708,gfs-8e9ba8aecc67611f65bf768c,verified_object_version,0.7785823072390625,forecast-02326c986e2fb5c389d27361,2026-01-31T18:00:00Z,2026-02-01T14:00:00+05:00
forecast-02326c986e2fb5c389d27361,turbine_1,2026-01-31T18:00:00Z,2026-02-01T10:00:00Z,16,16,ml-483c8ee3abe0fe0e00412708,gfs-8e9ba8aecc67611f65bf768c,verified_object_version,0.7555905820661054,forecast-02326c986e2fb5c389d27361,2026-01-31T18:00:00Z,2026-02-01T15:00:00+05:00
forecast-02326c986e2fb5c389d27361,turbine_1,2026-01-31T18:00:00Z,2026-02-01T11:00:00Z,17,17,ml-483c8ee3abe0fe0e00412708,gfs-8e9ba8aecc67611f65bf768c,verified_object_version,0.44473618972868356,forecast-02326c986e2fb5c389d27361,2026-01-31T18:00:00Z,2026-02-01T16:00:00+05:00
forecast-02326c986e2fb5c389d27361,turbine_1,2026-01-31T18:00:00Z,2026-02-01T12:00:00Z,18,18,ml-483c8ee3abe0fe0e00412708,gfs-8e9ba8aecc67611f65bf768c,verified_object_version,0.46112276307099687,forecast-02326c986e2fb5c389d27361,2026-01-31T18:00:00Z,2026-02-01T17:00:00+05:00
forecast-02326c986e2fb5c389d27361,turbine_1,2026-01-31T18:00:00Z,2026-02-01T13:00:00Z,19,19,ml-483c8ee3abe0fe0e00412708,gfs-8e9ba8aecc67611f65bf768c,verified_object_version,0.4234651035096024,forecast-02326c986e2fb5c389d27361,2026-01-31T18:00:00Z,2026-02-01T18:00:00+05:00
forecast-02326c986e2fb5c389d27361,turbine_1,2026-01-31T18:00:00Z,2026-02-01T14:00:00Z,20,20,ml-483c8ee3abe0fe0e00412708,gfs-8e9ba8aecc67611f65bf768c,verified_object_version,0.4492346414441122,forecast-02326c986e2fb5c389d27361,2026-01-31T18:00:00Z,2026-02-01T19:00:00+05:00
forecast-02326c986e2fb5c389d27361,turbine_1,2026-01-31T18:00:00Z,2026-02-01T15:00:00Z,21,21,ml-483c8ee3abe0fe0e00412708,gfs-8e9ba8aecc67611f65bf768c,verified_object_version,0.39457576681675394,forecast-02326c986e2fb5c389d27361,2026-01-31T18:00:00Z,2026-02-01T20:00:00+05:00
forecast-02326c986e2fb5c389d27361,turbine_1,2026-01-31T18:00:00Z,2026-02-01T16:00:00Z,22,22,ml-483c8ee3abe0fe0e00412708,gfs-8e9ba8aecc67611f65bf768c,verified_object_version,0.40362046318499856,forecast-02326c986e2fb5c389d27361,2026-01-31T18:00:00Z,2026-02-01T21:00:00+05:00
forecast-02326c986e2fb5c389d27361,turbine_1,2026-01-31T18:00:00Z,2026-02-01T17:00:00Z,23,23,ml-483c8ee3abe0fe0e00412708,gfs-8e9ba8aecc67611f65bf768c,verified_object_version,0.3596595487411698,forecast-02326c986e2fb5c389d27361,2026-01-31T18:00:00Z,2026-02-01T22:00:00+05:00
forecast-02326c986e2fb5c389d27361,turbine_1,2026-01-31T18:00:00Z,2026-02-01T18:00:00Z,24,24,ml-483c8ee3abe0fe0e00412708,gfs-8e9ba8aecc67611f65bf768c,verified_object_version,0.33857876397396247,forecast-02326c986e2fb5c389d27361,2026-01-31T18:00:00Z,2026-02-01T23:00:00+05:00
forecast-c1cc3182d933c53725e8b60f,turbine_1,2026-02-01T18:00:00Z,2026-02-01T19:00:00Z,1,1,ml-483c8ee3abe0fe0e00412708,gfs-40a2674a5bc6b9cbe2414c84,verified_object_version,0.3600528735231177,forecast-c1cc3182d933c53725e8b60f,2026-02-01T18:00:00Z,2026-02-02T00:00:00+05:00
forecast-c1cc3182d933c53725e8b60f,turbine_1,2026-02-01T18:00:00Z,2026-02-01T20:00:00Z,2,2,ml-483c8ee3abe0fe0e00412708,gfs-40a2674a5bc6b9cbe2414c84,verified_object_version,0.39404048888253096,forecast-c1cc3182d933c53725e8b60f,2026-02-01T18:00:00Z,2026-02-02T01:00:00+05:00
forecast-c1cc3182d933c53725e8b60f,turbine_1,2026-02-01T18:00:00Z,2026-02-01T21:00:00Z,3,3,ml-483c8ee3abe0fe0e00412708,gfs-40a2674a5bc6b9cbe2414c84,verified_object_version,0.4426672571367666,forecast-c1cc3182d933c53725e8b60f,2026-02-01T18:00:00Z,2026-02-02T02:00:00+05:00
forecast-c1cc3182d933c53725e8b60f,turbine_1,2026-02-01T18:00:00Z,2026-02-01T22:00:00Z,4,4,ml-483c8ee3abe0fe0e00412708,gfs-40a2674a5bc6b9cbe2414c84,verified_object_version,0.45823449859948323,forecast-c1cc3182d933c53725e8b60f,2026-02-01T18:00:00Z,2026-02-02T03:00:00+05:00
forecast-c1cc3182d933c53725e8b60f,turbine_1,2026-02-01T18:00:00Z,2026-02-01T23:00:00Z,5,5,ml-483c8ee3abe0fe0e00412708,gfs-40a2674a5bc6b9cbe2414c84,verified_object_version,0.5837812630037617,forecast-c1cc3182d933c53725e8b60f,2026-02-01T18:00:00Z,2026-02-02T04:00:00+05:00
forecast-c1cc3182d933c53725e8b60f,turbine_1,2026-02-01T18:00:00Z,2026-02-02T00:00:00Z,6,6,ml-483c8ee3abe0fe0e00412708,gfs-40a2674a5bc6b9cbe2414c84,verified_object_version,0.5639484489218869,forecast-c1cc3182d933c53725e8b60f,2026-02-01T18:00:00Z,2026-02-02T05:00:00+05:00
forecast-c1cc3182d933c53725e8b60f,turbine_1,2026-02-01T18:00:00Z,2026-02-02T01:00:00Z,7,7,ml-483c8ee3abe0fe0e00412708,gfs-40a2674a5bc6b9cbe2414c84,verified_object_version,0.5186673591498847,forecast-c1cc3182d933c53725e8b60f,2026-02-01T18:00:00Z,2026-02-02T06:00:00+05:00
forecast-c1cc3182d933c53725e8b60f,turbine_1,2026-02-01T18:00:00Z,2026-02-02T02:00:00Z,8,8,ml-483c8ee3abe0fe0e00412708,gfs-40a2674a5bc6b9cbe2414c84,verified_object_version,0.5289840054259884,forecast-c1cc3182d933c53725e8b60f,2026-02-01T18:00:00Z,2026-02-02T07:00:00+05:00
forecast-c1cc3182d933c53725e8b60f,turbine_1,2026-02-01T18:00:00Z,2026-02-02T03:00:00Z,9,9,ml-483c8ee3abe0fe0e00412708,gfs-40a2674a5bc6b9cbe2414c84,verified_object_version,0.6597529096484457,forecast-c1cc3182d933c53725e8b60f,2026-02-01T18:00:00Z,2026-02-02T08:00:00+05:00
forecast-c1cc3182d933c53725e8b60f,turbine_1,2026-02-01T18:00:00Z,2026-02-02T04:00:00Z,10,10,ml-483c8ee3abe0fe0e00412708,gfs-40a2674a5bc6b9cbe2414c84,verified_object_version,0.7044224244052931,forecast-c1cc3182d933c53725e8b60f,2026-02-01T18:00:00Z,2026-02-02T09:00:00+05:00
forecast-c1cc3182d933c53725e8b60f,turbine_1,2026-02-01T18:00:00Z,2026-02-02T05:00:00Z,11,11,ml-483c8ee3abe0fe0e00412708,gfs-40a2674a5bc6b9cbe2414c84,verified_object_version,0.7269337926232821,forecast-c1cc3182d933c53725e8b60f,2026-02-01T18:00:00Z,2026-02-02T10:00:00+05:00
forecast-c1cc3182d933c53725e8b60f,turbine_1,2026-02-01T18:00:00Z,2026-02-02T06:00:00Z,12,12,ml-483c8ee3abe0fe0e00412708,gfs-40a2674a5bc6b9cbe2414c84,verified_object_version,0.7945038654489271,forecast-c1cc3182d933c53725e8b60f,2026-02-01T18:00:00Z,2026-02-02T11:00:00+05:00
forecast-c1cc3182d933c53725e8b60f,turbine_1,2026-02-01T18:00:00Z,2026-02-02T07:00:00Z,13,13,ml-483c8ee3abe0fe0e00412708,gfs-40a2674a5bc6b9cbe2414c84,verified_object_version,0.8911247494473271,forecast-c1cc3182d933c53725e8b60f,2026-02-01T18:00:00Z,2026-02-02T12:00:00+05:00
forecast-c1cc3182d933c53725e8b60f,turbine_1,2026-02-01T18:00:00Z,2026-02-02T08:00:00Z,14,14,ml-483c8ee3abe0fe0e00412708,gfs-40a2674a5bc6b9cbe2414c84,verified_object_version,0.9753219638650971,forecast-c1cc3182d933c53725e8b60f,2026-02-01T18:00:00Z,2026-02-02T13:00:00+05:00
forecast-c1cc3182d933c53725e8b60f,turbine_1,2026-02-01T18:00:00Z,2026-02-02T09:00:00Z,15,15,ml-483c8ee3abe0fe0e00412708,gfs-40a2674a5bc6b9cbe2414c84,verified_object_version,0.9199990039412898,forecast-c1cc3182d933c53725e8b60f,2026-02-01T18:00:00Z,2026-02-02T14:00:00+05:00
forecast-c1cc3182d933c53725e8b60f,turbine_1,2026-02-01T18:00:00Z,2026-02-02T10:00:00Z,16,16,ml-483c8ee3abe0fe0e00412708,gfs-40a2674a5bc6b9cbe2414c84,verified_object_version,0.8768588726643234,forecast-c1cc3182d933c53725e8b60f,2026-02-01T18:00:00Z,2026-02-02T15:00:00+05:00
forecast-c1cc3182d933c53725e8b60f,turbine_1,2026-02-01T18:00:00Z,2026-02-02T11:00:00Z,17,17,ml-483c8ee3abe0fe0e00412708,gfs-40a2674a5bc6b9cbe2414c84,verified_object_version,0.49019154024228667,forecast-c1cc3182d933c53725e8b60f,2026-02-01T18:00:00Z,2026-02-02T16:00:00+05:00
forecast-c1cc3182d933c53725e8b60f,turbine_1,2026-02-01T18:00:00Z,2026-02-02T12:00:00Z,18,18,ml-483c8ee3abe0fe0e00412708,gfs-40a2674a5bc6b9cbe2414c84,verified_object_version,0.21142757227949227,forecast-c1cc3182d933c53725e8b60f,2026-02-01T18:00:00Z,2026-02-02T17:00:00+05:00
forecast-c1cc3182d933c53725e8b60f,turbine_1,2026-02-01T18:00:00Z,2026-02-02T13:00:00Z,19,19,ml-483c8ee3abe0fe0e00412708,gfs-40a2674a5bc6b9cbe2414c84,verified_object_version,0.09556690673588614,forecast-c1cc3182d933c53725e8b60f,2026-02-01T18:00:00Z,2026-02-02T18:00:00+05:00
forecast-c1cc3182d933c53725e8b60f,turbine_1,2026-02-01T18:00:00Z,2026-02-02T14:00:00Z,20,20,ml-483c8ee3abe0fe0e00412708,gfs-40a2674a5bc6b9cbe2414c84,verified_object_version,0.07037337736066615,forecast-c1cc3182d933c53725e8b60f,2026-02-01T18:00:00Z,2026-02-02T19:00:00+05:00
forecast-c1cc3182d933c53725e8b60f,turbine_1,2026-02-01T18:00:00Z,2026-02-02T15:00:00Z,21,21,ml-483c8ee3abe0fe0e00412708,gfs-40a2674a5bc6b9cbe2414c84,verified_object_version,0.08046995925700962,forecast-c1cc3182d933c53725e8b60f,2026-02-01T18:00:00Z,2026-02-02T20:00:00+05:00
forecast-c1cc3182d933c53725e8b60f,turbine_1,2026-02-01T18:00:00Z,2026-02-02T16:00:00Z,22,22,ml-483c8ee3abe0fe0e00412708,gfs-40a2674a5bc6b9cbe2414c84,verified_object_version,0.07375911245111863,forecast-c1cc3182d933c53725e8b60f,2026-02-01T18:00:00Z,2026-02-02T21:00:00+05:00
forecast-c1cc3182d933c53725e8b60f,turbine_1,2026-02-01T18:00:00Z,2026-02-02T17:00:00Z,23,23,ml-483c8ee3abe0fe0e00412708,gfs-40a2674a5bc6b9cbe2414c84,verified_object_version,0.09203087279088956,forecast-c1cc3182d933c53725e8b60f,2026-02-01T18:00:00Z,2026-02-02T22:00:00+05:00
forecast-c1cc3182d933c53725e8b60f,turbine_1,2026-02-01T18:00:00Z,2026-02-02T18:00:00Z,24,24,ml-483c8ee3abe0fe0e00412708,gfs-40a2674a5bc6b9cbe2414c84,verified_object_version,0.1522345911594444,forecast-c1cc3182d933c53725e8b60f,2026-02-01T18:00:00Z,2026-02-02T23:00:00+05:00
forecast-0a73719966686e0faee493eb,turbine_1,2026-02-02T18:00:00Z,2026-02-02T19:00:00Z,1,1,ml-483c8ee3abe0fe0e00412708,gfs-c8b3ddf3d8764019d569b37f,verified_object_version,0.14700461426459396,forecast-0a73719966686e0faee493eb,2026-02-02T18:00:00Z,2026-02-03T00:00:00+05:00
forecast-0a73719966686e0faee493eb,turbine_1,2026-02-02T18:00:00Z,2026-02-02T20:00:00Z,2,2,ml-483c8ee3abe0fe0e00412708,gfs-c8b3ddf3d8764019d569b37f,verified_object_version,0.27268233606787406,forecast-0a73719966686e0faee493eb,2026-02-02T18:00:00Z,2026-02-03T01:00:00+05:00
forecast-0a73719966686e0faee493eb,turbine_1,2026-02-02T18:00:00Z,2026-02-02T21:00:00Z,3,3,ml-483c8ee3abe0fe0e00412708,gfs-c8b3ddf3d8764019d569b37f,verified_object_version,0.26054070945394603,forecast-0a73719966686e0faee493eb,2026-02-02T18:00:00Z,2026-02-03T02:00:00+05:00
forecast-0a73719966686e0faee493eb,turbine_1,2026-02-02T18:00:00Z,2026-02-02T22:00:00Z,4,4,ml-483c8ee3abe0fe0e00412708,gfs-c8b3ddf3d8764019d569b37f,verified_object_version,0.39585441566105306,forecast-0a73719966686e0faee493eb,2026-02-02T18:00:00Z,2026-02-03T03:00:00+05:00
forecast-0a73719966686e0faee493eb,turbine_1,2026-02-02T18:00:00Z,2026-02-02T23:00:00Z,5,5,ml-483c8ee3abe0fe0e00412708,gfs-c8b3ddf3d8764019d569b37f,verified_object_version,0.4154465441290079,forecast-0a73719966686e0faee493eb,2026-02-02T18:00:00Z,2026-02-03T04:00:00+05:00
forecast-0a73719966686e0faee493eb,turbine_1,2026-02-02T18:00:00Z,2026-02-03T00:00:00Z,6,6,ml-483c8ee3abe0fe0e00412708,gfs-c8b3ddf3d8764019d569b37f,verified_object_version,0.38580790675441656,forecast-0a73719966686e0faee493eb,2026-02-02T18:00:00Z,2026-02-03T05:00:00+05:00
forecast-0a73719966686e0faee493eb,turbine_1,2026-02-02T18:00:00Z,2026-02-03T01:00:00Z,7,7,ml-483c8ee3abe0fe0e00412708,gfs-c8b3ddf3d8764019d569b37f,verified_object_version,0.1852096737327869,forecast-0a73719966686e0faee493eb,2026-02-02T18:00:00Z,2026-02-03T06:00:00+05:00
forecast-0a73719966686e0faee493eb,turbine_1,2026-02-02T18:00:00Z,2026-02-03T02:00:00Z,8,8,ml-483c8ee3abe0fe0e00412708,gfs-c8b3ddf3d8764019d569b37f,verified_object_version,0.0400582866383393,forecast-0a73719966686e0faee493eb,2026-02-02T18:00:00Z,2026-02-03T07:00:00+05:00
forecast-0a73719966686e0faee493eb,turbine_1,2026-02-02T18:00:00Z,2026-02-03T03:00:00Z,9,9,ml-483c8ee3abe0fe0e00412708,gfs-c8b3ddf3d8764019d569b37f,verified_object_version,0.03924073131478806,forecast-0a73719966686e0faee493eb,2026-02-02T18:00:00Z,2026-02-03T08:00:00+05:00
forecast-0a73719966686e0faee493eb,turbine_1,2026-02-02T18:00:00Z,2026-02-03T04:00:00Z,10,10,ml-483c8ee3abe0fe0e00412708,gfs-c8b3ddf3d8764019d569b37f,verified_object_version,0.10104358431182948,forecast-0a73719966686e0faee493eb,2026-02-02T18:00:00Z,2026-02-03T09:00:00+05:00
forecast-0a73719966686e0faee493eb,turbine_1,2026-02-02T18:00:00Z,2026-02-03T05:00:00Z,11,11,ml-483c8ee3abe0fe0e00412708,gfs-c8b3ddf3d8764019d569b37f,verified_object_version,0.07878668359841345,forecast-0a73719966686e0faee493eb,2026-02-02T18:00:00Z,2026-02-03T10:00:00+05:00
forecast-0a73719966686e0faee493eb,turbine_1,2026-02-02T18:00:00Z,2026-02-03T06:00:00Z,12,12,ml-483c8ee3abe0fe0e00412708,gfs-c8b3ddf3d8764019d569b37f,verified_object_version,0.07093914757641889,forecast-0a73719966686e0faee493eb,2026-02-02T18:00:00Z,2026-02-03T11:00:00+05:00
forecast-0a73719966686e0faee493eb,turbine_1,2026-02-02T18:00:00Z,2026-02-03T07:00:00Z,13,13,ml-483c8ee3abe0fe0e00412708,gfs-c8b3ddf3d8764019d569b37f,verified_object_version,0.07346402603139521,forecast-0a73719966686e0faee493eb,2026-02-02T18:00:00Z,2026-02-03T12:00:00+05:00
forecast-0a73719966686e0faee493eb,turbine_1,2026-02-02T18:00:00Z,2026-02-03T08:00:00Z,14,14,ml-483c8ee3abe0fe0e00412708,gfs-c8b3ddf3d8764019d569b37f,verified_object_version,0.04181305520818404,forecast-0a73719966686e0faee493eb,2026-02-02T18:00:00Z,2026-02-03T13:00:00+05:00
forecast-0a73719966686e0faee493eb,turbine_1,2026-02-02T18:00:00Z,2026-02-03T09:00:00Z,15,15,ml-483c8ee3abe0fe0e00412708,gfs-c8b3ddf3d8764019d569b37f,verified_object_version,0.02548900231448456,forecast-0a73719966686e0faee493eb,2026-02-02T18:00:00Z,2026-02-03T14:00:00+05:00
forecast-0a73719966686e0faee493eb,turbine_1,2026-02-02T18:00:00Z,2026-02-03T10:00:00Z,16,16,ml-483c8ee3abe0fe0e00412708,gfs-c8b3ddf3d8764019d569b37f,verified_object_version,0.03590260360997616,forecast-0a73719966686e0faee493eb,2026-02-02T18:00:00Z,2026-02-03T15:00:00+05:00
forecast-0a73719966686e0faee493eb,turbine_1,2026-02-02T18:00:00Z,2026-02-03T11:00:00Z,17,17,ml-483c8ee3abe0fe0e00412708,gfs-c8b3ddf3d8764019d569b37f,verified_object_version,0.04064858334600974,forecast-0a73719966686e0faee493eb,2026-02-02T18:00:00Z,2026-02-03T16:00:00+05:00
forecast-0a73719966686e0faee493eb,turbine_1,2026-02-02T18:00:00Z,2026-02-03T12:00:00Z,18,18,ml-483c8ee3abe0fe0e00412708,gfs-c8b3ddf3d8764019d569b37f,verified_object_version,0.043105526700868896,forecast-0a73719966686e0faee493eb,2026-02-02T18:00:00Z,2026-02-03T17:00:00+05:00
forecast-0a73719966686e0faee493eb,turbine_1,2026-02-02T18:00:00Z,2026-02-03T13:00:00Z,19,19,ml-483c8ee3abe0fe0e00412708,gfs-c8b3ddf3d8764019d569b37f,verified_object_version,0.05208851514197835,forecast-0a73719966686e0faee493eb,2026-02-02T18:00:00Z,2026-02-03T18:00:00+05:00
forecast-0a73719966686e0faee493eb,turbine_1,2026-02-02T18:00:00Z,2026-02-03T14:00:00Z,20,20,ml-483c8ee3abe0fe0e00412708,gfs-c8b3ddf3d8764019d569b37f,verified_object_version,0.07784819062347928,forecast-0a73719966686e0faee493eb,2026-02-02T18:00:00Z,2026-02-03T19:00:00+05:00
forecast-0a73719966686e0faee493eb,turbine_1,2026-02-02T18:00:00Z,2026-02-03T15:00:00Z,21,21,ml-483c8ee3abe0fe0e00412708,gfs-c8b3ddf3d8764019d569b37f,verified_object_version,0.13269574553201907,forecast-0a73719966686e0faee493eb,2026-02-02T18:00:00Z,2026-02-03T20:00:00+05:00
forecast-0a73719966686e0faee493eb,turbine_1,2026-02-02T18:00:00Z,2026-02-03T16:00:00Z,22,22,ml-483c8ee3abe0fe0e00412708,gfs-c8b3ddf3d8764019d569b37f,verified_object_version,0.189424667500777,forecast-0a73719966686e0faee493eb,2026-02-02T18:00:00Z,2026-02-03T21:00:00+05:00
forecast-0a73719966686e0faee493eb,turbine_1,2026-02-02T18:00:00Z,2026-02-03T17:00:00Z,23,23,ml-483c8ee3abe0fe0e00412708,gfs-c8b3ddf3d8764019d569b37f,verified_object_version,0.21344285685247166,forecast-0a73719966686e0faee493eb,2026-02-02T18:00:00Z,2026-02-03T22:00:00+05:00
forecast-0a73719966686e0faee493eb,turbine_1,2026-02-02T18:00:00Z,2026-02-03T18:00:00Z,24,24,ml-483c8ee3abe0fe0e00412708,gfs-c8b3ddf3d8764019d569b37f,verified_object_version,0.19262528450012337,forecast-0a73719966686e0faee493eb,2026-02-02T18:00:00Z,2026-02-03T23:00:00+05:00
forecast-1c32e3cff363601631cd045f,turbine_1,2026-02-03T18:00:00Z,2026-02-03T19:00:00Z,1,1,ml-483c8ee3abe0fe0e00412708,gfs-b4d00e6266f5ff6c7fa4ac5d,verified_object_version,0.281932452546202,forecast-1c32e3cff363601631cd045f,2026-02-03T18:00:00Z,2026-02-04T00:00:00+05:00
forecast-1c32e3cff363601631cd045f,turbine_1,2026-02-03T18:00:00Z,2026-02-03T20:00:00Z,2,2,ml-483c8ee3abe0fe0e00412708,gfs-b4d00e6266f5ff6c7fa4ac5d,verified_object_version,0.335093847191593,forecast-1c32e3cff363601631cd045f,2026-02-03T18:00:00Z,2026-02-04T01:00:00+05:00
forecast-1c32e3cff363601631cd045f,turbine_1,2026-02-03T18:00:00Z,2026-02-03T21:00:00Z,3,3,ml-483c8ee3abe0fe0e00412708,gfs-b4d00e6266f5ff6c7fa4ac5d,verified_object_version,0.33190798474820754,forecast-1c32e3cff363601631cd045f,2026-02-03T18:00:00Z,2026-02-04T02:00:00+05:00
forecast-1c32e3cff363601631cd045f,turbine_1,2026-02-03T18:00:00Z,2026-02-03T22:00:00Z,4,4,ml-483c8ee3abe0fe0e00412708,gfs-b4d00e6266f5ff6c7fa4ac5d,verified_object_version,0.25288655217924894,forecast-1c32e3cff363601631cd045f,2026-02-03T18:00:00Z,2026-02-04T03:00:00+05:00
forecast-1c32e3cff363601631cd045f,turbine_1,2026-02-03T18:00:00Z,2026-02-03T23:00:00Z,5,5,ml-483c8ee3abe0fe0e00412708,gfs-b4d00e6266f5ff6c7fa4ac5d,verified_object_version,0.26484116573877214,forecast-1c32e3cff363601631cd045f,2026-02-03T18:00:00Z,2026-02-04T04:00:00+05:00
forecast-1c32e3cff363601631cd045f,turbine_1,2026-02-03T18:00:00Z,2026-02-04T00:00:00Z,6,6,ml-483c8ee3abe0fe0e00412708,gfs-b4d00e6266f5ff6c7fa4ac5d,verified_object_version,0.5192260849524005,forecast-1c32e3cff363601631cd045f,2026-02-03T18:00:00Z,2026-02-04T05:00:00+05:00
forecast-1c32e3cff363601631cd045f,turbine_1,2026-02-03T18:00:00Z,2026-02-04T01:00:00Z,7,7,ml-483c8ee3abe0fe0e00412708,gfs-b4d00e6266f5ff6c7fa4ac5d,verified_object_version,0.22749434846813574,forecast-1c32e3cff363601631cd045f,2026-02-03T18:00:00Z,2026-02-04T06:00:00+05:00
forecast-1c32e3cff363601631cd045f,turbine_1,2026-02-03T18:00:00Z,2026-02-04T02:00:00Z,8,8,ml-483c8ee3abe0fe0e00412708,gfs-b4d00e6266f5ff6c7fa4ac5d,verified_object_version,0.11359610781212884,forecast-1c32e3cff363601631cd045f,2026-02-03T18:00:00Z,2026-02-04T07:00:00+05:00
forecast-1c32e3cff363601631cd045f,turbine_1,2026-02-03T18:00:00Z,2026-02-04T03:00:00Z,9,9,ml-483c8ee3abe0fe0e00412708,gfs-b4d00e6266f5ff6c7fa4ac5d,verified_object_version,0.08889331478658388,forecast-1c32e3cff363601631cd045f,2026-02-03T18:00:00Z,2026-02-04T08:00:00+05:00
forecast-1c32e3cff363601631cd045f,turbine_1,2026-02-03T18:00:00Z,2026-02-04T04:00:00Z,10,10,ml-483c8ee3abe0fe0e00412708,gfs-b4d00e6266f5ff6c7fa4ac5d,verified_object_version,0.04620405963358312,forecast-1c32e3cff363601631cd045f,2026-02-03T18:00:00Z,2026-02-04T09:00:00+05:00
forecast-1c32e3cff363601631cd045f,turbine_1,2026-02-03T18:00:00Z,2026-02-04T05:00:00Z,11,11,ml-483c8ee3abe0fe0e00412708,gfs-b4d00e6266f5ff6c7fa4ac5d,verified_object_version,0.04206843640133445,forecast-1c32e3cff363601631cd045f,2026-02-03T18:00:00Z,2026-02-04T10:00:00+05:00
forecast-1c32e3cff363601631cd045f,turbine_1,2026-02-03T18:00:00Z,2026-02-04T06:00:00Z,12,12,ml-483c8ee3abe0fe0e00412708,gfs-b4d00e6266f5ff6c7fa4ac5d,verified_object_version,0.07600226240464891,forecast-1c32e3cff363601631cd045f,2026-02-03T18:00:00Z,2026-02-04T11:00:00+05:00
forecast-1c32e3cff363601631cd045f,turbine_1,2026-02-03T18:00:00Z,2026-02-04T07:00:00Z,13,13,ml-483c8ee3abe0fe0e00412708,gfs-b4d00e6266f5ff6c7fa4ac5d,verified_object_version,0.05853490116588453,forecast-1c32e3cff363601631cd045f,2026-02-03T18:00:00Z,2026-02-04T12:00:00+05:00
forecast-1c32e3cff363601631cd045f,turbine_1,2026-02-03T18:00:00Z,2026-02-04T08:00:00Z,14,14,ml-483c8ee3abe0fe0e00412708,gfs-b4d00e6266f5ff6c7fa4ac5d,verified_object_version,0.08835199270659555,forecast-1c32e3cff363601631cd045f,2026-02-03T18:00:00Z,2026-02-04T13:00:00+05:00
forecast-1c32e3cff363601631cd045f,turbine_1,2026-02-03T18:00:00Z,2026-02-04T09:00:00Z,15,15,ml-483c8ee3abe0fe0e00412708,gfs-b4d00e6266f5ff6c7fa4ac5d,verified_object_version,0.10787140360579378,forecast-1c32e3cff363601631cd045f,2026-02-03T18:00:00Z,2026-02-04T14:00:00+05:00
forecast-1c32e3cff363601631cd045f,turbine_1,2026-02-03T18:00:00Z,2026-02-04T10:00:00Z,16,16,ml-483c8ee3abe0fe0e00412708,gfs-b4d00e6266f5ff6c7fa4ac5d,verified_object_version,0.10744285617153482,forecast-1c32e3cff363601631cd045f,2026-02-03T18:00:00Z,2026-02-04T15:00:00+05:00
forecast-1c32e3cff363601631cd045f,turbine_1,2026-02-03T18:00:00Z,2026-02-04T11:00:00Z,17,17,ml-483c8ee3abe0fe0e00412708,gfs-b4d00e6266f5ff6c7fa4ac5d,verified_object_version,0.09274324210821616,forecast-1c32e3cff363601631cd045f,2026-02-03T18:00:00Z,2026-02-04T16:00:00+05:00
forecast-1c32e3cff363601631cd045f,turbine_1,2026-02-03T18:00:00Z,2026-02-04T12:00:00Z,18,18,ml-483c8ee3abe0fe0e00412708,gfs-b4d00e6266f5ff6c7fa4ac5d,verified_object_version,0.04498256081403046,forecast-1c32e3cff363601631cd045f,2026-02-03T18:00:00Z,2026-02-04T17:00:00+05:00
forecast-1c32e3cff363601631cd045f,turbine_1,2026-02-03T18:00:00Z,2026-02-04T13:00:00Z,19,19,ml-483c8ee3abe0fe0e00412708,gfs-b4d00e6266f5ff6c7fa4ac5d,verified_object_version,0.027950387368457424,forecast-1c32e3cff363601631cd045f,2026-02-03T18:00:00Z,2026-02-04T18:00:00+05:00
forecast-1c32e3cff363601631cd045f,turbine_1,2026-02-03T18:00:00Z,2026-02-04T14:00:00Z,20,20,ml-483c8ee3abe0fe0e00412708,gfs-b4d00e6266f5ff6c7fa4ac5d,verified_object_version,0.03356044729987634,forecast-1c32e3cff363601631cd045f,2026-02-03T18:00:00Z,2026-02-04T19:00:00+05:00
forecast-1c32e3cff363601631cd045f,turbine_1,2026-02-03T18:00:00Z,2026-02-04T15:00:00Z,21,21,ml-483c8ee3abe0fe0e00412708,gfs-b4d00e6266f5ff6c7fa4ac5d,verified_object_version,0.1335311160225473,forecast-1c32e3cff363601631cd045f,2026-02-03T18:00:00Z,2026-02-04T20:00:00+05:00
forecast-1c32e3cff363601631cd045f,turbine_1,2026-02-03T18:00:00Z,2026-02-04T16:00:00Z,22,22,ml-483c8ee3abe0fe0e00412708,gfs-b4d00e6266f5ff6c7fa4ac5d,verified_object_version,0.41544597319647425,forecast-1c32e3cff363601631cd045f,2026-02-03T18:00:00Z,2026-02-04T21:00:00+05:00
forecast-1c32e3cff363601631cd045f,turbine_1,2026-02-03T18:00:00Z,2026-02-04T17:00:00Z,23,23,ml-483c8ee3abe0fe0e00412708,gfs-b4d00e6266f5ff6c7fa4ac5d,verified_object_version,0.6105103250021094,forecast-1c32e3cff363601631cd045f,2026-02-03T18:00:00Z,2026-02-04T22:00:00+05:00
forecast-1c32e3cff363601631cd045f,turbine_1,2026-02-03T18:00:00Z,2026-02-04T18:00:00Z,24,24,ml-483c8ee3abe0fe0e00412708,gfs-b4d00e6266f5ff6c7fa4ac5d,verified_object_version,0.37167542112443075,forecast-1c32e3cff363601631cd045f,2026-02-03T18:00:00Z,2026-02-04T23:00:00+05:00
forecast-51eb49f67e0850e99f6c7b2f,turbine_1,2026-02-04T18:00:00Z,2026-02-04T19:00:00Z,1,1,ml-483c8ee3abe0fe0e00412708,gfs-47f1ea7d21a24887b153a8ed,verified_object_version,0.9384999157792712,forecast-51eb49f67e0850e99f6c7b2f,2026-02-04T18:00:00Z,2026-02-05T00:00:00+05:00
forecast-51eb49f67e0850e99f6c7b2f,turbine_1,2026-02-04T18:00:00Z,2026-02-04T20:00:00Z,2,2,ml-483c8ee3abe0fe0e00412708,gfs-47f1ea7d21a24887b153a8ed,verified_object_version,0.96489695032596,forecast-51eb49f67e0850e99f6c7b2f,2026-02-04T18:00:00Z,2026-02-05T01:00:00+05:00
forecast-51eb49f67e0850e99f6c7b2f,turbine_1,2026-02-04T18:00:00Z,2026-02-04T21:00:00Z,3,3,ml-483c8ee3abe0fe0e00412708,gfs-47f1ea7d21a24887b153a8ed,verified_object_version,0.9767321279080552,forecast-51eb49f67e0850e99f6c7b2f,2026-02-04T18:00:00Z,2026-02-05T02:00:00+05:00
forecast-51eb49f67e0850e99f6c7b2f,turbine_1,2026-02-04T18:00:00Z,2026-02-04T22:00:00Z,4,4,ml-483c8ee3abe0fe0e00412708,gfs-47f1ea7d21a24887b153a8ed,verified_object_version,0.992287637436096,forecast-51eb49f67e0850e99f6c7b2f,2026-02-04T18:00:00Z,2026-02-05T03:00:00+05:00
forecast-51eb49f67e0850e99f6c7b2f,turbine_1,2026-02-04T18:00:00Z,2026-02-04T23:00:00Z,5,5,ml-483c8ee3abe0fe0e00412708,gfs-47f1ea7d21a24887b153a8ed,verified_object_version,0.9885785420834452,forecast-51eb49f67e0850e99f6c7b2f,2026-02-04T18:00:00Z,2026-02-05T04:00:00+05:00
forecast-51eb49f67e0850e99f6c7b2f,turbine_1,2026-02-04T18:00:00Z,2026-02-05T00:00:00Z,6,6,ml-483c8ee3abe0fe0e00412708,gfs-47f1ea7d21a24887b153a8ed,verified_object_version,0.9901132124648371,forecast-51eb49f67e0850e99f6c7b2f,2026-02-04T18:00:00Z,2026-02-05T05:00:00+05:00
forecast-51eb49f67e0850e99f6c7b2f,turbine_1,2026-02-04T18:00:00Z,2026-02-05T01:00:00Z,7,7,ml-483c8ee3abe0fe0e00412708,gfs-47f1ea7d21a24887b153a8ed,verified_object_version,0.9901338008291306,forecast-51eb49f67e0850e99f6c7b2f,2026-02-04T18:00:00Z,2026-02-05T06:00:00+05:00
forecast-51eb49f67e0850e99f6c7b2f,turbine_1,2026-02-04T18:00:00Z,2026-02-05T02:00:00Z,8,8,ml-483c8ee3abe0fe0e00412708,gfs-47f1ea7d21a24887b153a8ed,verified_object_version,0.9890450759105414,forecast-51eb49f67e0850e99f6c7b2f,2026-02-04T18:00:00Z,2026-02-05T07:00:00+05:00
forecast-51eb49f67e0850e99f6c7b2f,turbine_1,2026-02-04T18:00:00Z,2026-02-05T03:00:00Z,9,9,ml-483c8ee3abe0fe0e00412708,gfs-47f1ea7d21a24887b153a8ed,verified_object_version,0.9880632837751835,forecast-51eb49f67e0850e99f6c7b2f,2026-02-04T18:00:00Z,2026-02-05T08:00:00+05:00
forecast-51eb49f67e0850e99f6c7b2f,turbine_1,2026-02-04T18:00:00Z,2026-02-05T04:00:00Z,10,10,ml-483c8ee3abe0fe0e00412708,gfs-47f1ea7d21a24887b153a8ed,verified_object_version,0.9902864004450519,forecast-51eb49f67e0850e99f6c7b2f,2026-02-04T18:00:00Z,2026-02-05T09:00:00+05:00
forecast-51eb49f67e0850e99f6c7b2f,turbine_1,2026-02-04T18:00:00Z,2026-02-05T05:00:00Z,11,11,ml-483c8ee3abe0fe0e00412708,gfs-47f1ea7d21a24887b153a8ed,verified_object_version,0.9816228486435934,forecast-51eb49f67e0850e99f6c7b2f,2026-02-04T18:00:00Z,2026-02-05T10:00:00+05:00
forecast-51eb49f67e0850e99f6c7b2f,turbine_1,2026-02-04T18:00:00Z,2026-02-05T06:00:00Z,12,12,ml-483c8ee3abe0fe0e00412708,gfs-47f1ea7d21a24887b153a8ed,verified_object_version,0.9783728105417894,forecast-51eb49f67e0850e99f6c7b2f,2026-02-04T18:00:00Z,2026-02-05T11:00:00+05:00
forecast-51eb49f67e0850e99f6c7b2f,turbine_1,2026-02-04T18:00:00Z,2026-02-05T07:00:00Z,13,13,ml-483c8ee3abe0fe0e00412708,gfs-47f1ea7d21a24887b153a8ed,verified_object_version,0.9762396780625145,forecast-51eb49f67e0850e99f6c7b2f,2026-02-04T18:00:00Z,2026-02-05T12:00:00+05:00
forecast-51eb49f67e0850e99f6c7b2f,turbine_1,2026-02-04T18:00:00Z,2026-02-05T08:00:00Z,14,14,ml-483c8ee3abe0fe0e00412708,gfs-47f1ea7d21a24887b153a8ed,verified_object_version,0.976313569860253,forecast-51eb49f67e0850e99f6c7b2f,2026-02-04T18:00:00Z,2026-02-05T13:00:00+05:00
forecast-51eb49f67e0850e99f6c7b2f,turbine_1,2026-02-04T18:00:00Z,2026-02-05T09:00:00Z,15,15,ml-483c8ee3abe0fe0e00412708,gfs-47f1ea7d21a24887b153a8ed,verified_object_version,0.9694866156098136,forecast-51eb49f67e0850e99f6c7b2f,2026-02-04T18:00:00Z,2026-02-05T14:00:00+05:00
forecast-51eb49f67e0850e99f6c7b2f,turbine_1,2026-02-04T18:00:00Z,2026-02-05T10:00:00Z,16,16,ml-483c8ee3abe0fe0e00412708,gfs-47f1ea7d21a24887b153a8ed,verified_object_version,0.9665318943012436,forecast-51eb49f67e0850e99f6c7b2f,2026-02-04T18:00:00Z,2026-02-05T15:00:00+05:00
forecast-51eb49f67e0850e99f6c7b2f,turbine_1,2026-02-04T18:00:00Z,2026-02-05T11:00:00Z,17,17,ml-483c8ee3abe0fe0e00412708,gfs-47f1ea7d21a24887b153a8ed,verified_object_version,0.9772597797916631,forecast-51eb49f67e0850e99f6c7b2f,2026-02-04T18:00:00Z,2026-02-05T16:00:00+05:00
forecast-51eb49f67e0850e99f6c7b2f,turbine_1,2026-02-04T18:00:00Z,2026-02-05T12:00:00Z,18,18,ml-483c8ee3abe0fe0e00412708,gfs-47f1ea7d21a24887b153a8ed,verified_object_version,1.0,forecast-51eb49f67e0850e99f6c7b2f,2026-02-04T18:00:00Z,2026-02-05T17:00:00+05:00
forecast-51eb49f67e0850e99f6c7b2f,turbine_1,2026-02-04T18:00:00Z,2026-02-05T13:00:00Z,19,19,ml-483c8ee3abe0fe0e00412708,gfs-47f1ea7d21a24887b153a8ed,verified_object_version,0.9465889064859184,forecast-51eb49f67e0850e99f6c7b2f,2026-02-04T18:00:00Z,2026-02-05T18:00:00+05:00
forecast-51eb49f67e0850e99f6c7b2f,turbine_1,2026-02-04T18:00:00Z,2026-02-05T14:00:00Z,20,20,ml-483c8ee3abe0fe0e00412708,gfs-47f1ea7d21a24887b153a8ed,verified_object_version,0.9019114222095956,forecast-51eb49f67e0850e99f6c7b2f,2026-02-04T18:00:00Z,2026-02-05T19:00:00+05:00
forecast-51eb49f67e0850e99f6c7b2f,turbine_1,2026-02-04T18:00:00Z,2026-02-05T15:00:00Z,21,21,ml-483c8ee3abe0fe0e00412708,gfs-47f1ea7d21a24887b153a8ed,verified_object_version,0.8633034610790551,forecast-51eb49f67e0850e99f6c7b2f,2026-02-04T18:00:00Z,2026-02-05T20:00:00+05:00
forecast-51eb49f67e0850e99f6c7b2f,turbine_1,2026-02-04T18:00:00Z,2026-02-05T16:00:00Z,22,22,ml-483c8ee3abe0fe0e00412708,gfs-47f1ea7d21a24887b153a8ed,verified_object_version,0.7436478117306693,forecast-51eb49f67e0850e99f6c7b2f,2026-02-04T18:00:00Z,2026-02-05T21:00:00+05:00
forecast-51eb49f67e0850e99f6c7b2f,turbine_1,2026-02-04T18:00:00Z,2026-02-05T17:00:00Z,23,23,ml-483c8ee3abe0fe0e00412708,gfs-47f1ea7d21a24887b153a8ed,verified_object_version,0.6068494674418112,forecast-51eb49f67e0850e99f6c7b2f,2026-02-04T18:00:00Z,2026-02-05T22:00:00+05:00
forecast-51eb49f67e0850e99f6c7b2f,turbine_1,2026-02-04T18:00:00Z,2026-02-05T18:00:00Z,24,24,ml-483c8ee3abe0fe0e00412708,gfs-47f1ea7d21a24887b153a8ed,verified_object_version,0.45973044981178357,forecast-51eb49f67e0850e99f6c7b2f,2026-02-04T18:00:00Z,2026-02-05T23:00:00+05:00
forecast-580319181069b782727707f0,turbine_1,2026-02-05T18:00:00Z,2026-02-05T19:00:00Z,1,1,ml-483c8ee3abe0fe0e00412708,gfs-de975058bbbe0c5099edf51a,verified_object_version,0.5708522395035888,forecast-580319181069b782727707f0,2026-02-05T18:00:00Z,2026-02-06T00:00:00+05:00
forecast-580319181069b782727707f0,turbine_1,2026-02-05T18:00:00Z,2026-02-05T20:00:00Z,2,2,ml-483c8ee3abe0fe0e00412708,gfs-de975058bbbe0c5099edf51a,verified_object_version,0.44157170147921887,forecast-580319181069b782727707f0,2026-02-05T18:00:00Z,2026-02-06T01:00:00+05:00
forecast-580319181069b782727707f0,turbine_1,2026-02-05T18:00:00Z,2026-02-05T21:00:00Z,3,3,ml-483c8ee3abe0fe0e00412708,gfs-de975058bbbe0c5099edf51a,verified_object_version,0.296669978440299,forecast-580319181069b782727707f0,2026-02-05T18:00:00Z,2026-02-06T02:00:00+05:00
forecast-580319181069b782727707f0,turbine_1,2026-02-05T18:00:00Z,2026-02-05T22:00:00Z,4,4,ml-483c8ee3abe0fe0e00412708,gfs-de975058bbbe0c5099edf51a,verified_object_version,0.2575332497104208,forecast-580319181069b782727707f0,2026-02-05T18:00:00Z,2026-02-06T03:00:00+05:00
forecast-580319181069b782727707f0,turbine_1,2026-02-05T18:00:00Z,2026-02-05T23:00:00Z,5,5,ml-483c8ee3abe0fe0e00412708,gfs-de975058bbbe0c5099edf51a,verified_object_version,0.39256144676605786,forecast-580319181069b782727707f0,2026-02-05T18:00:00Z,2026-02-06T04:00:00+05:00
forecast-580319181069b782727707f0,turbine_1,2026-02-05T18:00:00Z,2026-02-06T00:00:00Z,6,6,ml-483c8ee3abe0fe0e00412708,gfs-de975058bbbe0c5099edf51a,verified_object_version,0.31503291662085975,forecast-580319181069b782727707f0,2026-02-05T18:00:00Z,2026-02-06T05:00:00+05:00
forecast-580319181069b782727707f0,turbine_1,2026-02-05T18:00:00Z,2026-02-06T01:00:00Z,7,7,ml-483c8ee3abe0fe0e00412708,gfs-de975058bbbe0c5099edf51a,verified_object_version,0.16421210496011937,forecast-580319181069b782727707f0,2026-02-05T18:00:00Z,2026-02-06T06:00:00+05:00
forecast-580319181069b782727707f0,turbine_1,2026-02-05T18:00:00Z,2026-02-06T02:00:00Z,8,8,ml-483c8ee3abe0fe0e00412708,gfs-de975058bbbe0c5099edf51a,verified_object_version,0.058817813169338595,forecast-580319181069b782727707f0,2026-02-05T18:00:00Z,2026-02-06T07:00:00+05:00
forecast-580319181069b782727707f0,turbine_1,2026-02-05T18:00:00Z,2026-02-06T03:00:00Z,9,9,ml-483c8ee3abe0fe0e00412708,gfs-de975058bbbe0c5099edf51a,verified_object_version,0.03982519609423357,forecast-580319181069b782727707f0,2026-02-05T18:00:00Z,2026-02-06T08:00:00+05:00
forecast-580319181069b782727707f0,turbine_1,2026-02-05T18:00:00Z,2026-02-06T04:00:00Z,10,10,ml-483c8ee3abe0fe0e00412708,gfs-de975058bbbe0c5099edf51a,verified_object_version,0.03277279998703547,forecast-580319181069b782727707f0,2026-02-05T18:00:00Z,2026-02-06T09:00:00+05:00
forecast-580319181069b782727707f0,turbine_1,2026-02-05T18:00:00Z,2026-02-06T05:00:00Z,11,11,ml-483c8ee3abe0fe0e00412708,gfs-de975058bbbe0c5099edf51a,verified_object_version,0.022520956862268987,forecast-580319181069b782727707f0,2026-02-05T18:00:00Z,2026-02-06T10:00:00+05:00
forecast-580319181069b782727707f0,turbine_1,2026-02-05T18:00:00Z,2026-02-06T06:00:00Z,12,12,ml-483c8ee3abe0fe0e00412708,gfs-de975058bbbe0c5099edf51a,verified_object_version,0.025513052674004,forecast-580319181069b782727707f0,2026-02-05T18:00:00Z,2026-02-06T11:00:00+05:00
forecast-580319181069b782727707f0,turbine_1,2026-02-05T18:00:00Z,2026-02-06T07:00:00Z,13,13,ml-483c8ee3abe0fe0e00412708,gfs-de975058bbbe0c5099edf51a,verified_object_version,0.11243803183761686,forecast-580319181069b782727707f0,2026-02-05T18:00:00Z,2026-02-06T12:00:00+05:00
forecast-580319181069b782727707f0,turbine_1,2026-02-05T18:00:00Z,2026-02-06T08:00:00Z,14,14,ml-483c8ee3abe0fe0e00412708,gfs-de975058bbbe0c5099edf51a,verified_object_version,0.43484622176046617,forecast-580319181069b782727707f0,2026-02-05T18:00:00Z,2026-02-06T13:00:00+05:00
forecast-580319181069b782727707f0,turbine_1,2026-02-05T18:00:00Z,2026-02-06T09:00:00Z,15,15,ml-483c8ee3abe0fe0e00412708,gfs-de975058bbbe0c5099edf51a,verified_object_version,0.6919015953290351,forecast-580319181069b782727707f0,2026-02-05T18:00:00Z,2026-02-06T14:00:00+05:00
forecast-580319181069b782727707f0,turbine_1,2026-02-05T18:00:00Z,2026-02-06T10:00:00Z,16,16,ml-483c8ee3abe0fe0e00412708,gfs-de975058bbbe0c5099edf51a,verified_object_version,0.959077695731004,forecast-580319181069b782727707f0,2026-02-05T18:00:00Z,2026-02-06T15:00:00+05:00
forecast-580319181069b782727707f0,turbine_1,2026-02-05T18:00:00Z,2026-02-06T11:00:00Z,17,17,ml-483c8ee3abe0fe0e00412708,gfs-de975058bbbe0c5099edf51a,verified_object_version,0.957127756081267,forecast-580319181069b782727707f0,2026-02-05T18:00:00Z,2026-02-06T16:00:00+05:00
forecast-580319181069b782727707f0,turbine_1,2026-02-05T18:00:00Z,2026-02-06T12:00:00Z,18,18,ml-483c8ee3abe0fe0e00412708,gfs-de975058bbbe0c5099edf51a,verified_object_version,0.9582185356721087,forecast-580319181069b782727707f0,2026-02-05T18:00:00Z,2026-02-06T17:00:00+05:00
forecast-580319181069b782727707f0,turbine_1,2026-02-05T18:00:00Z,2026-02-06T13:00:00Z,19,19,ml-483c8ee3abe0fe0e00412708,gfs-de975058bbbe0c5099edf51a,verified_object_version,0.9617483110070747,forecast-580319181069b782727707f0,2026-02-05T18:00:00Z,2026-02-06T18:00:00+05:00
forecast-580319181069b782727707f0,turbine_1,2026-02-05T18:00:00Z,2026-02-06T14:00:00Z,20,20,ml-483c8ee3abe0fe0e00412708,gfs-de975058bbbe0c5099edf51a,verified_object_version,0.9536477891821847,forecast-580319181069b782727707f0,2026-02-05T18:00:00Z,2026-02-06T19:00:00+05:00
forecast-580319181069b782727707f0,turbine_1,2026-02-05T18:00:00Z,2026-02-06T15:00:00Z,21,21,ml-483c8ee3abe0fe0e00412708,gfs-de975058bbbe0c5099edf51a,verified_object_version,0.9650544604682864,forecast-580319181069b782727707f0,2026-02-05T18:00:00Z,2026-02-06T20:00:00+05:00
forecast-580319181069b782727707f0,turbine_1,2026-02-05T18:00:00Z,2026-02-06T16:00:00Z,22,22,ml-483c8ee3abe0fe0e00412708,gfs-de975058bbbe0c5099edf51a,verified_object_version,0.9653847257353716,forecast-580319181069b782727707f0,2026-02-05T18:00:00Z,2026-02-06T21:00:00+05:00
forecast-580319181069b782727707f0,turbine_1,2026-02-05T18:00:00Z,2026-02-06T17:00:00Z,23,23,ml-483c8ee3abe0fe0e00412708,gfs-de975058bbbe0c5099edf51a,verified_object_version,0.953778451564384,forecast-580319181069b782727707f0,2026-02-05T18:00:00Z,2026-02-06T22:00:00+05:00
forecast-580319181069b782727707f0,turbine_1,2026-02-05T18:00:00Z,2026-02-06T18:00:00Z,24,24,ml-483c8ee3abe0fe0e00412708,gfs-de975058bbbe0c5099edf51a,verified_object_version,0.9573057102445267,forecast-580319181069b782727707f0,2026-02-05T18:00:00Z,2026-02-06T23:00:00+05:00
forecast-fe4e1b1145b6495bbbb538c0,turbine_1,2026-02-06T18:00:00Z,2026-02-06T19:00:00Z,1,1,ml-483c8ee3abe0fe0e00412708,gfs-1ac70e20a72b04f3645a192a,verified_object_version,0.9182360832867767,forecast-fe4e1b1145b6495bbbb538c0,2026-02-06T18:00:00Z,2026-02-07T00:00:00+05:00
forecast-fe4e1b1145b6495bbbb538c0,turbine_1,2026-02-06T18:00:00Z,2026-02-06T20:00:00Z,2,2,ml-483c8ee3abe0fe0e00412708,gfs-1ac70e20a72b04f3645a192a,verified_object_version,0.8104205708229106,forecast-fe4e1b1145b6495bbbb538c0,2026-02-06T18:00:00Z,2026-02-07T01:00:00+05:00
forecast-fe4e1b1145b6495bbbb538c0,turbine_1,2026-02-06T18:00:00Z,2026-02-06T21:00:00Z,3,3,ml-483c8ee3abe0fe0e00412708,gfs-1ac70e20a72b04f3645a192a,verified_object_version,0.5533230082215296,forecast-fe4e1b1145b6495bbbb538c0,2026-02-06T18:00:00Z,2026-02-07T02:00:00+05:00
forecast-fe4e1b1145b6495bbbb538c0,turbine_1,2026-02-06T18:00:00Z,2026-02-06T22:00:00Z,4,4,ml-483c8ee3abe0fe0e00412708,gfs-1ac70e20a72b04f3645a192a,verified_object_version,0.28489466505274075,forecast-fe4e1b1145b6495bbbb538c0,2026-02-06T18:00:00Z,2026-02-07T03:00:00+05:00
forecast-fe4e1b1145b6495bbbb538c0,turbine_1,2026-02-06T18:00:00Z,2026-02-06T23:00:00Z,5,5,ml-483c8ee3abe0fe0e00412708,gfs-1ac70e20a72b04f3645a192a,verified_object_version,0.1385390537650864,forecast-fe4e1b1145b6495bbbb538c0,2026-02-06T18:00:00Z,2026-02-07T04:00:00+05:00
forecast-fe4e1b1145b6495bbbb538c0,turbine_1,2026-02-06T18:00:00Z,2026-02-07T00:00:00Z,6,6,ml-483c8ee3abe0fe0e00412708,gfs-1ac70e20a72b04f3645a192a,verified_object_version,0.08868608997709634,forecast-fe4e1b1145b6495bbbb538c0,2026-02-06T18:00:00Z,2026-02-07T05:00:00+05:00
forecast-fe4e1b1145b6495bbbb538c0,turbine_1,2026-02-06T18:00:00Z,2026-02-07T01:00:00Z,7,7,ml-483c8ee3abe0fe0e00412708,gfs-1ac70e20a72b04f3645a192a,verified_object_version,0.04688422175506657,forecast-fe4e1b1145b6495bbbb538c0,2026-02-06T18:00:00Z,2026-02-07T06:00:00+05:00
forecast-fe4e1b1145b6495bbbb538c0,turbine_1,2026-02-06T18:00:00Z,2026-02-07T02:00:00Z,8,8,ml-483c8ee3abe0fe0e00412708,gfs-1ac70e20a72b04f3645a192a,verified_object_version,0.017216316121444197,forecast-fe4e1b1145b6495bbbb538c0,2026-02-06T18:00:00Z,2026-02-07T07:00:00+05:00
forecast-fe4e1b1145b6495bbbb538c0,turbine_1,2026-02-06T18:00:00Z,2026-02-07T03:00:00Z,9,9,ml-483c8ee3abe0fe0e00412708,gfs-1ac70e20a72b04f3645a192a,verified_object_version,0.01873590454792262,forecast-fe4e1b1145b6495bbbb538c0,2026-02-06T18:00:00Z,2026-02-07T08:00:00+05:00
forecast-fe4e1b1145b6495bbbb538c0,turbine_1,2026-02-06T18:00:00Z,2026-02-07T04:00:00Z,10,10,ml-483c8ee3abe0fe0e00412708,gfs-1ac70e20a72b04f3645a192a,verified_object_version,0.04358072958325457,forecast-fe4e1b1145b6495bbbb538c0,2026-02-06T18:00:00Z,2026-02-07T09:00:00+05:00
forecast-fe4e1b1145b6495bbbb538c0,turbine_1,2026-02-06T18:00:00Z,2026-02-07T05:00:00Z,11,11,ml-483c8ee3abe0fe0e00412708,gfs-1ac70e20a72b04f3645a192a,verified_object_version,0.28278177711292274,forecast-fe4e1b1145b6495bbbb538c0,2026-02-06T18:00:00Z,2026-02-07T10:00:00+05:00
forecast-fe4e1b1145b6495bbbb538c0,turbine_1,2026-02-06T18:00:00Z,2026-02-07T06:00:00Z,12,12,ml-483c8ee3abe0fe0e00412708,gfs-1ac70e20a72b04f3645a192a,verified_object_version,0.6909669182562763,forecast-fe4e1b1145b6495bbbb538c0,2026-02-06T18:00:00Z,2026-02-07T11:00:00+05:00
forecast-fe4e1b1145b6495bbbb538c0,turbine_1,2026-02-06T18:00:00Z,2026-02-07T07:00:00Z,13,13,ml-483c8ee3abe0fe0e00412708,gfs-1ac70e20a72b04f3645a192a,verified_object_version,0.5617893049344993,forecast-fe4e1b1145b6495bbbb538c0,2026-02-06T18:00:00Z,2026-02-07T12:00:00+05:00
forecast-fe4e1b1145b6495bbbb538c0,turbine_1,2026-02-06T18:00:00Z,2026-02-07T08:00:00Z,14,14,ml-483c8ee3abe0fe0e00412708,gfs-1ac70e20a72b04f3645a192a,verified_object_version,0.34348039986553514,forecast-fe4e1b1145b6495bbbb538c0,2026-02-06T18:00:00Z,2026-02-07T13:00:00+05:00
forecast-fe4e1b1145b6495bbbb538c0,turbine_1,2026-02-06T18:00:00Z,2026-02-07T09:00:00Z,15,15,ml-483c8ee3abe0fe0e00412708,gfs-1ac70e20a72b04f3645a192a,verified_object_version,0.2014500108197172,forecast-fe4e1b1145b6495bbbb538c0,2026-02-06T18:00:00Z,2026-02-07T14:00:00+05:00
forecast-fe4e1b1145b6495bbbb538c0,turbine_1,2026-02-06T18:00:00Z,2026-02-07T10:00:00Z,16,16,ml-483c8ee3abe0fe0e00412708,gfs-1ac70e20a72b04f3645a192a,verified_object_version,0.09459421418414843,forecast-fe4e1b1145b6495bbbb538c0,2026-02-06T18:00:00Z,2026-02-07T15:00:00+05:00
forecast-fe4e1b1145b6495bbbb538c0,turbine_1,2026-02-06T18:00:00Z,2026-02-07T11:00:00Z,17,17,ml-483c8ee3abe0fe0e00412708,gfs-1ac70e20a72b04f3645a192a,verified_object_version,0.06025470384641843,forecast-fe4e1b1145b6495bbbb538c0,2026-02-06T18:00:00Z,2026-02-07T16:00:00+05:00
forecast-fe4e1b1145b6495bbbb538c0,turbine_1,2026-02-06T18:00:00Z,2026-02-07T12:00:00Z,18,18,ml-483c8ee3abe0fe0e00412708,gfs-1ac70e20a72b04f3645a192a,verified_object_version,0.05191369480842445,forecast-fe4e1b1145b6495bbbb538c0,2026-02-06T18:00:00Z,2026-02-07T17:00:00+05:00
forecast-fe4e1b1145b6495bbbb538c0,turbine_1,2026-02-06T18:00:00Z,2026-02-07T13:00:00Z,19,19,ml-483c8ee3abe0fe0e00412708,gfs-1ac70e20a72b04f3645a192a,verified_object_version,0.033113708617982573,forecast-fe4e1b1145b6495bbbb538c0,2026-02-06T18:00:00Z,2026-02-07T18:00:00+05:00
forecast-fe4e1b1145b6495bbbb538c0,turbine_1,2026-02-06T18:00:00Z,2026-02-07T14:00:00Z,20,20,ml-483c8ee3abe0fe0e00412708,gfs-1ac70e20a72b04f3645a192a,verified_object_version,0.03901594048257767,forecast-fe4e1b1145b6495bbbb538c0,2026-02-06T18:00:00Z,2026-02-07T19:00:00+05:00
forecast-fe4e1b1145b6495bbbb538c0,turbine_1,2026-02-06T18:00:00Z,2026-02-07T15:00:00Z,21,21,ml-483c8ee3abe0fe0e00412708,gfs-1ac70e20a72b04f3645a192a,verified_object_version,0.10579997002273536,forecast-fe4e1b1145b6495bbbb538c0,2026-02-06T18:00:00Z,2026-02-07T20:00:00+05:00
forecast-fe4e1b1145b6495bbbb538c0,turbine_1,2026-02-06T18:00:00Z,2026-02-07T16:00:00Z,22,22,ml-483c8ee3abe0fe0e00412708,gfs-1ac70e20a72b04f3645a192a,verified_object_version,0.12319118462991127,forecast-fe4e1b1145b6495bbbb538c0,2026-02-06T18:00:00Z,2026-02-07T21:00:00+05:00
forecast-fe4e1b1145b6495bbbb538c0,turbine_1,2026-02-06T18:00:00Z,2026-02-07T17:00:00Z,23,23,ml-483c8ee3abe0fe0e00412708,gfs-1ac70e20a72b04f3645a192a,verified_object_version,0.13099395773381559,forecast-fe4e1b1145b6495bbbb538c0,2026-02-06T18:00:00Z,2026-02-07T22:00:00+05:00
forecast-fe4e1b1145b6495bbbb538c0,turbine_1,2026-02-06T18:00:00Z,2026-02-07T18:00:00Z,24,24,ml-483c8ee3abe0fe0e00412708,gfs-1ac70e20a72b04f3645a192a,verified_object_version,0.1402618008860122,forecast-fe4e1b1145b6495bbbb538c0,2026-02-06T18:00:00Z,2026-02-07T23:00:00+05:00
forecast-0f4d6e74df053397a6f8c936,turbine_1,2026-02-07T18:00:00Z,2026-02-07T19:00:00Z,1,1,ml-483c8ee3abe0fe0e00412708,gfs-eb0b3b8d72d276806abaec84,verified_object_version,0.8732386831413036,forecast-0f4d6e74df053397a6f8c936,2026-02-07T18:00:00Z,2026-02-08T00:00:00+05:00
forecast-0f4d6e74df053397a6f8c936,turbine_1,2026-02-07T18:00:00Z,2026-02-07T20:00:00Z,2,2,ml-483c8ee3abe0fe0e00412708,gfs-eb0b3b8d72d276806abaec84,verified_object_version,0.894348334310349,forecast-0f4d6e74df053397a6f8c936,2026-02-07T18:00:00Z,2026-02-08T01:00:00+05:00
forecast-0f4d6e74df053397a6f8c936,turbine_1,2026-02-07T18:00:00Z,2026-02-07T21:00:00Z,3,3,ml-483c8ee3abe0fe0e00412708,gfs-eb0b3b8d72d276806abaec84,verified_object_version,0.8893784647055324,forecast-0f4d6e74df053397a6f8c936,2026-02-07T18:00:00Z,2026-02-08T02:00:00+05:00
forecast-0f4d6e74df053397a6f8c936,turbine_1,2026-02-07T18:00:00Z,2026-02-07T22:00:00Z,4,4,ml-483c8ee3abe0fe0e00412708,gfs-eb0b3b8d72d276806abaec84,verified_object_version,0.840519483585371,forecast-0f4d6e74df053397a6f8c936,2026-02-07T18:00:00Z,2026-02-08T03:00:00+05:00
forecast-0f4d6e74df053397a6f8c936,turbine_1,2026-02-07T18:00:00Z,2026-02-07T23:00:00Z,5,5,ml-483c8ee3abe0fe0e00412708,gfs-eb0b3b8d72d276806abaec84,verified_object_version,0.769486857258922,forecast-0f4d6e74df053397a6f8c936,2026-02-07T18:00:00Z,2026-02-08T04:00:00+05:00
forecast-0f4d6e74df053397a6f8c936,turbine_1,2026-02-07T18:00:00Z,2026-02-08T00:00:00Z,6,6,ml-483c8ee3abe0fe0e00412708,gfs-eb0b3b8d72d276806abaec84,verified_object_version,0.6160987703215917,forecast-0f4d6e74df053397a6f8c936,2026-02-07T18:00:00Z,2026-02-08T05:00:00+05:00
forecast-0f4d6e74df053397a6f8c936,turbine_1,2026-02-07T18:00:00Z,2026-02-08T01:00:00Z,7,7,ml-483c8ee3abe0fe0e00412708,gfs-eb0b3b8d72d276806abaec84,verified_object_version,0.3608998709542963,forecast-0f4d6e74df053397a6f8c936,2026-02-07T18:00:00Z,2026-02-08T06:00:00+05:00
forecast-0f4d6e74df053397a6f8c936,turbine_1,2026-02-07T18:00:00Z,2026-02-08T02:00:00Z,8,8,ml-483c8ee3abe0fe0e00412708,gfs-eb0b3b8d72d276806abaec84,verified_object_version,0.23653648163775579,forecast-0f4d6e74df053397a6f8c936,2026-02-07T18:00:00Z,2026-02-08T07:00:00+05:00
forecast-0f4d6e74df053397a6f8c936,turbine_1,2026-02-07T18:00:00Z,2026-02-08T03:00:00Z,9,9,ml-483c8ee3abe0fe0e00412708,gfs-eb0b3b8d72d276806abaec84,verified_object_version,0.13811609406845238,forecast-0f4d6e74df053397a6f8c936,2026-02-07T18:00:00Z,2026-02-08T08:00:00+05:00
forecast-0f4d6e74df053397a6f8c936,turbine_1,2026-02-07T18:00:00Z,2026-02-08T04:00:00Z,10,10,ml-483c8ee3abe0fe0e00412708,gfs-eb0b3b8d72d276806abaec84,verified_object_version,0.12535446058444047,forecast-0f4d6e74df053397a6f8c936,2026-02-07T18:00:00Z,2026-02-08T09:00:00+05:00
forecast-0f4d6e74df053397a6f8c936,turbine_1,2026-02-07T18:00:00Z,2026-02-08T05:00:00Z,11,11,ml-483c8ee3abe0fe0e00412708,gfs-eb0b3b8d72d276806abaec84,verified_object_version,0.08478091421331885,forecast-0f4d6e74df053397a6f8c936,2026-02-07T18:00:00Z,2026-02-08T10:00:00+05:00
forecast-0f4d6e74df053397a6f8c936,turbine_1,2026-02-07T18:00:00Z,2026-02-08T06:00:00Z,12,12,ml-483c8ee3abe0fe0e00412708,gfs-eb0b3b8d72d276806abaec84,verified_object_version,0.048274565088744226,forecast-0f4d6e74df053397a6f8c936,2026-02-07T18:00:00Z,2026-02-08T11:00:00+05:00
forecast-0f4d6e74df053397a6f8c936,turbine_1,2026-02-07T18:00:00Z,2026-02-08T07:00:00Z,13,13,ml-483c8ee3abe0fe0e00412708,gfs-eb0b3b8d72d276806abaec84,verified_object_version,0.02371779831898088,forecast-0f4d6e74df053397a6f8c936,2026-02-07T18:00:00Z,2026-02-08T12:00:00+05:00
forecast-0f4d6e74df053397a6f8c936,turbine_1,2026-02-07T18:00:00Z,2026-02-08T08:00:00Z,14,14,ml-483c8ee3abe0fe0e00412708,gfs-eb0b3b8d72d276806abaec84,verified_object_version,0.03228864101069143,forecast-0f4d6e74df053397a6f8c936,2026-02-07T18:00:00Z,2026-02-08T13:00:00+05:00
forecast-0f4d6e74df053397a6f8c936,turbine_1,2026-02-07T18:00:00Z,2026-02-08T09:00:00Z,15,15,ml-483c8ee3abe0fe0e00412708,gfs-eb0b3b8d72d276806abaec84,verified_object_version,0.03183499154557262,forecast-0f4d6e74df053397a6f8c936,2026-02-07T18:00:00Z,2026-02-08T14:00:00+05:00
forecast-0f4d6e74df053397a6f8c936,turbine_1,2026-02-07T18:00:00Z,2026-02-08T10:00:00Z,16,16,ml-483c8ee3abe0fe0e00412708,gfs-eb0b3b8d72d276806abaec84,verified_object_version,0.35798148622679193,forecast-0f4d6e74df053397a6f8c936,2026-02-07T18:00:00Z,2026-02-08T15:00:00+05:00
forecast-0f4d6e74df053397a6f8c936,turbine_1,2026-02-07T18:00:00Z,2026-02-08T11:00:00Z,17,17,ml-483c8ee3abe0fe0e00412708,gfs-eb0b3b8d72d276806abaec84,verified_object_version,0.977064561323231,forecast-0f4d6e74df053397a6f8c936,2026-02-07T18:00:00Z,2026-02-08T16:00:00+05:00
forecast-0f4d6e74df053397a6f8c936,turbine_1,2026-02-07T18:00:00Z,2026-02-08T12:00:00Z,18,18,ml-483c8ee3abe0fe0e00412708,gfs-eb0b3b8d72d276806abaec84,verified_object_version,0.9890176188093275,forecast-0f4d6e74df053397a6f8c936,2026-02-07T18:00:00Z,2026-02-08T17:00:00+05:00
forecast-0f4d6e74df053397a6f8c936,turbine_1,2026-02-07T18:00:00Z,2026-02-08T13:00:00Z,19,19,ml-483c8ee3abe0fe0e00412708,gfs-eb0b3b8d72d276806abaec84,verified_object_version,0.9895090885193343,forecast-0f4d6e74df053397a6f8c936,2026-02-07T18:00:00Z,2026-02-08T18:00:00+05:00
forecast-0f4d6e74df053397a6f8c936,turbine_1,2026-02-07T18:00:00Z,2026-02-08T14:00:00Z,20,20,ml-483c8ee3abe0fe0e00412708,gfs-eb0b3b8d72d276806abaec84,verified_object_version,0.999910740915457,forecast-0f4d6e74df053397a6f8c936,2026-02-07T18:00:00Z,2026-02-08T19:00:00+05:00
forecast-0f4d6e74df053397a6f8c936,turbine_1,2026-02-07T18:00:00Z,2026-02-08T15:00:00Z,21,21,ml-483c8ee3abe0fe0e00412708,gfs-eb0b3b8d72d276806abaec84,verified_object_version,0.9973170445265761,forecast-0f4d6e74df053397a6f8c936,2026-02-07T18:00:00Z,2026-02-08T20:00:00+05:00
forecast-0f4d6e74df053397a6f8c936,turbine_1,2026-02-07T18:00:00Z,2026-02-08T16:00:00Z,22,22,ml-483c8ee3abe0fe0e00412708,gfs-eb0b3b8d72d276806abaec84,verified_object_version,0.99550535226452,forecast-0f4d6e74df053397a6f8c936,2026-02-07T18:00:00Z,2026-02-08T21:00:00+05:00
forecast-0f4d6e74df053397a6f8c936,turbine_1,2026-02-07T18:00:00Z,2026-02-08T17:00:00Z,23,23,ml-483c8ee3abe0fe0e00412708,gfs-eb0b3b8d72d276806abaec84,verified_object_version,0.998194427774561,forecast-0f4d6e74df053397a6f8c936,2026-02-07T18:00:00Z,2026-02-08T22:00:00+05:00
forecast-0f4d6e74df053397a6f8c936,turbine_1,2026-02-07T18:00:00Z,2026-02-08T18:00:00Z,24,24,ml-483c8ee3abe0fe0e00412708,gfs-eb0b3b8d72d276806abaec84,verified_object_version,0.9960470816362055,forecast-0f4d6e74df053397a6f8c936,2026-02-07T18:00:00Z,2026-02-08T23:00:00+05:00
forecast-ae27d0406f817504b7152e9c,turbine_1,2026-02-08T18:00:00Z,2026-02-08T19:00:00Z,1,1,ml-483c8ee3abe0fe0e00412708,gfs-15849efe12ca8a2194ecd248,verified_object_version,0.9918284719888479,forecast-ae27d0406f817504b7152e9c,2026-02-08T18:00:00Z,2026-02-09T00:00:00+05:00
forecast-ae27d0406f817504b7152e9c,turbine_1,2026-02-08T18:00:00Z,2026-02-08T20:00:00Z,2,2,ml-483c8ee3abe0fe0e00412708,gfs-15849efe12ca8a2194ecd248,verified_object_version,0.9940269397745036,forecast-ae27d0406f817504b7152e9c,2026-02-08T18:00:00Z,2026-02-09T01:00:00+05:00
forecast-ae27d0406f817504b7152e9c,turbine_1,2026-02-08T18:00:00Z,2026-02-08T21:00:00Z,3,3,ml-483c8ee3abe0fe0e00412708,gfs-15849efe12ca8a2194ecd248,verified_object_version,1.0,forecast-ae27d0406f817504b7152e9c,2026-02-08T18:00:00Z,2026-02-09T02:00:00+05:00
forecast-ae27d0406f817504b7152e9c,turbine_1,2026-02-08T18:00:00Z,2026-02-08T22:00:00Z,4,4,ml-483c8ee3abe0fe0e00412708,gfs-15849efe12ca8a2194ecd248,verified_object_version,0.9964044738273645,forecast-ae27d0406f817504b7152e9c,2026-02-08T18:00:00Z,2026-02-09T03:00:00+05:00
forecast-ae27d0406f817504b7152e9c,turbine_1,2026-02-08T18:00:00Z,2026-02-08T23:00:00Z,5,5,ml-483c8ee3abe0fe0e00412708,gfs-15849efe12ca8a2194ecd248,verified_object_version,1.0,forecast-ae27d0406f817504b7152e9c,2026-02-08T18:00:00Z,2026-02-09T04:00:00+05:00
forecast-ae27d0406f817504b7152e9c,turbine_1,2026-02-08T18:00:00Z,2026-02-09T00:00:00Z,6,6,ml-483c8ee3abe0fe0e00412708,gfs-15849efe12ca8a2194ecd248,verified_object_version,0.9747391083021729,forecast-ae27d0406f817504b7152e9c,2026-02-08T18:00:00Z,2026-02-09T05:00:00+05:00
forecast-ae27d0406f817504b7152e9c,turbine_1,2026-02-08T18:00:00Z,2026-02-09T01:00:00Z,7,7,ml-483c8ee3abe0fe0e00412708,gfs-15849efe12ca8a2194ecd248,verified_object_version,0.9632979665551804,forecast-ae27d0406f817504b7152e9c,2026-02-08T18:00:00Z,2026-02-09T06:00:00+05:00
forecast-ae27d0406f817504b7152e9c,turbine_1,2026-02-08T18:00:00Z,2026-02-09T02:00:00Z,8,8,ml-483c8ee3abe0fe0e00412708,gfs-15849efe12ca8a2194ecd248,verified_object_version,0.9712386706997651,forecast-ae27d0406f817504b7152e9c,2026-02-08T18:00:00Z,2026-02-09T07:00:00+05:00
forecast-ae27d0406f817504b7152e9c,turbine_1,2026-02-08T18:00:00Z,2026-02-09T03:00:00Z,9,9,ml-483c8ee3abe0fe0e00412708,gfs-15849efe12ca8a2194ecd248,verified_object_version,0.9825358137928464,forecast-ae27d0406f817504b7152e9c,2026-02-08T18:00:00Z,2026-02-09T08:00:00+05:00
forecast-ae27d0406f817504b7152e9c,turbine_1,2026-02-08T18:00:00Z,2026-02-09T04:00:00Z,10,10,ml-483c8ee3abe0fe0e00412708,gfs-15849efe12ca8a2194ecd248,verified_object_version,0.9776268826040556,forecast-ae27d0406f817504b7152e9c,2026-02-08T18:00:00Z,2026-02-09T09:00:00+05:00
forecast-ae27d0406f817504b7152e9c,turbine_1,2026-02-08T18:00:00Z,2026-02-09T05:00:00Z,11,11,ml-483c8ee3abe0fe0e00412708,gfs-15849efe12ca8a2194ecd248,verified_object_version,0.9655878527565744,forecast-ae27d0406f817504b7152e9c,2026-02-08T18:00:00Z,2026-02-09T10:00:00+05:00
forecast-ae27d0406f817504b7152e9c,turbine_1,2026-02-08T18:00:00Z,2026-02-09T06:00:00Z,12,12,ml-483c8ee3abe0fe0e00412708,gfs-15849efe12ca8a2194ecd248,verified_object_version,0.9757423853395137,forecast-ae27d0406f817504b7152e9c,2026-02-08T18:00:00Z,2026-02-09T11:00:00+05:00
forecast-ae27d0406f817504b7152e9c,turbine_1,2026-02-08T18:00:00Z,2026-02-09T07:00:00Z,13,13,ml-483c8ee3abe0fe0e00412708,gfs-15849efe12ca8a2194ecd248,verified_object_version,0.9828239121491694,forecast-ae27d0406f817504b7152e9c,2026-02-08T18:00:00Z,2026-02-09T12:00:00+05:00
forecast-ae27d0406f817504b7152e9c,turbine_1,2026-02-08T18:00:00Z,2026-02-09T08:00:00Z,14,14,ml-483c8ee3abe0fe0e00412708,gfs-15849efe12ca8a2194ecd248,verified_object_version,0.9816537247115202,forecast-ae27d0406f817504b7152e9c,2026-02-08T18:00:00Z,2026-02-09T13:00:00+05:00
forecast-ae27d0406f817504b7152e9c,turbine_1,2026-02-08T18:00:00Z,2026-02-09T09:00:00Z,15,15,ml-483c8ee3abe0fe0e00412708,gfs-15849efe12ca8a2194ecd248,verified_object_version,0.9762353269815888,forecast-ae27d0406f817504b7152e9c,2026-02-08T18:00:00Z,2026-02-09T14:00:00+05:00
forecast-ae27d0406f817504b7152e9c,turbine_1,2026-02-08T18:00:00Z,2026-02-09T10:00:00Z,16,16,ml-483c8ee3abe0fe0e00412708,gfs-15849efe12ca8a2194ecd248,verified_object_version,0.9754860484362198,forecast-ae27d0406f817504b7152e9c,2026-02-08T18:00:00Z,2026-02-09T15:00:00+05:00
forecast-ae27d0406f817504b7152e9c,turbine_1,2026-02-08T18:00:00Z,2026-02-09T11:00:00Z,17,17,ml-483c8ee3abe0fe0e00412708,gfs-15849efe12ca8a2194ecd248,verified_object_version,0.9189257590607686,forecast-ae27d0406f817504b7152e9c,2026-02-08T18:00:00Z,2026-02-09T16:00:00+05:00
forecast-ae27d0406f817504b7152e9c,turbine_1,2026-02-08T18:00:00Z,2026-02-09T12:00:00Z,18,18,ml-483c8ee3abe0fe0e00412708,gfs-15849efe12ca8a2194ecd248,verified_object_version,0.7456615074634476,forecast-ae27d0406f817504b7152e9c,2026-02-08T18:00:00Z,2026-02-09T17:00:00+05:00
forecast-ae27d0406f817504b7152e9c,turbine_1,2026-02-08T18:00:00Z,2026-02-09T13:00:00Z,19,19,ml-483c8ee3abe0fe0e00412708,gfs-15849efe12ca8a2194ecd248,verified_object_version,0.17995476598416826,forecast-ae27d0406f817504b7152e9c,2026-02-08T18:00:00Z,2026-02-09T18:00:00+05:00
forecast-ae27d0406f817504b7152e9c,turbine_1,2026-02-08T18:00:00Z,2026-02-09T14:00:00Z,20,20,ml-483c8ee3abe0fe0e00412708,gfs-15849efe12ca8a2194ecd248,verified_object_version,0.19506237513658112,forecast-ae27d0406f817504b7152e9c,2026-02-08T18:00:00Z,2026-02-09T19:00:00+05:00
forecast-ae27d0406f817504b7152e9c,turbine_1,2026-02-08T18:00:00Z,2026-02-09T15:00:00Z,21,21,ml-483c8ee3abe0fe0e00412708,gfs-15849efe12ca8a2194ecd248,verified_object_version,0.07301797006793984,forecast-ae27d0406f817504b7152e9c,2026-02-08T18:00:00Z,2026-02-09T20:00:00+05:00
forecast-ae27d0406f817504b7152e9c,turbine_1,2026-02-08T18:00:00Z,2026-02-09T16:00:00Z,22,22,ml-483c8ee3abe0fe0e00412708,gfs-15849efe12ca8a2194ecd248,verified_object_version,0.06134218374677719,forecast-ae27d0406f817504b7152e9c,2026-02-08T18:00:00Z,2026-02-09T21:00:00+05:00
forecast-ae27d0406f817504b7152e9c,turbine_1,2026-02-08T18:00:00Z,2026-02-09T17:00:00Z,23,23,ml-483c8ee3abe0fe0e00412708,gfs-15849efe12ca8a2194ecd248,verified_object_version,0.027206119271903195,forecast-ae27d0406f817504b7152e9c,2026-02-08T18:00:00Z,2026-02-09T22:00:00+05:00
forecast-ae27d0406f817504b7152e9c,turbine_1,2026-02-08T18:00:00Z,2026-02-09T18:00:00Z,24,24,ml-483c8ee3abe0fe0e00412708,gfs-15849efe12ca8a2194ecd248,verified_object_version,0.026879851899841767,forecast-ae27d0406f817504b7152e9c,2026-02-08T18:00:00Z,2026-02-09T23:00:00+05:00
forecast-80027b7e8cbfc45e4cbd2dbc,turbine_1,2026-02-09T18:00:00Z,2026-02-09T19:00:00Z,1,1,ml-483c8ee3abe0fe0e00412708,gfs-cda9569b4eadd2d5a7b12740,verified_object_version,0.029009901715172842,forecast-80027b7e8cbfc45e4cbd2dbc,2026-02-09T18:00:00Z,2026-02-10T00:00:00+05:00
forecast-80027b7e8cbfc45e4cbd2dbc,turbine_1,2026-02-09T18:00:00Z,2026-02-09T20:00:00Z,2,2,ml-483c8ee3abe0fe0e00412708,gfs-cda9569b4eadd2d5a7b12740,verified_object_version,0.020203323240443244,forecast-80027b7e8cbfc45e4cbd2dbc,2026-02-09T18:00:00Z,2026-02-10T01:00:00+05:00
forecast-80027b7e8cbfc45e4cbd2dbc,turbine_1,2026-02-09T18:00:00Z,2026-02-09T21:00:00Z,3,3,ml-483c8ee3abe0fe0e00412708,gfs-cda9569b4eadd2d5a7b12740,verified_object_version,0.017084021488906587,forecast-80027b7e8cbfc45e4cbd2dbc,2026-02-09T18:00:00Z,2026-02-10T02:00:00+05:00
forecast-80027b7e8cbfc45e4cbd2dbc,turbine_1,2026-02-09T18:00:00Z,2026-02-09T22:00:00Z,4,4,ml-483c8ee3abe0fe0e00412708,gfs-cda9569b4eadd2d5a7b12740,verified_object_version,0.02835903897740319,forecast-80027b7e8cbfc45e4cbd2dbc,2026-02-09T18:00:00Z,2026-02-10T03:00:00+05:00
forecast-80027b7e8cbfc45e4cbd2dbc,turbine_1,2026-02-09T18:00:00Z,2026-02-09T23:00:00Z,5,5,ml-483c8ee3abe0fe0e00412708,gfs-cda9569b4eadd2d5a7b12740,verified_object_version,0.07836295013646277,forecast-80027b7e8cbfc45e4cbd2dbc,2026-02-09T18:00:00Z,2026-02-10T04:00:00+05:00
forecast-80027b7e8cbfc45e4cbd2dbc,turbine_1,2026-02-09T18:00:00Z,2026-02-10T00:00:00Z,6,6,ml-483c8ee3abe0fe0e00412708,gfs-cda9569b4eadd2d5a7b12740,verified_object_version,0.32571190480429046,forecast-80027b7e8cbfc45e4cbd2dbc,2026-02-09T18:00:00Z,2026-02-10T05:00:00+05:00
forecast-80027b7e8cbfc45e4cbd2dbc,turbine_1,2026-02-09T18:00:00Z,2026-02-10T01:00:00Z,7,7,ml-483c8ee3abe0fe0e00412708,gfs-cda9569b4eadd2d5a7b12740,verified_object_version,0.30094655083779015,forecast-80027b7e8cbfc45e4cbd2dbc,2026-02-09T18:00:00Z,2026-02-10T06:00:00+05:00
forecast-80027b7e8cbfc45e4cbd2dbc,turbine_1,2026-02-09T18:00:00Z,2026-02-10T02:00:00Z,8,8,ml-483c8ee3abe0fe0e00412708,gfs-cda9569b4eadd2d5a7b12740,verified_object_version,0.3614860280106861,forecast-80027b7e8cbfc45e4cbd2dbc,2026-02-09T18:00:00Z,2026-02-10T07:00:00+05:00
forecast-80027b7e8cbfc45e4cbd2dbc,turbine_1,2026-02-09T18:00:00Z,2026-02-10T03:00:00Z,9,9,ml-483c8ee3abe0fe0e00412708,gfs-cda9569b4eadd2d5a7b12740,verified_object_version,0.32688900750424416,forecast-80027b7e8cbfc45e4cbd2dbc,2026-02-09T18:00:00Z,2026-02-10T08:00:00+05:00
forecast-80027b7e8cbfc45e4cbd2dbc,turbine_1,2026-02-09T18:00:00Z,2026-02-10T04:00:00Z,10,10,ml-483c8ee3abe0fe0e00412708,gfs-cda9569b4eadd2d5a7b12740,verified_object_version,0.26361160715526755,forecast-80027b7e8cbfc45e4cbd2dbc,2026-02-09T18:00:00Z,2026-02-10T09:00:00+05:00
forecast-80027b7e8cbfc45e4cbd2dbc,turbine_1,2026-02-09T18:00:00Z,2026-02-10T05:00:00Z,11,11,ml-483c8ee3abe0fe0e00412708,gfs-cda9569b4eadd2d5a7b12740,verified_object_version,0.6417811065809151,forecast-80027b7e8cbfc45e4cbd2dbc,2026-02-09T18:00:00Z,2026-02-10T10:00:00+05:00
forecast-80027b7e8cbfc45e4cbd2dbc,turbine_1,2026-02-09T18:00:00Z,2026-02-10T06:00:00Z,12,12,ml-483c8ee3abe0fe0e00412708,gfs-cda9569b4eadd2d5a7b12740,verified_object_version,0.6171542862149899,forecast-80027b7e8cbfc45e4cbd2dbc,2026-02-09T18:00:00Z,2026-02-10T11:00:00+05:00
forecast-80027b7e8cbfc45e4cbd2dbc,turbine_1,2026-02-09T18:00:00Z,2026-02-10T07:00:00Z,13,13,ml-483c8ee3abe0fe0e00412708,gfs-cda9569b4eadd2d5a7b12740,verified_object_version,0.13895860792838083,forecast-80027b7e8cbfc45e4cbd2dbc,2026-02-09T18:00:00Z,2026-02-10T12:00:00+05:00
forecast-80027b7e8cbfc45e4cbd2dbc,turbine_1,2026-02-09T18:00:00Z,2026-02-10T08:00:00Z,14,14,ml-483c8ee3abe0fe0e00412708,gfs-cda9569b4eadd2d5a7b12740,verified_object_version,0.12147596946596004,forecast-80027b7e8cbfc45e4cbd2dbc,2026-02-09T18:00:00Z,2026-02-10T13:00:00+05:00
forecast-80027b7e8cbfc45e4cbd2dbc,turbine_1,2026-02-09T18:00:00Z,2026-02-10T09:00:00Z,15,15,ml-483c8ee3abe0fe0e00412708,gfs-cda9569b4eadd2d5a7b12740,verified_object_version,0.036207244527524995,forecast-80027b7e8cbfc45e4cbd2dbc,2026-02-09T18:00:00Z,2026-02-10T14:00:00+05:00
forecast-80027b7e8cbfc45e4cbd2dbc,turbine_1,2026-02-09T18:00:00Z,2026-02-10T10:00:00Z,16,16,ml-483c8ee3abe0fe0e00412708,gfs-cda9569b4eadd2d5a7b12740,verified_object_version,0.04646391593977389,forecast-80027b7e8cbfc45e4cbd2dbc,2026-02-09T18:00:00Z,2026-02-10T15:00:00+05:00
forecast-80027b7e8cbfc45e4cbd2dbc,turbine_1,2026-02-09T18:00:00Z,2026-02-10T11:00:00Z,17,17,ml-483c8ee3abe0fe0e00412708,gfs-cda9569b4eadd2d5a7b12740,verified_object_version,0.07008477853486708,forecast-80027b7e8cbfc45e4cbd2dbc,2026-02-09T18:00:00Z,2026-02-10T16:00:00+05:00
forecast-80027b7e8cbfc45e4cbd2dbc,turbine_1,2026-02-09T18:00:00Z,2026-02-10T12:00:00Z,18,18,ml-483c8ee3abe0fe0e00412708,gfs-cda9569b4eadd2d5a7b12740,verified_object_version,0.09235174207848482,forecast-80027b7e8cbfc45e4cbd2dbc,2026-02-09T18:00:00Z,2026-02-10T17:00:00+05:00
forecast-80027b7e8cbfc45e4cbd2dbc,turbine_1,2026-02-09T18:00:00Z,2026-02-10T13:00:00Z,19,19,ml-483c8ee3abe0fe0e00412708,gfs-cda9569b4eadd2d5a7b12740,verified_object_version,0.18688397690532854,forecast-80027b7e8cbfc45e4cbd2dbc,2026-02-09T18:00:00Z,2026-02-10T18:00:00+05:00
forecast-80027b7e8cbfc45e4cbd2dbc,turbine_1,2026-02-09T18:00:00Z,2026-02-10T14:00:00Z,20,20,ml-483c8ee3abe0fe0e00412708,gfs-cda9569b4eadd2d5a7b12740,verified_object_version,0.45148279767055755,forecast-80027b7e8cbfc45e4cbd2dbc,2026-02-09T18:00:00Z,2026-02-10T19:00:00+05:00
forecast-80027b7e8cbfc45e4cbd2dbc,turbine_1,2026-02-09T18:00:00Z,2026-02-10T15:00:00Z,21,21,ml-483c8ee3abe0fe0e00412708,gfs-cda9569b4eadd2d5a7b12740,verified_object_version,0.567209815666582,forecast-80027b7e8cbfc45e4cbd2dbc,2026-02-09T18:00:00Z,2026-02-10T20:00:00+05:00
forecast-80027b7e8cbfc45e4cbd2dbc,turbine_1,2026-02-09T18:00:00Z,2026-02-10T16:00:00Z,22,22,ml-483c8ee3abe0fe0e00412708,gfs-cda9569b4eadd2d5a7b12740,verified_object_version,0.505983716709816,forecast-80027b7e8cbfc45e4cbd2dbc,2026-02-09T18:00:00Z,2026-02-10T21:00:00+05:00
forecast-80027b7e8cbfc45e4cbd2dbc,turbine_1,2026-02-09T18:00:00Z,2026-02-10T17:00:00Z,23,23,ml-483c8ee3abe0fe0e00412708,gfs-cda9569b4eadd2d5a7b12740,verified_object_version,0.6232302076924741,forecast-80027b7e8cbfc45e4cbd2dbc,2026-02-09T18:00:00Z,2026-02-10T22:00:00+05:00
forecast-80027b7e8cbfc45e4cbd2dbc,turbine_1,2026-02-09T18:00:00Z,2026-02-10T18:00:00Z,24,24,ml-483c8ee3abe0fe0e00412708,gfs-cda9569b4eadd2d5a7b12740,verified_object_version,0.7954950616796066,forecast-80027b7e8cbfc45e4cbd2dbc,2026-02-09T18:00:00Z,2026-02-10T23:00:00+05:00
forecast-344c70c958eab12feff3f17a,turbine_1,2026-02-10T18:00:00Z,2026-02-10T19:00:00Z,1,1,ml-483c8ee3abe0fe0e00412708,gfs-d76e6f2e71fc35ebbc931307,verified_object_version,0.9427239125544581,forecast-344c70c958eab12feff3f17a,2026-02-10T18:00:00Z,2026-02-11T00:00:00+05:00
forecast-344c70c958eab12feff3f17a,turbine_1,2026-02-10T18:00:00Z,2026-02-10T20:00:00Z,2,2,ml-483c8ee3abe0fe0e00412708,gfs-d76e6f2e71fc35ebbc931307,verified_object_version,0.9321532824226982,forecast-344c70c958eab12feff3f17a,2026-02-10T18:00:00Z,2026-02-11T01:00:00+05:00
forecast-344c70c958eab12feff3f17a,turbine_1,2026-02-10T18:00:00Z,2026-02-10T21:00:00Z,3,3,ml-483c8ee3abe0fe0e00412708,gfs-d76e6f2e71fc35ebbc931307,verified_object_version,0.9267387276324465,forecast-344c70c958eab12feff3f17a,2026-02-10T18:00:00Z,2026-02-11T02:00:00+05:00
forecast-344c70c958eab12feff3f17a,turbine_1,2026-02-10T18:00:00Z,2026-02-10T22:00:00Z,4,4,ml-483c8ee3abe0fe0e00412708,gfs-d76e6f2e71fc35ebbc931307,verified_object_version,0.7854429436789543,forecast-344c70c958eab12feff3f17a,2026-02-10T18:00:00Z,2026-02-11T03:00:00+05:00
forecast-344c70c958eab12feff3f17a,turbine_1,2026-02-10T18:00:00Z,2026-02-10T23:00:00Z,5,5,ml-483c8ee3abe0fe0e00412708,gfs-d76e6f2e71fc35ebbc931307,verified_object_version,0.5215144624604509,forecast-344c70c958eab12feff3f17a,2026-02-10T18:00:00Z,2026-02-11T04:00:00+05:00
forecast-344c70c958eab12feff3f17a,turbine_1,2026-02-10T18:00:00Z,2026-02-11T00:00:00Z,6,6,ml-483c8ee3abe0fe0e00412708,gfs-d76e6f2e71fc35ebbc931307,verified_object_version,0.20131777860016298,forecast-344c70c958eab12feff3f17a,2026-02-10T18:00:00Z,2026-02-11T05:00:00+05:00
forecast-344c70c958eab12feff3f17a,turbine_1,2026-02-10T18:00:00Z,2026-02-11T01:00:00Z,7,7,ml-483c8ee3abe0fe0e00412708,gfs-d76e6f2e71fc35ebbc931307,verified_object_version,0.037133315734504735,forecast-344c70c958eab12feff3f17a,2026-02-10T18:00:00Z,2026-02-11T06:00:00+05:00
forecast-344c70c958eab12feff3f17a,turbine_1,2026-02-10T18:00:00Z,2026-02-11T02:00:00Z,8,8,ml-483c8ee3abe0fe0e00412708,gfs-d76e6f2e71fc35ebbc931307,verified_object_version,0.055601881941542586,forecast-344c70c958eab12feff3f17a,2026-02-10T18:00:00Z,2026-02-11T07:00:00+05:00
forecast-344c70c958eab12feff3f17a,turbine_1,2026-02-10T18:00:00Z,2026-02-11T03:00:00Z,9,9,ml-483c8ee3abe0fe0e00412708,gfs-d76e6f2e71fc35ebbc931307,verified_object_version,0.3824351595625019,forecast-344c70c958eab12feff3f17a,2026-02-10T18:00:00Z,2026-02-11T08:00:00+05:00
forecast-344c70c958eab12feff3f17a,turbine_1,2026-02-10T18:00:00Z,2026-02-11T04:00:00Z,10,10,ml-483c8ee3abe0fe0e00412708,gfs-d76e6f2e71fc35ebbc931307,verified_object_version,0.3136535769283212,forecast-344c70c958eab12feff3f17a,2026-02-10T18:00:00Z,2026-02-11T09:00:00+05:00
forecast-344c70c958eab12feff3f17a,turbine_1,2026-02-10T18:00:00Z,2026-02-11T05:00:00Z,11,11,ml-483c8ee3abe0fe0e00412708,gfs-d76e6f2e71fc35ebbc931307,verified_object_version,0.30061909672719267,forecast-344c70c958eab12feff3f17a,2026-02-10T18:00:00Z,2026-02-11T10:00:00+05:00
forecast-344c70c958eab12feff3f17a,turbine_1,2026-02-10T18:00:00Z,2026-02-11T06:00:00Z,12,12,ml-483c8ee3abe0fe0e00412708,gfs-d76e6f2e71fc35ebbc931307,verified_object_version,0.9710174732482058,forecast-344c70c958eab12feff3f17a,2026-02-10T18:00:00Z,2026-02-11T11:00:00+05:00
forecast-344c70c958eab12feff3f17a,turbine_1,2026-02-10T18:00:00Z,2026-02-11T07:00:00Z,13,13,ml-483c8ee3abe0fe0e00412708,gfs-d76e6f2e71fc35ebbc931307,verified_object_version,0.9241290156615397,forecast-344c70c958eab12feff3f17a,2026-02-10T18:00:00Z,2026-02-11T12:00:00+05:00
forecast-344c70c958eab12feff3f17a,turbine_1,2026-02-10T18:00:00Z,2026-02-11T08:00:00Z,14,14,ml-483c8ee3abe0fe0e00412708,gfs-d76e6f2e71fc35ebbc931307,verified_object_version,0.9180970410036247,forecast-344c70c958eab12feff3f17a,2026-02-10T18:00:00Z,2026-02-11T13:00:00+05:00
forecast-344c70c958eab12feff3f17a,turbine_1,2026-02-10T18:00:00Z,2026-02-11T09:00:00Z,15,15,ml-483c8ee3abe0fe0e00412708,gfs-d76e6f2e71fc35ebbc931307,verified_object_version,0.5011355924630414,forecast-344c70c958eab12feff3f17a,2026-02-10T18:00:00Z,2026-02-11T14:00:00+05:00
forecast-344c70c958eab12feff3f17a,turbine_1,2026-02-10T18:00:00Z,2026-02-11T10:00:00Z,16,16,ml-483c8ee3abe0fe0e00412708,gfs-d76e6f2e71fc35ebbc931307,verified_object_version,0.12743411366791738,forecast-344c70c958eab12feff3f17a,2026-02-10T18:00:00Z,2026-02-11T15:00:00+05:00
forecast-344c70c958eab12feff3f17a,turbine_1,2026-02-10T18:00:00Z,2026-02-11T11:00:00Z,17,17,ml-483c8ee3abe0fe0e00412708,gfs-d76e6f2e71fc35ebbc931307,verified_object_version,0.910201914177306,forecast-344c70c958eab12feff3f17a,2026-02-10T18:00:00Z,2026-02-11T16:00:00+05:00
forecast-344c70c958eab12feff3f17a,turbine_1,2026-02-10T18:00:00Z,2026-02-11T12:00:00Z,18,18,ml-483c8ee3abe0fe0e00412708,gfs-d76e6f2e71fc35ebbc931307,verified_object_version,0.9145757975645964,forecast-344c70c958eab12feff3f17a,2026-02-10T18:00:00Z,2026-02-11T17:00:00+05:00
forecast-344c70c958eab12feff3f17a,turbine_1,2026-02-10T18:00:00Z,2026-02-11T13:00:00Z,19,19,ml-483c8ee3abe0fe0e00412708,gfs-d76e6f2e71fc35ebbc931307,verified_object_version,0.9142659386115212,forecast-344c70c958eab12feff3f17a,2026-02-10T18:00:00Z,2026-02-11T18:00:00+05:00
forecast-344c70c958eab12feff3f17a,turbine_1,2026-02-10T18:00:00Z,2026-02-11T14:00:00Z,20,20,ml-483c8ee3abe0fe0e00412708,gfs-d76e6f2e71fc35ebbc931307,verified_object_version,0.9484007115835265,forecast-344c70c958eab12feff3f17a,2026-02-10T18:00:00Z,2026-02-11T19:00:00+05:00
forecast-344c70c958eab12feff3f17a,turbine_1,2026-02-10T18:00:00Z,2026-02-11T15:00:00Z,21,21,ml-483c8ee3abe0fe0e00412708,gfs-d76e6f2e71fc35ebbc931307,verified_object_version,0.9584799667120555,forecast-344c70c958eab12feff3f17a,2026-02-10T18:00:00Z,2026-02-11T20:00:00+05:00
forecast-344c70c958eab12feff3f17a,turbine_1,2026-02-10T18:00:00Z,2026-02-11T16:00:00Z,22,22,ml-483c8ee3abe0fe0e00412708,gfs-d76e6f2e71fc35ebbc931307,verified_object_version,0.8734352714164618,forecast-344c70c958eab12feff3f17a,2026-02-10T18:00:00Z,2026-02-11T21:00:00+05:00
forecast-344c70c958eab12feff3f17a,turbine_1,2026-02-10T18:00:00Z,2026-02-11T17:00:00Z,23,23,ml-483c8ee3abe0fe0e00412708,gfs-d76e6f2e71fc35ebbc931307,verified_object_version,0.6630542709473995,forecast-344c70c958eab12feff3f17a,2026-02-10T18:00:00Z,2026-02-11T22:00:00+05:00
forecast-344c70c958eab12feff3f17a,turbine_1,2026-02-10T18:00:00Z,2026-02-11T18:00:00Z,24,24,ml-483c8ee3abe0fe0e00412708,gfs-d76e6f2e71fc35ebbc931307,verified_object_version,0.7189987525163801,forecast-344c70c958eab12feff3f17a,2026-02-10T18:00:00Z,2026-02-11T23:00:00+05:00
forecast-5409c8f61d56a26934526f06,turbine_1,2026-02-11T18:00:00Z,2026-02-11T19:00:00Z,1,1,ml-483c8ee3abe0fe0e00412708,gfs-8a845cee915dcf4cb2c1002b,verified_object_version,0.4796144463796064,forecast-5409c8f61d56a26934526f06,2026-02-11T18:00:00Z,2026-02-12T00:00:00+05:00
forecast-5409c8f61d56a26934526f06,turbine_1,2026-02-11T18:00:00Z,2026-02-11T20:00:00Z,2,2,ml-483c8ee3abe0fe0e00412708,gfs-8a845cee915dcf4cb2c1002b,verified_object_version,0.7261407169853671,forecast-5409c8f61d56a26934526f06,2026-02-11T18:00:00Z,2026-02-12T01:00:00+05:00
forecast-5409c8f61d56a26934526f06,turbine_1,2026-02-11T18:00:00Z,2026-02-11T21:00:00Z,3,3,ml-483c8ee3abe0fe0e00412708,gfs-8a845cee915dcf4cb2c1002b,verified_object_version,0.6956879694272399,forecast-5409c8f61d56a26934526f06,2026-02-11T18:00:00Z,2026-02-12T02:00:00+05:00
forecast-5409c8f61d56a26934526f06,turbine_1,2026-02-11T18:00:00Z,2026-02-11T22:00:00Z,4,4,ml-483c8ee3abe0fe0e00412708,gfs-8a845cee915dcf4cb2c1002b,verified_object_version,0.3760845568392073,forecast-5409c8f61d56a26934526f06,2026-02-11T18:00:00Z,2026-02-12T03:00:00+05:00
forecast-5409c8f61d56a26934526f06,turbine_1,2026-02-11T18:00:00Z,2026-02-11T23:00:00Z,5,5,ml-483c8ee3abe0fe0e00412708,gfs-8a845cee915dcf4cb2c1002b,verified_object_version,0.12011816214320703,forecast-5409c8f61d56a26934526f06,2026-02-11T18:00:00Z,2026-02-12T04:00:00+05:00
forecast-5409c8f61d56a26934526f06,turbine_1,2026-02-11T18:00:00Z,2026-02-12T00:00:00Z,6,6,ml-483c8ee3abe0fe0e00412708,gfs-8a845cee915dcf4cb2c1002b,verified_object_version,0.12884618366819175,forecast-5409c8f61d56a26934526f06,2026-02-11T18:00:00Z,2026-02-12T05:00:00+05:00
forecast-5409c8f61d56a26934526f06,turbine_1,2026-02-11T18:00:00Z,2026-02-12T01:00:00Z,7,7,ml-483c8ee3abe0fe0e00412708,gfs-8a845cee915dcf4cb2c1002b,verified_object_version,0.12695110272569765,forecast-5409c8f61d56a26934526f06,2026-02-11T18:00:00Z,2026-02-12T06:00:00+05:00
forecast-5409c8f61d56a26934526f06,turbine_1,2026-02-11T18:00:00Z,2026-02-12T02:00:00Z,8,8,ml-483c8ee3abe0fe0e00412708,gfs-8a845cee915dcf4cb2c1002b,verified_object_version,0.10396984188752412,forecast-5409c8f61d56a26934526f06,2026-02-11T18:00:00Z,2026-02-12T07:00:00+05:00
forecast-5409c8f61d56a26934526f06,turbine_1,2026-02-11T18:00:00Z,2026-02-12T03:00:00Z,9,9,ml-483c8ee3abe0fe0e00412708,gfs-8a845cee915dcf4cb2c1002b,verified_object_version,0.06798281553542762,forecast-5409c8f61d56a26934526f06,2026-02-11T18:00:00Z,2026-02-12T08:00:00+05:00
forecast-5409c8f61d56a26934526f06,turbine_1,2026-02-11T18:00:00Z,2026-02-12T04:00:00Z,10,10,ml-483c8ee3abe0fe0e00412708,gfs-8a845cee915dcf4cb2c1002b,verified_object_version,0.015436274665654226,forecast-5409c8f61d56a26934526f06,2026-02-11T18:00:00Z,2026-02-12T09:00:00+05:00
forecast-5409c8f61d56a26934526f06,turbine_1,2026-02-11T18:00:00Z,2026-02-12T05:00:00Z,11,11,ml-483c8ee3abe0fe0e00412708,gfs-8a845cee915dcf4cb2c1002b,verified_object_version,0.021613068375728905,forecast-5409c8f61d56a26934526f06,2026-02-11T18:00:00Z,2026-02-12T10:00:00+05:00
forecast-5409c8f61d56a26934526f06,turbine_1,2026-02-11T18:00:00Z,2026-02-12T06:00:00Z,12,12,ml-483c8ee3abe0fe0e00412708,gfs-8a845cee915dcf4cb2c1002b,verified_object_version,0.024266171876752285,forecast-5409c8f61d56a26934526f06,2026-02-11T18:00:00Z,2026-02-12T11:00:00+05:00
forecast-5409c8f61d56a26934526f06,turbine_1,2026-02-11T18:00:00Z,2026-02-12T07:00:00Z,13,13,ml-483c8ee3abe0fe0e00412708,gfs-8a845cee915dcf4cb2c1002b,verified_object_version,0.024744340670380977,forecast-5409c8f61d56a26934526f06,2026-02-11T18:00:00Z,2026-02-12T12:00:00+05:00
forecast-5409c8f61d56a26934526f06,turbine_1,2026-02-11T18:00:00Z,2026-02-12T08:00:00Z,14,14,ml-483c8ee3abe0fe0e00412708,gfs-8a845cee915dcf4cb2c1002b,verified_object_version,0.031692838723555494,forecast-5409c8f61d56a26934526f06,2026-02-11T18:00:00Z,2026-02-12T13:00:00+05:00
forecast-5409c8f61d56a26934526f06,turbine_1,2026-02-11T18:00:00Z,2026-02-12T09:00:00Z,15,15,ml-483c8ee3abe0fe0e00412708,gfs-8a845cee915dcf4cb2c1002b,verified_object_version,0.06472614025678589,forecast-5409c8f61d56a26934526f06,2026-02-11T18:00:00Z,2026-02-12T14:00:00+05:00
forecast-5409c8f61d56a26934526f06,turbine_1,2026-02-11T18:00:00Z,2026-02-12T10:00:00Z,16,16,ml-483c8ee3abe0fe0e00412708,gfs-8a845cee915dcf4cb2c1002b,verified_object_version,0.06832352852319284,forecast-5409c8f61d56a26934526f06,2026-02-11T18:00:00Z,2026-02-12T15:00:00+05:00
forecast-5409c8f61d56a26934526f06,turbine_1,2026-02-11T18:00:00Z,2026-02-12T11:00:00Z,17,17,ml-483c8ee3abe0fe0e00412708,gfs-8a845cee915dcf4cb2c1002b,verified_object_version,0.06676019028338692,forecast-5409c8f61d56a26934526f06,2026-02-11T18:00:00Z,2026-02-12T16:00:00+05:00
forecast-5409c8f61d56a26934526f06,turbine_1,2026-02-11T18:00:00Z,2026-02-12T12:00:00Z,18,18,ml-483c8ee3abe0fe0e00412708,gfs-8a845cee915dcf4cb2c1002b,verified_object_version,0.038724137551052584,forecast-5409c8f61d56a26934526f06,2026-02-11T18:00:00Z,2026-02-12T17:00:00+05:00
forecast-5409c8f61d56a26934526f06,turbine_1,2026-02-11T18:00:00Z,2026-02-12T13:00:00Z,19,19,ml-483c8ee3abe0fe0e00412708,gfs-8a845cee915dcf4cb2c1002b,verified_object_version,0.021691878395152298,forecast-5409c8f61d56a26934526f06,2026-02-11T18:00:00Z,2026-02-12T18:00:00+05:00
forecast-5409c8f61d56a26934526f06,turbine_1,2026-02-11T18:00:00Z,2026-02-12T14:00:00Z,20,20,ml-483c8ee3abe0fe0e00412708,gfs-8a845cee915dcf4cb2c1002b,verified_object_version,0.033980715424753116,forecast-5409c8f61d56a26934526f06,2026-02-11T18:00:00Z,2026-02-12T19:00:00+05:00
forecast-5409c8f61d56a26934526f06,turbine_1,2026-02-11T18:00:00Z,2026-02-12T15:00:00Z,21,21,ml-483c8ee3abe0fe0e00412708,gfs-8a845cee915dcf4cb2c1002b,verified_object_version,0.0778654360393107,forecast-5409c8f61d56a26934526f06,2026-02-11T18:00:00Z,2026-02-12T20:00:00+05:00
forecast-5409c8f61d56a26934526f06,turbine_1,2026-02-11T18:00:00Z,2026-02-12T16:00:00Z,22,22,ml-483c8ee3abe0fe0e00412708,gfs-8a845cee915dcf4cb2c1002b,verified_object_version,0.14424245247809397,forecast-5409c8f61d56a26934526f06,2026-02-11T18:00:00Z,2026-02-12T21:00:00+05:00
forecast-5409c8f61d56a26934526f06,turbine_1,2026-02-11T18:00:00Z,2026-02-12T17:00:00Z,23,23,ml-483c8ee3abe0fe0e00412708,gfs-8a845cee915dcf4cb2c1002b,verified_object_version,0.08953290852935455,forecast-5409c8f61d56a26934526f06,2026-02-11T18:00:00Z,2026-02-12T22:00:00+05:00
forecast-5409c8f61d56a26934526f06,turbine_1,2026-02-11T18:00:00Z,2026-02-12T18:00:00Z,24,24,ml-483c8ee3abe0fe0e00412708,gfs-8a845cee915dcf4cb2c1002b,verified_object_version,0.050150762420701794,forecast-5409c8f61d56a26934526f06,2026-02-11T18:00:00Z,2026-02-12T23:00:00+05:00
forecast-623c3e286e5291430bc9b1bb,turbine_1,2026-02-12T18:00:00Z,2026-02-12T19:00:00Z,1,1,ml-483c8ee3abe0fe0e00412708,gfs-380504a5a9b2bd88e1f3432a,verified_object_version,0.01950841206248613,forecast-623c3e286e5291430bc9b1bb,2026-02-12T18:00:00Z,2026-02-13T00:00:00+05:00
forecast-623c3e286e5291430bc9b1bb,turbine_1,2026-02-12T18:00:00Z,2026-02-12T20:00:00Z,2,2,ml-483c8ee3abe0fe0e00412708,gfs-380504a5a9b2bd88e1f3432a,verified_object_version,0.014533782758958003,forecast-623c3e286e5291430bc9b1bb,2026-02-12T18:00:00Z,2026-02-13T01:00:00+05:00
forecast-623c3e286e5291430bc9b1bb,turbine_1,2026-02-12T18:00:00Z,2026-02-12T21:00:00Z,3,3,ml-483c8ee3abe0fe0e00412708,gfs-380504a5a9b2bd88e1f3432a,verified_object_version,0.01281176396335576,forecast-623c3e286e5291430bc9b1bb,2026-02-12T18:00:00Z,2026-02-13T02:00:00+05:00
forecast-623c3e286e5291430bc9b1bb,turbine_1,2026-02-12T18:00:00Z,2026-02-12T22:00:00Z,4,4,ml-483c8ee3abe0fe0e00412708,gfs-380504a5a9b2bd88e1f3432a,verified_object_version,0.014156400834382799,forecast-623c3e286e5291430bc9b1bb,2026-02-12T18:00:00Z,2026-02-13T03:00:00+05:00
forecast-623c3e286e5291430bc9b1bb,turbine_1,2026-02-12T18:00:00Z,2026-02-12T23:00:00Z,5,5,ml-483c8ee3abe0fe0e00412708,gfs-380504a5a9b2bd88e1f3432a,verified_object_version,0.024417860426352023,forecast-623c3e286e5291430bc9b1bb,2026-02-12T18:00:00Z,2026-02-13T04:00:00+05:00
forecast-623c3e286e5291430bc9b1bb,turbine_1,2026-02-12T18:00:00Z,2026-02-13T00:00:00Z,6,6,ml-483c8ee3abe0fe0e00412708,gfs-380504a5a9b2bd88e1f3432a,verified_object_version,0.01544080086051075,forecast-623c3e286e5291430bc9b1bb,2026-02-12T18:00:00Z,2026-02-13T05:00:00+05:00
forecast-623c3e286e5291430bc9b1bb,turbine_1,2026-02-12T18:00:00Z,2026-02-13T01:00:00Z,7,7,ml-483c8ee3abe0fe0e00412708,gfs-380504a5a9b2bd88e1f3432a,verified_object_version,0.0286473780847534,forecast-623c3e286e5291430bc9b1bb,2026-02-12T18:00:00Z,2026-02-13T06:00:00+05:00
forecast-623c3e286e5291430bc9b1bb,turbine_1,2026-02-12T18:00:00Z,2026-02-13T02:00:00Z,8,8,ml-483c8ee3abe0fe0e00412708,gfs-380504a5a9b2bd88e1f3432a,verified_object_version,0.05517185403446892,forecast-623c3e286e5291430bc9b1bb,2026-02-12T18:00:00Z,2026-02-13T07:00:00+05:00
forecast-623c3e286e5291430bc9b1bb,turbine_1,2026-02-12T18:00:00Z,2026-02-13T03:00:00Z,9,9,ml-483c8ee3abe0fe0e00412708,gfs-380504a5a9b2bd88e1f3432a,verified_object_version,0.02903040133292703,forecast-623c3e286e5291430bc9b1bb,2026-02-12T18:00:00Z,2026-02-13T08:00:00+05:00
forecast-623c3e286e5291430bc9b1bb,turbine_1,2026-02-12T18:00:00Z,2026-02-13T04:00:00Z,10,10,ml-483c8ee3abe0fe0e00412708,gfs-380504a5a9b2bd88e1f3432a,verified_object_version,0.02499163570026766,forecast-623c3e286e5291430bc9b1bb,2026-02-12T18:00:00Z,2026-02-13T09:00:00+05:00
forecast-623c3e286e5291430bc9b1bb,turbine_1,2026-02-12T18:00:00Z,2026-02-13T05:00:00Z,11,11,ml-483c8ee3abe0fe0e00412708,gfs-380504a5a9b2bd88e1f3432a,verified_object_version,0.027564891840071437,forecast-623c3e286e5291430bc9b1bb,2026-02-12T18:00:00Z,2026-02-13T10:00:00+05:00
forecast-623c3e286e5291430bc9b1bb,turbine_1,2026-02-12T18:00:00Z,2026-02-13T06:00:00Z,12,12,ml-483c8ee3abe0fe0e00412708,gfs-380504a5a9b2bd88e1f3432a,verified_object_version,0.025826159040351654,forecast-623c3e286e5291430bc9b1bb,2026-02-12T18:00:00Z,2026-02-13T11:00:00+05:00
forecast-623c3e286e5291430bc9b1bb,turbine_1,2026-02-12T18:00:00Z,2026-02-13T07:00:00Z,13,13,ml-483c8ee3abe0fe0e00412708,gfs-380504a5a9b2bd88e1f3432a,verified_object_version,0.026693006202105074,forecast-623c3e286e5291430bc9b1bb,2026-02-12T18:00:00Z,2026-02-13T12:00:00+05:00
forecast-623c3e286e5291430bc9b1bb,turbine_1,2026-02-12T18:00:00Z,2026-02-13T08:00:00Z,14,14,ml-483c8ee3abe0fe0e00412708,gfs-380504a5a9b2bd88e1f3432a,verified_object_version,0.022530985169278928,forecast-623c3e286e5291430bc9b1bb,2026-02-12T18:00:00Z,2026-02-13T13:00:00+05:00
forecast-623c3e286e5291430bc9b1bb,turbine_1,2026-02-12T18:00:00Z,2026-02-13T09:00:00Z,15,15,ml-483c8ee3abe0fe0e00412708,gfs-380504a5a9b2bd88e1f3432a,verified_object_version,0.02007905637851623,forecast-623c3e286e5291430bc9b1bb,2026-02-12T18:00:00Z,2026-02-13T14:00:00+05:00
forecast-623c3e286e5291430bc9b1bb,turbine_1,2026-02-12T18:00:00Z,2026-02-13T10:00:00Z,16,16,ml-483c8ee3abe0fe0e00412708,gfs-380504a5a9b2bd88e1f3432a,verified_object_version,0.021683361205608376,forecast-623c3e286e5291430bc9b1bb,2026-02-12T18:00:00Z,2026-02-13T15:00:00+05:00
forecast-623c3e286e5291430bc9b1bb,turbine_1,2026-02-12T18:00:00Z,2026-02-13T11:00:00Z,17,17,ml-483c8ee3abe0fe0e00412708,gfs-380504a5a9b2bd88e1f3432a,verified_object_version,0.022267917283543964,forecast-623c3e286e5291430bc9b1bb,2026-02-12T18:00:00Z,2026-02-13T16:00:00+05:00
forecast-623c3e286e5291430bc9b1bb,turbine_1,2026-02-12T18:00:00Z,2026-02-13T12:00:00Z,18,18,ml-483c8ee3abe0fe0e00412708,gfs-380504a5a9b2bd88e1f3432a,verified_object_version,0.024168504411591102,forecast-623c3e286e5291430bc9b1bb,2026-02-12T18:00:00Z,2026-02-13T17:00:00+05:00
forecast-623c3e286e5291430bc9b1bb,turbine_1,2026-02-12T18:00:00Z,2026-02-13T13:00:00Z,19,19,ml-483c8ee3abe0fe0e00412708,gfs-380504a5a9b2bd88e1f3432a,verified_object_version,0.029137735874169984,forecast-623c3e286e5291430bc9b1bb,2026-02-12T18:00:00Z,2026-02-13T18:00:00+05:00
forecast-623c3e286e5291430bc9b1bb,turbine_1,2026-02-12T18:00:00Z,2026-02-13T14:00:00Z,20,20,ml-483c8ee3abe0fe0e00412708,gfs-380504a5a9b2bd88e1f3432a,verified_object_version,0.029478530197138225,forecast-623c3e286e5291430bc9b1bb,2026-02-12T18:00:00Z,2026-02-13T19:00:00+05:00
forecast-623c3e286e5291430bc9b1bb,turbine_1,2026-02-12T18:00:00Z,2026-02-13T15:00:00Z,21,21,ml-483c8ee3abe0fe0e00412708,gfs-380504a5a9b2bd88e1f3432a,verified_object_version,0.05215067501572768,forecast-623c3e286e5291430bc9b1bb,2026-02-12T18:00:00Z,2026-02-13T20:00:00+05:00
forecast-623c3e286e5291430bc9b1bb,turbine_1,2026-02-12T18:00:00Z,2026-02-13T16:00:00Z,22,22,ml-483c8ee3abe0fe0e00412708,gfs-380504a5a9b2bd88e1f3432a,verified_object_version,0.12041559027730922,forecast-623c3e286e5291430bc9b1bb,2026-02-12T18:00:00Z,2026-02-13T21:00:00+05:00
forecast-623c3e286e5291430bc9b1bb,turbine_1,2026-02-12T18:00:00Z,2026-02-13T17:00:00Z,23,23,ml-483c8ee3abe0fe0e00412708,gfs-380504a5a9b2bd88e1f3432a,verified_object_version,0.12963138864506962,forecast-623c3e286e5291430bc9b1bb,2026-02-12T18:00:00Z,2026-02-13T22:00:00+05:00
forecast-623c3e286e5291430bc9b1bb,turbine_1,2026-02-12T18:00:00Z,2026-02-13T18:00:00Z,24,24,ml-483c8ee3abe0fe0e00412708,gfs-380504a5a9b2bd88e1f3432a,verified_object_version,0.3364587419643277,forecast-623c3e286e5291430bc9b1bb,2026-02-12T18:00:00Z,2026-02-13T23:00:00+05:00
forecast-c19cf27265c0322657c2ba28,turbine_1,2026-02-13T18:00:00Z,2026-02-13T19:00:00Z,1,1,ml-483c8ee3abe0fe0e00412708,gfs-77399ca6ad434f7f84072593,verified_object_version,0.41959889694083485,forecast-c19cf27265c0322657c2ba28,2026-02-13T18:00:00Z,2026-02-14T00:00:00+05:00
forecast-c19cf27265c0322657c2ba28,turbine_1,2026-02-13T18:00:00Z,2026-02-13T20:00:00Z,2,2,ml-483c8ee3abe0fe0e00412708,gfs-77399ca6ad434f7f84072593,verified_object_version,0.5455841440472555,forecast-c19cf27265c0322657c2ba28,2026-02-13T18:00:00Z,2026-02-14T01:00:00+05:00
forecast-c19cf27265c0322657c2ba28,turbine_1,2026-02-13T18:00:00Z,2026-02-13T21:00:00Z,3,3,ml-483c8ee3abe0fe0e00412708,gfs-77399ca6ad434f7f84072593,verified_object_version,0.4723950607620679,forecast-c19cf27265c0322657c2ba28,2026-02-13T18:00:00Z,2026-02-14T02:00:00+05:00
forecast-c19cf27265c0322657c2ba28,turbine_1,2026-02-13T18:00:00Z,2026-02-13T22:00:00Z,4,4,ml-483c8ee3abe0fe0e00412708,gfs-77399ca6ad434f7f84072593,verified_object_version,0.5664327718628172,forecast-c19cf27265c0322657c2ba28,2026-02-13T18:00:00Z,2026-02-14T03:00:00+05:00
forecast-c19cf27265c0322657c2ba28,turbine_1,2026-02-13T18:00:00Z,2026-02-13T23:00:00Z,5,5,ml-483c8ee3abe0fe0e00412708,gfs-77399ca6ad434f7f84072593,verified_object_version,0.6292690897080935,forecast-c19cf27265c0322657c2ba28,2026-02-13T18:00:00Z,2026-02-14T04:00:00+05:00
forecast-c19cf27265c0322657c2ba28,turbine_1,2026-02-13T18:00:00Z,2026-02-14T00:00:00Z,6,6,ml-483c8ee3abe0fe0e00412708,gfs-77399ca6ad434f7f84072593,verified_object_version,0.45671098392601905,forecast-c19cf27265c0322657c2ba28,2026-02-13T18:00:00Z,2026-02-14T05:00:00+05:00
forecast-c19cf27265c0322657c2ba28,turbine_1,2026-02-13T18:00:00Z,2026-02-14T01:00:00Z,7,7,ml-483c8ee3abe0fe0e00412708,gfs-77399ca6ad434f7f84072593,verified_object_version,0.38460000419200646,forecast-c19cf27265c0322657c2ba28,2026-02-13T18:00:00Z,2026-02-14T06:00:00+05:00
forecast-c19cf27265c0322657c2ba28,turbine_1,2026-02-13T18:00:00Z,2026-02-14T02:00:00Z,8,8,ml-483c8ee3abe0fe0e00412708,gfs-77399ca6ad434f7f84072593,verified_object_version,0.20672878849724619,forecast-c19cf27265c0322657c2ba28,2026-02-13T18:00:00Z,2026-02-14T07:00:00+05:00
forecast-c19cf27265c0322657c2ba28,turbine_1,2026-02-13T18:00:00Z,2026-02-14T03:00:00Z,9,9,ml-483c8ee3abe0fe0e00412708,gfs-77399ca6ad434f7f84072593,verified_object_version,0.24795176581843845,forecast-c19cf27265c0322657c2ba28,2026-02-13T18:00:00Z,2026-02-14T08:00:00+05:00
forecast-c19cf27265c0322657c2ba28,turbine_1,2026-02-13T18:00:00Z,2026-02-14T04:00:00Z,10,10,ml-483c8ee3abe0fe0e00412708,gfs-77399ca6ad434f7f84072593,verified_object_version,0.18926501324625955,forecast-c19cf27265c0322657c2ba28,2026-02-13T18:00:00Z,2026-02-14T09:00:00+05:00
forecast-c19cf27265c0322657c2ba28,turbine_1,2026-02-13T18:00:00Z,2026-02-14T05:00:00Z,11,11,ml-483c8ee3abe0fe0e00412708,gfs-77399ca6ad434f7f84072593,verified_object_version,0.17427400724502917,forecast-c19cf27265c0322657c2ba28,2026-02-13T18:00:00Z,2026-02-14T10:00:00+05:00
forecast-c19cf27265c0322657c2ba28,turbine_1,2026-02-13T18:00:00Z,2026-02-14T06:00:00Z,12,12,ml-483c8ee3abe0fe0e00412708,gfs-77399ca6ad434f7f84072593,verified_object_version,0.4472512822204301,forecast-c19cf27265c0322657c2ba28,2026-02-13T18:00:00Z,2026-02-14T11:00:00+05:00
forecast-c19cf27265c0322657c2ba28,turbine_1,2026-02-13T18:00:00Z,2026-02-14T07:00:00Z,13,13,ml-483c8ee3abe0fe0e00412708,gfs-77399ca6ad434f7f84072593,verified_object_version,0.3791595965793695,forecast-c19cf27265c0322657c2ba28,2026-02-13T18:00:00Z,2026-02-14T12:00:00+05:00
forecast-c19cf27265c0322657c2ba28,turbine_1,2026-02-13T18:00:00Z,2026-02-14T08:00:00Z,14,14,ml-483c8ee3abe0fe0e00412708,gfs-77399ca6ad434f7f84072593,verified_object_version,0.22865899907853612,forecast-c19cf27265c0322657c2ba28,2026-02-13T18:00:00Z,2026-02-14T13:00:00+05:00
forecast-c19cf27265c0322657c2ba28,turbine_1,2026-02-13T18:00:00Z,2026-02-14T09:00:00Z,15,15,ml-483c8ee3abe0fe0e00412708,gfs-77399ca6ad434f7f84072593,verified_object_version,0.19457589669842001,forecast-c19cf27265c0322657c2ba28,2026-02-13T18:00:00Z,2026-02-14T14:00:00+05:00
forecast-c19cf27265c0322657c2ba28,turbine_1,2026-02-13T18:00:00Z,2026-02-14T10:00:00Z,16,16,ml-483c8ee3abe0fe0e00412708,gfs-77399ca6ad434f7f84072593,verified_object_version,0.048541291992136054,forecast-c19cf27265c0322657c2ba28,2026-02-13T18:00:00Z,2026-02-14T15:00:00+05:00
forecast-c19cf27265c0322657c2ba28,turbine_1,2026-02-13T18:00:00Z,2026-02-14T11:00:00Z,17,17,ml-483c8ee3abe0fe0e00412708,gfs-77399ca6ad434f7f84072593,verified_object_version,0.04034725733506342,forecast-c19cf27265c0322657c2ba28,2026-02-13T18:00:00Z,2026-02-14T16:00:00+05:00
forecast-c19cf27265c0322657c2ba28,turbine_1,2026-02-13T18:00:00Z,2026-02-14T12:00:00Z,18,18,ml-483c8ee3abe0fe0e00412708,gfs-77399ca6ad434f7f84072593,verified_object_version,0.02935543017059236,forecast-c19cf27265c0322657c2ba28,2026-02-13T18:00:00Z,2026-02-14T17:00:00+05:00
forecast-c19cf27265c0322657c2ba28,turbine_1,2026-02-13T18:00:00Z,2026-02-14T13:00:00Z,19,19,ml-483c8ee3abe0fe0e00412708,gfs-77399ca6ad434f7f84072593,verified_object_version,0.02897521666591571,forecast-c19cf27265c0322657c2ba28,2026-02-13T18:00:00Z,2026-02-14T18:00:00+05:00
forecast-c19cf27265c0322657c2ba28,turbine_1,2026-02-13T18:00:00Z,2026-02-14T14:00:00Z,20,20,ml-483c8ee3abe0fe0e00412708,gfs-77399ca6ad434f7f84072593,verified_object_version,0.06040641453043638,forecast-c19cf27265c0322657c2ba28,2026-02-13T18:00:00Z,2026-02-14T19:00:00+05:00
forecast-c19cf27265c0322657c2ba28,turbine_1,2026-02-13T18:00:00Z,2026-02-14T15:00:00Z,21,21,ml-483c8ee3abe0fe0e00412708,gfs-77399ca6ad434f7f84072593,verified_object_version,0.04704478423441755,forecast-c19cf27265c0322657c2ba28,2026-02-13T18:00:00Z,2026-02-14T20:00:00+05:00
forecast-c19cf27265c0322657c2ba28,turbine_1,2026-02-13T18:00:00Z,2026-02-14T16:00:00Z,22,22,ml-483c8ee3abe0fe0e00412708,gfs-77399ca6ad434f7f84072593,verified_object_version,0.02877948221275467,forecast-c19cf27265c0322657c2ba28,2026-02-13T18:00:00Z,2026-02-14T21:00:00+05:00
forecast-c19cf27265c0322657c2ba28,turbine_1,2026-02-13T18:00:00Z,2026-02-14T17:00:00Z,23,23,ml-483c8ee3abe0fe0e00412708,gfs-77399ca6ad434f7f84072593,verified_object_version,0.028914604768679242,forecast-c19cf27265c0322657c2ba28,2026-02-13T18:00:00Z,2026-02-14T22:00:00+05:00
forecast-c19cf27265c0322657c2ba28,turbine_1,2026-02-13T18:00:00Z,2026-02-14T18:00:00Z,24,24,ml-483c8ee3abe0fe0e00412708,gfs-77399ca6ad434f7f84072593,verified_object_version,0.0714405411727558,forecast-c19cf27265c0322657c2ba28,2026-02-13T18:00:00Z,2026-02-14T23:00:00+05:00
forecast-1761573732caeb2db2a2104f,turbine_1,2026-02-14T18:00:00Z,2026-02-14T19:00:00Z,1,1,ml-483c8ee3abe0fe0e00412708,gfs-777fa5425591e5578f2ab5ea,verified_object_version,0.023960197583926035,forecast-1761573732caeb2db2a2104f,2026-02-14T18:00:00Z,2026-02-15T00:00:00+05:00
forecast-1761573732caeb2db2a2104f,turbine_1,2026-02-14T18:00:00Z,2026-02-14T20:00:00Z,2,2,ml-483c8ee3abe0fe0e00412708,gfs-777fa5425591e5578f2ab5ea,verified_object_version,0.023334478183355933,forecast-1761573732caeb2db2a2104f,2026-02-14T18:00:00Z,2026-02-15T01:00:00+05:00
forecast-1761573732caeb2db2a2104f,turbine_1,2026-02-14T18:00:00Z,2026-02-14T21:00:00Z,3,3,ml-483c8ee3abe0fe0e00412708,gfs-777fa5425591e5578f2ab5ea,verified_object_version,0.03421485100711763,forecast-1761573732caeb2db2a2104f,2026-02-14T18:00:00Z,2026-02-15T02:00:00+05:00
forecast-1761573732caeb2db2a2104f,turbine_1,2026-02-14T18:00:00Z,2026-02-14T22:00:00Z,4,4,ml-483c8ee3abe0fe0e00412708,gfs-777fa5425591e5578f2ab5ea,verified_object_version,0.023520801362736127,forecast-1761573732caeb2db2a2104f,2026-02-14T18:00:00Z,2026-02-15T03:00:00+05:00
forecast-1761573732caeb2db2a2104f,turbine_1,2026-02-14T18:00:00Z,2026-02-14T23:00:00Z,5,5,ml-483c8ee3abe0fe0e00412708,gfs-777fa5425591e5578f2ab5ea,verified_object_version,0.027416483194942776,forecast-1761573732caeb2db2a2104f,2026-02-14T18:00:00Z,2026-02-15T04:00:00+05:00
forecast-1761573732caeb2db2a2104f,turbine_1,2026-02-14T18:00:00Z,2026-02-15T00:00:00Z,6,6,ml-483c8ee3abe0fe0e00412708,gfs-777fa5425591e5578f2ab5ea,verified_object_version,0.0926911323422015,forecast-1761573732caeb2db2a2104f,2026-02-14T18:00:00Z,2026-02-15T05:00:00+05:00
forecast-1761573732caeb2db2a2104f,turbine_1,2026-02-14T18:00:00Z,2026-02-15T01:00:00Z,7,7,ml-483c8ee3abe0fe0e00412708,gfs-777fa5425591e5578f2ab5ea,verified_object_version,0.18317339939061283,forecast-1761573732caeb2db2a2104f,2026-02-14T18:00:00Z,2026-02-15T06:00:00+05:00
forecast-1761573732caeb2db2a2104f,turbine_1,2026-02-14T18:00:00Z,2026-02-15T02:00:00Z,8,8,ml-483c8ee3abe0fe0e00412708,gfs-777fa5425591e5578f2ab5ea,verified_object_version,0.2147840336088345,forecast-1761573732caeb2db2a2104f,2026-02-14T18:00:00Z,2026-02-15T07:00:00+05:00
forecast-1761573732caeb2db2a2104f,turbine_1,2026-02-14T18:00:00Z,2026-02-15T03:00:00Z,9,9,ml-483c8ee3abe0fe0e00412708,gfs-777fa5425591e5578f2ab5ea,verified_object_version,0.21901925873802122,forecast-1761573732caeb2db2a2104f,2026-02-14T18:00:00Z,2026-02-15T08:00:00+05:00
forecast-1761573732caeb2db2a2104f,turbine_1,2026-02-14T18:00:00Z,2026-02-15T04:00:00Z,10,10,ml-483c8ee3abe0fe0e00412708,gfs-777fa5425591e5578f2ab5ea,verified_object_version,0.5384095562947779,forecast-1761573732caeb2db2a2104f,2026-02-14T18:00:00Z,2026-02-15T09:00:00+05:00
forecast-1761573732caeb2db2a2104f,turbine_1,2026-02-14T18:00:00Z,2026-02-15T05:00:00Z,11,11,ml-483c8ee3abe0fe0e00412708,gfs-777fa5425591e5578f2ab5ea,verified_object_version,0.8270891414350916,forecast-1761573732caeb2db2a2104f,2026-02-14T18:00:00Z,2026-02-15T10:00:00+05:00
forecast-1761573732caeb2db2a2104f,turbine_1,2026-02-14T18:00:00Z,2026-02-15T06:00:00Z,12,12,ml-483c8ee3abe0fe0e00412708,gfs-777fa5425591e5578f2ab5ea,verified_object_version,0.903759462944543,forecast-1761573732caeb2db2a2104f,2026-02-14T18:00:00Z,2026-02-15T11:00:00+05:00
forecast-1761573732caeb2db2a2104f,turbine_1,2026-02-14T18:00:00Z,2026-02-15T07:00:00Z,13,13,ml-483c8ee3abe0fe0e00412708,gfs-777fa5425591e5578f2ab5ea,verified_object_version,1.0,forecast-1761573732caeb2db2a2104f,2026-02-14T18:00:00Z,2026-02-15T12:00:00+05:00
forecast-1761573732caeb2db2a2104f,turbine_1,2026-02-14T18:00:00Z,2026-02-15T08:00:00Z,14,14,ml-483c8ee3abe0fe0e00412708,gfs-777fa5425591e5578f2ab5ea,verified_object_version,0.9523911797406075,forecast-1761573732caeb2db2a2104f,2026-02-14T18:00:00Z,2026-02-15T13:00:00+05:00
forecast-1761573732caeb2db2a2104f,turbine_1,2026-02-14T18:00:00Z,2026-02-15T09:00:00Z,15,15,ml-483c8ee3abe0fe0e00412708,gfs-777fa5425591e5578f2ab5ea,verified_object_version,0.9452278874468325,forecast-1761573732caeb2db2a2104f,2026-02-14T18:00:00Z,2026-02-15T14:00:00+05:00
forecast-1761573732caeb2db2a2104f,turbine_1,2026-02-14T18:00:00Z,2026-02-15T10:00:00Z,16,16,ml-483c8ee3abe0fe0e00412708,gfs-777fa5425591e5578f2ab5ea,verified_object_version,0.9687259324256311,forecast-1761573732caeb2db2a2104f,2026-02-14T18:00:00Z,2026-02-15T15:00:00+05:00
forecast-1761573732caeb2db2a2104f,turbine_1,2026-02-14T18:00:00Z,2026-02-15T11:00:00Z,17,17,ml-483c8ee3abe0fe0e00412708,gfs-777fa5425591e5578f2ab5ea,verified_object_version,0.9158813360317463,forecast-1761573732caeb2db2a2104f,2026-02-14T18:00:00Z,2026-02-15T16:00:00+05:00
forecast-1761573732caeb2db2a2104f,turbine_1,2026-02-14T18:00:00Z,2026-02-15T12:00:00Z,18,18,ml-483c8ee3abe0fe0e00412708,gfs-777fa5425591e5578f2ab5ea,verified_object_version,0.9142375526409444,forecast-1761573732caeb2db2a2104f,2026-02-14T18:00:00Z,2026-02-15T17:00:00+05:00
forecast-1761573732caeb2db2a2104f,turbine_1,2026-02-14T18:00:00Z,2026-02-15T13:00:00Z,19,19,ml-483c8ee3abe0fe0e00412708,gfs-777fa5425591e5578f2ab5ea,verified_object_version,0.9215225876155718,forecast-1761573732caeb2db2a2104f,2026-02-14T18:00:00Z,2026-02-15T18:00:00+05:00
forecast-1761573732caeb2db2a2104f,turbine_1,2026-02-14T18:00:00Z,2026-02-15T14:00:00Z,20,20,ml-483c8ee3abe0fe0e00412708,gfs-777fa5425591e5578f2ab5ea,verified_object_version,0.9266443831408324,forecast-1761573732caeb2db2a2104f,2026-02-14T18:00:00Z,2026-02-15T19:00:00+05:00
forecast-1761573732caeb2db2a2104f,turbine_1,2026-02-14T18:00:00Z,2026-02-15T15:00:00Z,21,21,ml-483c8ee3abe0fe0e00412708,gfs-777fa5425591e5578f2ab5ea,verified_object_version,0.8785758609675305,forecast-1761573732caeb2db2a2104f,2026-02-14T18:00:00Z,2026-02-15T20:00:00+05:00
forecast-1761573732caeb2db2a2104f,turbine_1,2026-02-14T18:00:00Z,2026-02-15T16:00:00Z,22,22,ml-483c8ee3abe0fe0e00412708,gfs-777fa5425591e5578f2ab5ea,verified_object_version,0.8117426004978494,forecast-1761573732caeb2db2a2104f,2026-02-14T18:00:00Z,2026-02-15T21:00:00+05:00
forecast-1761573732caeb2db2a2104f,turbine_1,2026-02-14T18:00:00Z,2026-02-15T17:00:00Z,23,23,ml-483c8ee3abe0fe0e00412708,gfs-777fa5425591e5578f2ab5ea,verified_object_version,0.6947986428128425,forecast-1761573732caeb2db2a2104f,2026-02-14T18:00:00Z,2026-02-15T22:00:00+05:00
forecast-1761573732caeb2db2a2104f,turbine_1,2026-02-14T18:00:00Z,2026-02-15T18:00:00Z,24,24,ml-483c8ee3abe0fe0e00412708,gfs-777fa5425591e5578f2ab5ea,verified_object_version,0.5791124132479133,forecast-1761573732caeb2db2a2104f,2026-02-14T18:00:00Z,2026-02-15T23:00:00+05:00
forecast-b6444475bc0b60284415daea,turbine_1,2026-02-15T18:00:00Z,2026-02-15T19:00:00Z,1,1,ml-483c8ee3abe0fe0e00412708,gfs-0802cd4406434a3ba48f4526,verified_object_version,0.4347394992347245,forecast-b6444475bc0b60284415daea,2026-02-15T18:00:00Z,2026-02-16T00:00:00+05:00
forecast-b6444475bc0b60284415daea,turbine_1,2026-02-15T18:00:00Z,2026-02-15T20:00:00Z,2,2,ml-483c8ee3abe0fe0e00412708,gfs-0802cd4406434a3ba48f4526,verified_object_version,0.6194396031789634,forecast-b6444475bc0b60284415daea,2026-02-15T18:00:00Z,2026-02-16T01:00:00+05:00
forecast-b6444475bc0b60284415daea,turbine_1,2026-02-15T18:00:00Z,2026-02-15T21:00:00Z,3,3,ml-483c8ee3abe0fe0e00412708,gfs-0802cd4406434a3ba48f4526,verified_object_version,0.44055591050472787,forecast-b6444475bc0b60284415daea,2026-02-15T18:00:00Z,2026-02-16T02:00:00+05:00
forecast-b6444475bc0b60284415daea,turbine_1,2026-02-15T18:00:00Z,2026-02-15T22:00:00Z,4,4,ml-483c8ee3abe0fe0e00412708,gfs-0802cd4406434a3ba48f4526,verified_object_version,0.6293180435041631,forecast-b6444475bc0b60284415daea,2026-02-15T18:00:00Z,2026-02-16T03:00:00+05:00
forecast-b6444475bc0b60284415daea,turbine_1,2026-02-15T18:00:00Z,2026-02-15T23:00:00Z,5,5,ml-483c8ee3abe0fe0e00412708,gfs-0802cd4406434a3ba48f4526,verified_object_version,0.6074638896003411,forecast-b6444475bc0b60284415daea,2026-02-15T18:00:00Z,2026-02-16T04:00:00+05:00
forecast-b6444475bc0b60284415daea,turbine_1,2026-02-15T18:00:00Z,2026-02-16T00:00:00Z,6,6,ml-483c8ee3abe0fe0e00412708,gfs-0802cd4406434a3ba48f4526,verified_object_version,0.6014614054526344,forecast-b6444475bc0b60284415daea,2026-02-15T18:00:00Z,2026-02-16T05:00:00+05:00
forecast-b6444475bc0b60284415daea,turbine_1,2026-02-15T18:00:00Z,2026-02-16T01:00:00Z,7,7,ml-483c8ee3abe0fe0e00412708,gfs-0802cd4406434a3ba48f4526,verified_object_version,0.4511397254023871,forecast-b6444475bc0b60284415daea,2026-02-15T18:00:00Z,2026-02-16T06:00:00+05:00
forecast-b6444475bc0b60284415daea,turbine_1,2026-02-15T18:00:00Z,2026-02-16T02:00:00Z,8,8,ml-483c8ee3abe0fe0e00412708,gfs-0802cd4406434a3ba48f4526,verified_object_version,0.34470700467191145,forecast-b6444475bc0b60284415daea,2026-02-15T18:00:00Z,2026-02-16T07:00:00+05:00
forecast-b6444475bc0b60284415daea,turbine_1,2026-02-15T18:00:00Z,2026-02-16T03:00:00Z,9,9,ml-483c8ee3abe0fe0e00412708,gfs-0802cd4406434a3ba48f4526,verified_object_version,0.24935754725374604,forecast-b6444475bc0b60284415daea,2026-02-15T18:00:00Z,2026-02-16T08:00:00+05:00
forecast-b6444475bc0b60284415daea,turbine_1,2026-02-15T18:00:00Z,2026-02-16T04:00:00Z,10,10,ml-483c8ee3abe0fe0e00412708,gfs-0802cd4406434a3ba48f4526,verified_object_version,0.15424868793428106,forecast-b6444475bc0b60284415daea,2026-02-15T18:00:00Z,2026-02-16T09:00:00+05:00
forecast-b6444475bc0b60284415daea,turbine_1,2026-02-15T18:00:00Z,2026-02-16T05:00:00Z,11,11,ml-483c8ee3abe0fe0e00412708,gfs-0802cd4406434a3ba48f4526,verified_object_version,0.2000552766514636,forecast-b6444475bc0b60284415daea,2026-02-15T18:00:00Z,2026-02-16T10:00:00+05:00
forecast-b6444475bc0b60284415daea,turbine_1,2026-02-15T18:00:00Z,2026-02-16T06:00:00Z,12,12,ml-483c8ee3abe0fe0e00412708,gfs-0802cd4406434a3ba48f4526,verified_object_version,0.5865756054170357,forecast-b6444475bc0b60284415daea,2026-02-15T18:00:00Z,2026-02-16T11:00:00+05:00
forecast-b6444475bc0b60284415daea,turbine_1,2026-02-15T18:00:00Z,2026-02-16T07:00:00Z,13,13,ml-483c8ee3abe0fe0e00412708,gfs-0802cd4406434a3ba48f4526,verified_object_version,0.4839947549294203,forecast-b6444475bc0b60284415daea,2026-02-15T18:00:00Z,2026-02-16T12:00:00+05:00
forecast-b6444475bc0b60284415daea,turbine_1,2026-02-15T18:00:00Z,2026-02-16T08:00:00Z,14,14,ml-483c8ee3abe0fe0e00412708,gfs-0802cd4406434a3ba48f4526,verified_object_version,0.5465426849633135,forecast-b6444475bc0b60284415daea,2026-02-15T18:00:00Z,2026-02-16T13:00:00+05:00
forecast-b6444475bc0b60284415daea,turbine_1,2026-02-15T18:00:00Z,2026-02-16T09:00:00Z,15,15,ml-483c8ee3abe0fe0e00412708,gfs-0802cd4406434a3ba48f4526,verified_object_version,0.7094910079995531,forecast-b6444475bc0b60284415daea,2026-02-15T18:00:00Z,2026-02-16T14:00:00+05:00
forecast-b6444475bc0b60284415daea,turbine_1,2026-02-15T18:00:00Z,2026-02-16T10:00:00Z,16,16,ml-483c8ee3abe0fe0e00412708,gfs-0802cd4406434a3ba48f4526,verified_object_version,0.8971318464256283,forecast-b6444475bc0b60284415daea,2026-02-15T18:00:00Z,2026-02-16T15:00:00+05:00
forecast-b6444475bc0b60284415daea,turbine_1,2026-02-15T18:00:00Z,2026-02-16T11:00:00Z,17,17,ml-483c8ee3abe0fe0e00412708,gfs-0802cd4406434a3ba48f4526,verified_object_version,0.8359706168956703,forecast-b6444475bc0b60284415daea,2026-02-15T18:00:00Z,2026-02-16T16:00:00+05:00
forecast-b6444475bc0b60284415daea,turbine_1,2026-02-15T18:00:00Z,2026-02-16T12:00:00Z,18,18,ml-483c8ee3abe0fe0e00412708,gfs-0802cd4406434a3ba48f4526,verified_object_version,0.9384389881898703,forecast-b6444475bc0b60284415daea,2026-02-15T18:00:00Z,2026-02-16T17:00:00+05:00
forecast-b6444475bc0b60284415daea,turbine_1,2026-02-15T18:00:00Z,2026-02-16T13:00:00Z,19,19,ml-483c8ee3abe0fe0e00412708,gfs-0802cd4406434a3ba48f4526,verified_object_version,0.9751417920030198,forecast-b6444475bc0b60284415daea,2026-02-15T18:00:00Z,2026-02-16T18:00:00+05:00
forecast-b6444475bc0b60284415daea,turbine_1,2026-02-15T18:00:00Z,2026-02-16T14:00:00Z,20,20,ml-483c8ee3abe0fe0e00412708,gfs-0802cd4406434a3ba48f4526,verified_object_version,0.9143584405131796,forecast-b6444475bc0b60284415daea,2026-02-15T18:00:00Z,2026-02-16T19:00:00+05:00
forecast-b6444475bc0b60284415daea,turbine_1,2026-02-15T18:00:00Z,2026-02-16T15:00:00Z,21,21,ml-483c8ee3abe0fe0e00412708,gfs-0802cd4406434a3ba48f4526,verified_object_version,0.9297591565988991,forecast-b6444475bc0b60284415daea,2026-02-15T18:00:00Z,2026-02-16T20:00:00+05:00
forecast-b6444475bc0b60284415daea,turbine_1,2026-02-15T18:00:00Z,2026-02-16T16:00:00Z,22,22,ml-483c8ee3abe0fe0e00412708,gfs-0802cd4406434a3ba48f4526,verified_object_version,0.9091890823200414,forecast-b6444475bc0b60284415daea,2026-02-15T18:00:00Z,2026-02-16T21:00:00+05:00
forecast-b6444475bc0b60284415daea,turbine_1,2026-02-15T18:00:00Z,2026-02-16T17:00:00Z,23,23,ml-483c8ee3abe0fe0e00412708,gfs-0802cd4406434a3ba48f4526,verified_object_version,0.8572233844883798,forecast-b6444475bc0b60284415daea,2026-02-15T18:00:00Z,2026-02-16T22:00:00+05:00
forecast-b6444475bc0b60284415daea,turbine_1,2026-02-15T18:00:00Z,2026-02-16T18:00:00Z,24,24,ml-483c8ee3abe0fe0e00412708,gfs-0802cd4406434a3ba48f4526,verified_object_version,0.8042145159680996,forecast-b6444475bc0b60284415daea,2026-02-15T18:00:00Z,2026-02-16T23:00:00+05:00
forecast-81eb00ff10c62c52de6cff47,turbine_1,2026-02-16T18:00:00Z,2026-02-16T19:00:00Z,1,1,ml-483c8ee3abe0fe0e00412708,gfs-9437458179ea5776b1a56442,verified_object_version,0.7414105371006311,forecast-81eb00ff10c62c52de6cff47,2026-02-16T18:00:00Z,2026-02-17T00:00:00+05:00
forecast-81eb00ff10c62c52de6cff47,turbine_1,2026-02-16T18:00:00Z,2026-02-16T20:00:00Z,2,2,ml-483c8ee3abe0fe0e00412708,gfs-9437458179ea5776b1a56442,verified_object_version,0.6322294455299655,forecast-81eb00ff10c62c52de6cff47,2026-02-16T18:00:00Z,2026-02-17T01:00:00+05:00
forecast-81eb00ff10c62c52de6cff47,turbine_1,2026-02-16T18:00:00Z,2026-02-16T21:00:00Z,3,3,ml-483c8ee3abe0fe0e00412708,gfs-9437458179ea5776b1a56442,verified_object_version,0.5848532335628611,forecast-81eb00ff10c62c52de6cff47,2026-02-16T18:00:00Z,2026-02-17T02:00:00+05:00
forecast-81eb00ff10c62c52de6cff47,turbine_1,2026-02-16T18:00:00Z,2026-02-16T22:00:00Z,4,4,ml-483c8ee3abe0fe0e00412708,gfs-9437458179ea5776b1a56442,verified_object_version,0.4644760461601424,forecast-81eb00ff10c62c52de6cff47,2026-02-16T18:00:00Z,2026-02-17T03:00:00+05:00
forecast-81eb00ff10c62c52de6cff47,turbine_1,2026-02-16T18:00:00Z,2026-02-16T23:00:00Z,5,5,ml-483c8ee3abe0fe0e00412708,gfs-9437458179ea5776b1a56442,verified_object_version,0.4272523737630999,forecast-81eb00ff10c62c52de6cff47,2026-02-16T18:00:00Z,2026-02-17T04:00:00+05:00
forecast-81eb00ff10c62c52de6cff47,turbine_1,2026-02-16T18:00:00Z,2026-02-17T00:00:00Z,6,6,ml-483c8ee3abe0fe0e00412708,gfs-9437458179ea5776b1a56442,verified_object_version,0.30384060279525105,forecast-81eb00ff10c62c52de6cff47,2026-02-16T18:00:00Z,2026-02-17T05:00:00+05:00
forecast-81eb00ff10c62c52de6cff47,turbine_1,2026-02-16T18:00:00Z,2026-02-17T01:00:00Z,7,7,ml-483c8ee3abe0fe0e00412708,gfs-9437458179ea5776b1a56442,verified_object_version,0.20493309065290927,forecast-81eb00ff10c62c52de6cff47,2026-02-16T18:00:00Z,2026-02-17T06:00:00+05:00
forecast-81eb00ff10c62c52de6cff47,turbine_1,2026-02-16T18:00:00Z,2026-02-17T02:00:00Z,8,8,ml-483c8ee3abe0fe0e00412708,gfs-9437458179ea5776b1a56442,verified_object_version,0.12417093199996054,forecast-81eb00ff10c62c52de6cff47,2026-02-16T18:00:00Z,2026-02-17T07:00:00+05:00
forecast-81eb00ff10c62c52de6cff47,turbine_1,2026-02-16T18:00:00Z,2026-02-17T03:00:00Z,9,9,ml-483c8ee3abe0fe0e00412708,gfs-9437458179ea5776b1a56442,verified_object_version,0.10008193599338992,forecast-81eb00ff10c62c52de6cff47,2026-02-16T18:00:00Z,2026-02-17T08:00:00+05:00
forecast-81eb00ff10c62c52de6cff47,turbine_1,2026-02-16T18:00:00Z,2026-02-17T04:00:00Z,10,10,ml-483c8ee3abe0fe0e00412708,gfs-9437458179ea5776b1a56442,verified_object_version,0.05479047616555385,forecast-81eb00ff10c62c52de6cff47,2026-02-16T18:00:00Z,2026-02-17T09:00:00+05:00
forecast-81eb00ff10c62c52de6cff47,turbine_1,2026-02-16T18:00:00Z,2026-02-17T05:00:00Z,11,11,ml-483c8ee3abe0fe0e00412708,gfs-9437458179ea5776b1a56442,verified_object_version,0.06593723788431707,forecast-81eb00ff10c62c52de6cff47,2026-02-16T18:00:00Z,2026-02-17T10:00:00+05:00
forecast-81eb00ff10c62c52de6cff47,turbine_1,2026-02-16T18:00:00Z,2026-02-17T06:00:00Z,12,12,ml-483c8ee3abe0fe0e00412708,gfs-9437458179ea5776b1a56442,verified_object_version,0.07732934898366439,forecast-81eb00ff10c62c52de6cff47,2026-02-16T18:00:00Z,2026-02-17T11:00:00+05:00
forecast-81eb00ff10c62c52de6cff47,turbine_1,2026-02-16T18:00:00Z,2026-02-17T07:00:00Z,13,13,ml-483c8ee3abe0fe0e00412708,gfs-9437458179ea5776b1a56442,verified_object_version,0.11438957397920775,forecast-81eb00ff10c62c52de6cff47,2026-02-16T18:00:00Z,2026-02-17T12:00:00+05:00
forecast-81eb00ff10c62c52de6cff47,turbine_1,2026-02-16T18:00:00Z,2026-02-17T08:00:00Z,14,14,ml-483c8ee3abe0fe0e00412708,gfs-9437458179ea5776b1a56442,verified_object_version,0.1166424380782635,forecast-81eb00ff10c62c52de6cff47,2026-02-16T18:00:00Z,2026-02-17T13:00:00+05:00
forecast-81eb00ff10c62c52de6cff47,turbine_1,2026-02-16T18:00:00Z,2026-02-17T09:00:00Z,15,15,ml-483c8ee3abe0fe0e00412708,gfs-9437458179ea5776b1a56442,verified_object_version,0.153912742414313,forecast-81eb00ff10c62c52de6cff47,2026-02-16T18:00:00Z,2026-02-17T14:00:00+05:00
forecast-81eb00ff10c62c52de6cff47,turbine_1,2026-02-16T18:00:00Z,2026-02-17T10:00:00Z,16,16,ml-483c8ee3abe0fe0e00412708,gfs-9437458179ea5776b1a56442,verified_object_version,0.22339387645279965,forecast-81eb00ff10c62c52de6cff47,2026-02-16T18:00:00Z,2026-02-17T15:00:00+05:00
forecast-81eb00ff10c62c52de6cff47,turbine_1,2026-02-16T18:00:00Z,2026-02-17T11:00:00Z,17,17,ml-483c8ee3abe0fe0e00412708,gfs-9437458179ea5776b1a56442,verified_object_version,0.27836262295824443,forecast-81eb00ff10c62c52de6cff47,2026-02-16T18:00:00Z,2026-02-17T16:00:00+05:00
forecast-81eb00ff10c62c52de6cff47,turbine_1,2026-02-16T18:00:00Z,2026-02-17T12:00:00Z,18,18,ml-483c8ee3abe0fe0e00412708,gfs-9437458179ea5776b1a56442,verified_object_version,0.3588695981043589,forecast-81eb00ff10c62c52de6cff47,2026-02-16T18:00:00Z,2026-02-17T17:00:00+05:00
forecast-81eb00ff10c62c52de6cff47,turbine_1,2026-02-16T18:00:00Z,2026-02-17T13:00:00Z,19,19,ml-483c8ee3abe0fe0e00412708,gfs-9437458179ea5776b1a56442,verified_object_version,0.5844500030272248,forecast-81eb00ff10c62c52de6cff47,2026-02-16T18:00:00Z,2026-02-17T18:00:00+05:00
forecast-81eb00ff10c62c52de6cff47,turbine_1,2026-02-16T18:00:00Z,2026-02-17T14:00:00Z,20,20,ml-483c8ee3abe0fe0e00412708,gfs-9437458179ea5776b1a56442,verified_object_version,0.612459764819745,forecast-81eb00ff10c62c52de6cff47,2026-02-16T18:00:00Z,2026-02-17T19:00:00+05:00
forecast-81eb00ff10c62c52de6cff47,turbine_1,2026-02-16T18:00:00Z,2026-02-17T15:00:00Z,21,21,ml-483c8ee3abe0fe0e00412708,gfs-9437458179ea5776b1a56442,verified_object_version,0.6363145331138187,forecast-81eb00ff10c62c52de6cff47,2026-02-16T18:00:00Z,2026-02-17T20:00:00+05:00
forecast-81eb00ff10c62c52de6cff47,turbine_1,2026-02-16T18:00:00Z,2026-02-17T16:00:00Z,22,22,ml-483c8ee3abe0fe0e00412708,gfs-9437458179ea5776b1a56442,verified_object_version,0.74160598132748,forecast-81eb00ff10c62c52de6cff47,2026-02-16T18:00:00Z,2026-02-17T21:00:00+05:00
forecast-81eb00ff10c62c52de6cff47,turbine_1,2026-02-16T18:00:00Z,2026-02-17T17:00:00Z,23,23,ml-483c8ee3abe0fe0e00412708,gfs-9437458179ea5776b1a56442,verified_object_version,0.633125811603219,forecast-81eb00ff10c62c52de6cff47,2026-02-16T18:00:00Z,2026-02-17T22:00:00+05:00
forecast-81eb00ff10c62c52de6cff47,turbine_1,2026-02-16T18:00:00Z,2026-02-17T18:00:00Z,24,24,ml-483c8ee3abe0fe0e00412708,gfs-9437458179ea5776b1a56442,verified_object_version,0.673841704101092,forecast-81eb00ff10c62c52de6cff47,2026-02-16T18:00:00Z,2026-02-17T23:00:00+05:00
forecast-5c26a55ff14e771faa4f9c24,turbine_1,2026-02-17T18:00:00Z,2026-02-17T19:00:00Z,1,1,ml-483c8ee3abe0fe0e00412708,gfs-2a3e38b40450fa05a15b4ac1,verified_object_version,0.8856969727590526,forecast-5c26a55ff14e771faa4f9c24,2026-02-17T18:00:00Z,2026-02-18T00:00:00+05:00
forecast-5c26a55ff14e771faa4f9c24,turbine_1,2026-02-17T18:00:00Z,2026-02-17T20:00:00Z,2,2,ml-483c8ee3abe0fe0e00412708,gfs-2a3e38b40450fa05a15b4ac1,verified_object_version,0.7279385424556204,forecast-5c26a55ff14e771faa4f9c24,2026-02-17T18:00:00Z,2026-02-18T01:00:00+05:00
forecast-5c26a55ff14e771faa4f9c24,turbine_1,2026-02-17T18:00:00Z,2026-02-17T21:00:00Z,3,3,ml-483c8ee3abe0fe0e00412708,gfs-2a3e38b40450fa05a15b4ac1,verified_object_version,0.8866948866355707,forecast-5c26a55ff14e771faa4f9c24,2026-02-17T18:00:00Z,2026-02-18T02:00:00+05:00
forecast-5c26a55ff14e771faa4f9c24,turbine_1,2026-02-17T18:00:00Z,2026-02-17T22:00:00Z,4,4,ml-483c8ee3abe0fe0e00412708,gfs-2a3e38b40450fa05a15b4ac1,verified_object_version,0.8823509974002827,forecast-5c26a55ff14e771faa4f9c24,2026-02-17T18:00:00Z,2026-02-18T03:00:00+05:00
forecast-5c26a55ff14e771faa4f9c24,turbine_1,2026-02-17T18:00:00Z,2026-02-17T23:00:00Z,5,5,ml-483c8ee3abe0fe0e00412708,gfs-2a3e38b40450fa05a15b4ac1,verified_object_version,0.807723956072252,forecast-5c26a55ff14e771faa4f9c24,2026-02-17T18:00:00Z,2026-02-18T04:00:00+05:00
forecast-5c26a55ff14e771faa4f9c24,turbine_1,2026-02-17T18:00:00Z,2026-02-18T00:00:00Z,6,6,ml-483c8ee3abe0fe0e00412708,gfs-2a3e38b40450fa05a15b4ac1,verified_object_version,0.9059694744154755,forecast-5c26a55ff14e771faa4f9c24,2026-02-17T18:00:00Z,2026-02-18T05:00:00+05:00
forecast-5c26a55ff14e771faa4f9c24,turbine_1,2026-02-17T18:00:00Z,2026-02-18T01:00:00Z,7,7,ml-483c8ee3abe0fe0e00412708,gfs-2a3e38b40450fa05a15b4ac1,verified_object_version,0.7806637704417135,forecast-5c26a55ff14e771faa4f9c24,2026-02-17T18:00:00Z,2026-02-18T06:00:00+05:00
forecast-5c26a55ff14e771faa4f9c24,turbine_1,2026-02-17T18:00:00Z,2026-02-18T02:00:00Z,8,8,ml-483c8ee3abe0fe0e00412708,gfs-2a3e38b40450fa05a15b4ac1,verified_object_version,0.7443131490128049,forecast-5c26a55ff14e771faa4f9c24,2026-02-17T18:00:00Z,2026-02-18T07:00:00+05:00
forecast-5c26a55ff14e771faa4f9c24,turbine_1,2026-02-17T18:00:00Z,2026-02-18T03:00:00Z,9,9,ml-483c8ee3abe0fe0e00412708,gfs-2a3e38b40450fa05a15b4ac1,verified_object_version,0.8127235279118261,forecast-5c26a55ff14e771faa4f9c24,2026-02-17T18:00:00Z,2026-02-18T08:00:00+05:00
forecast-5c26a55ff14e771faa4f9c24,turbine_1,2026-02-17T18:00:00Z,2026-02-18T04:00:00Z,10,10,ml-483c8ee3abe0fe0e00412708,gfs-2a3e38b40450fa05a15b4ac1,verified_object_version,0.8093065997474717,forecast-5c26a55ff14e771faa4f9c24,2026-02-17T18:00:00Z,2026-02-18T09:00:00+05:00
forecast-5c26a55ff14e771faa4f9c24,turbine_1,2026-02-17T18:00:00Z,2026-02-18T05:00:00Z,11,11,ml-483c8ee3abe0fe0e00412708,gfs-2a3e38b40450fa05a15b4ac1,verified_object_version,0.7242424783767196,forecast-5c26a55ff14e771faa4f9c24,2026-02-17T18:00:00Z,2026-02-18T10:00:00+05:00
forecast-5c26a55ff14e771faa4f9c24,turbine_1,2026-02-17T18:00:00Z,2026-02-18T06:00:00Z,12,12,ml-483c8ee3abe0fe0e00412708,gfs-2a3e38b40450fa05a15b4ac1,verified_object_version,0.9776743156303737,forecast-5c26a55ff14e771faa4f9c24,2026-02-17T18:00:00Z,2026-02-18T11:00:00+05:00
forecast-5c26a55ff14e771faa4f9c24,turbine_1,2026-02-17T18:00:00Z,2026-02-18T07:00:00Z,13,13,ml-483c8ee3abe0fe0e00412708,gfs-2a3e38b40450fa05a15b4ac1,verified_object_version,0.9781667710769462,forecast-5c26a55ff14e771faa4f9c24,2026-02-17T18:00:00Z,2026-02-18T12:00:00+05:00
forecast-5c26a55ff14e771faa4f9c24,turbine_1,2026-02-17T18:00:00Z,2026-02-18T08:00:00Z,14,14,ml-483c8ee3abe0fe0e00412708,gfs-2a3e38b40450fa05a15b4ac1,verified_object_version,0.9770741610414058,forecast-5c26a55ff14e771faa4f9c24,2026-02-17T18:00:00Z,2026-02-18T13:00:00+05:00
forecast-5c26a55ff14e771faa4f9c24,turbine_1,2026-02-17T18:00:00Z,2026-02-18T09:00:00Z,15,15,ml-483c8ee3abe0fe0e00412708,gfs-2a3e38b40450fa05a15b4ac1,verified_object_version,0.9765573715340349,forecast-5c26a55ff14e771faa4f9c24,2026-02-17T18:00:00Z,2026-02-18T14:00:00+05:00
forecast-5c26a55ff14e771faa4f9c24,turbine_1,2026-02-17T18:00:00Z,2026-02-18T10:00:00Z,16,16,ml-483c8ee3abe0fe0e00412708,gfs-2a3e38b40450fa05a15b4ac1,verified_object_version,0.9774007570837571,forecast-5c26a55ff14e771faa4f9c24,2026-02-17T18:00:00Z,2026-02-18T15:00:00+05:00
forecast-5c26a55ff14e771faa4f9c24,turbine_1,2026-02-17T18:00:00Z,2026-02-18T11:00:00Z,17,17,ml-483c8ee3abe0fe0e00412708,gfs-2a3e38b40450fa05a15b4ac1,verified_object_version,0.9745784120819874,forecast-5c26a55ff14e771faa4f9c24,2026-02-17T18:00:00Z,2026-02-18T16:00:00+05:00
forecast-5c26a55ff14e771faa4f9c24,turbine_1,2026-02-17T18:00:00Z,2026-02-18T12:00:00Z,18,18,ml-483c8ee3abe0fe0e00412708,gfs-2a3e38b40450fa05a15b4ac1,verified_object_version,1.0,forecast-5c26a55ff14e771faa4f9c24,2026-02-17T18:00:00Z,2026-02-18T17:00:00+05:00
forecast-5c26a55ff14e771faa4f9c24,turbine_1,2026-02-17T18:00:00Z,2026-02-18T13:00:00Z,19,19,ml-483c8ee3abe0fe0e00412708,gfs-2a3e38b40450fa05a15b4ac1,verified_object_version,0.6533443404380859,forecast-5c26a55ff14e771faa4f9c24,2026-02-17T18:00:00Z,2026-02-18T18:00:00+05:00
forecast-5c26a55ff14e771faa4f9c24,turbine_1,2026-02-17T18:00:00Z,2026-02-18T14:00:00Z,20,20,ml-483c8ee3abe0fe0e00412708,gfs-2a3e38b40450fa05a15b4ac1,verified_object_version,0.8028260911203922,forecast-5c26a55ff14e771faa4f9c24,2026-02-17T18:00:00Z,2026-02-18T19:00:00+05:00
forecast-5c26a55ff14e771faa4f9c24,turbine_1,2026-02-17T18:00:00Z,2026-02-18T15:00:00Z,21,21,ml-483c8ee3abe0fe0e00412708,gfs-2a3e38b40450fa05a15b4ac1,verified_object_version,0.6924558678057291,forecast-5c26a55ff14e771faa4f9c24,2026-02-17T18:00:00Z,2026-02-18T20:00:00+05:00
forecast-5c26a55ff14e771faa4f9c24,turbine_1,2026-02-17T18:00:00Z,2026-02-18T16:00:00Z,22,22,ml-483c8ee3abe0fe0e00412708,gfs-2a3e38b40450fa05a15b4ac1,verified_object_version,0.6326298033254079,forecast-5c26a55ff14e771faa4f9c24,2026-02-17T18:00:00Z,2026-02-18T21:00:00+05:00
forecast-5c26a55ff14e771faa4f9c24,turbine_1,2026-02-17T18:00:00Z,2026-02-18T17:00:00Z,23,23,ml-483c8ee3abe0fe0e00412708,gfs-2a3e38b40450fa05a15b4ac1,verified_object_version,0.7359978657938991,forecast-5c26a55ff14e771faa4f9c24,2026-02-17T18:00:00Z,2026-02-18T22:00:00+05:00
forecast-5c26a55ff14e771faa4f9c24,turbine_1,2026-02-17T18:00:00Z,2026-02-18T18:00:00Z,24,24,ml-483c8ee3abe0fe0e00412708,gfs-2a3e38b40450fa05a15b4ac1,verified_object_version,0.7165929406691993,forecast-5c26a55ff14e771faa4f9c24,2026-02-17T18:00:00Z,2026-02-18T23:00:00+05:00
forecast-b62f26f9e64717b827634ede,turbine_1,2026-02-18T18:00:00Z,2026-02-18T19:00:00Z,1,1,ml-483c8ee3abe0fe0e00412708,gfs-a36079ec291be0a114e69375,verified_object_version,0.7279490830395305,forecast-b62f26f9e64717b827634ede,2026-02-18T18:00:00Z,2026-02-19T00:00:00+05:00
forecast-b62f26f9e64717b827634ede,turbine_1,2026-02-18T18:00:00Z,2026-02-18T20:00:00Z,2,2,ml-483c8ee3abe0fe0e00412708,gfs-a36079ec291be0a114e69375,verified_object_version,0.6817258741211114,forecast-b62f26f9e64717b827634ede,2026-02-18T18:00:00Z,2026-02-19T01:00:00+05:00
forecast-b62f26f9e64717b827634ede,turbine_1,2026-02-18T18:00:00Z,2026-02-18T21:00:00Z,3,3,ml-483c8ee3abe0fe0e00412708,gfs-a36079ec291be0a114e69375,verified_object_version,0.5029890339118495,forecast-b62f26f9e64717b827634ede,2026-02-18T18:00:00Z,2026-02-19T02:00:00+05:00
forecast-b62f26f9e64717b827634ede,turbine_1,2026-02-18T18:00:00Z,2026-02-18T22:00:00Z,4,4,ml-483c8ee3abe0fe0e00412708,gfs-a36079ec291be0a114e69375,verified_object_version,0.5725658830723137,forecast-b62f26f9e64717b827634ede,2026-02-18T18:00:00Z,2026-02-19T03:00:00+05:00
forecast-b62f26f9e64717b827634ede,turbine_1,2026-02-18T18:00:00Z,2026-02-18T23:00:00Z,5,5,ml-483c8ee3abe0fe0e00412708,gfs-a36079ec291be0a114e69375,verified_object_version,0.45068784329359257,forecast-b62f26f9e64717b827634ede,2026-02-18T18:00:00Z,2026-02-19T04:00:00+05:00
forecast-b62f26f9e64717b827634ede,turbine_1,2026-02-18T18:00:00Z,2026-02-19T00:00:00Z,6,6,ml-483c8ee3abe0fe0e00412708,gfs-a36079ec291be0a114e69375,verified_object_version,0.43980607127987753,forecast-b62f26f9e64717b827634ede,2026-02-18T18:00:00Z,2026-02-19T05:00:00+05:00
forecast-b62f26f9e64717b827634ede,turbine_1,2026-02-18T18:00:00Z,2026-02-19T01:00:00Z,7,7,ml-483c8ee3abe0fe0e00412708,gfs-a36079ec291be0a114e69375,verified_object_version,0.39151739321272905,forecast-b62f26f9e64717b827634ede,2026-02-18T18:00:00Z,2026-02-19T06:00:00+05:00
forecast-b62f26f9e64717b827634ede,turbine_1,2026-02-18T18:00:00Z,2026-02-19T02:00:00Z,8,8,ml-483c8ee3abe0fe0e00412708,gfs-a36079ec291be0a114e69375,verified_object_version,0.4673829989494389,forecast-b62f26f9e64717b827634ede,2026-02-18T18:00:00Z,2026-02-19T07:00:00+05:00
forecast-b62f26f9e64717b827634ede,turbine_1,2026-02-18T18:00:00Z,2026-02-19T03:00:00Z,9,9,ml-483c8ee3abe0fe0e00412708,gfs-a36079ec291be0a114e69375,verified_object_version,0.4255516049782823,forecast-b62f26f9e64717b827634ede,2026-02-18T18:00:00Z,2026-02-19T08:00:00+05:00
forecast-b62f26f9e64717b827634ede,turbine_1,2026-02-18T18:00:00Z,2026-02-19T04:00:00Z,10,10,ml-483c8ee3abe0fe0e00412708,gfs-a36079ec291be0a114e69375,verified_object_version,0.3742316010891351,forecast-b62f26f9e64717b827634ede,2026-02-18T18:00:00Z,2026-02-19T09:00:00+05:00
forecast-b62f26f9e64717b827634ede,turbine_1,2026-02-18T18:00:00Z,2026-02-19T05:00:00Z,11,11,ml-483c8ee3abe0fe0e00412708,gfs-a36079ec291be0a114e69375,verified_object_version,0.24771479520957865,forecast-b62f26f9e64717b827634ede,2026-02-18T18:00:00Z,2026-02-19T10:00:00+05:00
forecast-b62f26f9e64717b827634ede,turbine_1,2026-02-18T18:00:00Z,2026-02-19T06:00:00Z,12,12,ml-483c8ee3abe0fe0e00412708,gfs-a36079ec291be0a114e69375,verified_object_version,0.41975850436633344,forecast-b62f26f9e64717b827634ede,2026-02-18T18:00:00Z,2026-02-19T11:00:00+05:00
forecast-b62f26f9e64717b827634ede,turbine_1,2026-02-18T18:00:00Z,2026-02-19T07:00:00Z,13,13,ml-483c8ee3abe0fe0e00412708,gfs-a36079ec291be0a114e69375,verified_object_version,0.3142488681227191,forecast-b62f26f9e64717b827634ede,2026-02-18T18:00:00Z,2026-02-19T12:00:00+05:00
forecast-b62f26f9e64717b827634ede,turbine_1,2026-02-18T18:00:00Z,2026-02-19T08:00:00Z,14,14,ml-483c8ee3abe0fe0e00412708,gfs-a36079ec291be0a114e69375,verified_object_version,0.15328179375273251,forecast-b62f26f9e64717b827634ede,2026-02-18T18:00:00Z,2026-02-19T13:00:00+05:00
forecast-b62f26f9e64717b827634ede,turbine_1,2026-02-18T18:00:00Z,2026-02-19T09:00:00Z,15,15,ml-483c8ee3abe0fe0e00412708,gfs-a36079ec291be0a114e69375,verified_object_version,0.18818614708121906,forecast-b62f26f9e64717b827634ede,2026-02-18T18:00:00Z,2026-02-19T14:00:00+05:00
forecast-b62f26f9e64717b827634ede,turbine_1,2026-02-18T18:00:00Z,2026-02-19T10:00:00Z,16,16,ml-483c8ee3abe0fe0e00412708,gfs-a36079ec291be0a114e69375,verified_object_version,0.1673836266517687,forecast-b62f26f9e64717b827634ede,2026-02-18T18:00:00Z,2026-02-19T15:00:00+05:00
forecast-b62f26f9e64717b827634ede,turbine_1,2026-02-18T18:00:00Z,2026-02-19T11:00:00Z,17,17,ml-483c8ee3abe0fe0e00412708,gfs-a36079ec291be0a114e69375,verified_object_version,0.14562634984910372,forecast-b62f26f9e64717b827634ede,2026-02-18T18:00:00Z,2026-02-19T16:00:00+05:00
forecast-b62f26f9e64717b827634ede,turbine_1,2026-02-18T18:00:00Z,2026-02-19T12:00:00Z,18,18,ml-483c8ee3abe0fe0e00412708,gfs-a36079ec291be0a114e69375,verified_object_version,0.13911816839739477,forecast-b62f26f9e64717b827634ede,2026-02-18T18:00:00Z,2026-02-19T17:00:00+05:00
forecast-b62f26f9e64717b827634ede,turbine_1,2026-02-18T18:00:00Z,2026-02-19T13:00:00Z,19,19,ml-483c8ee3abe0fe0e00412708,gfs-a36079ec291be0a114e69375,verified_object_version,0.14277128958027596,forecast-b62f26f9e64717b827634ede,2026-02-18T18:00:00Z,2026-02-19T18:00:00+05:00
forecast-b62f26f9e64717b827634ede,turbine_1,2026-02-18T18:00:00Z,2026-02-19T14:00:00Z,20,20,ml-483c8ee3abe0fe0e00412708,gfs-a36079ec291be0a114e69375,verified_object_version,0.2531210130968773,forecast-b62f26f9e64717b827634ede,2026-02-18T18:00:00Z,2026-02-19T19:00:00+05:00
forecast-b62f26f9e64717b827634ede,turbine_1,2026-02-18T18:00:00Z,2026-02-19T15:00:00Z,21,21,ml-483c8ee3abe0fe0e00412708,gfs-a36079ec291be0a114e69375,verified_object_version,0.23028536421094806,forecast-b62f26f9e64717b827634ede,2026-02-18T18:00:00Z,2026-02-19T20:00:00+05:00
forecast-b62f26f9e64717b827634ede,turbine_1,2026-02-18T18:00:00Z,2026-02-19T16:00:00Z,22,22,ml-483c8ee3abe0fe0e00412708,gfs-a36079ec291be0a114e69375,verified_object_version,0.147271153929081,forecast-b62f26f9e64717b827634ede,2026-02-18T18:00:00Z,2026-02-19T21:00:00+05:00
forecast-b62f26f9e64717b827634ede,turbine_1,2026-02-18T18:00:00Z,2026-02-19T17:00:00Z,23,23,ml-483c8ee3abe0fe0e00412708,gfs-a36079ec291be0a114e69375,verified_object_version,0.12038687236758197,forecast-b62f26f9e64717b827634ede,2026-02-18T18:00:00Z,2026-02-19T22:00:00+05:00
forecast-b62f26f9e64717b827634ede,turbine_1,2026-02-18T18:00:00Z,2026-02-19T18:00:00Z,24,24,ml-483c8ee3abe0fe0e00412708,gfs-a36079ec291be0a114e69375,verified_object_version,0.10202101315797818,forecast-b62f26f9e64717b827634ede,2026-02-18T18:00:00Z,2026-02-19T23:00:00+05:00
forecast-7ddc9dc26a8bfc0e62406239,turbine_1,2026-02-19T18:00:00Z,2026-02-19T19:00:00Z,1,1,ml-483c8ee3abe0fe0e00412708,gfs-7a66239ba6e46cf13e00a8ac,verified_object_version,0.025131092532793553,forecast-7ddc9dc26a8bfc0e62406239,2026-02-19T18:00:00Z,2026-02-20T00:00:00+05:00
forecast-7ddc9dc26a8bfc0e62406239,turbine_1,2026-02-19T18:00:00Z,2026-02-19T20:00:00Z,2,2,ml-483c8ee3abe0fe0e00412708,gfs-7a66239ba6e46cf13e00a8ac,verified_object_version,0.017803335105475576,forecast-7ddc9dc26a8bfc0e62406239,2026-02-19T18:00:00Z,2026-02-20T01:00:00+05:00
forecast-7ddc9dc26a8bfc0e62406239,turbine_1,2026-02-19T18:00:00Z,2026-02-19T21:00:00Z,3,3,ml-483c8ee3abe0fe0e00412708,gfs-7a66239ba6e46cf13e00a8ac,verified_object_version,0.059588900080304985,forecast-7ddc9dc26a8bfc0e62406239,2026-02-19T18:00:00Z,2026-02-20T02:00:00+05:00
forecast-7ddc9dc26a8bfc0e62406239,turbine_1,2026-02-19T18:00:00Z,2026-02-19T22:00:00Z,4,4,ml-483c8ee3abe0fe0e00412708,gfs-7a66239ba6e46cf13e00a8ac,verified_object_version,0.049056005698463856,forecast-7ddc9dc26a8bfc0e62406239,2026-02-19T18:00:00Z,2026-02-20T03:00:00+05:00
forecast-7ddc9dc26a8bfc0e62406239,turbine_1,2026-02-19T18:00:00Z,2026-02-19T23:00:00Z,5,5,ml-483c8ee3abe0fe0e00412708,gfs-7a66239ba6e46cf13e00a8ac,verified_object_version,0.1321400608384973,forecast-7ddc9dc26a8bfc0e62406239,2026-02-19T18:00:00Z,2026-02-20T04:00:00+05:00
forecast-7ddc9dc26a8bfc0e62406239,turbine_1,2026-02-19T18:00:00Z,2026-02-20T00:00:00Z,6,6,ml-483c8ee3abe0fe0e00412708,gfs-7a66239ba6e46cf13e00a8ac,verified_object_version,0.1571160544882901,forecast-7ddc9dc26a8bfc0e62406239,2026-02-19T18:00:00Z,2026-02-20T05:00:00+05:00
forecast-7ddc9dc26a8bfc0e62406239,turbine_1,2026-02-19T18:00:00Z,2026-02-20T01:00:00Z,7,7,ml-483c8ee3abe0fe0e00412708,gfs-7a66239ba6e46cf13e00a8ac,verified_object_version,0.1918239102494827,forecast-7ddc9dc26a8bfc0e62406239,2026-02-19T18:00:00Z,2026-02-20T06:00:00+05:00
forecast-7ddc9dc26a8bfc0e62406239,turbine_1,2026-02-19T18:00:00Z,2026-02-20T02:00:00Z,8,8,ml-483c8ee3abe0fe0e00412708,gfs-7a66239ba6e46cf13e00a8ac,verified_object_version,0.20380824966156746,forecast-7ddc9dc26a8bfc0e62406239,2026-02-19T18:00:00Z,2026-02-20T07:00:00+05:00
forecast-7ddc9dc26a8bfc0e62406239,turbine_1,2026-02-19T18:00:00Z,2026-02-20T03:00:00Z,9,9,ml-483c8ee3abe0fe0e00412708,gfs-7a66239ba6e46cf13e00a8ac,verified_object_version,0.19317746793071158,forecast-7ddc9dc26a8bfc0e62406239,2026-02-19T18:00:00Z,2026-02-20T08:00:00+05:00
forecast-7ddc9dc26a8bfc0e62406239,turbine_1,2026-02-19T18:00:00Z,2026-02-20T04:00:00Z,10,10,ml-483c8ee3abe0fe0e00412708,gfs-7a66239ba6e46cf13e00a8ac,verified_object_version,0.1488902070215229,forecast-7ddc9dc26a8bfc0e62406239,2026-02-19T18:00:00Z,2026-02-20T09:00:00+05:00
forecast-7ddc9dc26a8bfc0e62406239,turbine_1,2026-02-19T18:00:00Z,2026-02-20T05:00:00Z,11,11,ml-483c8ee3abe0fe0e00412708,gfs-7a66239ba6e46cf13e00a8ac,verified_object_version,0.14293315864469144,forecast-7ddc9dc26a8bfc0e62406239,2026-02-19T18:00:00Z,2026-02-20T10:00:00+05:00
forecast-7ddc9dc26a8bfc0e62406239,turbine_1,2026-02-19T18:00:00Z,2026-02-20T06:00:00Z,12,12,ml-483c8ee3abe0fe0e00412708,gfs-7a66239ba6e46cf13e00a8ac,verified_object_version,0.12690981273013996,forecast-7ddc9dc26a8bfc0e62406239,2026-02-19T18:00:00Z,2026-02-20T11:00:00+05:00
forecast-7ddc9dc26a8bfc0e62406239,turbine_1,2026-02-19T18:00:00Z,2026-02-20T07:00:00Z,13,13,ml-483c8ee3abe0fe0e00412708,gfs-7a66239ba6e46cf13e00a8ac,verified_object_version,0.119055471694608,forecast-7ddc9dc26a8bfc0e62406239,2026-02-19T18:00:00Z,2026-02-20T12:00:00+05:00
forecast-7ddc9dc26a8bfc0e62406239,turbine_1,2026-02-19T18:00:00Z,2026-02-20T08:00:00Z,14,14,ml-483c8ee3abe0fe0e00412708,gfs-7a66239ba6e46cf13e00a8ac,verified_object_version,0.10205954753338735,forecast-7ddc9dc26a8bfc0e62406239,2026-02-19T18:00:00Z,2026-02-20T13:00:00+05:00
forecast-7ddc9dc26a8bfc0e62406239,turbine_1,2026-02-19T18:00:00Z,2026-02-20T09:00:00Z,15,15,ml-483c8ee3abe0fe0e00412708,gfs-7a66239ba6e46cf13e00a8ac,verified_object_version,0.07493644223189386,forecast-7ddc9dc26a8bfc0e62406239,2026-02-19T18:00:00Z,2026-02-20T14:00:00+05:00
forecast-7ddc9dc26a8bfc0e62406239,turbine_1,2026-02-19T18:00:00Z,2026-02-20T10:00:00Z,16,16,ml-483c8ee3abe0fe0e00412708,gfs-7a66239ba6e46cf13e00a8ac,verified_object_version,0.05882116492039052,forecast-7ddc9dc26a8bfc0e62406239,2026-02-19T18:00:00Z,2026-02-20T15:00:00+05:00
forecast-7ddc9dc26a8bfc0e62406239,turbine_1,2026-02-19T18:00:00Z,2026-02-20T11:00:00Z,17,17,ml-483c8ee3abe0fe0e00412708,gfs-7a66239ba6e46cf13e00a8ac,verified_object_version,0.04398568016075352,forecast-7ddc9dc26a8bfc0e62406239,2026-02-19T18:00:00Z,2026-02-20T16:00:00+05:00
forecast-7ddc9dc26a8bfc0e62406239,turbine_1,2026-02-19T18:00:00Z,2026-02-20T12:00:00Z,18,18,ml-483c8ee3abe0fe0e00412708,gfs-7a66239ba6e46cf13e00a8ac,verified_object_version,0.04386644992630967,forecast-7ddc9dc26a8bfc0e62406239,2026-02-19T18:00:00Z,2026-02-20T17:00:00+05:00
forecast-7ddc9dc26a8bfc0e62406239,turbine_1,2026-02-19T18:00:00Z,2026-02-20T13:00:00Z,19,19,ml-483c8ee3abe0fe0e00412708,gfs-7a66239ba6e46cf13e00a8ac,verified_object_version,0.09744749735669112,forecast-7ddc9dc26a8bfc0e62406239,2026-02-19T18:00:00Z,2026-02-20T18:00:00+05:00
forecast-7ddc9dc26a8bfc0e62406239,turbine_1,2026-02-19T18:00:00Z,2026-02-20T14:00:00Z,20,20,ml-483c8ee3abe0fe0e00412708,gfs-7a66239ba6e46cf13e00a8ac,verified_object_version,0.7112136506299497,forecast-7ddc9dc26a8bfc0e62406239,2026-02-19T18:00:00Z,2026-02-20T19:00:00+05:00
forecast-7ddc9dc26a8bfc0e62406239,turbine_1,2026-02-19T18:00:00Z,2026-02-20T15:00:00Z,21,21,ml-483c8ee3abe0fe0e00412708,gfs-7a66239ba6e46cf13e00a8ac,verified_object_version,0.912544932061482,forecast-7ddc9dc26a8bfc0e62406239,2026-02-19T18:00:00Z,2026-02-20T20:00:00+05:00
forecast-7ddc9dc26a8bfc0e62406239,turbine_1,2026-02-19T18:00:00Z,2026-02-20T16:00:00Z,22,22,ml-483c8ee3abe0fe0e00412708,gfs-7a66239ba6e46cf13e00a8ac,verified_object_version,0.9637579062283592,forecast-7ddc9dc26a8bfc0e62406239,2026-02-19T18:00:00Z,2026-02-20T21:00:00+05:00
forecast-7ddc9dc26a8bfc0e62406239,turbine_1,2026-02-19T18:00:00Z,2026-02-20T17:00:00Z,23,23,ml-483c8ee3abe0fe0e00412708,gfs-7a66239ba6e46cf13e00a8ac,verified_object_version,0.9653748384655265,forecast-7ddc9dc26a8bfc0e62406239,2026-02-19T18:00:00Z,2026-02-20T22:00:00+05:00
forecast-7ddc9dc26a8bfc0e62406239,turbine_1,2026-02-19T18:00:00Z,2026-02-20T18:00:00Z,24,24,ml-483c8ee3abe0fe0e00412708,gfs-7a66239ba6e46cf13e00a8ac,verified_object_version,0.9661751530230833,forecast-7ddc9dc26a8bfc0e62406239,2026-02-19T18:00:00Z,2026-02-20T23:00:00+05:00
forecast-ee9b317bbaa84b9e41870912,turbine_1,2026-02-20T18:00:00Z,2026-02-20T19:00:00Z,1,1,ml-483c8ee3abe0fe0e00412708,gfs-e3977ca1233baebc0e01066b,verified_object_version,0.8309370966771862,forecast-ee9b317bbaa84b9e41870912,2026-02-20T18:00:00Z,2026-02-21T00:00:00+05:00
forecast-ee9b317bbaa84b9e41870912,turbine_1,2026-02-20T18:00:00Z,2026-02-20T20:00:00Z,2,2,ml-483c8ee3abe0fe0e00412708,gfs-e3977ca1233baebc0e01066b,verified_object_version,0.8262146893823451,forecast-ee9b317bbaa84b9e41870912,2026-02-20T18:00:00Z,2026-02-21T01:00:00+05:00
forecast-ee9b317bbaa84b9e41870912,turbine_1,2026-02-20T18:00:00Z,2026-02-20T21:00:00Z,3,3,ml-483c8ee3abe0fe0e00412708,gfs-e3977ca1233baebc0e01066b,verified_object_version,0.7933296498213497,forecast-ee9b317bbaa84b9e41870912,2026-02-20T18:00:00Z,2026-02-21T02:00:00+05:00
forecast-ee9b317bbaa84b9e41870912,turbine_1,2026-02-20T18:00:00Z,2026-02-20T22:00:00Z,4,4,ml-483c8ee3abe0fe0e00412708,gfs-e3977ca1233baebc0e01066b,verified_object_version,0.6998190995643738,forecast-ee9b317bbaa84b9e41870912,2026-02-20T18:00:00Z,2026-02-21T03:00:00+05:00
forecast-ee9b317bbaa84b9e41870912,turbine_1,2026-02-20T18:00:00Z,2026-02-20T23:00:00Z,5,5,ml-483c8ee3abe0fe0e00412708,gfs-e3977ca1233baebc0e01066b,verified_object_version,0.701446725439588,forecast-ee9b317bbaa84b9e41870912,2026-02-20T18:00:00Z,2026-02-21T04:00:00+05:00
forecast-ee9b317bbaa84b9e41870912,turbine_1,2026-02-20T18:00:00Z,2026-02-21T00:00:00Z,6,6,ml-483c8ee3abe0fe0e00412708,gfs-e3977ca1233baebc0e01066b,verified_object_version,0.5388901200426507,forecast-ee9b317bbaa84b9e41870912,2026-02-20T18:00:00Z,2026-02-21T05:00:00+05:00
forecast-ee9b317bbaa84b9e41870912,turbine_1,2026-02-20T18:00:00Z,2026-02-21T01:00:00Z,7,7,ml-483c8ee3abe0fe0e00412708,gfs-e3977ca1233baebc0e01066b,verified_object_version,0.48620059742209704,forecast-ee9b317bbaa84b9e41870912,2026-02-20T18:00:00Z,2026-02-21T06:00:00+05:00
forecast-ee9b317bbaa84b9e41870912,turbine_1,2026-02-20T18:00:00Z,2026-02-21T02:00:00Z,8,8,ml-483c8ee3abe0fe0e00412708,gfs-e3977ca1233baebc0e01066b,verified_object_version,0.5588486398158232,forecast-ee9b317bbaa84b9e41870912,2026-02-20T18:00:00Z,2026-02-21T07:00:00+05:00
forecast-ee9b317bbaa84b9e41870912,turbine_1,2026-02-20T18:00:00Z,2026-02-21T03:00:00Z,9,9,ml-483c8ee3abe0fe0e00412708,gfs-e3977ca1233baebc0e01066b,verified_object_version,0.3860989348536969,forecast-ee9b317bbaa84b9e41870912,2026-02-20T18:00:00Z,2026-02-21T08:00:00+05:00
forecast-ee9b317bbaa84b9e41870912,turbine_1,2026-02-20T18:00:00Z,2026-02-21T04:00:00Z,10,10,ml-483c8ee3abe0fe0e00412708,gfs-e3977ca1233baebc0e01066b,verified_object_version,0.2707213539008278,forecast-ee9b317bbaa84b9e41870912,2026-02-20T18:00:00Z,2026-02-21T09:00:00+05:00
forecast-ee9b317bbaa84b9e41870912,turbine_1,2026-02-20T18:00:00Z,2026-02-21T05:00:00Z,11,11,ml-483c8ee3abe0fe0e00412708,gfs-e3977ca1233baebc0e01066b,verified_object_version,0.10891214139459371,forecast-ee9b317bbaa84b9e41870912,2026-02-20T18:00:00Z,2026-02-21T10:00:00+05:00
forecast-ee9b317bbaa84b9e41870912,turbine_1,2026-02-20T18:00:00Z,2026-02-21T06:00:00Z,12,12,ml-483c8ee3abe0fe0e00412708,gfs-e3977ca1233baebc0e01066b,verified_object_version,0.03319740352697359,forecast-ee9b317bbaa84b9e41870912,2026-02-20T18:00:00Z,2026-02-21T11:00:00+05:00
forecast-ee9b317bbaa84b9e41870912,turbine_1,2026-02-20T18:00:00Z,2026-02-21T07:00:00Z,13,13,ml-483c8ee3abe0fe0e00412708,gfs-e3977ca1233baebc0e01066b,verified_object_version,0.9600907115620874,forecast-ee9b317bbaa84b9e41870912,2026-02-20T18:00:00Z,2026-02-21T12:00:00+05:00
forecast-ee9b317bbaa84b9e41870912,turbine_1,2026-02-20T18:00:00Z,2026-02-21T08:00:00Z,14,14,ml-483c8ee3abe0fe0e00412708,gfs-e3977ca1233baebc0e01066b,verified_object_version,0.900989676906045,forecast-ee9b317bbaa84b9e41870912,2026-02-20T18:00:00Z,2026-02-21T13:00:00+05:00
forecast-ee9b317bbaa84b9e41870912,turbine_1,2026-02-20T18:00:00Z,2026-02-21T09:00:00Z,15,15,ml-483c8ee3abe0fe0e00412708,gfs-e3977ca1233baebc0e01066b,verified_object_version,0.9770228592297514,forecast-ee9b317bbaa84b9e41870912,2026-02-20T18:00:00Z,2026-02-21T14:00:00+05:00
forecast-ee9b317bbaa84b9e41870912,turbine_1,2026-02-20T18:00:00Z,2026-02-21T10:00:00Z,16,16,ml-483c8ee3abe0fe0e00412708,gfs-e3977ca1233baebc0e01066b,verified_object_version,0.9559414144225843,forecast-ee9b317bbaa84b9e41870912,2026-02-20T18:00:00Z,2026-02-21T15:00:00+05:00
forecast-ee9b317bbaa84b9e41870912,turbine_1,2026-02-20T18:00:00Z,2026-02-21T11:00:00Z,17,17,ml-483c8ee3abe0fe0e00412708,gfs-e3977ca1233baebc0e01066b,verified_object_version,0.614447928524203,forecast-ee9b317bbaa84b9e41870912,2026-02-20T18:00:00Z,2026-02-21T16:00:00+05:00
forecast-ee9b317bbaa84b9e41870912,turbine_1,2026-02-20T18:00:00Z,2026-02-21T12:00:00Z,18,18,ml-483c8ee3abe0fe0e00412708,gfs-e3977ca1233baebc0e01066b,verified_object_version,0.5780639010519479,forecast-ee9b317bbaa84b9e41870912,2026-02-20T18:00:00Z,2026-02-21T17:00:00+05:00
forecast-ee9b317bbaa84b9e41870912,turbine_1,2026-02-20T18:00:00Z,2026-02-21T13:00:00Z,19,19,ml-483c8ee3abe0fe0e00412708,gfs-e3977ca1233baebc0e01066b,verified_object_version,0.47003843321643457,forecast-ee9b317bbaa84b9e41870912,2026-02-20T18:00:00Z,2026-02-21T18:00:00+05:00
forecast-ee9b317bbaa84b9e41870912,turbine_1,2026-02-20T18:00:00Z,2026-02-21T14:00:00Z,20,20,ml-483c8ee3abe0fe0e00412708,gfs-e3977ca1233baebc0e01066b,verified_object_version,0.6552029204705536,forecast-ee9b317bbaa84b9e41870912,2026-02-20T18:00:00Z,2026-02-21T19:00:00+05:00
forecast-ee9b317bbaa84b9e41870912,turbine_1,2026-02-20T18:00:00Z,2026-02-21T15:00:00Z,21,21,ml-483c8ee3abe0fe0e00412708,gfs-e3977ca1233baebc0e01066b,verified_object_version,0.6334916582564348,forecast-ee9b317bbaa84b9e41870912,2026-02-20T18:00:00Z,2026-02-21T20:00:00+05:00
forecast-ee9b317bbaa84b9e41870912,turbine_1,2026-02-20T18:00:00Z,2026-02-21T16:00:00Z,22,22,ml-483c8ee3abe0fe0e00412708,gfs-e3977ca1233baebc0e01066b,verified_object_version,0.3579829746054348,forecast-ee9b317bbaa84b9e41870912,2026-02-20T18:00:00Z,2026-02-21T21:00:00+05:00
forecast-ee9b317bbaa84b9e41870912,turbine_1,2026-02-20T18:00:00Z,2026-02-21T17:00:00Z,23,23,ml-483c8ee3abe0fe0e00412708,gfs-e3977ca1233baebc0e01066b,verified_object_version,0.18741019793401556,forecast-ee9b317bbaa84b9e41870912,2026-02-20T18:00:00Z,2026-02-21T22:00:00+05:00
forecast-ee9b317bbaa84b9e41870912,turbine_1,2026-02-20T18:00:00Z,2026-02-21T18:00:00Z,24,24,ml-483c8ee3abe0fe0e00412708,gfs-e3977ca1233baebc0e01066b,verified_object_version,0.14361812782259448,forecast-ee9b317bbaa84b9e41870912,2026-02-20T18:00:00Z,2026-02-21T23:00:00+05:00
forecast-3378c59a73426e5f982a0b8b,turbine_1,2026-02-21T18:00:00Z,2026-02-21T19:00:00Z,1,1,ml-483c8ee3abe0fe0e00412708,gfs-a68354390bf8097632ab58b6,verified_object_version,0.0290862770912306,forecast-3378c59a73426e5f982a0b8b,2026-02-21T18:00:00Z,2026-02-22T00:00:00+05:00
forecast-3378c59a73426e5f982a0b8b,turbine_1,2026-02-21T18:00:00Z,2026-02-21T20:00:00Z,2,2,ml-483c8ee3abe0fe0e00412708,gfs-a68354390bf8097632ab58b6,verified_object_version,0.017863521841353813,forecast-3378c59a73426e5f982a0b8b,2026-02-21T18:00:00Z,2026-02-22T01:00:00+05:00
forecast-3378c59a73426e5f982a0b8b,turbine_1,2026-02-21T18:00:00Z,2026-02-21T21:00:00Z,3,3,ml-483c8ee3abe0fe0e00412708,gfs-a68354390bf8097632ab58b6,verified_object_version,0.015770928064843315,forecast-3378c59a73426e5f982a0b8b,2026-02-21T18:00:00Z,2026-02-22T02:00:00+05:00
forecast-3378c59a73426e5f982a0b8b,turbine_1,2026-02-21T18:00:00Z,2026-02-21T22:00:00Z,4,4,ml-483c8ee3abe0fe0e00412708,gfs-a68354390bf8097632ab58b6,verified_object_version,0.014673375244212139,forecast-3378c59a73426e5f982a0b8b,2026-02-21T18:00:00Z,2026-02-22T03:00:00+05:00
forecast-3378c59a73426e5f982a0b8b,turbine_1,2026-02-21T18:00:00Z,2026-02-21T23:00:00Z,5,5,ml-483c8ee3abe0fe0e00412708,gfs-a68354390bf8097632ab58b6,verified_object_version,0.017778054460221848,forecast-3378c59a73426e5f982a0b8b,2026-02-21T18:00:00Z,2026-02-22T04:00:00+05:00
forecast-3378c59a73426e5f982a0b8b,turbine_1,2026-02-21T18:00:00Z,2026-02-22T00:00:00Z,6,6,ml-483c8ee3abe0fe0e00412708,gfs-a68354390bf8097632ab58b6,verified_object_version,0.017830846120808763,forecast-3378c59a73426e5f982a0b8b,2026-02-21T18:00:00Z,2026-02-22T05:00:00+05:00
forecast-3378c59a73426e5f982a0b8b,turbine_1,2026-02-21T18:00:00Z,2026-02-22T01:00:00Z,7,7,ml-483c8ee3abe0fe0e00412708,gfs-a68354390bf8097632ab58b6,verified_object_version,0.041150775483527,forecast-3378c59a73426e5f982a0b8b,2026-02-21T18:00:00Z,2026-02-22T06:00:00+05:00
forecast-3378c59a73426e5f982a0b8b,turbine_1,2026-02-21T18:00:00Z,2026-02-22T02:00:00Z,8,8,ml-483c8ee3abe0fe0e00412708,gfs-a68354390bf8097632ab58b6,verified_object_version,0.47148234229106467,forecast-3378c59a73426e5f982a0b8b,2026-02-21T18:00:00Z,2026-02-22T07:00:00+05:00
forecast-3378c59a73426e5f982a0b8b,turbine_1,2026-02-21T18:00:00Z,2026-02-22T03:00:00Z,9,9,ml-483c8ee3abe0fe0e00412708,gfs-a68354390bf8097632ab58b6,verified_object_version,0.8493289539447944,forecast-3378c59a73426e5f982a0b8b,2026-02-21T18:00:00Z,2026-02-22T08:00:00+05:00
forecast-3378c59a73426e5f982a0b8b,turbine_1,2026-02-21T18:00:00Z,2026-02-22T04:00:00Z,10,10,ml-483c8ee3abe0fe0e00412708,gfs-a68354390bf8097632ab58b6,verified_object_version,0.9529522885441961,forecast-3378c59a73426e5f982a0b8b,2026-02-21T18:00:00Z,2026-02-22T09:00:00+05:00
forecast-3378c59a73426e5f982a0b8b,turbine_1,2026-02-21T18:00:00Z,2026-02-22T05:00:00Z,11,11,ml-483c8ee3abe0fe0e00412708,gfs-a68354390bf8097632ab58b6,verified_object_version,0.956771213697232,forecast-3378c59a73426e5f982a0b8b,2026-02-21T18:00:00Z,2026-02-22T10:00:00+05:00
forecast-3378c59a73426e5f982a0b8b,turbine_1,2026-02-21T18:00:00Z,2026-02-22T06:00:00Z,12,12,ml-483c8ee3abe0fe0e00412708,gfs-a68354390bf8097632ab58b6,verified_object_version,0.9785927286675233,forecast-3378c59a73426e5f982a0b8b,2026-02-21T18:00:00Z,2026-02-22T11:00:00+05:00
forecast-3378c59a73426e5f982a0b8b,turbine_1,2026-02-21T18:00:00Z,2026-02-22T07:00:00Z,13,13,ml-483c8ee3abe0fe0e00412708,gfs-a68354390bf8097632ab58b6,verified_object_version,0.9754976485829285,forecast-3378c59a73426e5f982a0b8b,2026-02-21T18:00:00Z,2026-02-22T12:00:00+05:00
forecast-3378c59a73426e5f982a0b8b,turbine_1,2026-02-21T18:00:00Z,2026-02-22T08:00:00Z,14,14,ml-483c8ee3abe0fe0e00412708,gfs-a68354390bf8097632ab58b6,verified_object_version,0.9775754981375211,forecast-3378c59a73426e5f982a0b8b,2026-02-21T18:00:00Z,2026-02-22T13:00:00+05:00
forecast-3378c59a73426e5f982a0b8b,turbine_1,2026-02-21T18:00:00Z,2026-02-22T09:00:00Z,15,15,ml-483c8ee3abe0fe0e00412708,gfs-a68354390bf8097632ab58b6,verified_object_version,0.9675290271706387,forecast-3378c59a73426e5f982a0b8b,2026-02-21T18:00:00Z,2026-02-22T14:00:00+05:00
forecast-3378c59a73426e5f982a0b8b,turbine_1,2026-02-21T18:00:00Z,2026-02-22T10:00:00Z,16,16,ml-483c8ee3abe0fe0e00412708,gfs-a68354390bf8097632ab58b6,verified_object_version,0.9629730234998286,forecast-3378c59a73426e5f982a0b8b,2026-02-21T18:00:00Z,2026-02-22T15:00:00+05:00
forecast-3378c59a73426e5f982a0b8b,turbine_1,2026-02-21T18:00:00Z,2026-02-22T11:00:00Z,17,17,ml-483c8ee3abe0fe0e00412708,gfs-a68354390bf8097632ab58b6,verified_object_version,0.9803140619875091,forecast-3378c59a73426e5f982a0b8b,2026-02-21T18:00:00Z,2026-02-22T16:00:00+05:00
forecast-3378c59a73426e5f982a0b8b,turbine_1,2026-02-21T18:00:00Z,2026-02-22T12:00:00Z,18,18,ml-483c8ee3abe0fe0e00412708,gfs-a68354390bf8097632ab58b6,verified_object_version,0.9306175310609983,forecast-3378c59a73426e5f982a0b8b,2026-02-21T18:00:00Z,2026-02-22T17:00:00+05:00
forecast-3378c59a73426e5f982a0b8b,turbine_1,2026-02-21T18:00:00Z,2026-02-22T13:00:00Z,19,19,ml-483c8ee3abe0fe0e00412708,gfs-a68354390bf8097632ab58b6,verified_object_version,0.9439781569750819,forecast-3378c59a73426e5f982a0b8b,2026-02-21T18:00:00Z,2026-02-22T18:00:00+05:00
forecast-3378c59a73426e5f982a0b8b,turbine_1,2026-02-21T18:00:00Z,2026-02-22T14:00:00Z,20,20,ml-483c8ee3abe0fe0e00412708,gfs-a68354390bf8097632ab58b6,verified_object_version,0.8239611836360408,forecast-3378c59a73426e5f982a0b8b,2026-02-21T18:00:00Z,2026-02-22T19:00:00+05:00
forecast-3378c59a73426e5f982a0b8b,turbine_1,2026-02-21T18:00:00Z,2026-02-22T15:00:00Z,21,21,ml-483c8ee3abe0fe0e00412708,gfs-a68354390bf8097632ab58b6,verified_object_version,0.7862523707158127,forecast-3378c59a73426e5f982a0b8b,2026-02-21T18:00:00Z,2026-02-22T20:00:00+05:00
forecast-3378c59a73426e5f982a0b8b,turbine_1,2026-02-21T18:00:00Z,2026-02-22T16:00:00Z,22,22,ml-483c8ee3abe0fe0e00412708,gfs-a68354390bf8097632ab58b6,verified_object_version,0.6156094919670694,forecast-3378c59a73426e5f982a0b8b,2026-02-21T18:00:00Z,2026-02-22T21:00:00+05:00
forecast-3378c59a73426e5f982a0b8b,turbine_1,2026-02-21T18:00:00Z,2026-02-22T17:00:00Z,23,23,ml-483c8ee3abe0fe0e00412708,gfs-a68354390bf8097632ab58b6,verified_object_version,0.3891112694656132,forecast-3378c59a73426e5f982a0b8b,2026-02-21T18:00:00Z,2026-02-22T22:00:00+05:00
forecast-3378c59a73426e5f982a0b8b,turbine_1,2026-02-21T18:00:00Z,2026-02-22T18:00:00Z,24,24,ml-483c8ee3abe0fe0e00412708,gfs-a68354390bf8097632ab58b6,verified_object_version,0.32604601566532526,forecast-3378c59a73426e5f982a0b8b,2026-02-21T18:00:00Z,2026-02-22T23:00:00+05:00
forecast-36ddb8eb017271912454dd36,turbine_1,2026-02-22T18:00:00Z,2026-02-22T19:00:00Z,1,1,ml-483c8ee3abe0fe0e00412708,gfs-76d5ade05227a9a22ad82637,verified_object_version,0.0896478932543362,forecast-36ddb8eb017271912454dd36,2026-02-22T18:00:00Z,2026-02-23T00:00:00+05:00
forecast-36ddb8eb017271912454dd36,turbine_1,2026-02-22T18:00:00Z,2026-02-22T20:00:00Z,2,2,ml-483c8ee3abe0fe0e00412708,gfs-76d5ade05227a9a22ad82637,verified_object_version,0.08831754116319437,forecast-36ddb8eb017271912454dd36,2026-02-22T18:00:00Z,2026-02-23T01:00:00+05:00
forecast-36ddb8eb017271912454dd36,turbine_1,2026-02-22T18:00:00Z,2026-02-22T21:00:00Z,3,3,ml-483c8ee3abe0fe0e00412708,gfs-76d5ade05227a9a22ad82637,verified_object_version,0.05801855503113906,forecast-36ddb8eb017271912454dd36,2026-02-22T18:00:00Z,2026-02-23T02:00:00+05:00
forecast-36ddb8eb017271912454dd36,turbine_1,2026-02-22T18:00:00Z,2026-02-22T22:00:00Z,4,4,ml-483c8ee3abe0fe0e00412708,gfs-76d5ade05227a9a22ad82637,verified_object_version,0.04409039603278883,forecast-36ddb8eb017271912454dd36,2026-02-22T18:00:00Z,2026-02-23T03:00:00+05:00
forecast-36ddb8eb017271912454dd36,turbine_1,2026-02-22T18:00:00Z,2026-02-22T23:00:00Z,5,5,ml-483c8ee3abe0fe0e00412708,gfs-76d5ade05227a9a22ad82637,verified_object_version,0.029729313176547423,forecast-36ddb8eb017271912454dd36,2026-02-22T18:00:00Z,2026-02-23T04:00:00+05:00
forecast-36ddb8eb017271912454dd36,turbine_1,2026-02-22T18:00:00Z,2026-02-23T00:00:00Z,6,6,ml-483c8ee3abe0fe0e00412708,gfs-76d5ade05227a9a22ad82637,verified_object_version,0.018318253929146017,forecast-36ddb8eb017271912454dd36,2026-02-22T18:00:00Z,2026-02-23T05:00:00+05:00
forecast-36ddb8eb017271912454dd36,turbine_1,2026-02-22T18:00:00Z,2026-02-23T01:00:00Z,7,7,ml-483c8ee3abe0fe0e00412708,gfs-76d5ade05227a9a22ad82637,verified_object_version,0.021587097446769038,forecast-36ddb8eb017271912454dd36,2026-02-22T18:00:00Z,2026-02-23T06:00:00+05:00
forecast-36ddb8eb017271912454dd36,turbine_1,2026-02-22T18:00:00Z,2026-02-23T02:00:00Z,8,8,ml-483c8ee3abe0fe0e00412708,gfs-76d5ade05227a9a22ad82637,verified_object_version,0.016826724185386582,forecast-36ddb8eb017271912454dd36,2026-02-22T18:00:00Z,2026-02-23T07:00:00+05:00
forecast-36ddb8eb017271912454dd36,turbine_1,2026-02-22T18:00:00Z,2026-02-23T03:00:00Z,9,9,ml-483c8ee3abe0fe0e00412708,gfs-76d5ade05227a9a22ad82637,verified_object_version,0.014818747893117268,forecast-36ddb8eb017271912454dd36,2026-02-22T18:00:00Z,2026-02-23T08:00:00+05:00
forecast-36ddb8eb017271912454dd36,turbine_1,2026-02-22T18:00:00Z,2026-02-23T04:00:00Z,10,10,ml-483c8ee3abe0fe0e00412708,gfs-76d5ade05227a9a22ad82637,verified_object_version,0.016016127966196586,forecast-36ddb8eb017271912454dd36,2026-02-22T18:00:00Z,2026-02-23T09:00:00+05:00
forecast-36ddb8eb017271912454dd36,turbine_1,2026-02-22T18:00:00Z,2026-02-23T05:00:00Z,11,11,ml-483c8ee3abe0fe0e00412708,gfs-76d5ade05227a9a22ad82637,verified_object_version,0.014992494009138851,forecast-36ddb8eb017271912454dd36,2026-02-22T18:00:00Z,2026-02-23T10:00:00+05:00
forecast-36ddb8eb017271912454dd36,turbine_1,2026-02-22T18:00:00Z,2026-02-23T06:00:00Z,12,12,ml-483c8ee3abe0fe0e00412708,gfs-76d5ade05227a9a22ad82637,verified_object_version,0.046421258662384474,forecast-36ddb8eb017271912454dd36,2026-02-22T18:00:00Z,2026-02-23T11:00:00+05:00
forecast-36ddb8eb017271912454dd36,turbine_1,2026-02-22T18:00:00Z,2026-02-23T07:00:00Z,13,13,ml-483c8ee3abe0fe0e00412708,gfs-76d5ade05227a9a22ad82637,verified_object_version,0.19304616712069356,forecast-36ddb8eb017271912454dd36,2026-02-22T18:00:00Z,2026-02-23T12:00:00+05:00
forecast-36ddb8eb017271912454dd36,turbine_1,2026-02-22T18:00:00Z,2026-02-23T08:00:00Z,14,14,ml-483c8ee3abe0fe0e00412708,gfs-76d5ade05227a9a22ad82637,verified_object_version,0.7456668132107809,forecast-36ddb8eb017271912454dd36,2026-02-22T18:00:00Z,2026-02-23T13:00:00+05:00
forecast-36ddb8eb017271912454dd36,turbine_1,2026-02-22T18:00:00Z,2026-02-23T09:00:00Z,15,15,ml-483c8ee3abe0fe0e00412708,gfs-76d5ade05227a9a22ad82637,verified_object_version,0.7992547142892021,forecast-36ddb8eb017271912454dd36,2026-02-22T18:00:00Z,2026-02-23T14:00:00+05:00
forecast-36ddb8eb017271912454dd36,turbine_1,2026-02-22T18:00:00Z,2026-02-23T10:00:00Z,16,16,ml-483c8ee3abe0fe0e00412708,gfs-76d5ade05227a9a22ad82637,verified_object_version,0.7294541711170952,forecast-36ddb8eb017271912454dd36,2026-02-22T18:00:00Z,2026-02-23T15:00:00+05:00
forecast-36ddb8eb017271912454dd36,turbine_1,2026-02-22T18:00:00Z,2026-02-23T11:00:00Z,17,17,ml-483c8ee3abe0fe0e00412708,gfs-76d5ade05227a9a22ad82637,verified_object_version,0.7654948097794112,forecast-36ddb8eb017271912454dd36,2026-02-22T18:00:00Z,2026-02-23T16:00:00+05:00
forecast-36ddb8eb017271912454dd36,turbine_1,2026-02-22T18:00:00Z,2026-02-23T12:00:00Z,18,18,ml-483c8ee3abe0fe0e00412708,gfs-76d5ade05227a9a22ad82637,verified_object_version,0.7495347698953545,forecast-36ddb8eb017271912454dd36,2026-02-22T18:00:00Z,2026-02-23T17:00:00+05:00
forecast-36ddb8eb017271912454dd36,turbine_1,2026-02-22T18:00:00Z,2026-02-23T13:00:00Z,19,19,ml-483c8ee3abe0fe0e00412708,gfs-76d5ade05227a9a22ad82637,verified_object_version,0.6773934403372432,forecast-36ddb8eb017271912454dd36,2026-02-22T18:00:00Z,2026-02-23T18:00:00+05:00
forecast-36ddb8eb017271912454dd36,turbine_1,2026-02-22T18:00:00Z,2026-02-23T14:00:00Z,20,20,ml-483c8ee3abe0fe0e00412708,gfs-76d5ade05227a9a22ad82637,verified_object_version,0.5706979381257842,forecast-36ddb8eb017271912454dd36,2026-02-22T18:00:00Z,2026-02-23T19:00:00+05:00
forecast-36ddb8eb017271912454dd36,turbine_1,2026-02-22T18:00:00Z,2026-02-23T15:00:00Z,21,21,ml-483c8ee3abe0fe0e00412708,gfs-76d5ade05227a9a22ad82637,verified_object_version,0.5782866185718566,forecast-36ddb8eb017271912454dd36,2026-02-22T18:00:00Z,2026-02-23T20:00:00+05:00
forecast-36ddb8eb017271912454dd36,turbine_1,2026-02-22T18:00:00Z,2026-02-23T16:00:00Z,22,22,ml-483c8ee3abe0fe0e00412708,gfs-76d5ade05227a9a22ad82637,verified_object_version,0.557577913092727,forecast-36ddb8eb017271912454dd36,2026-02-22T18:00:00Z,2026-02-23T21:00:00+05:00
forecast-36ddb8eb017271912454dd36,turbine_1,2026-02-22T18:00:00Z,2026-02-23T17:00:00Z,23,23,ml-483c8ee3abe0fe0e00412708,gfs-76d5ade05227a9a22ad82637,verified_object_version,0.7618079617912686,forecast-36ddb8eb017271912454dd36,2026-02-22T18:00:00Z,2026-02-23T22:00:00+05:00
forecast-36ddb8eb017271912454dd36,turbine_1,2026-02-22T18:00:00Z,2026-02-23T18:00:00Z,24,24,ml-483c8ee3abe0fe0e00412708,gfs-76d5ade05227a9a22ad82637,verified_object_version,0.791466538427413,forecast-36ddb8eb017271912454dd36,2026-02-22T18:00:00Z,2026-02-23T23:00:00+05:00
forecast-12177d5c59c021c433a8a3dd,turbine_1,2026-02-23T18:00:00Z,2026-02-23T19:00:00Z,1,1,ml-483c8ee3abe0fe0e00412708,gfs-5b7476387736a8c5b258e846,verified_object_version,0.8175920506231712,forecast-12177d5c59c021c433a8a3dd,2026-02-23T18:00:00Z,2026-02-24T00:00:00+05:00
forecast-12177d5c59c021c433a8a3dd,turbine_1,2026-02-23T18:00:00Z,2026-02-23T20:00:00Z,2,2,ml-483c8ee3abe0fe0e00412708,gfs-5b7476387736a8c5b258e846,verified_object_version,0.771711660714297,forecast-12177d5c59c021c433a8a3dd,2026-02-23T18:00:00Z,2026-02-24T01:00:00+05:00
forecast-12177d5c59c021c433a8a3dd,turbine_1,2026-02-23T18:00:00Z,2026-02-23T21:00:00Z,3,3,ml-483c8ee3abe0fe0e00412708,gfs-5b7476387736a8c5b258e846,verified_object_version,0.7732971898460839,forecast-12177d5c59c021c433a8a3dd,2026-02-23T18:00:00Z,2026-02-24T02:00:00+05:00
forecast-12177d5c59c021c433a8a3dd,turbine_1,2026-02-23T18:00:00Z,2026-02-23T22:00:00Z,4,4,ml-483c8ee3abe0fe0e00412708,gfs-5b7476387736a8c5b258e846,verified_object_version,0.7985728859975473,forecast-12177d5c59c021c433a8a3dd,2026-02-23T18:00:00Z,2026-02-24T03:00:00+05:00
forecast-12177d5c59c021c433a8a3dd,turbine_1,2026-02-23T18:00:00Z,2026-02-23T23:00:00Z,5,5,ml-483c8ee3abe0fe0e00412708,gfs-5b7476387736a8c5b258e846,verified_object_version,0.830006024426204,forecast-12177d5c59c021c433a8a3dd,2026-02-23T18:00:00Z,2026-02-24T04:00:00+05:00
forecast-12177d5c59c021c433a8a3dd,turbine_1,2026-02-23T18:00:00Z,2026-02-24T00:00:00Z,6,6,ml-483c8ee3abe0fe0e00412708,gfs-5b7476387736a8c5b258e846,verified_object_version,0.8092846155936898,forecast-12177d5c59c021c433a8a3dd,2026-02-23T18:00:00Z,2026-02-24T05:00:00+05:00
forecast-12177d5c59c021c433a8a3dd,turbine_1,2026-02-23T18:00:00Z,2026-02-24T01:00:00Z,7,7,ml-483c8ee3abe0fe0e00412708,gfs-5b7476387736a8c5b258e846,verified_object_version,0.7873112586384019,forecast-12177d5c59c021c433a8a3dd,2026-02-23T18:00:00Z,2026-02-24T06:00:00+05:00
forecast-12177d5c59c021c433a8a3dd,turbine_1,2026-02-23T18:00:00Z,2026-02-24T02:00:00Z,8,8,ml-483c8ee3abe0fe0e00412708,gfs-5b7476387736a8c5b258e846,verified_object_version,0.7382370929856277,forecast-12177d5c59c021c433a8a3dd,2026-02-23T18:00:00Z,2026-02-24T07:00:00+05:00
forecast-12177d5c59c021c433a8a3dd,turbine_1,2026-02-23T18:00:00Z,2026-02-24T03:00:00Z,9,9,ml-483c8ee3abe0fe0e00412708,gfs-5b7476387736a8c5b258e846,verified_object_version,0.628522585424514,forecast-12177d5c59c021c433a8a3dd,2026-02-23T18:00:00Z,2026-02-24T08:00:00+05:00
forecast-12177d5c59c021c433a8a3dd,turbine_1,2026-02-23T18:00:00Z,2026-02-24T04:00:00Z,10,10,ml-483c8ee3abe0fe0e00412708,gfs-5b7476387736a8c5b258e846,verified_object_version,0.5780533444374205,forecast-12177d5c59c021c433a8a3dd,2026-02-23T18:00:00Z,2026-02-24T09:00:00+05:00
forecast-12177d5c59c021c433a8a3dd,turbine_1,2026-02-23T18:00:00Z,2026-02-24T05:00:00Z,11,11,ml-483c8ee3abe0fe0e00412708,gfs-5b7476387736a8c5b258e846,verified_object_version,0.5618748841884381,forecast-12177d5c59c021c433a8a3dd,2026-02-23T18:00:00Z,2026-02-24T10:00:00+05:00
forecast-12177d5c59c021c433a8a3dd,turbine_1,2026-02-23T18:00:00Z,2026-02-24T06:00:00Z,12,12,ml-483c8ee3abe0fe0e00412708,gfs-5b7476387736a8c5b258e846,verified_object_version,0.5213407678620299,forecast-12177d5c59c021c433a8a3dd,2026-02-23T18:00:00Z,2026-02-24T11:00:00+05:00
forecast-12177d5c59c021c433a8a3dd,turbine_1,2026-02-23T18:00:00Z,2026-02-24T07:00:00Z,13,13,ml-483c8ee3abe0fe0e00412708,gfs-5b7476387736a8c5b258e846,verified_object_version,0.5678248968706303,forecast-12177d5c59c021c433a8a3dd,2026-02-23T18:00:00Z,2026-02-24T12:00:00+05:00
forecast-12177d5c59c021c433a8a3dd,turbine_1,2026-02-23T18:00:00Z,2026-02-24T08:00:00Z,14,14,ml-483c8ee3abe0fe0e00412708,gfs-5b7476387736a8c5b258e846,verified_object_version,0.48412883677309737,forecast-12177d5c59c021c433a8a3dd,2026-02-23T18:00:00Z,2026-02-24T13:00:00+05:00
forecast-12177d5c59c021c433a8a3dd,turbine_1,2026-02-23T18:00:00Z,2026-02-24T09:00:00Z,15,15,ml-483c8ee3abe0fe0e00412708,gfs-5b7476387736a8c5b258e846,verified_object_version,0.5402496329817703,forecast-12177d5c59c021c433a8a3dd,2026-02-23T18:00:00Z,2026-02-24T14:00:00+05:00
forecast-12177d5c59c021c433a8a3dd,turbine_1,2026-02-23T18:00:00Z,2026-02-24T10:00:00Z,16,16,ml-483c8ee3abe0fe0e00412708,gfs-5b7476387736a8c5b258e846,verified_object_version,0.5410926345471897,forecast-12177d5c59c021c433a8a3dd,2026-02-23T18:00:00Z,2026-02-24T15:00:00+05:00
forecast-12177d5c59c021c433a8a3dd,turbine_1,2026-02-23T18:00:00Z,2026-02-24T11:00:00Z,17,17,ml-483c8ee3abe0fe0e00412708,gfs-5b7476387736a8c5b258e846,verified_object_version,0.6080995534430496,forecast-12177d5c59c021c433a8a3dd,2026-02-23T18:00:00Z,2026-02-24T16:00:00+05:00
forecast-12177d5c59c021c433a8a3dd,turbine_1,2026-02-23T18:00:00Z,2026-02-24T12:00:00Z,18,18,ml-483c8ee3abe0fe0e00412708,gfs-5b7476387736a8c5b258e846,verified_object_version,0.5566496551519509,forecast-12177d5c59c021c433a8a3dd,2026-02-23T18:00:00Z,2026-02-24T17:00:00+05:00
forecast-12177d5c59c021c433a8a3dd,turbine_1,2026-02-23T18:00:00Z,2026-02-24T13:00:00Z,19,19,ml-483c8ee3abe0fe0e00412708,gfs-5b7476387736a8c5b258e846,verified_object_version,0.5104965130806682,forecast-12177d5c59c021c433a8a3dd,2026-02-23T18:00:00Z,2026-02-24T18:00:00+05:00
forecast-12177d5c59c021c433a8a3dd,turbine_1,2026-02-23T18:00:00Z,2026-02-24T14:00:00Z,20,20,ml-483c8ee3abe0fe0e00412708,gfs-5b7476387736a8c5b258e846,verified_object_version,0.4954173201059259,forecast-12177d5c59c021c433a8a3dd,2026-02-23T18:00:00Z,2026-02-24T19:00:00+05:00
forecast-12177d5c59c021c433a8a3dd,turbine_1,2026-02-23T18:00:00Z,2026-02-24T15:00:00Z,21,21,ml-483c8ee3abe0fe0e00412708,gfs-5b7476387736a8c5b258e846,verified_object_version,0.27339915479946725,forecast-12177d5c59c021c433a8a3dd,2026-02-23T18:00:00Z,2026-02-24T20:00:00+05:00
forecast-12177d5c59c021c433a8a3dd,turbine_1,2026-02-23T18:00:00Z,2026-02-24T16:00:00Z,22,22,ml-483c8ee3abe0fe0e00412708,gfs-5b7476387736a8c5b258e846,verified_object_version,0.21596043036722112,forecast-12177d5c59c021c433a8a3dd,2026-02-23T18:00:00Z,2026-02-24T21:00:00+05:00
forecast-12177d5c59c021c433a8a3dd,turbine_1,2026-02-23T18:00:00Z,2026-02-24T17:00:00Z,23,23,ml-483c8ee3abe0fe0e00412708,gfs-5b7476387736a8c5b258e846,verified_object_version,0.13541658990178662,forecast-12177d5c59c021c433a8a3dd,2026-02-23T18:00:00Z,2026-02-24T22:00:00+05:00
forecast-12177d5c59c021c433a8a3dd,turbine_1,2026-02-23T18:00:00Z,2026-02-24T18:00:00Z,24,24,ml-483c8ee3abe0fe0e00412708,gfs-5b7476387736a8c5b258e846,verified_object_version,0.06659073178811528,forecast-12177d5c59c021c433a8a3dd,2026-02-23T18:00:00Z,2026-02-24T23:00:00+05:00
forecast-7db8ad242629bc353fa23b74,turbine_1,2026-02-24T18:00:00Z,2026-02-24T19:00:00Z,1,1,ml-483c8ee3abe0fe0e00412708,gfs-fd211ad326fb12988bc8a3f4,verified_object_version,0.026452486383796603,forecast-7db8ad242629bc353fa23b74,2026-02-24T18:00:00Z,2026-02-25T00:00:00+05:00
forecast-7db8ad242629bc353fa23b74,turbine_1,2026-02-24T18:00:00Z,2026-02-24T20:00:00Z,2,2,ml-483c8ee3abe0fe0e00412708,gfs-fd211ad326fb12988bc8a3f4,verified_object_version,0.027146935430526875,forecast-7db8ad242629bc353fa23b74,2026-02-24T18:00:00Z,2026-02-25T01:00:00+05:00
forecast-7db8ad242629bc353fa23b74,turbine_1,2026-02-24T18:00:00Z,2026-02-24T21:00:00Z,3,3,ml-483c8ee3abe0fe0e00412708,gfs-fd211ad326fb12988bc8a3f4,verified_object_version,0.022201846049691304,forecast-7db8ad242629bc353fa23b74,2026-02-24T18:00:00Z,2026-02-25T02:00:00+05:00
forecast-7db8ad242629bc353fa23b74,turbine_1,2026-02-24T18:00:00Z,2026-02-24T22:00:00Z,4,4,ml-483c8ee3abe0fe0e00412708,gfs-fd211ad326fb12988bc8a3f4,verified_object_version,0.014212164370997371,forecast-7db8ad242629bc353fa23b74,2026-02-24T18:00:00Z,2026-02-25T03:00:00+05:00
forecast-7db8ad242629bc353fa23b74,turbine_1,2026-02-24T18:00:00Z,2026-02-24T23:00:00Z,5,5,ml-483c8ee3abe0fe0e00412708,gfs-fd211ad326fb12988bc8a3f4,verified_object_version,0.014462455852732148,forecast-7db8ad242629bc353fa23b74,2026-02-24T18:00:00Z,2026-02-25T04:00:00+05:00
forecast-7db8ad242629bc353fa23b74,turbine_1,2026-02-24T18:00:00Z,2026-02-25T00:00:00Z,6,6,ml-483c8ee3abe0fe0e00412708,gfs-fd211ad326fb12988bc8a3f4,verified_object_version,0.013988952480320338,forecast-7db8ad242629bc353fa23b74,2026-02-24T18:00:00Z,2026-02-25T05:00:00+05:00
forecast-7db8ad242629bc353fa23b74,turbine_1,2026-02-24T18:00:00Z,2026-02-25T01:00:00Z,7,7,ml-483c8ee3abe0fe0e00412708,gfs-fd211ad326fb12988bc8a3f4,verified_object_version,0.017534358666495026,forecast-7db8ad242629bc353fa23b74,2026-02-24T18:00:00Z,2026-02-25T06:00:00+05:00
forecast-7db8ad242629bc353fa23b74,turbine_1,2026-02-24T18:00:00Z,2026-02-25T02:00:00Z,8,8,ml-483c8ee3abe0fe0e00412708,gfs-fd211ad326fb12988bc8a3f4,verified_object_version,0.024515222379869195,forecast-7db8ad242629bc353fa23b74,2026-02-24T18:00:00Z,2026-02-25T07:00:00+05:00
forecast-7db8ad242629bc353fa23b74,turbine_1,2026-02-24T18:00:00Z,2026-02-25T03:00:00Z,9,9,ml-483c8ee3abe0fe0e00412708,gfs-fd211ad326fb12988bc8a3f4,verified_object_version,0.034012745440111736,forecast-7db8ad242629bc353fa23b74,2026-02-24T18:00:00Z,2026-02-25T08:00:00+05:00
forecast-7db8ad242629bc353fa23b74,turbine_1,2026-02-24T18:00:00Z,2026-02-25T04:00:00Z,10,10,ml-483c8ee3abe0fe0e00412708,gfs-fd211ad326fb12988bc8a3f4,verified_object_version,0.03677207923264819,forecast-7db8ad242629bc353fa23b74,2026-02-24T18:00:00Z,2026-02-25T09:00:00+05:00
forecast-7db8ad242629bc353fa23b74,turbine_1,2026-02-24T18:00:00Z,2026-02-25T05:00:00Z,11,11,ml-483c8ee3abe0fe0e00412708,gfs-fd211ad326fb12988bc8a3f4,verified_object_version,0.05480080600662371,forecast-7db8ad242629bc353fa23b74,2026-02-24T18:00:00Z,2026-02-25T10:00:00+05:00
forecast-7db8ad242629bc353fa23b74,turbine_1,2026-02-24T18:00:00Z,2026-02-25T06:00:00Z,12,12,ml-483c8ee3abe0fe0e00412708,gfs-fd211ad326fb12988bc8a3f4,verified_object_version,0.05353413794639578,forecast-7db8ad242629bc353fa23b74,2026-02-24T18:00:00Z,2026-02-25T11:00:00+05:00
forecast-7db8ad242629bc353fa23b74,turbine_1,2026-02-24T18:00:00Z,2026-02-25T07:00:00Z,13,13,ml-483c8ee3abe0fe0e00412708,gfs-fd211ad326fb12988bc8a3f4,verified_object_version,0.07160109648378743,forecast-7db8ad242629bc353fa23b74,2026-02-24T18:00:00Z,2026-02-25T12:00:00+05:00
forecast-7db8ad242629bc353fa23b74,turbine_1,2026-02-24T18:00:00Z,2026-02-25T08:00:00Z,14,14,ml-483c8ee3abe0fe0e00412708,gfs-fd211ad326fb12988bc8a3f4,verified_object_version,0.1757872468109975,forecast-7db8ad242629bc353fa23b74,2026-02-24T18:00:00Z,2026-02-25T13:00:00+05:00
forecast-7db8ad242629bc353fa23b74,turbine_1,2026-02-24T18:00:00Z,2026-02-25T09:00:00Z,15,15,ml-483c8ee3abe0fe0e00412708,gfs-fd211ad326fb12988bc8a3f4,verified_object_version,0.1956329270911492,forecast-7db8ad242629bc353fa23b74,2026-02-24T18:00:00Z,2026-02-25T14:00:00+05:00
forecast-7db8ad242629bc353fa23b74,turbine_1,2026-02-24T18:00:00Z,2026-02-25T10:00:00Z,16,16,ml-483c8ee3abe0fe0e00412708,gfs-fd211ad326fb12988bc8a3f4,verified_object_version,0.34903898014343004,forecast-7db8ad242629bc353fa23b74,2026-02-24T18:00:00Z,2026-02-25T15:00:00+05:00
forecast-7db8ad242629bc353fa23b74,turbine_1,2026-02-24T18:00:00Z,2026-02-25T11:00:00Z,17,17,ml-483c8ee3abe0fe0e00412708,gfs-fd211ad326fb12988bc8a3f4,verified_object_version,0.40404827394891074,forecast-7db8ad242629bc353fa23b74,2026-02-24T18:00:00Z,2026-02-25T16:00:00+05:00
forecast-7db8ad242629bc353fa23b74,turbine_1,2026-02-24T18:00:00Z,2026-02-25T12:00:00Z,18,18,ml-483c8ee3abe0fe0e00412708,gfs-fd211ad326fb12988bc8a3f4,verified_object_version,0.508619323852092,forecast-7db8ad242629bc353fa23b74,2026-02-24T18:00:00Z,2026-02-25T17:00:00+05:00
forecast-7db8ad242629bc353fa23b74,turbine_1,2026-02-24T18:00:00Z,2026-02-25T13:00:00Z,19,19,ml-483c8ee3abe0fe0e00412708,gfs-fd211ad326fb12988bc8a3f4,verified_object_version,0.4809485275909391,forecast-7db8ad242629bc353fa23b74,2026-02-24T18:00:00Z,2026-02-25T18:00:00+05:00
forecast-7db8ad242629bc353fa23b74,turbine_1,2026-02-24T18:00:00Z,2026-02-25T14:00:00Z,20,20,ml-483c8ee3abe0fe0e00412708,gfs-fd211ad326fb12988bc8a3f4,verified_object_version,0.4866565922980087,forecast-7db8ad242629bc353fa23b74,2026-02-24T18:00:00Z,2026-02-25T19:00:00+05:00
forecast-7db8ad242629bc353fa23b74,turbine_1,2026-02-24T18:00:00Z,2026-02-25T15:00:00Z,21,21,ml-483c8ee3abe0fe0e00412708,gfs-fd211ad326fb12988bc8a3f4,verified_object_version,0.7296364989372586,forecast-7db8ad242629bc353fa23b74,2026-02-24T18:00:00Z,2026-02-25T20:00:00+05:00
forecast-7db8ad242629bc353fa23b74,turbine_1,2026-02-24T18:00:00Z,2026-02-25T16:00:00Z,22,22,ml-483c8ee3abe0fe0e00412708,gfs-fd211ad326fb12988bc8a3f4,verified_object_version,0.6941323750026531,forecast-7db8ad242629bc353fa23b74,2026-02-24T18:00:00Z,2026-02-25T21:00:00+05:00
forecast-7db8ad242629bc353fa23b74,turbine_1,2026-02-24T18:00:00Z,2026-02-25T17:00:00Z,23,23,ml-483c8ee3abe0fe0e00412708,gfs-fd211ad326fb12988bc8a3f4,verified_object_version,0.7736805070825579,forecast-7db8ad242629bc353fa23b74,2026-02-24T18:00:00Z,2026-02-25T22:00:00+05:00
forecast-7db8ad242629bc353fa23b74,turbine_1,2026-02-24T18:00:00Z,2026-02-25T18:00:00Z,24,24,ml-483c8ee3abe0fe0e00412708,gfs-fd211ad326fb12988bc8a3f4,verified_object_version,0.9278085804571115,forecast-7db8ad242629bc353fa23b74,2026-02-24T18:00:00Z,2026-02-25T23:00:00+05:00
forecast-92eecd006d6f64618a81930e,turbine_1,2026-02-25T18:00:00Z,2026-02-25T19:00:00Z,1,1,ml-483c8ee3abe0fe0e00412708,gfs-39602cd3b769f18671c00572,verified_object_version,0.9549011873361665,forecast-92eecd006d6f64618a81930e,2026-02-25T18:00:00Z,2026-02-26T00:00:00+05:00
forecast-92eecd006d6f64618a81930e,turbine_1,2026-02-25T18:00:00Z,2026-02-25T20:00:00Z,2,2,ml-483c8ee3abe0fe0e00412708,gfs-39602cd3b769f18671c00572,verified_object_version,0.9867844777672871,forecast-92eecd006d6f64618a81930e,2026-02-25T18:00:00Z,2026-02-26T01:00:00+05:00
forecast-92eecd006d6f64618a81930e,turbine_1,2026-02-25T18:00:00Z,2026-02-25T21:00:00Z,3,3,ml-483c8ee3abe0fe0e00412708,gfs-39602cd3b769f18671c00572,verified_object_version,0.9538077140227946,forecast-92eecd006d6f64618a81930e,2026-02-25T18:00:00Z,2026-02-26T02:00:00+05:00
forecast-92eecd006d6f64618a81930e,turbine_1,2026-02-25T18:00:00Z,2026-02-25T22:00:00Z,4,4,ml-483c8ee3abe0fe0e00412708,gfs-39602cd3b769f18671c00572,verified_object_version,0.8869416928899001,forecast-92eecd006d6f64618a81930e,2026-02-25T18:00:00Z,2026-02-26T03:00:00+05:00
forecast-92eecd006d6f64618a81930e,turbine_1,2026-02-25T18:00:00Z,2026-02-25T23:00:00Z,5,5,ml-483c8ee3abe0fe0e00412708,gfs-39602cd3b769f18671c00572,verified_object_version,0.7069504662769753,forecast-92eecd006d6f64618a81930e,2026-02-25T18:00:00Z,2026-02-26T04:00:00+05:00
forecast-92eecd006d6f64618a81930e,turbine_1,2026-02-25T18:00:00Z,2026-02-26T00:00:00Z,6,6,ml-483c8ee3abe0fe0e00412708,gfs-39602cd3b769f18671c00572,verified_object_version,0.6979073430115358,forecast-92eecd006d6f64618a81930e,2026-02-25T18:00:00Z,2026-02-26T05:00:00+05:00
forecast-92eecd006d6f64618a81930e,turbine_1,2026-02-25T18:00:00Z,2026-02-26T01:00:00Z,7,7,ml-483c8ee3abe0fe0e00412708,gfs-39602cd3b769f18671c00572,verified_object_version,0.5010832077476792,forecast-92eecd006d6f64618a81930e,2026-02-25T18:00:00Z,2026-02-26T06:00:00+05:00
forecast-92eecd006d6f64618a81930e,turbine_1,2026-02-25T18:00:00Z,2026-02-26T02:00:00Z,8,8,ml-483c8ee3abe0fe0e00412708,gfs-39602cd3b769f18671c00572,verified_object_version,0.29587179116032214,forecast-92eecd006d6f64618a81930e,2026-02-25T18:00:00Z,2026-02-26T07:00:00+05:00
forecast-92eecd006d6f64618a81930e,turbine_1,2026-02-25T18:00:00Z,2026-02-26T03:00:00Z,9,9,ml-483c8ee3abe0fe0e00412708,gfs-39602cd3b769f18671c00572,verified_object_version,0.12105497756955441,forecast-92eecd006d6f64618a81930e,2026-02-25T18:00:00Z,2026-02-26T08:00:00+05:00
forecast-92eecd006d6f64618a81930e,turbine_1,2026-02-25T18:00:00Z,2026-02-26T04:00:00Z,10,10,ml-483c8ee3abe0fe0e00412708,gfs-39602cd3b769f18671c00572,verified_object_version,0.07176866744992458,forecast-92eecd006d6f64618a81930e,2026-02-25T18:00:00Z,2026-02-26T09:00:00+05:00
forecast-92eecd006d6f64618a81930e,turbine_1,2026-02-25T18:00:00Z,2026-02-26T05:00:00Z,11,11,ml-483c8ee3abe0fe0e00412708,gfs-39602cd3b769f18671c00572,verified_object_version,0.04082123418787731,forecast-92eecd006d6f64618a81930e,2026-02-25T18:00:00Z,2026-02-26T10:00:00+05:00
forecast-92eecd006d6f64618a81930e,turbine_1,2026-02-25T18:00:00Z,2026-02-26T06:00:00Z,12,12,ml-483c8ee3abe0fe0e00412708,gfs-39602cd3b769f18671c00572,verified_object_version,0.018286913620191497,forecast-92eecd006d6f64618a81930e,2026-02-25T18:00:00Z,2026-02-26T11:00:00+05:00
forecast-92eecd006d6f64618a81930e,turbine_1,2026-02-25T18:00:00Z,2026-02-26T07:00:00Z,13,13,ml-483c8ee3abe0fe0e00412708,gfs-39602cd3b769f18671c00572,verified_object_version,0.21337103336790653,forecast-92eecd006d6f64618a81930e,2026-02-25T18:00:00Z,2026-02-26T12:00:00+05:00
forecast-92eecd006d6f64618a81930e,turbine_1,2026-02-25T18:00:00Z,2026-02-26T08:00:00Z,14,14,ml-483c8ee3abe0fe0e00412708,gfs-39602cd3b769f18671c00572,verified_object_version,0.4237052232781111,forecast-92eecd006d6f64618a81930e,2026-02-25T18:00:00Z,2026-02-26T13:00:00+05:00
forecast-92eecd006d6f64618a81930e,turbine_1,2026-02-25T18:00:00Z,2026-02-26T09:00:00Z,15,15,ml-483c8ee3abe0fe0e00412708,gfs-39602cd3b769f18671c00572,verified_object_version,0.6309790002506659,forecast-92eecd006d6f64618a81930e,2026-02-25T18:00:00Z,2026-02-26T14:00:00+05:00
forecast-92eecd006d6f64618a81930e,turbine_1,2026-02-25T18:00:00Z,2026-02-26T10:00:00Z,16,16,ml-483c8ee3abe0fe0e00412708,gfs-39602cd3b769f18671c00572,verified_object_version,0.445175658526824,forecast-92eecd006d6f64618a81930e,2026-02-25T18:00:00Z,2026-02-26T15:00:00+05:00
forecast-92eecd006d6f64618a81930e,turbine_1,2026-02-25T18:00:00Z,2026-02-26T11:00:00Z,17,17,ml-483c8ee3abe0fe0e00412708,gfs-39602cd3b769f18671c00572,verified_object_version,0.589764135081003,forecast-92eecd006d6f64618a81930e,2026-02-25T18:00:00Z,2026-02-26T16:00:00+05:00
forecast-92eecd006d6f64618a81930e,turbine_1,2026-02-25T18:00:00Z,2026-02-26T12:00:00Z,18,18,ml-483c8ee3abe0fe0e00412708,gfs-39602cd3b769f18671c00572,verified_object_version,0.48960244532901864,forecast-92eecd006d6f64618a81930e,2026-02-25T18:00:00Z,2026-02-26T17:00:00+05:00
forecast-92eecd006d6f64618a81930e,turbine_1,2026-02-25T18:00:00Z,2026-02-26T13:00:00Z,19,19,ml-483c8ee3abe0fe0e00412708,gfs-39602cd3b769f18671c00572,verified_object_version,0.5213971831753446,forecast-92eecd006d6f64618a81930e,2026-02-25T18:00:00Z,2026-02-26T18:00:00+05:00
forecast-92eecd006d6f64618a81930e,turbine_1,2026-02-25T18:00:00Z,2026-02-26T14:00:00Z,20,20,ml-483c8ee3abe0fe0e00412708,gfs-39602cd3b769f18671c00572,verified_object_version,0.5674895350040254,forecast-92eecd006d6f64618a81930e,2026-02-25T18:00:00Z,2026-02-26T19:00:00+05:00
forecast-92eecd006d6f64618a81930e,turbine_1,2026-02-25T18:00:00Z,2026-02-26T15:00:00Z,21,21,ml-483c8ee3abe0fe0e00412708,gfs-39602cd3b769f18671c00572,verified_object_version,0.5971474570077013,forecast-92eecd006d6f64618a81930e,2026-02-25T18:00:00Z,2026-02-26T20:00:00+05:00
forecast-92eecd006d6f64618a81930e,turbine_1,2026-02-25T18:00:00Z,2026-02-26T16:00:00Z,22,22,ml-483c8ee3abe0fe0e00412708,gfs-39602cd3b769f18671c00572,verified_object_version,0.7985654266585872,forecast-92eecd006d6f64618a81930e,2026-02-25T18:00:00Z,2026-02-26T21:00:00+05:00
forecast-92eecd006d6f64618a81930e,turbine_1,2026-02-25T18:00:00Z,2026-02-26T17:00:00Z,23,23,ml-483c8ee3abe0fe0e00412708,gfs-39602cd3b769f18671c00572,verified_object_version,0.8448705562805866,forecast-92eecd006d6f64618a81930e,2026-02-25T18:00:00Z,2026-02-26T22:00:00+05:00
forecast-92eecd006d6f64618a81930e,turbine_1,2026-02-25T18:00:00Z,2026-02-26T18:00:00Z,24,24,ml-483c8ee3abe0fe0e00412708,gfs-39602cd3b769f18671c00572,verified_object_version,0.7118035399150469,forecast-92eecd006d6f64618a81930e,2026-02-25T18:00:00Z,2026-02-26T23:00:00+05:00
forecast-89cb70450bbdbe56a8f8e0a3,turbine_1,2026-02-26T18:00:00Z,2026-02-26T19:00:00Z,1,1,ml-483c8ee3abe0fe0e00412708,gfs-5152a82906d72c56941fc12c,verified_object_version,0.858540737597927,forecast-89cb70450bbdbe56a8f8e0a3,2026-02-26T18:00:00Z,2026-02-27T00:00:00+05:00
forecast-89cb70450bbdbe56a8f8e0a3,turbine_1,2026-02-26T18:00:00Z,2026-02-26T20:00:00Z,2,2,ml-483c8ee3abe0fe0e00412708,gfs-5152a82906d72c56941fc12c,verified_object_version,0.7781788781573195,forecast-89cb70450bbdbe56a8f8e0a3,2026-02-26T18:00:00Z,2026-02-27T01:00:00+05:00
forecast-89cb70450bbdbe56a8f8e0a3,turbine_1,2026-02-26T18:00:00Z,2026-02-26T21:00:00Z,3,3,ml-483c8ee3abe0fe0e00412708,gfs-5152a82906d72c56941fc12c,verified_object_version,0.5912417868524047,forecast-89cb70450bbdbe56a8f8e0a3,2026-02-26T18:00:00Z,2026-02-27T02:00:00+05:00
forecast-89cb70450bbdbe56a8f8e0a3,turbine_1,2026-02-26T18:00:00Z,2026-02-26T22:00:00Z,4,4,ml-483c8ee3abe0fe0e00412708,gfs-5152a82906d72c56941fc12c,verified_object_version,0.6338337183119661,forecast-89cb70450bbdbe56a8f8e0a3,2026-02-26T18:00:00Z,2026-02-27T03:00:00+05:00
forecast-89cb70450bbdbe56a8f8e0a3,turbine_1,2026-02-26T18:00:00Z,2026-02-26T23:00:00Z,5,5,ml-483c8ee3abe0fe0e00412708,gfs-5152a82906d72c56941fc12c,verified_object_version,0.6090983039595718,forecast-89cb70450bbdbe56a8f8e0a3,2026-02-26T18:00:00Z,2026-02-27T04:00:00+05:00
forecast-89cb70450bbdbe56a8f8e0a3,turbine_1,2026-02-26T18:00:00Z,2026-02-27T00:00:00Z,6,6,ml-483c8ee3abe0fe0e00412708,gfs-5152a82906d72c56941fc12c,verified_object_version,0.5838420991643868,forecast-89cb70450bbdbe56a8f8e0a3,2026-02-26T18:00:00Z,2026-02-27T05:00:00+05:00
forecast-89cb70450bbdbe56a8f8e0a3,turbine_1,2026-02-26T18:00:00Z,2026-02-27T01:00:00Z,7,7,ml-483c8ee3abe0fe0e00412708,gfs-5152a82906d72c56941fc12c,verified_object_version,0.47623715857029547,forecast-89cb70450bbdbe56a8f8e0a3,2026-02-26T18:00:00Z,2026-02-27T06:00:00+05:00
forecast-89cb70450bbdbe56a8f8e0a3,turbine_1,2026-02-26T18:00:00Z,2026-02-27T02:00:00Z,8,8,ml-483c8ee3abe0fe0e00412708,gfs-5152a82906d72c56941fc12c,verified_object_version,0.16937605291262148,forecast-89cb70450bbdbe56a8f8e0a3,2026-02-26T18:00:00Z,2026-02-27T07:00:00+05:00
forecast-89cb70450bbdbe56a8f8e0a3,turbine_1,2026-02-26T18:00:00Z,2026-02-27T03:00:00Z,9,9,ml-483c8ee3abe0fe0e00412708,gfs-5152a82906d72c56941fc12c,verified_object_version,0.10444267597223367,forecast-89cb70450bbdbe56a8f8e0a3,2026-02-26T18:00:00Z,2026-02-27T08:00:00+05:00
forecast-89cb70450bbdbe56a8f8e0a3,turbine_1,2026-02-26T18:00:00Z,2026-02-27T04:00:00Z,10,10,ml-483c8ee3abe0fe0e00412708,gfs-5152a82906d72c56941fc12c,verified_object_version,0.13677520191454096,forecast-89cb70450bbdbe56a8f8e0a3,2026-02-26T18:00:00Z,2026-02-27T09:00:00+05:00
forecast-89cb70450bbdbe56a8f8e0a3,turbine_1,2026-02-26T18:00:00Z,2026-02-27T05:00:00Z,11,11,ml-483c8ee3abe0fe0e00412708,gfs-5152a82906d72c56941fc12c,verified_object_version,0.16845773110502213,forecast-89cb70450bbdbe56a8f8e0a3,2026-02-26T18:00:00Z,2026-02-27T10:00:00+05:00
forecast-89cb70450bbdbe56a8f8e0a3,turbine_1,2026-02-26T18:00:00Z,2026-02-27T06:00:00Z,12,12,ml-483c8ee3abe0fe0e00412708,gfs-5152a82906d72c56941fc12c,verified_object_version,0.2538141253560877,forecast-89cb70450bbdbe56a8f8e0a3,2026-02-26T18:00:00Z,2026-02-27T11:00:00+05:00
forecast-89cb70450bbdbe56a8f8e0a3,turbine_1,2026-02-26T18:00:00Z,2026-02-27T07:00:00Z,13,13,ml-483c8ee3abe0fe0e00412708,gfs-5152a82906d72c56941fc12c,verified_object_version,0.3911218458681682,forecast-89cb70450bbdbe56a8f8e0a3,2026-02-26T18:00:00Z,2026-02-27T12:00:00+05:00
forecast-89cb70450bbdbe56a8f8e0a3,turbine_1,2026-02-26T18:00:00Z,2026-02-27T08:00:00Z,14,14,ml-483c8ee3abe0fe0e00412708,gfs-5152a82906d72c56941fc12c,verified_object_version,0.6586280012058379,forecast-89cb70450bbdbe56a8f8e0a3,2026-02-26T18:00:00Z,2026-02-27T13:00:00+05:00
forecast-89cb70450bbdbe56a8f8e0a3,turbine_1,2026-02-26T18:00:00Z,2026-02-27T09:00:00Z,15,15,ml-483c8ee3abe0fe0e00412708,gfs-5152a82906d72c56941fc12c,verified_object_version,0.7305045649081057,forecast-89cb70450bbdbe56a8f8e0a3,2026-02-26T18:00:00Z,2026-02-27T14:00:00+05:00
forecast-89cb70450bbdbe56a8f8e0a3,turbine_1,2026-02-26T18:00:00Z,2026-02-27T10:00:00Z,16,16,ml-483c8ee3abe0fe0e00412708,gfs-5152a82906d72c56941fc12c,verified_object_version,0.7296356986051927,forecast-89cb70450bbdbe56a8f8e0a3,2026-02-26T18:00:00Z,2026-02-27T15:00:00+05:00
forecast-89cb70450bbdbe56a8f8e0a3,turbine_1,2026-02-26T18:00:00Z,2026-02-27T11:00:00Z,17,17,ml-483c8ee3abe0fe0e00412708,gfs-5152a82906d72c56941fc12c,verified_object_version,0.7222122635001585,forecast-89cb70450bbdbe56a8f8e0a3,2026-02-26T18:00:00Z,2026-02-27T16:00:00+05:00
forecast-89cb70450bbdbe56a8f8e0a3,turbine_1,2026-02-26T18:00:00Z,2026-02-27T12:00:00Z,18,18,ml-483c8ee3abe0fe0e00412708,gfs-5152a82906d72c56941fc12c,verified_object_version,0.8783267033564948,forecast-89cb70450bbdbe56a8f8e0a3,2026-02-26T18:00:00Z,2026-02-27T17:00:00+05:00
forecast-89cb70450bbdbe56a8f8e0a3,turbine_1,2026-02-26T18:00:00Z,2026-02-27T13:00:00Z,19,19,ml-483c8ee3abe0fe0e00412708,gfs-5152a82906d72c56941fc12c,verified_object_version,0.9382447825871398,forecast-89cb70450bbdbe56a8f8e0a3,2026-02-26T18:00:00Z,2026-02-27T18:00:00+05:00
forecast-89cb70450bbdbe56a8f8e0a3,turbine_1,2026-02-26T18:00:00Z,2026-02-27T14:00:00Z,20,20,ml-483c8ee3abe0fe0e00412708,gfs-5152a82906d72c56941fc12c,verified_object_version,0.9108524066282633,forecast-89cb70450bbdbe56a8f8e0a3,2026-02-26T18:00:00Z,2026-02-27T19:00:00+05:00
forecast-89cb70450bbdbe56a8f8e0a3,turbine_1,2026-02-26T18:00:00Z,2026-02-27T15:00:00Z,21,21,ml-483c8ee3abe0fe0e00412708,gfs-5152a82906d72c56941fc12c,verified_object_version,0.8077614133137884,forecast-89cb70450bbdbe56a8f8e0a3,2026-02-26T18:00:00Z,2026-02-27T20:00:00+05:00
forecast-89cb70450bbdbe56a8f8e0a3,turbine_1,2026-02-26T18:00:00Z,2026-02-27T16:00:00Z,22,22,ml-483c8ee3abe0fe0e00412708,gfs-5152a82906d72c56941fc12c,verified_object_version,0.8022018442856261,forecast-89cb70450bbdbe56a8f8e0a3,2026-02-26T18:00:00Z,2026-02-27T21:00:00+05:00
forecast-89cb70450bbdbe56a8f8e0a3,turbine_1,2026-02-26T18:00:00Z,2026-02-27T17:00:00Z,23,23,ml-483c8ee3abe0fe0e00412708,gfs-5152a82906d72c56941fc12c,verified_object_version,0.8520481410407953,forecast-89cb70450bbdbe56a8f8e0a3,2026-02-26T18:00:00Z,2026-02-27T22:00:00+05:00
forecast-89cb70450bbdbe56a8f8e0a3,turbine_1,2026-02-26T18:00:00Z,2026-02-27T18:00:00Z,24,24,ml-483c8ee3abe0fe0e00412708,gfs-5152a82906d72c56941fc12c,verified_object_version,0.8465042356478517,forecast-89cb70450bbdbe56a8f8e0a3,2026-02-26T18:00:00Z,2026-02-27T23:00:00+05:00
forecast-85bfa4236bb84b6150e97a59,turbine_1,2026-02-27T18:00:00Z,2026-02-27T19:00:00Z,1,1,ml-483c8ee3abe0fe0e00412708,gfs-ad9ce9efe2cbea4a368af143,verified_object_version,0.7865591927889077,forecast-85bfa4236bb84b6150e97a59,2026-02-27T18:00:00Z,2026-02-28T00:00:00+05:00
forecast-85bfa4236bb84b6150e97a59,turbine_1,2026-02-27T18:00:00Z,2026-02-27T20:00:00Z,2,2,ml-483c8ee3abe0fe0e00412708,gfs-ad9ce9efe2cbea4a368af143,verified_object_version,0.8082544034777704,forecast-85bfa4236bb84b6150e97a59,2026-02-27T18:00:00Z,2026-02-28T01:00:00+05:00
forecast-85bfa4236bb84b6150e97a59,turbine_1,2026-02-27T18:00:00Z,2026-02-27T21:00:00Z,3,3,ml-483c8ee3abe0fe0e00412708,gfs-ad9ce9efe2cbea4a368af143,verified_object_version,0.7567752318317875,forecast-85bfa4236bb84b6150e97a59,2026-02-27T18:00:00Z,2026-02-28T02:00:00+05:00
forecast-85bfa4236bb84b6150e97a59,turbine_1,2026-02-27T18:00:00Z,2026-02-27T22:00:00Z,4,4,ml-483c8ee3abe0fe0e00412708,gfs-ad9ce9efe2cbea4a368af143,verified_object_version,0.7142180264384214,forecast-85bfa4236bb84b6150e97a59,2026-02-27T18:00:00Z,2026-02-28T03:00:00+05:00
forecast-85bfa4236bb84b6150e97a59,turbine_1,2026-02-27T18:00:00Z,2026-02-27T23:00:00Z,5,5,ml-483c8ee3abe0fe0e00412708,gfs-ad9ce9efe2cbea4a368af143,verified_object_version,0.6740654676679801,forecast-85bfa4236bb84b6150e97a59,2026-02-27T18:00:00Z,2026-02-28T04:00:00+05:00
forecast-85bfa4236bb84b6150e97a59,turbine_1,2026-02-27T18:00:00Z,2026-02-28T00:00:00Z,6,6,ml-483c8ee3abe0fe0e00412708,gfs-ad9ce9efe2cbea4a368af143,verified_object_version,0.6641406281063638,forecast-85bfa4236bb84b6150e97a59,2026-02-27T18:00:00Z,2026-02-28T05:00:00+05:00
forecast-85bfa4236bb84b6150e97a59,turbine_1,2026-02-27T18:00:00Z,2026-02-28T01:00:00Z,7,7,ml-483c8ee3abe0fe0e00412708,gfs-ad9ce9efe2cbea4a368af143,verified_object_version,0.5194712158066426,forecast-85bfa4236bb84b6150e97a59,2026-02-27T18:00:00Z,2026-02-28T06:00:00+05:00
forecast-85bfa4236bb84b6150e97a59,turbine_1,2026-02-27T18:00:00Z,2026-02-28T02:00:00Z,8,8,ml-483c8ee3abe0fe0e00412708,gfs-ad9ce9efe2cbea4a368af143,verified_object_version,0.5984270956730622,forecast-85bfa4236bb84b6150e97a59,2026-02-27T18:00:00Z,2026-02-28T07:00:00+05:00
forecast-85bfa4236bb84b6150e97a59,turbine_1,2026-02-27T18:00:00Z,2026-02-28T03:00:00Z,9,9,ml-483c8ee3abe0fe0e00412708,gfs-ad9ce9efe2cbea4a368af143,verified_object_version,0.707092635384041,forecast-85bfa4236bb84b6150e97a59,2026-02-27T18:00:00Z,2026-02-28T08:00:00+05:00
forecast-85bfa4236bb84b6150e97a59,turbine_1,2026-02-27T18:00:00Z,2026-02-28T04:00:00Z,10,10,ml-483c8ee3abe0fe0e00412708,gfs-ad9ce9efe2cbea4a368af143,verified_object_version,0.6656216503499928,forecast-85bfa4236bb84b6150e97a59,2026-02-27T18:00:00Z,2026-02-28T09:00:00+05:00
forecast-85bfa4236bb84b6150e97a59,turbine_1,2026-02-27T18:00:00Z,2026-02-28T05:00:00Z,11,11,ml-483c8ee3abe0fe0e00412708,gfs-ad9ce9efe2cbea4a368af143,verified_object_version,0.6749155272630915,forecast-85bfa4236bb84b6150e97a59,2026-02-27T18:00:00Z,2026-02-28T10:00:00+05:00
forecast-85bfa4236bb84b6150e97a59,turbine_1,2026-02-27T18:00:00Z,2026-02-28T06:00:00Z,12,12,ml-483c8ee3abe0fe0e00412708,gfs-ad9ce9efe2cbea4a368af143,verified_object_version,0.6672391841575243,forecast-85bfa4236bb84b6150e97a59,2026-02-27T18:00:00Z,2026-02-28T11:00:00+05:00
forecast-85bfa4236bb84b6150e97a59,turbine_1,2026-02-27T18:00:00Z,2026-02-28T07:00:00Z,13,13,ml-483c8ee3abe0fe0e00412708,gfs-ad9ce9efe2cbea4a368af143,verified_object_version,0.6804758504995692,forecast-85bfa4236bb84b6150e97a59,2026-02-27T18:00:00Z,2026-02-28T12:00:00+05:00
forecast-85bfa4236bb84b6150e97a59,turbine_1,2026-02-27T18:00:00Z,2026-02-28T08:00:00Z,14,14,ml-483c8ee3abe0fe0e00412708,gfs-ad9ce9efe2cbea4a368af143,verified_object_version,0.6804518200251964,forecast-85bfa4236bb84b6150e97a59,2026-02-27T18:00:00Z,2026-02-28T13:00:00+05:00
forecast-85bfa4236bb84b6150e97a59,turbine_1,2026-02-27T18:00:00Z,2026-02-28T09:00:00Z,15,15,ml-483c8ee3abe0fe0e00412708,gfs-ad9ce9efe2cbea4a368af143,verified_object_version,0.6837779047258119,forecast-85bfa4236bb84b6150e97a59,2026-02-27T18:00:00Z,2026-02-28T14:00:00+05:00
forecast-85bfa4236bb84b6150e97a59,turbine_1,2026-02-27T18:00:00Z,2026-02-28T10:00:00Z,16,16,ml-483c8ee3abe0fe0e00412708,gfs-ad9ce9efe2cbea4a368af143,verified_object_version,0.6790108442817988,forecast-85bfa4236bb84b6150e97a59,2026-02-27T18:00:00Z,2026-02-28T15:00:00+05:00
forecast-85bfa4236bb84b6150e97a59,turbine_1,2026-02-27T18:00:00Z,2026-02-28T11:00:00Z,17,17,ml-483c8ee3abe0fe0e00412708,gfs-ad9ce9efe2cbea4a368af143,verified_object_version,0.7137541585469724,forecast-85bfa4236bb84b6150e97a59,2026-02-27T18:00:00Z,2026-02-28T16:00:00+05:00
forecast-85bfa4236bb84b6150e97a59,turbine_1,2026-02-27T18:00:00Z,2026-02-28T12:00:00Z,18,18,ml-483c8ee3abe0fe0e00412708,gfs-ad9ce9efe2cbea4a368af143,verified_object_version,0.7234217545612999,forecast-85bfa4236bb84b6150e97a59,2026-02-27T18:00:00Z,2026-02-28T17:00:00+05:00
forecast-85bfa4236bb84b6150e97a59,turbine_1,2026-02-27T18:00:00Z,2026-02-28T13:00:00Z,19,19,ml-483c8ee3abe0fe0e00412708,gfs-ad9ce9efe2cbea4a368af143,verified_object_version,0.6517641128028355,forecast-85bfa4236bb84b6150e97a59,2026-02-27T18:00:00Z,2026-02-28T18:00:00+05:00
forecast-85bfa4236bb84b6150e97a59,turbine_1,2026-02-27T18:00:00Z,2026-02-28T14:00:00Z,20,20,ml-483c8ee3abe0fe0e00412708,gfs-ad9ce9efe2cbea4a368af143,verified_object_version,0.6701339301584059,forecast-85bfa4236bb84b6150e97a59,2026-02-27T18:00:00Z,2026-02-28T19:00:00+05:00
forecast-85bfa4236bb84b6150e97a59,turbine_1,2026-02-27T18:00:00Z,2026-02-28T15:00:00Z,21,21,ml-483c8ee3abe0fe0e00412708,gfs-ad9ce9efe2cbea4a368af143,verified_object_version,0.6153889547781144,forecast-85bfa4236bb84b6150e97a59,2026-02-27T18:00:00Z,2026-02-28T20:00:00+05:00
forecast-85bfa4236bb84b6150e97a59,turbine_1,2026-02-27T18:00:00Z,2026-02-28T16:00:00Z,22,22,ml-483c8ee3abe0fe0e00412708,gfs-ad9ce9efe2cbea4a368af143,verified_object_version,0.5637318837772056,forecast-85bfa4236bb84b6150e97a59,2026-02-27T18:00:00Z,2026-02-28T21:00:00+05:00
forecast-85bfa4236bb84b6150e97a59,turbine_1,2026-02-27T18:00:00Z,2026-02-28T17:00:00Z,23,23,ml-483c8ee3abe0fe0e00412708,gfs-ad9ce9efe2cbea4a368af143,verified_object_version,0.43817090049843965,forecast-85bfa4236bb84b6150e97a59,2026-02-27T18:00:00Z,2026-02-28T22:00:00+05:00
forecast-85bfa4236bb84b6150e97a59,turbine_1,2026-02-27T18:00:00Z,2026-02-28T18:00:00Z,24,24,ml-483c8ee3abe0fe0e00412708,gfs-ad9ce9efe2cbea4a368af143,verified_object_version,0.4311262615255107,forecast-85bfa4236bb84b6150e97a59,2026-02-27T18:00:00Z,2026-02-28T23:00:00+05:00
forecast-5d1b519213bd817d80087b52,turbine_2,2026-01-31T18:00:00Z,2026-01-31T19:00:00Z,1,1,ml-fbef3053c41202da61a895a2,gfs-8e9ba8aecc67611f65bf768c,verified_object_version,0.02327278065440408,forecast-5d1b519213bd817d80087b52,2026-01-31T18:00:00Z,2026-02-01T00:00:00+05:00
forecast-5d1b519213bd817d80087b52,turbine_2,2026-01-31T18:00:00Z,2026-01-31T20:00:00Z,2,2,ml-fbef3053c41202da61a895a2,gfs-8e9ba8aecc67611f65bf768c,verified_object_version,0.015203010257375804,forecast-5d1b519213bd817d80087b52,2026-01-31T18:00:00Z,2026-02-01T01:00:00+05:00
forecast-5d1b519213bd817d80087b52,turbine_2,2026-01-31T18:00:00Z,2026-01-31T21:00:00Z,3,3,ml-fbef3053c41202da61a895a2,gfs-8e9ba8aecc67611f65bf768c,verified_object_version,0.021264460832838478,forecast-5d1b519213bd817d80087b52,2026-01-31T18:00:00Z,2026-02-01T02:00:00+05:00
forecast-5d1b519213bd817d80087b52,turbine_2,2026-01-31T18:00:00Z,2026-01-31T22:00:00Z,4,4,ml-fbef3053c41202da61a895a2,gfs-8e9ba8aecc67611f65bf768c,verified_object_version,0.028574937482579332,forecast-5d1b519213bd817d80087b52,2026-01-31T18:00:00Z,2026-02-01T03:00:00+05:00
forecast-5d1b519213bd817d80087b52,turbine_2,2026-01-31T18:00:00Z,2026-01-31T23:00:00Z,5,5,ml-fbef3053c41202da61a895a2,gfs-8e9ba8aecc67611f65bf768c,verified_object_version,0.1679445028520596,forecast-5d1b519213bd817d80087b52,2026-01-31T18:00:00Z,2026-02-01T04:00:00+05:00
forecast-5d1b519213bd817d80087b52,turbine_2,2026-01-31T18:00:00Z,2026-02-01T00:00:00Z,6,6,ml-fbef3053c41202da61a895a2,gfs-8e9ba8aecc67611f65bf768c,verified_object_version,0.3321833406114712,forecast-5d1b519213bd817d80087b52,2026-01-31T18:00:00Z,2026-02-01T05:00:00+05:00
forecast-5d1b519213bd817d80087b52,turbine_2,2026-01-31T18:00:00Z,2026-02-01T01:00:00Z,7,7,ml-fbef3053c41202da61a895a2,gfs-8e9ba8aecc67611f65bf768c,verified_object_version,0.34047029343770335,forecast-5d1b519213bd817d80087b52,2026-01-31T18:00:00Z,2026-02-01T06:00:00+05:00
forecast-5d1b519213bd817d80087b52,turbine_2,2026-01-31T18:00:00Z,2026-02-01T02:00:00Z,8,8,ml-fbef3053c41202da61a895a2,gfs-8e9ba8aecc67611f65bf768c,verified_object_version,0.2786966149103698,forecast-5d1b519213bd817d80087b52,2026-01-31T18:00:00Z,2026-02-01T07:00:00+05:00
forecast-5d1b519213bd817d80087b52,turbine_2,2026-01-31T18:00:00Z,2026-02-01T03:00:00Z,9,9,ml-fbef3053c41202da61a895a2,gfs-8e9ba8aecc67611f65bf768c,verified_object_version,0.1632151772328269,forecast-5d1b519213bd817d80087b52,2026-01-31T18:00:00Z,2026-02-01T08:00:00+05:00
forecast-5d1b519213bd817d80087b52,turbine_2,2026-01-31T18:00:00Z,2026-02-01T04:00:00Z,10,10,ml-fbef3053c41202da61a895a2,gfs-8e9ba8aecc67611f65bf768c,verified_object_version,0.3921975728457814,forecast-5d1b519213bd817d80087b52,2026-01-31T18:00:00Z,2026-02-01T09:00:00+05:00
forecast-5d1b519213bd817d80087b52,turbine_2,2026-01-31T18:00:00Z,2026-02-01T05:00:00Z,11,11,ml-fbef3053c41202da61a895a2,gfs-8e9ba8aecc67611f65bf768c,verified_object_version,0.3901269349643698,forecast-5d1b519213bd817d80087b52,2026-01-31T18:00:00Z,2026-02-01T10:00:00+05:00
forecast-5d1b519213bd817d80087b52,turbine_2,2026-01-31T18:00:00Z,2026-02-01T06:00:00Z,12,12,ml-fbef3053c41202da61a895a2,gfs-8e9ba8aecc67611f65bf768c,verified_object_version,0.5939680792522898,forecast-5d1b519213bd817d80087b52,2026-01-31T18:00:00Z,2026-02-01T11:00:00+05:00
forecast-5d1b519213bd817d80087b52,turbine_2,2026-01-31T18:00:00Z,2026-02-01T07:00:00Z,13,13,ml-fbef3053c41202da61a895a2,gfs-8e9ba8aecc67611f65bf768c,verified_object_version,0.7386571501071149,forecast-5d1b519213bd817d80087b52,2026-01-31T18:00:00Z,2026-02-01T12:00:00+05:00
forecast-5d1b519213bd817d80087b52,turbine_2,2026-01-31T18:00:00Z,2026-02-01T08:00:00Z,14,14,ml-fbef3053c41202da61a895a2,gfs-8e9ba8aecc67611f65bf768c,verified_object_version,0.7096941702680173,forecast-5d1b519213bd817d80087b52,2026-01-31T18:00:00Z,2026-02-01T13:00:00+05:00
forecast-5d1b519213bd817d80087b52,turbine_2,2026-01-31T18:00:00Z,2026-02-01T09:00:00Z,15,15,ml-fbef3053c41202da61a895a2,gfs-8e9ba8aecc67611f65bf768c,verified_object_version,0.7937174531579904,forecast-5d1b519213bd817d80087b52,2026-01-31T18:00:00Z,2026-02-01T14:00:00+05:00
forecast-5d1b519213bd817d80087b52,turbine_2,2026-01-31T18:00:00Z,2026-02-01T10:00:00Z,16,16,ml-fbef3053c41202da61a895a2,gfs-8e9ba8aecc67611f65bf768c,verified_object_version,0.7868590404719678,forecast-5d1b519213bd817d80087b52,2026-01-31T18:00:00Z,2026-02-01T15:00:00+05:00
forecast-5d1b519213bd817d80087b52,turbine_2,2026-01-31T18:00:00Z,2026-02-01T11:00:00Z,17,17,ml-fbef3053c41202da61a895a2,gfs-8e9ba8aecc67611f65bf768c,verified_object_version,0.4188593415455105,forecast-5d1b519213bd817d80087b52,2026-01-31T18:00:00Z,2026-02-01T16:00:00+05:00
forecast-5d1b519213bd817d80087b52,turbine_2,2026-01-31T18:00:00Z,2026-02-01T12:00:00Z,18,18,ml-fbef3053c41202da61a895a2,gfs-8e9ba8aecc67611f65bf768c,verified_object_version,0.44330750624980875,forecast-5d1b519213bd817d80087b52,2026-01-31T18:00:00Z,2026-02-01T17:00:00+05:00
forecast-5d1b519213bd817d80087b52,turbine_2,2026-01-31T18:00:00Z,2026-02-01T13:00:00Z,19,19,ml-fbef3053c41202da61a895a2,gfs-8e9ba8aecc67611f65bf768c,verified_object_version,0.3741904133851058,forecast-5d1b519213bd817d80087b52,2026-01-31T18:00:00Z,2026-02-01T18:00:00+05:00
forecast-5d1b519213bd817d80087b52,turbine_2,2026-01-31T18:00:00Z,2026-02-01T14:00:00Z,20,20,ml-fbef3053c41202da61a895a2,gfs-8e9ba8aecc67611f65bf768c,verified_object_version,0.3806007921185116,forecast-5d1b519213bd817d80087b52,2026-01-31T18:00:00Z,2026-02-01T19:00:00+05:00
forecast-5d1b519213bd817d80087b52,turbine_2,2026-01-31T18:00:00Z,2026-02-01T15:00:00Z,21,21,ml-fbef3053c41202da61a895a2,gfs-8e9ba8aecc67611f65bf768c,verified_object_version,0.35729299324192176,forecast-5d1b519213bd817d80087b52,2026-01-31T18:00:00Z,2026-02-01T20:00:00+05:00
forecast-5d1b519213bd817d80087b52,turbine_2,2026-01-31T18:00:00Z,2026-02-01T16:00:00Z,22,22,ml-fbef3053c41202da61a895a2,gfs-8e9ba8aecc67611f65bf768c,verified_object_version,0.3775992462908856,forecast-5d1b519213bd817d80087b52,2026-01-31T18:00:00Z,2026-02-01T21:00:00+05:00
forecast-5d1b519213bd817d80087b52,turbine_2,2026-01-31T18:00:00Z,2026-02-01T17:00:00Z,23,23,ml-fbef3053c41202da61a895a2,gfs-8e9ba8aecc67611f65bf768c,verified_object_version,0.32826934945338637,forecast-5d1b519213bd817d80087b52,2026-01-31T18:00:00Z,2026-02-01T22:00:00+05:00
forecast-5d1b519213bd817d80087b52,turbine_2,2026-01-31T18:00:00Z,2026-02-01T18:00:00Z,24,24,ml-fbef3053c41202da61a895a2,gfs-8e9ba8aecc67611f65bf768c,verified_object_version,0.3159820292104505,forecast-5d1b519213bd817d80087b52,2026-01-31T18:00:00Z,2026-02-01T23:00:00+05:00
forecast-3283952179c559bce2179769,turbine_2,2026-02-01T18:00:00Z,2026-02-01T19:00:00Z,1,1,ml-fbef3053c41202da61a895a2,gfs-40a2674a5bc6b9cbe2414c84,verified_object_version,0.34335815481060894,forecast-3283952179c559bce2179769,2026-02-01T18:00:00Z,2026-02-02T00:00:00+05:00
forecast-3283952179c559bce2179769,turbine_2,2026-02-01T18:00:00Z,2026-02-01T20:00:00Z,2,2,ml-fbef3053c41202da61a895a2,gfs-40a2674a5bc6b9cbe2414c84,verified_object_version,0.35861702239751836,forecast-3283952179c559bce2179769,2026-02-01T18:00:00Z,2026-02-02T01:00:00+05:00
forecast-3283952179c559bce2179769,turbine_2,2026-02-01T18:00:00Z,2026-02-01T21:00:00Z,3,3,ml-fbef3053c41202da61a895a2,gfs-40a2674a5bc6b9cbe2414c84,verified_object_version,0.4365476611648712,forecast-3283952179c559bce2179769,2026-02-01T18:00:00Z,2026-02-02T02:00:00+05:00
forecast-3283952179c559bce2179769,turbine_2,2026-02-01T18:00:00Z,2026-02-01T22:00:00Z,4,4,ml-fbef3053c41202da61a895a2,gfs-40a2674a5bc6b9cbe2414c84,verified_object_version,0.44230682991142334,forecast-3283952179c559bce2179769,2026-02-01T18:00:00Z,2026-02-02T03:00:00+05:00
forecast-3283952179c559bce2179769,turbine_2,2026-02-01T18:00:00Z,2026-02-01T23:00:00Z,5,5,ml-fbef3053c41202da61a895a2,gfs-40a2674a5bc6b9cbe2414c84,verified_object_version,0.5327228260486909,forecast-3283952179c559bce2179769,2026-02-01T18:00:00Z,2026-02-02T04:00:00+05:00
forecast-3283952179c559bce2179769,turbine_2,2026-02-01T18:00:00Z,2026-02-02T00:00:00Z,6,6,ml-fbef3053c41202da61a895a2,gfs-40a2674a5bc6b9cbe2414c84,verified_object_version,0.5244263632411256,forecast-3283952179c559bce2179769,2026-02-01T18:00:00Z,2026-02-02T05:00:00+05:00
forecast-3283952179c559bce2179769,turbine_2,2026-02-01T18:00:00Z,2026-02-02T01:00:00Z,7,7,ml-fbef3053c41202da61a895a2,gfs-40a2674a5bc6b9cbe2414c84,verified_object_version,0.5216371983334285,forecast-3283952179c559bce2179769,2026-02-01T18:00:00Z,2026-02-02T06:00:00+05:00
forecast-3283952179c559bce2179769,turbine_2,2026-02-01T18:00:00Z,2026-02-02T02:00:00Z,8,8,ml-fbef3053c41202da61a895a2,gfs-40a2674a5bc6b9cbe2414c84,verified_object_version,0.5217566933807192,forecast-3283952179c559bce2179769,2026-02-01T18:00:00Z,2026-02-02T07:00:00+05:00
forecast-3283952179c559bce2179769,turbine_2,2026-02-01T18:00:00Z,2026-02-02T03:00:00Z,9,9,ml-fbef3053c41202da61a895a2,gfs-40a2674a5bc6b9cbe2414c84,verified_object_version,0.6846936223680282,forecast-3283952179c559bce2179769,2026-02-01T18:00:00Z,2026-02-02T08:00:00+05:00
forecast-3283952179c559bce2179769,turbine_2,2026-02-01T18:00:00Z,2026-02-02T04:00:00Z,10,10,ml-fbef3053c41202da61a895a2,gfs-40a2674a5bc6b9cbe2414c84,verified_object_version,0.7571141647286415,forecast-3283952179c559bce2179769,2026-02-01T18:00:00Z,2026-02-02T09:00:00+05:00
forecast-3283952179c559bce2179769,turbine_2,2026-02-01T18:00:00Z,2026-02-02T05:00:00Z,11,11,ml-fbef3053c41202da61a895a2,gfs-40a2674a5bc6b9cbe2414c84,verified_object_version,0.8185627368670139,forecast-3283952179c559bce2179769,2026-02-01T18:00:00Z,2026-02-02T10:00:00+05:00
forecast-3283952179c559bce2179769,turbine_2,2026-02-01T18:00:00Z,2026-02-02T06:00:00Z,12,12,ml-fbef3053c41202da61a895a2,gfs-40a2674a5bc6b9cbe2414c84,verified_object_version,0.8370235946843338,forecast-3283952179c559bce2179769,2026-02-01T18:00:00Z,2026-02-02T11:00:00+05:00
forecast-3283952179c559bce2179769,turbine_2,2026-02-01T18:00:00Z,2026-02-02T07:00:00Z,13,13,ml-fbef3053c41202da61a895a2,gfs-40a2674a5bc6b9cbe2414c84,verified_object_version,0.9130816408473269,forecast-3283952179c559bce2179769,2026-02-01T18:00:00Z,2026-02-02T12:00:00+05:00
forecast-3283952179c559bce2179769,turbine_2,2026-02-01T18:00:00Z,2026-02-02T08:00:00Z,14,14,ml-fbef3053c41202da61a895a2,gfs-40a2674a5bc6b9cbe2414c84,verified_object_version,0.959163708604532,forecast-3283952179c559bce2179769,2026-02-01T18:00:00Z,2026-02-02T13:00:00+05:00
forecast-3283952179c559bce2179769,turbine_2,2026-02-01T18:00:00Z,2026-02-02T09:00:00Z,15,15,ml-fbef3053c41202da61a895a2,gfs-40a2674a5bc6b9cbe2414c84,verified_object_version,0.9299014443051432,forecast-3283952179c559bce2179769,2026-02-01T18:00:00Z,2026-02-02T14:00:00+05:00
forecast-3283952179c559bce2179769,turbine_2,2026-02-01T18:00:00Z,2026-02-02T10:00:00Z,16,16,ml-fbef3053c41202da61a895a2,gfs-40a2674a5bc6b9cbe2414c84,verified_object_version,0.9116919479049622,forecast-3283952179c559bce2179769,2026-02-01T18:00:00Z,2026-02-02T15:00:00+05:00
forecast-3283952179c559bce2179769,turbine_2,2026-02-01T18:00:00Z,2026-02-02T11:00:00Z,17,17,ml-fbef3053c41202da61a895a2,gfs-40a2674a5bc6b9cbe2414c84,verified_object_version,0.3970006415621854,forecast-3283952179c559bce2179769,2026-02-01T18:00:00Z,2026-02-02T16:00:00+05:00
forecast-3283952179c559bce2179769,turbine_2,2026-02-01T18:00:00Z,2026-02-02T12:00:00Z,18,18,ml-fbef3053c41202da61a895a2,gfs-40a2674a5bc6b9cbe2414c84,verified_object_version,0.17686956481477623,forecast-3283952179c559bce2179769,2026-02-01T18:00:00Z,2026-02-02T17:00:00+05:00
forecast-3283952179c559bce2179769,turbine_2,2026-02-01T18:00:00Z,2026-02-02T13:00:00Z,19,19,ml-fbef3053c41202da61a895a2,gfs-40a2674a5bc6b9cbe2414c84,verified_object_version,0.08576622327535935,forecast-3283952179c559bce2179769,2026-02-01T18:00:00Z,2026-02-02T18:00:00+05:00
forecast-3283952179c559bce2179769,turbine_2,2026-02-01T18:00:00Z,2026-02-02T14:00:00Z,20,20,ml-fbef3053c41202da61a895a2,gfs-40a2674a5bc6b9cbe2414c84,verified_object_version,0.07614537701671206,forecast-3283952179c559bce2179769,2026-02-01T18:00:00Z,2026-02-02T19:00:00+05:00
forecast-3283952179c559bce2179769,turbine_2,2026-02-01T18:00:00Z,2026-02-02T15:00:00Z,21,21,ml-fbef3053c41202da61a895a2,gfs-40a2674a5bc6b9cbe2414c84,verified_object_version,0.07593058230462987,forecast-3283952179c559bce2179769,2026-02-01T18:00:00Z,2026-02-02T20:00:00+05:00
forecast-3283952179c559bce2179769,turbine_2,2026-02-01T18:00:00Z,2026-02-02T16:00:00Z,22,22,ml-fbef3053c41202da61a895a2,gfs-40a2674a5bc6b9cbe2414c84,verified_object_version,0.07264564565368586,forecast-3283952179c559bce2179769,2026-02-01T18:00:00Z,2026-02-02T21:00:00+05:00
forecast-3283952179c559bce2179769,turbine_2,2026-02-01T18:00:00Z,2026-02-02T17:00:00Z,23,23,ml-fbef3053c41202da61a895a2,gfs-40a2674a5bc6b9cbe2414c84,verified_object_version,0.08903251277006816,forecast-3283952179c559bce2179769,2026-02-01T18:00:00Z,2026-02-02T22:00:00+05:00
forecast-3283952179c559bce2179769,turbine_2,2026-02-01T18:00:00Z,2026-02-02T18:00:00Z,24,24,ml-fbef3053c41202da61a895a2,gfs-40a2674a5bc6b9cbe2414c84,verified_object_version,0.14473004978913515,forecast-3283952179c559bce2179769,2026-02-01T18:00:00Z,2026-02-02T23:00:00+05:00
forecast-d2a9d4fb8742ff58372aaf66,turbine_2,2026-02-02T18:00:00Z,2026-02-02T19:00:00Z,1,1,ml-fbef3053c41202da61a895a2,gfs-c8b3ddf3d8764019d569b37f,verified_object_version,0.19028154862396085,forecast-d2a9d4fb8742ff58372aaf66,2026-02-02T18:00:00Z,2026-02-03T00:00:00+05:00
forecast-d2a9d4fb8742ff58372aaf66,turbine_2,2026-02-02T18:00:00Z,2026-02-02T20:00:00Z,2,2,ml-fbef3053c41202da61a895a2,gfs-c8b3ddf3d8764019d569b37f,verified_object_version,0.2683222626487698,forecast-d2a9d4fb8742ff58372aaf66,2026-02-02T18:00:00Z,2026-02-03T01:00:00+05:00
forecast-d2a9d4fb8742ff58372aaf66,turbine_2,2026-02-02T18:00:00Z,2026-02-02T21:00:00Z,3,3,ml-fbef3053c41202da61a895a2,gfs-c8b3ddf3d8764019d569b37f,verified_object_version,0.22032509001283201,forecast-d2a9d4fb8742ff58372aaf66,2026-02-02T18:00:00Z,2026-02-03T02:00:00+05:00
forecast-d2a9d4fb8742ff58372aaf66,turbine_2,2026-02-02T18:00:00Z,2026-02-02T22:00:00Z,4,4,ml-fbef3053c41202da61a895a2,gfs-c8b3ddf3d8764019d569b37f,verified_object_version,0.3684536782584851,forecast-d2a9d4fb8742ff58372aaf66,2026-02-02T18:00:00Z,2026-02-03T03:00:00+05:00
forecast-d2a9d4fb8742ff58372aaf66,turbine_2,2026-02-02T18:00:00Z,2026-02-02T23:00:00Z,5,5,ml-fbef3053c41202da61a895a2,gfs-c8b3ddf3d8764019d569b37f,verified_object_version,0.353187443313272,forecast-d2a9d4fb8742ff58372aaf66,2026-02-02T18:00:00Z,2026-02-03T04:00:00+05:00
forecast-d2a9d4fb8742ff58372aaf66,turbine_2,2026-02-02T18:00:00Z,2026-02-03T00:00:00Z,6,6,ml-fbef3053c41202da61a895a2,gfs-c8b3ddf3d8764019d569b37f,verified_object_version,0.33082916098819737,forecast-d2a9d4fb8742ff58372aaf66,2026-02-02T18:00:00Z,2026-02-03T05:00:00+05:00
forecast-d2a9d4fb8742ff58372aaf66,turbine_2,2026-02-02T18:00:00Z,2026-02-03T01:00:00Z,7,7,ml-fbef3053c41202da61a895a2,gfs-c8b3ddf3d8764019d569b37f,verified_object_version,0.13300322368079032,forecast-d2a9d4fb8742ff58372aaf66,2026-02-02T18:00:00Z,2026-02-03T06:00:00+05:00
forecast-d2a9d4fb8742ff58372aaf66,turbine_2,2026-02-02T18:00:00Z,2026-02-03T02:00:00Z,8,8,ml-fbef3053c41202da61a895a2,gfs-c8b3ddf3d8764019d569b37f,verified_object_version,0.04621618593819446,forecast-d2a9d4fb8742ff58372aaf66,2026-02-02T18:00:00Z,2026-02-03T07:00:00+05:00
forecast-d2a9d4fb8742ff58372aaf66,turbine_2,2026-02-02T18:00:00Z,2026-02-03T03:00:00Z,9,9,ml-fbef3053c41202da61a895a2,gfs-c8b3ddf3d8764019d569b37f,verified_object_version,0.028970695996351714,forecast-d2a9d4fb8742ff58372aaf66,2026-02-02T18:00:00Z,2026-02-03T08:00:00+05:00
forecast-d2a9d4fb8742ff58372aaf66,turbine_2,2026-02-02T18:00:00Z,2026-02-03T04:00:00Z,10,10,ml-fbef3053c41202da61a895a2,gfs-c8b3ddf3d8764019d569b37f,verified_object_version,0.06897674781704272,forecast-d2a9d4fb8742ff58372aaf66,2026-02-02T18:00:00Z,2026-02-03T09:00:00+05:00
forecast-d2a9d4fb8742ff58372aaf66,turbine_2,2026-02-02T18:00:00Z,2026-02-03T05:00:00Z,11,11,ml-fbef3053c41202da61a895a2,gfs-c8b3ddf3d8764019d569b37f,verified_object_version,0.08757040495661382,forecast-d2a9d4fb8742ff58372aaf66,2026-02-02T18:00:00Z,2026-02-03T10:00:00+05:00
forecast-d2a9d4fb8742ff58372aaf66,turbine_2,2026-02-02T18:00:00Z,2026-02-03T06:00:00Z,12,12,ml-fbef3053c41202da61a895a2,gfs-c8b3ddf3d8764019d569b37f,verified_object_version,0.04744484256464837,forecast-d2a9d4fb8742ff58372aaf66,2026-02-02T18:00:00Z,2026-02-03T11:00:00+05:00
forecast-d2a9d4fb8742ff58372aaf66,turbine_2,2026-02-02T18:00:00Z,2026-02-03T07:00:00Z,13,13,ml-fbef3053c41202da61a895a2,gfs-c8b3ddf3d8764019d569b37f,verified_object_version,0.0478504988969497,forecast-d2a9d4fb8742ff58372aaf66,2026-02-02T18:00:00Z,2026-02-03T12:00:00+05:00
forecast-d2a9d4fb8742ff58372aaf66,turbine_2,2026-02-02T18:00:00Z,2026-02-03T08:00:00Z,14,14,ml-fbef3053c41202da61a895a2,gfs-c8b3ddf3d8764019d569b37f,verified_object_version,0.02284704027808615,forecast-d2a9d4fb8742ff58372aaf66,2026-02-02T18:00:00Z,2026-02-03T13:00:00+05:00
forecast-d2a9d4fb8742ff58372aaf66,turbine_2,2026-02-02T18:00:00Z,2026-02-03T09:00:00Z,15,15,ml-fbef3053c41202da61a895a2,gfs-c8b3ddf3d8764019d569b37f,verified_object_version,0.027369899624431898,forecast-d2a9d4fb8742ff58372aaf66,2026-02-02T18:00:00Z,2026-02-03T14:00:00+05:00
forecast-d2a9d4fb8742ff58372aaf66,turbine_2,2026-02-02T18:00:00Z,2026-02-03T10:00:00Z,16,16,ml-fbef3053c41202da61a895a2,gfs-c8b3ddf3d8764019d569b37f,verified_object_version,0.03843630676041063,forecast-d2a9d4fb8742ff58372aaf66,2026-02-02T18:00:00Z,2026-02-03T15:00:00+05:00
forecast-d2a9d4fb8742ff58372aaf66,turbine_2,2026-02-02T18:00:00Z,2026-02-03T11:00:00Z,17,17,ml-fbef3053c41202da61a895a2,gfs-c8b3ddf3d8764019d569b37f,verified_object_version,0.039771614666200966,forecast-d2a9d4fb8742ff58372aaf66,2026-02-02T18:00:00Z,2026-02-03T16:00:00+05:00
forecast-d2a9d4fb8742ff58372aaf66,turbine_2,2026-02-02T18:00:00Z,2026-02-03T12:00:00Z,18,18,ml-fbef3053c41202da61a895a2,gfs-c8b3ddf3d8764019d569b37f,verified_object_version,0.042387373435277376,forecast-d2a9d4fb8742ff58372aaf66,2026-02-02T18:00:00Z,2026-02-03T17:00:00+05:00
forecast-d2a9d4fb8742ff58372aaf66,turbine_2,2026-02-02T18:00:00Z,2026-02-03T13:00:00Z,19,19,ml-fbef3053c41202da61a895a2,gfs-c8b3ddf3d8764019d569b37f,verified_object_version,0.04648389553884813,forecast-d2a9d4fb8742ff58372aaf66,2026-02-02T18:00:00Z,2026-02-03T18:00:00+05:00
forecast-d2a9d4fb8742ff58372aaf66,turbine_2,2026-02-02T18:00:00Z,2026-02-03T14:00:00Z,20,20,ml-fbef3053c41202da61a895a2,gfs-c8b3ddf3d8764019d569b37f,verified_object_version,0.07967466655999134,forecast-d2a9d4fb8742ff58372aaf66,2026-02-02T18:00:00Z,2026-02-03T19:00:00+05:00
forecast-d2a9d4fb8742ff58372aaf66,turbine_2,2026-02-02T18:00:00Z,2026-02-03T15:00:00Z,21,21,ml-fbef3053c41202da61a895a2,gfs-c8b3ddf3d8764019d569b37f,verified_object_version,0.12721164001189383,forecast-d2a9d4fb8742ff58372aaf66,2026-02-02T18:00:00Z,2026-02-03T20:00:00+05:00
forecast-d2a9d4fb8742ff58372aaf66,turbine_2,2026-02-02T18:00:00Z,2026-02-03T16:00:00Z,22,22,ml-fbef3053c41202da61a895a2,gfs-c8b3ddf3d8764019d569b37f,verified_object_version,0.1707567032329955,forecast-d2a9d4fb8742ff58372aaf66,2026-02-02T18:00:00Z,2026-02-03T21:00:00+05:00
forecast-d2a9d4fb8742ff58372aaf66,turbine_2,2026-02-02T18:00:00Z,2026-02-03T17:00:00Z,23,23,ml-fbef3053c41202da61a895a2,gfs-c8b3ddf3d8764019d569b37f,verified_object_version,0.19699146697603698,forecast-d2a9d4fb8742ff58372aaf66,2026-02-02T18:00:00Z,2026-02-03T22:00:00+05:00
forecast-d2a9d4fb8742ff58372aaf66,turbine_2,2026-02-02T18:00:00Z,2026-02-03T18:00:00Z,24,24,ml-fbef3053c41202da61a895a2,gfs-c8b3ddf3d8764019d569b37f,verified_object_version,0.2007684485996712,forecast-d2a9d4fb8742ff58372aaf66,2026-02-02T18:00:00Z,2026-02-03T23:00:00+05:00
forecast-04e70f798fa07f5cff1121c0,turbine_2,2026-02-03T18:00:00Z,2026-02-03T19:00:00Z,1,1,ml-fbef3053c41202da61a895a2,gfs-b4d00e6266f5ff6c7fa4ac5d,verified_object_version,0.2787666664719013,forecast-04e70f798fa07f5cff1121c0,2026-02-03T18:00:00Z,2026-02-04T00:00:00+05:00
forecast-04e70f798fa07f5cff1121c0,turbine_2,2026-02-03T18:00:00Z,2026-02-03T20:00:00Z,2,2,ml-fbef3053c41202da61a895a2,gfs-b4d00e6266f5ff6c7fa4ac5d,verified_object_version,0.29281777191465397,forecast-04e70f798fa07f5cff1121c0,2026-02-03T18:00:00Z,2026-02-04T01:00:00+05:00
forecast-04e70f798fa07f5cff1121c0,turbine_2,2026-02-03T18:00:00Z,2026-02-03T21:00:00Z,3,3,ml-fbef3053c41202da61a895a2,gfs-b4d00e6266f5ff6c7fa4ac5d,verified_object_version,0.26744711701098817,forecast-04e70f798fa07f5cff1121c0,2026-02-03T18:00:00Z,2026-02-04T02:00:00+05:00
forecast-04e70f798fa07f5cff1121c0,turbine_2,2026-02-03T18:00:00Z,2026-02-03T22:00:00Z,4,4,ml-fbef3053c41202da61a895a2,gfs-b4d00e6266f5ff6c7fa4ac5d,verified_object_version,0.19986298494027463,forecast-04e70f798fa07f5cff1121c0,2026-02-03T18:00:00Z,2026-02-04T03:00:00+05:00
forecast-04e70f798fa07f5cff1121c0,turbine_2,2026-02-03T18:00:00Z,2026-02-03T23:00:00Z,5,5,ml-fbef3053c41202da61a895a2,gfs-b4d00e6266f5ff6c7fa4ac5d,verified_object_version,0.2363963794167054,forecast-04e70f798fa07f5cff1121c0,2026-02-03T18:00:00Z,2026-02-04T04:00:00+05:00
forecast-04e70f798fa07f5cff1121c0,turbine_2,2026-02-03T18:00:00Z,2026-02-04T00:00:00Z,6,6,ml-fbef3053c41202da61a895a2,gfs-b4d00e6266f5ff6c7fa4ac5d,verified_object_version,0.4762641599783894,forecast-04e70f798fa07f5cff1121c0,2026-02-03T18:00:00Z,2026-02-04T05:00:00+05:00
forecast-04e70f798fa07f5cff1121c0,turbine_2,2026-02-03T18:00:00Z,2026-02-04T01:00:00Z,7,7,ml-fbef3053c41202da61a895a2,gfs-b4d00e6266f5ff6c7fa4ac5d,verified_object_version,0.22284838721865924,forecast-04e70f798fa07f5cff1121c0,2026-02-03T18:00:00Z,2026-02-04T06:00:00+05:00
forecast-04e70f798fa07f5cff1121c0,turbine_2,2026-02-03T18:00:00Z,2026-02-04T02:00:00Z,8,8,ml-fbef3053c41202da61a895a2,gfs-b4d00e6266f5ff6c7fa4ac5d,verified_object_version,0.12085828583061689,forecast-04e70f798fa07f5cff1121c0,2026-02-03T18:00:00Z,2026-02-04T07:00:00+05:00
forecast-04e70f798fa07f5cff1121c0,turbine_2,2026-02-03T18:00:00Z,2026-02-04T03:00:00Z,9,9,ml-fbef3053c41202da61a895a2,gfs-b4d00e6266f5ff6c7fa4ac5d,verified_object_version,0.05967206928231794,forecast-04e70f798fa07f5cff1121c0,2026-02-03T18:00:00Z,2026-02-04T08:00:00+05:00
forecast-04e70f798fa07f5cff1121c0,turbine_2,2026-02-03T18:00:00Z,2026-02-04T04:00:00Z,10,10,ml-fbef3053c41202da61a895a2,gfs-b4d00e6266f5ff6c7fa4ac5d,verified_object_version,0.049644303477788254,forecast-04e70f798fa07f5cff1121c0,2026-02-03T18:00:00Z,2026-02-04T09:00:00+05:00
forecast-04e70f798fa07f5cff1121c0,turbine_2,2026-02-03T18:00:00Z,2026-02-04T05:00:00Z,11,11,ml-fbef3053c41202da61a895a2,gfs-b4d00e6266f5ff6c7fa4ac5d,verified_object_version,0.03553929905862996,forecast-04e70f798fa07f5cff1121c0,2026-02-03T18:00:00Z,2026-02-04T10:00:00+05:00
forecast-04e70f798fa07f5cff1121c0,turbine_2,2026-02-03T18:00:00Z,2026-02-04T06:00:00Z,12,12,ml-fbef3053c41202da61a895a2,gfs-b4d00e6266f5ff6c7fa4ac5d,verified_object_version,0.056249342700617155,forecast-04e70f798fa07f5cff1121c0,2026-02-03T18:00:00Z,2026-02-04T11:00:00+05:00
forecast-04e70f798fa07f5cff1121c0,turbine_2,2026-02-03T18:00:00Z,2026-02-04T07:00:00Z,13,13,ml-fbef3053c41202da61a895a2,gfs-b4d00e6266f5ff6c7fa4ac5d,verified_object_version,0.06281421247189828,forecast-04e70f798fa07f5cff1121c0,2026-02-03T18:00:00Z,2026-02-04T12:00:00+05:00
forecast-04e70f798fa07f5cff1121c0,turbine_2,2026-02-03T18:00:00Z,2026-02-04T08:00:00Z,14,14,ml-fbef3053c41202da61a895a2,gfs-b4d00e6266f5ff6c7fa4ac5d,verified_object_version,0.09105629593792657,forecast-04e70f798fa07f5cff1121c0,2026-02-03T18:00:00Z,2026-02-04T13:00:00+05:00
forecast-04e70f798fa07f5cff1121c0,turbine_2,2026-02-03T18:00:00Z,2026-02-04T09:00:00Z,15,15,ml-fbef3053c41202da61a895a2,gfs-b4d00e6266f5ff6c7fa4ac5d,verified_object_version,0.1324483893572786,forecast-04e70f798fa07f5cff1121c0,2026-02-03T18:00:00Z,2026-02-04T14:00:00+05:00
forecast-04e70f798fa07f5cff1121c0,turbine_2,2026-02-03T18:00:00Z,2026-02-04T10:00:00Z,16,16,ml-fbef3053c41202da61a895a2,gfs-b4d00e6266f5ff6c7fa4ac5d,verified_object_version,0.12208439896196724,forecast-04e70f798fa07f5cff1121c0,2026-02-03T18:00:00Z,2026-02-04T15:00:00+05:00
forecast-04e70f798fa07f5cff1121c0,turbine_2,2026-02-03T18:00:00Z,2026-02-04T11:00:00Z,17,17,ml-fbef3053c41202da61a895a2,gfs-b4d00e6266f5ff6c7fa4ac5d,verified_object_version,0.08277156715687478,forecast-04e70f798fa07f5cff1121c0,2026-02-03T18:00:00Z,2026-02-04T16:00:00+05:00
forecast-04e70f798fa07f5cff1121c0,turbine_2,2026-02-03T18:00:00Z,2026-02-04T12:00:00Z,18,18,ml-fbef3053c41202da61a895a2,gfs-b4d00e6266f5ff6c7fa4ac5d,verified_object_version,0.05146520024254839,forecast-04e70f798fa07f5cff1121c0,2026-02-03T18:00:00Z,2026-02-04T17:00:00+05:00
forecast-04e70f798fa07f5cff1121c0,turbine_2,2026-02-03T18:00:00Z,2026-02-04T13:00:00Z,19,19,ml-fbef3053c41202da61a895a2,gfs-b4d00e6266f5ff6c7fa4ac5d,verified_object_version,0.02298295853565749,forecast-04e70f798fa07f5cff1121c0,2026-02-03T18:00:00Z,2026-02-04T18:00:00+05:00
forecast-04e70f798fa07f5cff1121c0,turbine_2,2026-02-03T18:00:00Z,2026-02-04T14:00:00Z,20,20,ml-fbef3053c41202da61a895a2,gfs-b4d00e6266f5ff6c7fa4ac5d,verified_object_version,0.030022939871189147,forecast-04e70f798fa07f5cff1121c0,2026-02-03T18:00:00Z,2026-02-04T19:00:00+05:00
forecast-04e70f798fa07f5cff1121c0,turbine_2,2026-02-03T18:00:00Z,2026-02-04T15:00:00Z,21,21,ml-fbef3053c41202da61a895a2,gfs-b4d00e6266f5ff6c7fa4ac5d,verified_object_version,0.14473519022998313,forecast-04e70f798fa07f5cff1121c0,2026-02-03T18:00:00Z,2026-02-04T20:00:00+05:00
forecast-04e70f798fa07f5cff1121c0,turbine_2,2026-02-03T18:00:00Z,2026-02-04T16:00:00Z,22,22,ml-fbef3053c41202da61a895a2,gfs-b4d00e6266f5ff6c7fa4ac5d,verified_object_version,0.4638355006208959,forecast-04e70f798fa07f5cff1121c0,2026-02-03T18:00:00Z,2026-02-04T21:00:00+05:00
forecast-04e70f798fa07f5cff1121c0,turbine_2,2026-02-03T18:00:00Z,2026-02-04T17:00:00Z,23,23,ml-fbef3053c41202da61a895a2,gfs-b4d00e6266f5ff6c7fa4ac5d,verified_object_version,0.5868586387023135,forecast-04e70f798fa07f5cff1121c0,2026-02-03T18:00:00Z,2026-02-04T22:00:00+05:00
forecast-04e70f798fa07f5cff1121c0,turbine_2,2026-02-03T18:00:00Z,2026-02-04T18:00:00Z,24,24,ml-fbef3053c41202da61a895a2,gfs-b4d00e6266f5ff6c7fa4ac5d,verified_object_version,0.31553269190461286,forecast-04e70f798fa07f5cff1121c0,2026-02-03T18:00:00Z,2026-02-04T23:00:00+05:00
forecast-c4c2b221f7fd84f6f13125f2,turbine_2,2026-02-04T18:00:00Z,2026-02-04T19:00:00Z,1,1,ml-fbef3053c41202da61a895a2,gfs-47f1ea7d21a24887b153a8ed,verified_object_version,0.9465296265396659,forecast-c4c2b221f7fd84f6f13125f2,2026-02-04T18:00:00Z,2026-02-05T00:00:00+05:00
forecast-c4c2b221f7fd84f6f13125f2,turbine_2,2026-02-04T18:00:00Z,2026-02-04T20:00:00Z,2,2,ml-fbef3053c41202da61a895a2,gfs-47f1ea7d21a24887b153a8ed,verified_object_version,0.9414478634502101,forecast-c4c2b221f7fd84f6f13125f2,2026-02-04T18:00:00Z,2026-02-05T01:00:00+05:00
forecast-c4c2b221f7fd84f6f13125f2,turbine_2,2026-02-04T18:00:00Z,2026-02-04T21:00:00Z,3,3,ml-fbef3053c41202da61a895a2,gfs-47f1ea7d21a24887b153a8ed,verified_object_version,0.9513509571008676,forecast-c4c2b221f7fd84f6f13125f2,2026-02-04T18:00:00Z,2026-02-05T02:00:00+05:00
forecast-c4c2b221f7fd84f6f13125f2,turbine_2,2026-02-04T18:00:00Z,2026-02-04T22:00:00Z,4,4,ml-fbef3053c41202da61a895a2,gfs-47f1ea7d21a24887b153a8ed,verified_object_version,0.9821478824218566,forecast-c4c2b221f7fd84f6f13125f2,2026-02-04T18:00:00Z,2026-02-05T03:00:00+05:00
forecast-c4c2b221f7fd84f6f13125f2,turbine_2,2026-02-04T18:00:00Z,2026-02-04T23:00:00Z,5,5,ml-fbef3053c41202da61a895a2,gfs-47f1ea7d21a24887b153a8ed,verified_object_version,0.9487472702748815,forecast-c4c2b221f7fd84f6f13125f2,2026-02-04T18:00:00Z,2026-02-05T04:00:00+05:00
forecast-c4c2b221f7fd84f6f13125f2,turbine_2,2026-02-04T18:00:00Z,2026-02-05T00:00:00Z,6,6,ml-fbef3053c41202da61a895a2,gfs-47f1ea7d21a24887b153a8ed,verified_object_version,0.9769659079624993,forecast-c4c2b221f7fd84f6f13125f2,2026-02-04T18:00:00Z,2026-02-05T05:00:00+05:00
forecast-c4c2b221f7fd84f6f13125f2,turbine_2,2026-02-04T18:00:00Z,2026-02-05T01:00:00Z,7,7,ml-fbef3053c41202da61a895a2,gfs-47f1ea7d21a24887b153a8ed,verified_object_version,0.9492255433067907,forecast-c4c2b221f7fd84f6f13125f2,2026-02-04T18:00:00Z,2026-02-05T06:00:00+05:00
forecast-c4c2b221f7fd84f6f13125f2,turbine_2,2026-02-04T18:00:00Z,2026-02-05T02:00:00Z,8,8,ml-fbef3053c41202da61a895a2,gfs-47f1ea7d21a24887b153a8ed,verified_object_version,0.9662684062079624,forecast-c4c2b221f7fd84f6f13125f2,2026-02-04T18:00:00Z,2026-02-05T07:00:00+05:00
forecast-c4c2b221f7fd84f6f13125f2,turbine_2,2026-02-04T18:00:00Z,2026-02-05T03:00:00Z,9,9,ml-fbef3053c41202da61a895a2,gfs-47f1ea7d21a24887b153a8ed,verified_object_version,0.9645554933724031,forecast-c4c2b221f7fd84f6f13125f2,2026-02-04T18:00:00Z,2026-02-05T08:00:00+05:00
forecast-c4c2b221f7fd84f6f13125f2,turbine_2,2026-02-04T18:00:00Z,2026-02-05T04:00:00Z,10,10,ml-fbef3053c41202da61a895a2,gfs-47f1ea7d21a24887b153a8ed,verified_object_version,0.9611118369482504,forecast-c4c2b221f7fd84f6f13125f2,2026-02-04T18:00:00Z,2026-02-05T09:00:00+05:00
forecast-c4c2b221f7fd84f6f13125f2,turbine_2,2026-02-04T18:00:00Z,2026-02-05T05:00:00Z,11,11,ml-fbef3053c41202da61a895a2,gfs-47f1ea7d21a24887b153a8ed,verified_object_version,0.9758810817116061,forecast-c4c2b221f7fd84f6f13125f2,2026-02-04T18:00:00Z,2026-02-05T10:00:00+05:00
forecast-c4c2b221f7fd84f6f13125f2,turbine_2,2026-02-04T18:00:00Z,2026-02-05T06:00:00Z,12,12,ml-fbef3053c41202da61a895a2,gfs-47f1ea7d21a24887b153a8ed,verified_object_version,0.9737020063439831,forecast-c4c2b221f7fd84f6f13125f2,2026-02-04T18:00:00Z,2026-02-05T11:00:00+05:00
forecast-c4c2b221f7fd84f6f13125f2,turbine_2,2026-02-04T18:00:00Z,2026-02-05T07:00:00Z,13,13,ml-fbef3053c41202da61a895a2,gfs-47f1ea7d21a24887b153a8ed,verified_object_version,0.9711784186855613,forecast-c4c2b221f7fd84f6f13125f2,2026-02-04T18:00:00Z,2026-02-05T12:00:00+05:00
forecast-c4c2b221f7fd84f6f13125f2,turbine_2,2026-02-04T18:00:00Z,2026-02-05T08:00:00Z,14,14,ml-fbef3053c41202da61a895a2,gfs-47f1ea7d21a24887b153a8ed,verified_object_version,0.9688626995746222,forecast-c4c2b221f7fd84f6f13125f2,2026-02-04T18:00:00Z,2026-02-05T13:00:00+05:00
forecast-c4c2b221f7fd84f6f13125f2,turbine_2,2026-02-04T18:00:00Z,2026-02-05T09:00:00Z,15,15,ml-fbef3053c41202da61a895a2,gfs-47f1ea7d21a24887b153a8ed,verified_object_version,0.9691931979750347,forecast-c4c2b221f7fd84f6f13125f2,2026-02-04T18:00:00Z,2026-02-05T14:00:00+05:00
forecast-c4c2b221f7fd84f6f13125f2,turbine_2,2026-02-04T18:00:00Z,2026-02-05T10:00:00Z,16,16,ml-fbef3053c41202da61a895a2,gfs-47f1ea7d21a24887b153a8ed,verified_object_version,0.975210254963841,forecast-c4c2b221f7fd84f6f13125f2,2026-02-04T18:00:00Z,2026-02-05T15:00:00+05:00
forecast-c4c2b221f7fd84f6f13125f2,turbine_2,2026-02-04T18:00:00Z,2026-02-05T11:00:00Z,17,17,ml-fbef3053c41202da61a895a2,gfs-47f1ea7d21a24887b153a8ed,verified_object_version,0.9622053343945192,forecast-c4c2b221f7fd84f6f13125f2,2026-02-04T18:00:00Z,2026-02-05T16:00:00+05:00
forecast-c4c2b221f7fd84f6f13125f2,turbine_2,2026-02-04T18:00:00Z,2026-02-05T12:00:00Z,18,18,ml-fbef3053c41202da61a895a2,gfs-47f1ea7d21a24887b153a8ed,verified_object_version,0.9544168099674253,forecast-c4c2b221f7fd84f6f13125f2,2026-02-04T18:00:00Z,2026-02-05T17:00:00+05:00
forecast-c4c2b221f7fd84f6f13125f2,turbine_2,2026-02-04T18:00:00Z,2026-02-05T13:00:00Z,19,19,ml-fbef3053c41202da61a895a2,gfs-47f1ea7d21a24887b153a8ed,verified_object_version,0.9238338266191837,forecast-c4c2b221f7fd84f6f13125f2,2026-02-04T18:00:00Z,2026-02-05T18:00:00+05:00
forecast-c4c2b221f7fd84f6f13125f2,turbine_2,2026-02-04T18:00:00Z,2026-02-05T14:00:00Z,20,20,ml-fbef3053c41202da61a895a2,gfs-47f1ea7d21a24887b153a8ed,verified_object_version,0.9027198640202717,forecast-c4c2b221f7fd84f6f13125f2,2026-02-04T18:00:00Z,2026-02-05T19:00:00+05:00
forecast-c4c2b221f7fd84f6f13125f2,turbine_2,2026-02-04T18:00:00Z,2026-02-05T15:00:00Z,21,21,ml-fbef3053c41202da61a895a2,gfs-47f1ea7d21a24887b153a8ed,verified_object_version,0.8177218703615393,forecast-c4c2b221f7fd84f6f13125f2,2026-02-04T18:00:00Z,2026-02-05T20:00:00+05:00
forecast-c4c2b221f7fd84f6f13125f2,turbine_2,2026-02-04T18:00:00Z,2026-02-05T16:00:00Z,22,22,ml-fbef3053c41202da61a895a2,gfs-47f1ea7d21a24887b153a8ed,verified_object_version,0.7099244679010542,forecast-c4c2b221f7fd84f6f13125f2,2026-02-04T18:00:00Z,2026-02-05T21:00:00+05:00
forecast-c4c2b221f7fd84f6f13125f2,turbine_2,2026-02-04T18:00:00Z,2026-02-05T17:00:00Z,23,23,ml-fbef3053c41202da61a895a2,gfs-47f1ea7d21a24887b153a8ed,verified_object_version,0.609901225733045,forecast-c4c2b221f7fd84f6f13125f2,2026-02-04T18:00:00Z,2026-02-05T22:00:00+05:00
forecast-c4c2b221f7fd84f6f13125f2,turbine_2,2026-02-04T18:00:00Z,2026-02-05T18:00:00Z,24,24,ml-fbef3053c41202da61a895a2,gfs-47f1ea7d21a24887b153a8ed,verified_object_version,0.429510574717549,forecast-c4c2b221f7fd84f6f13125f2,2026-02-04T18:00:00Z,2026-02-05T23:00:00+05:00
forecast-ffc125e615892f066ef2e965,turbine_2,2026-02-05T18:00:00Z,2026-02-05T19:00:00Z,1,1,ml-fbef3053c41202da61a895a2,gfs-de975058bbbe0c5099edf51a,verified_object_version,0.43322901493676946,forecast-ffc125e615892f066ef2e965,2026-02-05T18:00:00Z,2026-02-06T00:00:00+05:00
forecast-ffc125e615892f066ef2e965,turbine_2,2026-02-05T18:00:00Z,2026-02-05T20:00:00Z,2,2,ml-fbef3053c41202da61a895a2,gfs-de975058bbbe0c5099edf51a,verified_object_version,0.36042686994708695,forecast-ffc125e615892f066ef2e965,2026-02-05T18:00:00Z,2026-02-06T01:00:00+05:00
forecast-ffc125e615892f066ef2e965,turbine_2,2026-02-05T18:00:00Z,2026-02-05T21:00:00Z,3,3,ml-fbef3053c41202da61a895a2,gfs-de975058bbbe0c5099edf51a,verified_object_version,0.30328644167233637,forecast-ffc125e615892f066ef2e965,2026-02-05T18:00:00Z,2026-02-06T02:00:00+05:00
forecast-ffc125e615892f066ef2e965,turbine_2,2026-02-05T18:00:00Z,2026-02-05T22:00:00Z,4,4,ml-fbef3053c41202da61a895a2,gfs-de975058bbbe0c5099edf51a,verified_object_version,0.2672243277879714,forecast-ffc125e615892f066ef2e965,2026-02-05T18:00:00Z,2026-02-06T03:00:00+05:00
forecast-ffc125e615892f066ef2e965,turbine_2,2026-02-05T18:00:00Z,2026-02-05T23:00:00Z,5,5,ml-fbef3053c41202da61a895a2,gfs-de975058bbbe0c5099edf51a,verified_object_version,0.37645065314960796,forecast-ffc125e615892f066ef2e965,2026-02-05T18:00:00Z,2026-02-06T04:00:00+05:00
forecast-ffc125e615892f066ef2e965,turbine_2,2026-02-05T18:00:00Z,2026-02-06T00:00:00Z,6,6,ml-fbef3053c41202da61a895a2,gfs-de975058bbbe0c5099edf51a,verified_object_version,0.3489827030635106,forecast-ffc125e615892f066ef2e965,2026-02-05T18:00:00Z,2026-02-06T05:00:00+05:00
forecast-ffc125e615892f066ef2e965,turbine_2,2026-02-05T18:00:00Z,2026-02-06T01:00:00Z,7,7,ml-fbef3053c41202da61a895a2,gfs-de975058bbbe0c5099edf51a,verified_object_version,0.17567422503738536,forecast-ffc125e615892f066ef2e965,2026-02-05T18:00:00Z,2026-02-06T06:00:00+05:00
forecast-ffc125e615892f066ef2e965,turbine_2,2026-02-05T18:00:00Z,2026-02-06T02:00:00Z,8,8,ml-fbef3053c41202da61a895a2,gfs-de975058bbbe0c5099edf51a,verified_object_version,0.057706489695883156,forecast-ffc125e615892f066ef2e965,2026-02-05T18:00:00Z,2026-02-06T07:00:00+05:00
forecast-ffc125e615892f066ef2e965,turbine_2,2026-02-05T18:00:00Z,2026-02-06T03:00:00Z,9,9,ml-fbef3053c41202da61a895a2,gfs-de975058bbbe0c5099edf51a,verified_object_version,0.04159053852883135,forecast-ffc125e615892f066ef2e965,2026-02-05T18:00:00Z,2026-02-06T08:00:00+05:00
forecast-ffc125e615892f066ef2e965,turbine_2,2026-02-05T18:00:00Z,2026-02-06T04:00:00Z,10,10,ml-fbef3053c41202da61a895a2,gfs-de975058bbbe0c5099edf51a,verified_object_version,0.021551901927889694,forecast-ffc125e615892f066ef2e965,2026-02-05T18:00:00Z,2026-02-06T09:00:00+05:00
forecast-ffc125e615892f066ef2e965,turbine_2,2026-02-05T18:00:00Z,2026-02-06T05:00:00Z,11,11,ml-fbef3053c41202da61a895a2,gfs-de975058bbbe0c5099edf51a,verified_object_version,0.017298631853115864,forecast-ffc125e615892f066ef2e965,2026-02-05T18:00:00Z,2026-02-06T10:00:00+05:00
forecast-ffc125e615892f066ef2e965,turbine_2,2026-02-05T18:00:00Z,2026-02-06T06:00:00Z,12,12,ml-fbef3053c41202da61a895a2,gfs-de975058bbbe0c5099edf51a,verified_object_version,0.021662853493235684,forecast-ffc125e615892f066ef2e965,2026-02-05T18:00:00Z,2026-02-06T11:00:00+05:00
forecast-ffc125e615892f066ef2e965,turbine_2,2026-02-05T18:00:00Z,2026-02-06T07:00:00Z,13,13,ml-fbef3053c41202da61a895a2,gfs-de975058bbbe0c5099edf51a,verified_object_version,0.11611578490968669,forecast-ffc125e615892f066ef2e965,2026-02-05T18:00:00Z,2026-02-06T12:00:00+05:00
forecast-ffc125e615892f066ef2e965,turbine_2,2026-02-05T18:00:00Z,2026-02-06T08:00:00Z,14,14,ml-fbef3053c41202da61a895a2,gfs-de975058bbbe0c5099edf51a,verified_object_version,0.4166580764655212,forecast-ffc125e615892f066ef2e965,2026-02-05T18:00:00Z,2026-02-06T13:00:00+05:00
forecast-ffc125e615892f066ef2e965,turbine_2,2026-02-05T18:00:00Z,2026-02-06T09:00:00Z,15,15,ml-fbef3053c41202da61a895a2,gfs-de975058bbbe0c5099edf51a,verified_object_version,0.7402354214701641,forecast-ffc125e615892f066ef2e965,2026-02-05T18:00:00Z,2026-02-06T14:00:00+05:00
forecast-ffc125e615892f066ef2e965,turbine_2,2026-02-05T18:00:00Z,2026-02-06T10:00:00Z,16,16,ml-fbef3053c41202da61a895a2,gfs-de975058bbbe0c5099edf51a,verified_object_version,0.9212831818131232,forecast-ffc125e615892f066ef2e965,2026-02-05T18:00:00Z,2026-02-06T15:00:00+05:00
forecast-ffc125e615892f066ef2e965,turbine_2,2026-02-05T18:00:00Z,2026-02-06T11:00:00Z,17,17,ml-fbef3053c41202da61a895a2,gfs-de975058bbbe0c5099edf51a,verified_object_version,0.9047286078060729,forecast-ffc125e615892f066ef2e965,2026-02-05T18:00:00Z,2026-02-06T16:00:00+05:00
forecast-ffc125e615892f066ef2e965,turbine_2,2026-02-05T18:00:00Z,2026-02-06T12:00:00Z,18,18,ml-fbef3053c41202da61a895a2,gfs-de975058bbbe0c5099edf51a,verified_object_version,0.9088072144295378,forecast-ffc125e615892f066ef2e965,2026-02-05T18:00:00Z,2026-02-06T17:00:00+05:00
forecast-ffc125e615892f066ef2e965,turbine_2,2026-02-05T18:00:00Z,2026-02-06T13:00:00Z,19,19,ml-fbef3053c41202da61a895a2,gfs-de975058bbbe0c5099edf51a,verified_object_version,0.9274460615908287,forecast-ffc125e615892f066ef2e965,2026-02-05T18:00:00Z,2026-02-06T18:00:00+05:00
forecast-ffc125e615892f066ef2e965,turbine_2,2026-02-05T18:00:00Z,2026-02-06T14:00:00Z,20,20,ml-fbef3053c41202da61a895a2,gfs-de975058bbbe0c5099edf51a,verified_object_version,0.9377222829717885,forecast-ffc125e615892f066ef2e965,2026-02-05T18:00:00Z,2026-02-06T19:00:00+05:00
forecast-ffc125e615892f066ef2e965,turbine_2,2026-02-05T18:00:00Z,2026-02-06T15:00:00Z,21,21,ml-fbef3053c41202da61a895a2,gfs-de975058bbbe0c5099edf51a,verified_object_version,0.9363475609119766,forecast-ffc125e615892f066ef2e965,2026-02-05T18:00:00Z,2026-02-06T20:00:00+05:00
forecast-ffc125e615892f066ef2e965,turbine_2,2026-02-05T18:00:00Z,2026-02-06T16:00:00Z,22,22,ml-fbef3053c41202da61a895a2,gfs-de975058bbbe0c5099edf51a,verified_object_version,0.9496524244448675,forecast-ffc125e615892f066ef2e965,2026-02-05T18:00:00Z,2026-02-06T21:00:00+05:00
forecast-ffc125e615892f066ef2e965,turbine_2,2026-02-05T18:00:00Z,2026-02-06T17:00:00Z,23,23,ml-fbef3053c41202da61a895a2,gfs-de975058bbbe0c5099edf51a,verified_object_version,0.9530236307935732,forecast-ffc125e615892f066ef2e965,2026-02-05T18:00:00Z,2026-02-06T22:00:00+05:00
forecast-ffc125e615892f066ef2e965,turbine_2,2026-02-05T18:00:00Z,2026-02-06T18:00:00Z,24,24,ml-fbef3053c41202da61a895a2,gfs-de975058bbbe0c5099edf51a,verified_object_version,0.9403984664742755,forecast-ffc125e615892f066ef2e965,2026-02-05T18:00:00Z,2026-02-06T23:00:00+05:00
forecast-6fe4a6e72b9597df87b32e09,turbine_2,2026-02-06T18:00:00Z,2026-02-06T19:00:00Z,1,1,ml-fbef3053c41202da61a895a2,gfs-1ac70e20a72b04f3645a192a,verified_object_version,0.9225309738475007,forecast-6fe4a6e72b9597df87b32e09,2026-02-06T18:00:00Z,2026-02-07T00:00:00+05:00
forecast-6fe4a6e72b9597df87b32e09,turbine_2,2026-02-06T18:00:00Z,2026-02-06T20:00:00Z,2,2,ml-fbef3053c41202da61a895a2,gfs-1ac70e20a72b04f3645a192a,verified_object_version,0.806109620126332,forecast-6fe4a6e72b9597df87b32e09,2026-02-06T18:00:00Z,2026-02-07T01:00:00+05:00
forecast-6fe4a6e72b9597df87b32e09,turbine_2,2026-02-06T18:00:00Z,2026-02-06T21:00:00Z,3,3,ml-fbef3053c41202da61a895a2,gfs-1ac70e20a72b04f3645a192a,verified_object_version,0.6010033866726512,forecast-6fe4a6e72b9597df87b32e09,2026-02-06T18:00:00Z,2026-02-07T02:00:00+05:00
forecast-6fe4a6e72b9597df87b32e09,turbine_2,2026-02-06T18:00:00Z,2026-02-06T22:00:00Z,4,4,ml-fbef3053c41202da61a895a2,gfs-1ac70e20a72b04f3645a192a,verified_object_version,0.2976163586461942,forecast-6fe4a6e72b9597df87b32e09,2026-02-06T18:00:00Z,2026-02-07T03:00:00+05:00
forecast-6fe4a6e72b9597df87b32e09,turbine_2,2026-02-06T18:00:00Z,2026-02-06T23:00:00Z,5,5,ml-fbef3053c41202da61a895a2,gfs-1ac70e20a72b04f3645a192a,verified_object_version,0.11411693264070732,forecast-6fe4a6e72b9597df87b32e09,2026-02-06T18:00:00Z,2026-02-07T04:00:00+05:00
forecast-6fe4a6e72b9597df87b32e09,turbine_2,2026-02-06T18:00:00Z,2026-02-07T00:00:00Z,6,6,ml-fbef3053c41202da61a895a2,gfs-1ac70e20a72b04f3645a192a,verified_object_version,0.05895087838430091,forecast-6fe4a6e72b9597df87b32e09,2026-02-06T18:00:00Z,2026-02-07T05:00:00+05:00
forecast-6fe4a6e72b9597df87b32e09,turbine_2,2026-02-06T18:00:00Z,2026-02-07T01:00:00Z,7,7,ml-fbef3053c41202da61a895a2,gfs-1ac70e20a72b04f3645a192a,verified_object_version,0.0380879687543072,forecast-6fe4a6e72b9597df87b32e09,2026-02-06T18:00:00Z,2026-02-07T06:00:00+05:00
forecast-6fe4a6e72b9597df87b32e09,turbine_2,2026-02-06T18:00:00Z,2026-02-07T02:00:00Z,8,8,ml-fbef3053c41202da61a895a2,gfs-1ac70e20a72b04f3645a192a,verified_object_version,0.013864199116912862,forecast-6fe4a6e72b9597df87b32e09,2026-02-06T18:00:00Z,2026-02-07T07:00:00+05:00
forecast-6fe4a6e72b9597df87b32e09,turbine_2,2026-02-06T18:00:00Z,2026-02-07T03:00:00Z,9,9,ml-fbef3053c41202da61a895a2,gfs-1ac70e20a72b04f3645a192a,verified_object_version,0.014885345539712935,forecast-6fe4a6e72b9597df87b32e09,2026-02-06T18:00:00Z,2026-02-07T08:00:00+05:00
forecast-6fe4a6e72b9597df87b32e09,turbine_2,2026-02-06T18:00:00Z,2026-02-07T04:00:00Z,10,10,ml-fbef3053c41202da61a895a2,gfs-1ac70e20a72b04f3645a192a,verified_object_version,0.022081244313335913,forecast-6fe4a6e72b9597df87b32e09,2026-02-06T18:00:00Z,2026-02-07T09:00:00+05:00
forecast-6fe4a6e72b9597df87b32e09,turbine_2,2026-02-06T18:00:00Z,2026-02-07T05:00:00Z,11,11,ml-fbef3053c41202da61a895a2,gfs-1ac70e20a72b04f3645a192a,verified_object_version,0.3423094511589574,forecast-6fe4a6e72b9597df87b32e09,2026-02-06T18:00:00Z,2026-02-07T10:00:00+05:00
forecast-6fe4a6e72b9597df87b32e09,turbine_2,2026-02-06T18:00:00Z,2026-02-07T06:00:00Z,12,12,ml-fbef3053c41202da61a895a2,gfs-1ac70e20a72b04f3645a192a,verified_object_version,0.76741573531675,forecast-6fe4a6e72b9597df87b32e09,2026-02-06T18:00:00Z,2026-02-07T11:00:00+05:00
forecast-6fe4a6e72b9597df87b32e09,turbine_2,2026-02-06T18:00:00Z,2026-02-07T07:00:00Z,13,13,ml-fbef3053c41202da61a895a2,gfs-1ac70e20a72b04f3645a192a,verified_object_version,0.5095019778824068,forecast-6fe4a6e72b9597df87b32e09,2026-02-06T18:00:00Z,2026-02-07T12:00:00+05:00
forecast-6fe4a6e72b9597df87b32e09,turbine_2,2026-02-06T18:00:00Z,2026-02-07T08:00:00Z,14,14,ml-fbef3053c41202da61a895a2,gfs-1ac70e20a72b04f3645a192a,verified_object_version,0.45000605053082415,forecast-6fe4a6e72b9597df87b32e09,2026-02-06T18:00:00Z,2026-02-07T13:00:00+05:00
forecast-6fe4a6e72b9597df87b32e09,turbine_2,2026-02-06T18:00:00Z,2026-02-07T09:00:00Z,15,15,ml-fbef3053c41202da61a895a2,gfs-1ac70e20a72b04f3645a192a,verified_object_version,0.24469553678135347,forecast-6fe4a6e72b9597df87b32e09,2026-02-06T18:00:00Z,2026-02-07T14:00:00+05:00
forecast-6fe4a6e72b9597df87b32e09,turbine_2,2026-02-06T18:00:00Z,2026-02-07T10:00:00Z,16,16,ml-fbef3053c41202da61a895a2,gfs-1ac70e20a72b04f3645a192a,verified_object_version,0.11604391672459315,forecast-6fe4a6e72b9597df87b32e09,2026-02-06T18:00:00Z,2026-02-07T15:00:00+05:00
forecast-6fe4a6e72b9597df87b32e09,turbine_2,2026-02-06T18:00:00Z,2026-02-07T11:00:00Z,17,17,ml-fbef3053c41202da61a895a2,gfs-1ac70e20a72b04f3645a192a,verified_object_version,0.07326744741450081,forecast-6fe4a6e72b9597df87b32e09,2026-02-06T18:00:00Z,2026-02-07T16:00:00+05:00
forecast-6fe4a6e72b9597df87b32e09,turbine_2,2026-02-06T18:00:00Z,2026-02-07T12:00:00Z,18,18,ml-fbef3053c41202da61a895a2,gfs-1ac70e20a72b04f3645a192a,verified_object_version,0.05432537278844693,forecast-6fe4a6e72b9597df87b32e09,2026-02-06T18:00:00Z,2026-02-07T17:00:00+05:00
forecast-6fe4a6e72b9597df87b32e09,turbine_2,2026-02-06T18:00:00Z,2026-02-07T13:00:00Z,19,19,ml-fbef3053c41202da61a895a2,gfs-1ac70e20a72b04f3645a192a,verified_object_version,0.03264671732193172,forecast-6fe4a6e72b9597df87b32e09,2026-02-06T18:00:00Z,2026-02-07T18:00:00+05:00
forecast-6fe4a6e72b9597df87b32e09,turbine_2,2026-02-06T18:00:00Z,2026-02-07T14:00:00Z,20,20,ml-fbef3053c41202da61a895a2,gfs-1ac70e20a72b04f3645a192a,verified_object_version,0.04724087542935271,forecast-6fe4a6e72b9597df87b32e09,2026-02-06T18:00:00Z,2026-02-07T19:00:00+05:00
forecast-6fe4a6e72b9597df87b32e09,turbine_2,2026-02-06T18:00:00Z,2026-02-07T15:00:00Z,21,21,ml-fbef3053c41202da61a895a2,gfs-1ac70e20a72b04f3645a192a,verified_object_version,0.09871536507803196,forecast-6fe4a6e72b9597df87b32e09,2026-02-06T18:00:00Z,2026-02-07T20:00:00+05:00
forecast-6fe4a6e72b9597df87b32e09,turbine_2,2026-02-06T18:00:00Z,2026-02-07T16:00:00Z,22,22,ml-fbef3053c41202da61a895a2,gfs-1ac70e20a72b04f3645a192a,verified_object_version,0.12063766355297402,forecast-6fe4a6e72b9597df87b32e09,2026-02-06T18:00:00Z,2026-02-07T21:00:00+05:00
forecast-6fe4a6e72b9597df87b32e09,turbine_2,2026-02-06T18:00:00Z,2026-02-07T17:00:00Z,23,23,ml-fbef3053c41202da61a895a2,gfs-1ac70e20a72b04f3645a192a,verified_object_version,0.11931589868415189,forecast-6fe4a6e72b9597df87b32e09,2026-02-06T18:00:00Z,2026-02-07T22:00:00+05:00
forecast-6fe4a6e72b9597df87b32e09,turbine_2,2026-02-06T18:00:00Z,2026-02-07T18:00:00Z,24,24,ml-fbef3053c41202da61a895a2,gfs-1ac70e20a72b04f3645a192a,verified_object_version,0.15636030662272213,forecast-6fe4a6e72b9597df87b32e09,2026-02-06T18:00:00Z,2026-02-07T23:00:00+05:00
forecast-c3c5d0fdca1b3eeee4006fd4,turbine_2,2026-02-07T18:00:00Z,2026-02-07T19:00:00Z,1,1,ml-fbef3053c41202da61a895a2,gfs-eb0b3b8d72d276806abaec84,verified_object_version,0.8385427616791101,forecast-c3c5d0fdca1b3eeee4006fd4,2026-02-07T18:00:00Z,2026-02-08T00:00:00+05:00
forecast-c3c5d0fdca1b3eeee4006fd4,turbine_2,2026-02-07T18:00:00Z,2026-02-07T20:00:00Z,2,2,ml-fbef3053c41202da61a895a2,gfs-eb0b3b8d72d276806abaec84,verified_object_version,0.9491860148678462,forecast-c3c5d0fdca1b3eeee4006fd4,2026-02-07T18:00:00Z,2026-02-08T01:00:00+05:00
forecast-c3c5d0fdca1b3eeee4006fd4,turbine_2,2026-02-07T18:00:00Z,2026-02-07T21:00:00Z,3,3,ml-fbef3053c41202da61a895a2,gfs-eb0b3b8d72d276806abaec84,verified_object_version,0.9543068562181908,forecast-c3c5d0fdca1b3eeee4006fd4,2026-02-07T18:00:00Z,2026-02-08T02:00:00+05:00
forecast-c3c5d0fdca1b3eeee4006fd4,turbine_2,2026-02-07T18:00:00Z,2026-02-07T22:00:00Z,4,4,ml-fbef3053c41202da61a895a2,gfs-eb0b3b8d72d276806abaec84,verified_object_version,0.8821407090871525,forecast-c3c5d0fdca1b3eeee4006fd4,2026-02-07T18:00:00Z,2026-02-08T03:00:00+05:00
forecast-c3c5d0fdca1b3eeee4006fd4,turbine_2,2026-02-07T18:00:00Z,2026-02-07T23:00:00Z,5,5,ml-fbef3053c41202da61a895a2,gfs-eb0b3b8d72d276806abaec84,verified_object_version,0.7206118017673361,forecast-c3c5d0fdca1b3eeee4006fd4,2026-02-07T18:00:00Z,2026-02-08T04:00:00+05:00
forecast-c3c5d0fdca1b3eeee4006fd4,turbine_2,2026-02-07T18:00:00Z,2026-02-08T00:00:00Z,6,6,ml-fbef3053c41202da61a895a2,gfs-eb0b3b8d72d276806abaec84,verified_object_version,0.5750592771072363,forecast-c3c5d0fdca1b3eeee4006fd4,2026-02-07T18:00:00Z,2026-02-08T05:00:00+05:00
forecast-c3c5d0fdca1b3eeee4006fd4,turbine_2,2026-02-07T18:00:00Z,2026-02-08T01:00:00Z,7,7,ml-fbef3053c41202da61a895a2,gfs-eb0b3b8d72d276806abaec84,verified_object_version,0.39019162866879564,forecast-c3c5d0fdca1b3eeee4006fd4,2026-02-07T18:00:00Z,2026-02-08T06:00:00+05:00
forecast-c3c5d0fdca1b3eeee4006fd4,turbine_2,2026-02-07T18:00:00Z,2026-02-08T02:00:00Z,8,8,ml-fbef3053c41202da61a895a2,gfs-eb0b3b8d72d276806abaec84,verified_object_version,0.16662565346277106,forecast-c3c5d0fdca1b3eeee4006fd4,2026-02-07T18:00:00Z,2026-02-08T07:00:00+05:00
forecast-c3c5d0fdca1b3eeee4006fd4,turbine_2,2026-02-07T18:00:00Z,2026-02-08T03:00:00Z,9,9,ml-fbef3053c41202da61a895a2,gfs-eb0b3b8d72d276806abaec84,verified_object_version,0.12719206034854424,forecast-c3c5d0fdca1b3eeee4006fd4,2026-02-07T18:00:00Z,2026-02-08T08:00:00+05:00
forecast-c3c5d0fdca1b3eeee4006fd4,turbine_2,2026-02-07T18:00:00Z,2026-02-08T04:00:00Z,10,10,ml-fbef3053c41202da61a895a2,gfs-eb0b3b8d72d276806abaec84,verified_object_version,0.10409024453357323,forecast-c3c5d0fdca1b3eeee4006fd4,2026-02-07T18:00:00Z,2026-02-08T09:00:00+05:00
forecast-c3c5d0fdca1b3eeee4006fd4,turbine_2,2026-02-07T18:00:00Z,2026-02-08T05:00:00Z,11,11,ml-fbef3053c41202da61a895a2,gfs-eb0b3b8d72d276806abaec84,verified_object_version,0.0637385814355996,forecast-c3c5d0fdca1b3eeee4006fd4,2026-02-07T18:00:00Z,2026-02-08T10:00:00+05:00
forecast-c3c5d0fdca1b3eeee4006fd4,turbine_2,2026-02-07T18:00:00Z,2026-02-08T06:00:00Z,12,12,ml-fbef3053c41202da61a895a2,gfs-eb0b3b8d72d276806abaec84,verified_object_version,0.038783904976964295,forecast-c3c5d0fdca1b3eeee4006fd4,2026-02-07T18:00:00Z,2026-02-08T11:00:00+05:00
forecast-c3c5d0fdca1b3eeee4006fd4,turbine_2,2026-02-07T18:00:00Z,2026-02-08T07:00:00Z,13,13,ml-fbef3053c41202da61a895a2,gfs-eb0b3b8d72d276806abaec84,verified_object_version,0.014839099156615826,forecast-c3c5d0fdca1b3eeee4006fd4,2026-02-07T18:00:00Z,2026-02-08T12:00:00+05:00
forecast-c3c5d0fdca1b3eeee4006fd4,turbine_2,2026-02-07T18:00:00Z,2026-02-08T08:00:00Z,14,14,ml-fbef3053c41202da61a895a2,gfs-eb0b3b8d72d276806abaec84,verified_object_version,0.027930385515817557,forecast-c3c5d0fdca1b3eeee4006fd4,2026-02-07T18:00:00Z,2026-02-08T13:00:00+05:00
forecast-c3c5d0fdca1b3eeee4006fd4,turbine_2,2026-02-07T18:00:00Z,2026-02-08T09:00:00Z,15,15,ml-fbef3053c41202da61a895a2,gfs-eb0b3b8d72d276806abaec84,verified_object_version,0.03346519149708005,forecast-c3c5d0fdca1b3eeee4006fd4,2026-02-07T18:00:00Z,2026-02-08T14:00:00+05:00
forecast-c3c5d0fdca1b3eeee4006fd4,turbine_2,2026-02-07T18:00:00Z,2026-02-08T10:00:00Z,16,16,ml-fbef3053c41202da61a895a2,gfs-eb0b3b8d72d276806abaec84,verified_object_version,0.5514537944657744,forecast-c3c5d0fdca1b3eeee4006fd4,2026-02-07T18:00:00Z,2026-02-08T15:00:00+05:00
forecast-c3c5d0fdca1b3eeee4006fd4,turbine_2,2026-02-07T18:00:00Z,2026-02-08T11:00:00Z,17,17,ml-fbef3053c41202da61a895a2,gfs-eb0b3b8d72d276806abaec84,verified_object_version,0.9145811530792285,forecast-c3c5d0fdca1b3eeee4006fd4,2026-02-07T18:00:00Z,2026-02-08T16:00:00+05:00
forecast-c3c5d0fdca1b3eeee4006fd4,turbine_2,2026-02-07T18:00:00Z,2026-02-08T12:00:00Z,18,18,ml-fbef3053c41202da61a895a2,gfs-eb0b3b8d72d276806abaec84,verified_object_version,0.9717429484640272,forecast-c3c5d0fdca1b3eeee4006fd4,2026-02-07T18:00:00Z,2026-02-08T17:00:00+05:00
forecast-c3c5d0fdca1b3eeee4006fd4,turbine_2,2026-02-07T18:00:00Z,2026-02-08T13:00:00Z,19,19,ml-fbef3053c41202da61a895a2,gfs-eb0b3b8d72d276806abaec84,verified_object_version,0.9620984906690115,forecast-c3c5d0fdca1b3eeee4006fd4,2026-02-07T18:00:00Z,2026-02-08T18:00:00+05:00
forecast-c3c5d0fdca1b3eeee4006fd4,turbine_2,2026-02-07T18:00:00Z,2026-02-08T14:00:00Z,20,20,ml-fbef3053c41202da61a895a2,gfs-eb0b3b8d72d276806abaec84,verified_object_version,0.9643265655955677,forecast-c3c5d0fdca1b3eeee4006fd4,2026-02-07T18:00:00Z,2026-02-08T19:00:00+05:00
forecast-c3c5d0fdca1b3eeee4006fd4,turbine_2,2026-02-07T18:00:00Z,2026-02-08T15:00:00Z,21,21,ml-fbef3053c41202da61a895a2,gfs-eb0b3b8d72d276806abaec84,verified_object_version,0.9615816975760487,forecast-c3c5d0fdca1b3eeee4006fd4,2026-02-07T18:00:00Z,2026-02-08T20:00:00+05:00
forecast-c3c5d0fdca1b3eeee4006fd4,turbine_2,2026-02-07T18:00:00Z,2026-02-08T16:00:00Z,22,22,ml-fbef3053c41202da61a895a2,gfs-eb0b3b8d72d276806abaec84,verified_object_version,0.9743796192669214,forecast-c3c5d0fdca1b3eeee4006fd4,2026-02-07T18:00:00Z,2026-02-08T21:00:00+05:00
forecast-c3c5d0fdca1b3eeee4006fd4,turbine_2,2026-02-07T18:00:00Z,2026-02-08T17:00:00Z,23,23,ml-fbef3053c41202da61a895a2,gfs-eb0b3b8d72d276806abaec84,verified_object_version,0.9738545783578317,forecast-c3c5d0fdca1b3eeee4006fd4,2026-02-07T18:00:00Z,2026-02-08T22:00:00+05:00
forecast-c3c5d0fdca1b3eeee4006fd4,turbine_2,2026-02-07T18:00:00Z,2026-02-08T18:00:00Z,24,24,ml-fbef3053c41202da61a895a2,gfs-eb0b3b8d72d276806abaec84,verified_object_version,0.9735383446529783,forecast-c3c5d0fdca1b3eeee4006fd4,2026-02-07T18:00:00Z,2026-02-08T23:00:00+05:00
forecast-94a95be00664a9fb55619c8f,turbine_2,2026-02-08T18:00:00Z,2026-02-08T19:00:00Z,1,1,ml-fbef3053c41202da61a895a2,gfs-15849efe12ca8a2194ecd248,verified_object_version,0.941575459866061,forecast-94a95be00664a9fb55619c8f,2026-02-08T18:00:00Z,2026-02-09T00:00:00+05:00
forecast-94a95be00664a9fb55619c8f,turbine_2,2026-02-08T18:00:00Z,2026-02-08T20:00:00Z,2,2,ml-fbef3053c41202da61a895a2,gfs-15849efe12ca8a2194ecd248,verified_object_version,0.938623855694195,forecast-94a95be00664a9fb55619c8f,2026-02-08T18:00:00Z,2026-02-09T01:00:00+05:00
forecast-94a95be00664a9fb55619c8f,turbine_2,2026-02-08T18:00:00Z,2026-02-08T21:00:00Z,3,3,ml-fbef3053c41202da61a895a2,gfs-15849efe12ca8a2194ecd248,verified_object_version,0.9684038734664003,forecast-94a95be00664a9fb55619c8f,2026-02-08T18:00:00Z,2026-02-09T02:00:00+05:00
forecast-94a95be00664a9fb55619c8f,turbine_2,2026-02-08T18:00:00Z,2026-02-08T22:00:00Z,4,4,ml-fbef3053c41202da61a895a2,gfs-15849efe12ca8a2194ecd248,verified_object_version,0.9794988569030514,forecast-94a95be00664a9fb55619c8f,2026-02-08T18:00:00Z,2026-02-09T03:00:00+05:00
forecast-94a95be00664a9fb55619c8f,turbine_2,2026-02-08T18:00:00Z,2026-02-08T23:00:00Z,5,5,ml-fbef3053c41202da61a895a2,gfs-15849efe12ca8a2194ecd248,verified_object_version,0.9781823534247776,forecast-94a95be00664a9fb55619c8f,2026-02-08T18:00:00Z,2026-02-09T04:00:00+05:00
forecast-94a95be00664a9fb55619c8f,turbine_2,2026-02-08T18:00:00Z,2026-02-09T00:00:00Z,6,6,ml-fbef3053c41202da61a895a2,gfs-15849efe12ca8a2194ecd248,verified_object_version,0.9657503595082289,forecast-94a95be00664a9fb55619c8f,2026-02-08T18:00:00Z,2026-02-09T05:00:00+05:00
forecast-94a95be00664a9fb55619c8f,turbine_2,2026-02-08T18:00:00Z,2026-02-09T01:00:00Z,7,7,ml-fbef3053c41202da61a895a2,gfs-15849efe12ca8a2194ecd248,verified_object_version,0.9289689464108263,forecast-94a95be00664a9fb55619c8f,2026-02-08T18:00:00Z,2026-02-09T06:00:00+05:00
forecast-94a95be00664a9fb55619c8f,turbine_2,2026-02-08T18:00:00Z,2026-02-09T02:00:00Z,8,8,ml-fbef3053c41202da61a895a2,gfs-15849efe12ca8a2194ecd248,verified_object_version,0.9298386433603558,forecast-94a95be00664a9fb55619c8f,2026-02-08T18:00:00Z,2026-02-09T07:00:00+05:00
forecast-94a95be00664a9fb55619c8f,turbine_2,2026-02-08T18:00:00Z,2026-02-09T03:00:00Z,9,9,ml-fbef3053c41202da61a895a2,gfs-15849efe12ca8a2194ecd248,verified_object_version,0.9004061988889144,forecast-94a95be00664a9fb55619c8f,2026-02-08T18:00:00Z,2026-02-09T08:00:00+05:00
forecast-94a95be00664a9fb55619c8f,turbine_2,2026-02-08T18:00:00Z,2026-02-09T04:00:00Z,10,10,ml-fbef3053c41202da61a895a2,gfs-15849efe12ca8a2194ecd248,verified_object_version,0.9412839845573154,forecast-94a95be00664a9fb55619c8f,2026-02-08T18:00:00Z,2026-02-09T09:00:00+05:00
forecast-94a95be00664a9fb55619c8f,turbine_2,2026-02-08T18:00:00Z,2026-02-09T05:00:00Z,11,11,ml-fbef3053c41202da61a895a2,gfs-15849efe12ca8a2194ecd248,verified_object_version,0.9420506702436381,forecast-94a95be00664a9fb55619c8f,2026-02-08T18:00:00Z,2026-02-09T10:00:00+05:00
forecast-94a95be00664a9fb55619c8f,turbine_2,2026-02-08T18:00:00Z,2026-02-09T06:00:00Z,12,12,ml-fbef3053c41202da61a895a2,gfs-15849efe12ca8a2194ecd248,verified_object_version,0.9658075905385772,forecast-94a95be00664a9fb55619c8f,2026-02-08T18:00:00Z,2026-02-09T11:00:00+05:00
forecast-94a95be00664a9fb55619c8f,turbine_2,2026-02-08T18:00:00Z,2026-02-09T07:00:00Z,13,13,ml-fbef3053c41202da61a895a2,gfs-15849efe12ca8a2194ecd248,verified_object_version,0.9636203701728413,forecast-94a95be00664a9fb55619c8f,2026-02-08T18:00:00Z,2026-02-09T12:00:00+05:00
forecast-94a95be00664a9fb55619c8f,turbine_2,2026-02-08T18:00:00Z,2026-02-09T08:00:00Z,14,14,ml-fbef3053c41202da61a895a2,gfs-15849efe12ca8a2194ecd248,verified_object_version,0.9766357417182882,forecast-94a95be00664a9fb55619c8f,2026-02-08T18:00:00Z,2026-02-09T13:00:00+05:00
forecast-94a95be00664a9fb55619c8f,turbine_2,2026-02-08T18:00:00Z,2026-02-09T09:00:00Z,15,15,ml-fbef3053c41202da61a895a2,gfs-15849efe12ca8a2194ecd248,verified_object_version,0.9644836275621815,forecast-94a95be00664a9fb55619c8f,2026-02-08T18:00:00Z,2026-02-09T14:00:00+05:00
forecast-94a95be00664a9fb55619c8f,turbine_2,2026-02-08T18:00:00Z,2026-02-09T10:00:00Z,16,16,ml-fbef3053c41202da61a895a2,gfs-15849efe12ca8a2194ecd248,verified_object_version,0.9658947735785803,forecast-94a95be00664a9fb55619c8f,2026-02-08T18:00:00Z,2026-02-09T15:00:00+05:00
forecast-94a95be00664a9fb55619c8f,turbine_2,2026-02-08T18:00:00Z,2026-02-09T11:00:00Z,17,17,ml-fbef3053c41202da61a895a2,gfs-15849efe12ca8a2194ecd248,verified_object_version,0.9519357965569839,forecast-94a95be00664a9fb55619c8f,2026-02-08T18:00:00Z,2026-02-09T16:00:00+05:00
forecast-94a95be00664a9fb55619c8f,turbine_2,2026-02-08T18:00:00Z,2026-02-09T12:00:00Z,18,18,ml-fbef3053c41202da61a895a2,gfs-15849efe12ca8a2194ecd248,verified_object_version,0.7167759364013849,forecast-94a95be00664a9fb55619c8f,2026-02-08T18:00:00Z,2026-02-09T17:00:00+05:00
forecast-94a95be00664a9fb55619c8f,turbine_2,2026-02-08T18:00:00Z,2026-02-09T13:00:00Z,19,19,ml-fbef3053c41202da61a895a2,gfs-15849efe12ca8a2194ecd248,verified_object_version,0.15521471168643458,forecast-94a95be00664a9fb55619c8f,2026-02-08T18:00:00Z,2026-02-09T18:00:00+05:00
forecast-94a95be00664a9fb55619c8f,turbine_2,2026-02-08T18:00:00Z,2026-02-09T14:00:00Z,20,20,ml-fbef3053c41202da61a895a2,gfs-15849efe12ca8a2194ecd248,verified_object_version,0.16603630091561639,forecast-94a95be00664a9fb55619c8f,2026-02-08T18:00:00Z,2026-02-09T19:00:00+05:00
forecast-94a95be00664a9fb55619c8f,turbine_2,2026-02-08T18:00:00Z,2026-02-09T15:00:00Z,21,21,ml-fbef3053c41202da61a895a2,gfs-15849efe12ca8a2194ecd248,verified_object_version,0.06120417739663553,forecast-94a95be00664a9fb55619c8f,2026-02-08T18:00:00Z,2026-02-09T20:00:00+05:00
forecast-94a95be00664a9fb55619c8f,turbine_2,2026-02-08T18:00:00Z,2026-02-09T16:00:00Z,22,22,ml-fbef3053c41202da61a895a2,gfs-15849efe12ca8a2194ecd248,verified_object_version,0.031980968183481756,forecast-94a95be00664a9fb55619c8f,2026-02-08T18:00:00Z,2026-02-09T21:00:00+05:00
forecast-94a95be00664a9fb55619c8f,turbine_2,2026-02-08T18:00:00Z,2026-02-09T17:00:00Z,23,23,ml-fbef3053c41202da61a895a2,gfs-15849efe12ca8a2194ecd248,verified_object_version,0.015886083407507606,forecast-94a95be00664a9fb55619c8f,2026-02-08T18:00:00Z,2026-02-09T22:00:00+05:00
forecast-94a95be00664a9fb55619c8f,turbine_2,2026-02-08T18:00:00Z,2026-02-09T18:00:00Z,24,24,ml-fbef3053c41202da61a895a2,gfs-15849efe12ca8a2194ecd248,verified_object_version,0.016714528258259892,forecast-94a95be00664a9fb55619c8f,2026-02-08T18:00:00Z,2026-02-09T23:00:00+05:00
forecast-f7a02c0ce861e9c83830c1c6,turbine_2,2026-02-09T18:00:00Z,2026-02-09T19:00:00Z,1,1,ml-fbef3053c41202da61a895a2,gfs-cda9569b4eadd2d5a7b12740,verified_object_version,0.03026084127076506,forecast-f7a02c0ce861e9c83830c1c6,2026-02-09T18:00:00Z,2026-02-10T00:00:00+05:00
forecast-f7a02c0ce861e9c83830c1c6,turbine_2,2026-02-09T18:00:00Z,2026-02-09T20:00:00Z,2,2,ml-fbef3053c41202da61a895a2,gfs-cda9569b4eadd2d5a7b12740,verified_object_version,0.013091868998702655,forecast-f7a02c0ce861e9c83830c1c6,2026-02-09T18:00:00Z,2026-02-10T01:00:00+05:00
forecast-f7a02c0ce861e9c83830c1c6,turbine_2,2026-02-09T18:00:00Z,2026-02-09T21:00:00Z,3,3,ml-fbef3053c41202da61a895a2,gfs-cda9569b4eadd2d5a7b12740,verified_object_version,0.014018090977850783,forecast-f7a02c0ce861e9c83830c1c6,2026-02-09T18:00:00Z,2026-02-10T02:00:00+05:00
forecast-f7a02c0ce861e9c83830c1c6,turbine_2,2026-02-09T18:00:00Z,2026-02-09T22:00:00Z,4,4,ml-fbef3053c41202da61a895a2,gfs-cda9569b4eadd2d5a7b12740,verified_object_version,0.019025812277155052,forecast-f7a02c0ce861e9c83830c1c6,2026-02-09T18:00:00Z,2026-02-10T03:00:00+05:00
forecast-f7a02c0ce861e9c83830c1c6,turbine_2,2026-02-09T18:00:00Z,2026-02-09T23:00:00Z,5,5,ml-fbef3053c41202da61a895a2,gfs-cda9569b4eadd2d5a7b12740,verified_object_version,0.06984680505162613,forecast-f7a02c0ce861e9c83830c1c6,2026-02-09T18:00:00Z,2026-02-10T04:00:00+05:00
forecast-f7a02c0ce861e9c83830c1c6,turbine_2,2026-02-09T18:00:00Z,2026-02-10T00:00:00Z,6,6,ml-fbef3053c41202da61a895a2,gfs-cda9569b4eadd2d5a7b12740,verified_object_version,0.3252677941051696,forecast-f7a02c0ce861e9c83830c1c6,2026-02-09T18:00:00Z,2026-02-10T05:00:00+05:00
forecast-f7a02c0ce861e9c83830c1c6,turbine_2,2026-02-09T18:00:00Z,2026-02-10T01:00:00Z,7,7,ml-fbef3053c41202da61a895a2,gfs-cda9569b4eadd2d5a7b12740,verified_object_version,0.27906806356690816,forecast-f7a02c0ce861e9c83830c1c6,2026-02-09T18:00:00Z,2026-02-10T06:00:00+05:00
forecast-f7a02c0ce861e9c83830c1c6,turbine_2,2026-02-09T18:00:00Z,2026-02-10T02:00:00Z,8,8,ml-fbef3053c41202da61a895a2,gfs-cda9569b4eadd2d5a7b12740,verified_object_version,0.3712010742658593,forecast-f7a02c0ce861e9c83830c1c6,2026-02-09T18:00:00Z,2026-02-10T07:00:00+05:00
forecast-f7a02c0ce861e9c83830c1c6,turbine_2,2026-02-09T18:00:00Z,2026-02-10T03:00:00Z,9,9,ml-fbef3053c41202da61a895a2,gfs-cda9569b4eadd2d5a7b12740,verified_object_version,0.3207645706911564,forecast-f7a02c0ce861e9c83830c1c6,2026-02-09T18:00:00Z,2026-02-10T08:00:00+05:00
forecast-f7a02c0ce861e9c83830c1c6,turbine_2,2026-02-09T18:00:00Z,2026-02-10T04:00:00Z,10,10,ml-fbef3053c41202da61a895a2,gfs-cda9569b4eadd2d5a7b12740,verified_object_version,0.28449043111212413,forecast-f7a02c0ce861e9c83830c1c6,2026-02-09T18:00:00Z,2026-02-10T09:00:00+05:00
forecast-f7a02c0ce861e9c83830c1c6,turbine_2,2026-02-09T18:00:00Z,2026-02-10T05:00:00Z,11,11,ml-fbef3053c41202da61a895a2,gfs-cda9569b4eadd2d5a7b12740,verified_object_version,0.6338545447618973,forecast-f7a02c0ce861e9c83830c1c6,2026-02-09T18:00:00Z,2026-02-10T10:00:00+05:00
forecast-f7a02c0ce861e9c83830c1c6,turbine_2,2026-02-09T18:00:00Z,2026-02-10T06:00:00Z,12,12,ml-fbef3053c41202da61a895a2,gfs-cda9569b4eadd2d5a7b12740,verified_object_version,0.5766651078274458,forecast-f7a02c0ce861e9c83830c1c6,2026-02-09T18:00:00Z,2026-02-10T11:00:00+05:00
forecast-f7a02c0ce861e9c83830c1c6,turbine_2,2026-02-09T18:00:00Z,2026-02-10T07:00:00Z,13,13,ml-fbef3053c41202da61a895a2,gfs-cda9569b4eadd2d5a7b12740,verified_object_version,0.08028040692862362,forecast-f7a02c0ce861e9c83830c1c6,2026-02-09T18:00:00Z,2026-02-10T12:00:00+05:00
forecast-f7a02c0ce861e9c83830c1c6,turbine_2,2026-02-09T18:00:00Z,2026-02-10T08:00:00Z,14,14,ml-fbef3053c41202da61a895a2,gfs-cda9569b4eadd2d5a7b12740,verified_object_version,0.13077956486666958,forecast-f7a02c0ce861e9c83830c1c6,2026-02-09T18:00:00Z,2026-02-10T13:00:00+05:00
forecast-f7a02c0ce861e9c83830c1c6,turbine_2,2026-02-09T18:00:00Z,2026-02-10T09:00:00Z,15,15,ml-fbef3053c41202da61a895a2,gfs-cda9569b4eadd2d5a7b12740,verified_object_version,0.03668847554145066,forecast-f7a02c0ce861e9c83830c1c6,2026-02-09T18:00:00Z,2026-02-10T14:00:00+05:00
forecast-f7a02c0ce861e9c83830c1c6,turbine_2,2026-02-09T18:00:00Z,2026-02-10T10:00:00Z,16,16,ml-fbef3053c41202da61a895a2,gfs-cda9569b4eadd2d5a7b12740,verified_object_version,0.04269726175120761,forecast-f7a02c0ce861e9c83830c1c6,2026-02-09T18:00:00Z,2026-02-10T15:00:00+05:00
forecast-f7a02c0ce861e9c83830c1c6,turbine_2,2026-02-09T18:00:00Z,2026-02-10T11:00:00Z,17,17,ml-fbef3053c41202da61a895a2,gfs-cda9569b4eadd2d5a7b12740,verified_object_version,0.04607675851313431,forecast-f7a02c0ce861e9c83830c1c6,2026-02-09T18:00:00Z,2026-02-10T16:00:00+05:00
forecast-f7a02c0ce861e9c83830c1c6,turbine_2,2026-02-09T18:00:00Z,2026-02-10T12:00:00Z,18,18,ml-fbef3053c41202da61a895a2,gfs-cda9569b4eadd2d5a7b12740,verified_object_version,0.08221824346288502,forecast-f7a02c0ce861e9c83830c1c6,2026-02-09T18:00:00Z,2026-02-10T17:00:00+05:00
forecast-f7a02c0ce861e9c83830c1c6,turbine_2,2026-02-09T18:00:00Z,2026-02-10T13:00:00Z,19,19,ml-fbef3053c41202da61a895a2,gfs-cda9569b4eadd2d5a7b12740,verified_object_version,0.18900840862225793,forecast-f7a02c0ce861e9c83830c1c6,2026-02-09T18:00:00Z,2026-02-10T18:00:00+05:00
forecast-f7a02c0ce861e9c83830c1c6,turbine_2,2026-02-09T18:00:00Z,2026-02-10T14:00:00Z,20,20,ml-fbef3053c41202da61a895a2,gfs-cda9569b4eadd2d5a7b12740,verified_object_version,0.5924929760250063,forecast-f7a02c0ce861e9c83830c1c6,2026-02-09T18:00:00Z,2026-02-10T19:00:00+05:00
forecast-f7a02c0ce861e9c83830c1c6,turbine_2,2026-02-09T18:00:00Z,2026-02-10T15:00:00Z,21,21,ml-fbef3053c41202da61a895a2,gfs-cda9569b4eadd2d5a7b12740,verified_object_version,0.599322400247724,forecast-f7a02c0ce861e9c83830c1c6,2026-02-09T18:00:00Z,2026-02-10T20:00:00+05:00
forecast-f7a02c0ce861e9c83830c1c6,turbine_2,2026-02-09T18:00:00Z,2026-02-10T16:00:00Z,22,22,ml-fbef3053c41202da61a895a2,gfs-cda9569b4eadd2d5a7b12740,verified_object_version,0.47639570754996696,forecast-f7a02c0ce861e9c83830c1c6,2026-02-09T18:00:00Z,2026-02-10T21:00:00+05:00
forecast-f7a02c0ce861e9c83830c1c6,turbine_2,2026-02-09T18:00:00Z,2026-02-10T17:00:00Z,23,23,ml-fbef3053c41202da61a895a2,gfs-cda9569b4eadd2d5a7b12740,verified_object_version,0.5728073414362111,forecast-f7a02c0ce861e9c83830c1c6,2026-02-09T18:00:00Z,2026-02-10T22:00:00+05:00
forecast-f7a02c0ce861e9c83830c1c6,turbine_2,2026-02-09T18:00:00Z,2026-02-10T18:00:00Z,24,24,ml-fbef3053c41202da61a895a2,gfs-cda9569b4eadd2d5a7b12740,verified_object_version,0.7711921514911484,forecast-f7a02c0ce861e9c83830c1c6,2026-02-09T18:00:00Z,2026-02-10T23:00:00+05:00
forecast-7f0b39a89d11520b94ec3696,turbine_2,2026-02-10T18:00:00Z,2026-02-10T19:00:00Z,1,1,ml-fbef3053c41202da61a895a2,gfs-d76e6f2e71fc35ebbc931307,verified_object_version,0.9711037550193033,forecast-7f0b39a89d11520b94ec3696,2026-02-10T18:00:00Z,2026-02-11T00:00:00+05:00
forecast-7f0b39a89d11520b94ec3696,turbine_2,2026-02-10T18:00:00Z,2026-02-10T20:00:00Z,2,2,ml-fbef3053c41202da61a895a2,gfs-d76e6f2e71fc35ebbc931307,verified_object_version,0.9277959806050654,forecast-7f0b39a89d11520b94ec3696,2026-02-10T18:00:00Z,2026-02-11T01:00:00+05:00
forecast-7f0b39a89d11520b94ec3696,turbine_2,2026-02-10T18:00:00Z,2026-02-10T21:00:00Z,3,3,ml-fbef3053c41202da61a895a2,gfs-d76e6f2e71fc35ebbc931307,verified_object_version,0.9244224812470148,forecast-7f0b39a89d11520b94ec3696,2026-02-10T18:00:00Z,2026-02-11T02:00:00+05:00
forecast-7f0b39a89d11520b94ec3696,turbine_2,2026-02-10T18:00:00Z,2026-02-10T22:00:00Z,4,4,ml-fbef3053c41202da61a895a2,gfs-d76e6f2e71fc35ebbc931307,verified_object_version,0.8097780239374509,forecast-7f0b39a89d11520b94ec3696,2026-02-10T18:00:00Z,2026-02-11T03:00:00+05:00
forecast-7f0b39a89d11520b94ec3696,turbine_2,2026-02-10T18:00:00Z,2026-02-10T23:00:00Z,5,5,ml-fbef3053c41202da61a895a2,gfs-d76e6f2e71fc35ebbc931307,verified_object_version,0.5428692545913383,forecast-7f0b39a89d11520b94ec3696,2026-02-10T18:00:00Z,2026-02-11T04:00:00+05:00
forecast-7f0b39a89d11520b94ec3696,turbine_2,2026-02-10T18:00:00Z,2026-02-11T00:00:00Z,6,6,ml-fbef3053c41202da61a895a2,gfs-d76e6f2e71fc35ebbc931307,verified_object_version,0.1668877499581734,forecast-7f0b39a89d11520b94ec3696,2026-02-10T18:00:00Z,2026-02-11T05:00:00+05:00
forecast-7f0b39a89d11520b94ec3696,turbine_2,2026-02-10T18:00:00Z,2026-02-11T01:00:00Z,7,7,ml-fbef3053c41202da61a895a2,gfs-d76e6f2e71fc35ebbc931307,verified_object_version,0.028890588295543945,forecast-7f0b39a89d11520b94ec3696,2026-02-10T18:00:00Z,2026-02-11T06:00:00+05:00
forecast-7f0b39a89d11520b94ec3696,turbine_2,2026-02-10T18:00:00Z,2026-02-11T02:00:00Z,8,8,ml-fbef3053c41202da61a895a2,gfs-d76e6f2e71fc35ebbc931307,verified_object_version,0.06388427010858888,forecast-7f0b39a89d11520b94ec3696,2026-02-10T18:00:00Z,2026-02-11T07:00:00+05:00
forecast-7f0b39a89d11520b94ec3696,turbine_2,2026-02-10T18:00:00Z,2026-02-11T03:00:00Z,9,9,ml-fbef3053c41202da61a895a2,gfs-d76e6f2e71fc35ebbc931307,verified_object_version,0.3569917445786351,forecast-7f0b39a89d11520b94ec3696,2026-02-10T18:00:00Z,2026-02-11T08:00:00+05:00
forecast-7f0b39a89d11520b94ec3696,turbine_2,2026-02-10T18:00:00Z,2026-02-11T04:00:00Z,10,10,ml-fbef3053c41202da61a895a2,gfs-d76e6f2e71fc35ebbc931307,verified_object_version,0.2884124006234243,forecast-7f0b39a89d11520b94ec3696,2026-02-10T18:00:00Z,2026-02-11T09:00:00+05:00
forecast-7f0b39a89d11520b94ec3696,turbine_2,2026-02-10T18:00:00Z,2026-02-11T05:00:00Z,11,11,ml-fbef3053c41202da61a895a2,gfs-d76e6f2e71fc35ebbc931307,verified_object_version,0.28097266373511276,forecast-7f0b39a89d11520b94ec3696,2026-02-10T18:00:00Z,2026-02-11T10:00:00+05:00
forecast-7f0b39a89d11520b94ec3696,turbine_2,2026-02-10T18:00:00Z,2026-02-11T06:00:00Z,12,12,ml-fbef3053c41202da61a895a2,gfs-d76e6f2e71fc35ebbc931307,verified_object_version,0.9589892486937752,forecast-7f0b39a89d11520b94ec3696,2026-02-10T18:00:00Z,2026-02-11T11:00:00+05:00
forecast-7f0b39a89d11520b94ec3696,turbine_2,2026-02-10T18:00:00Z,2026-02-11T07:00:00Z,13,13,ml-fbef3053c41202da61a895a2,gfs-d76e6f2e71fc35ebbc931307,verified_object_version,0.9336242463281409,forecast-7f0b39a89d11520b94ec3696,2026-02-10T18:00:00Z,2026-02-11T12:00:00+05:00
forecast-7f0b39a89d11520b94ec3696,turbine_2,2026-02-10T18:00:00Z,2026-02-11T08:00:00Z,14,14,ml-fbef3053c41202da61a895a2,gfs-d76e6f2e71fc35ebbc931307,verified_object_version,0.9356851749969445,forecast-7f0b39a89d11520b94ec3696,2026-02-10T18:00:00Z,2026-02-11T13:00:00+05:00
forecast-7f0b39a89d11520b94ec3696,turbine_2,2026-02-10T18:00:00Z,2026-02-11T09:00:00Z,15,15,ml-fbef3053c41202da61a895a2,gfs-d76e6f2e71fc35ebbc931307,verified_object_version,0.49164691339141364,forecast-7f0b39a89d11520b94ec3696,2026-02-10T18:00:00Z,2026-02-11T14:00:00+05:00
forecast-7f0b39a89d11520b94ec3696,turbine_2,2026-02-10T18:00:00Z,2026-02-11T10:00:00Z,16,16,ml-fbef3053c41202da61a895a2,gfs-d76e6f2e71fc35ebbc931307,verified_object_version,0.17636555884207128,forecast-7f0b39a89d11520b94ec3696,2026-02-10T18:00:00Z,2026-02-11T15:00:00+05:00
forecast-7f0b39a89d11520b94ec3696,turbine_2,2026-02-10T18:00:00Z,2026-02-11T11:00:00Z,17,17,ml-fbef3053c41202da61a895a2,gfs-d76e6f2e71fc35ebbc931307,verified_object_version,0.9116961343658891,forecast-7f0b39a89d11520b94ec3696,2026-02-10T18:00:00Z,2026-02-11T16:00:00+05:00
forecast-7f0b39a89d11520b94ec3696,turbine_2,2026-02-10T18:00:00Z,2026-02-11T12:00:00Z,18,18,ml-fbef3053c41202da61a895a2,gfs-d76e6f2e71fc35ebbc931307,verified_object_version,0.9182203456263038,forecast-7f0b39a89d11520b94ec3696,2026-02-10T18:00:00Z,2026-02-11T17:00:00+05:00
forecast-7f0b39a89d11520b94ec3696,turbine_2,2026-02-10T18:00:00Z,2026-02-11T13:00:00Z,19,19,ml-fbef3053c41202da61a895a2,gfs-d76e6f2e71fc35ebbc931307,verified_object_version,0.8788845693388261,forecast-7f0b39a89d11520b94ec3696,2026-02-10T18:00:00Z,2026-02-11T18:00:00+05:00
forecast-7f0b39a89d11520b94ec3696,turbine_2,2026-02-10T18:00:00Z,2026-02-11T14:00:00Z,20,20,ml-fbef3053c41202da61a895a2,gfs-d76e6f2e71fc35ebbc931307,verified_object_version,0.8984938495288766,forecast-7f0b39a89d11520b94ec3696,2026-02-10T18:00:00Z,2026-02-11T19:00:00+05:00
forecast-7f0b39a89d11520b94ec3696,turbine_2,2026-02-10T18:00:00Z,2026-02-11T15:00:00Z,21,21,ml-fbef3053c41202da61a895a2,gfs-d76e6f2e71fc35ebbc931307,verified_object_version,0.8621425660227395,forecast-7f0b39a89d11520b94ec3696,2026-02-10T18:00:00Z,2026-02-11T20:00:00+05:00
forecast-7f0b39a89d11520b94ec3696,turbine_2,2026-02-10T18:00:00Z,2026-02-11T16:00:00Z,22,22,ml-fbef3053c41202da61a895a2,gfs-d76e6f2e71fc35ebbc931307,verified_object_version,0.8437678022273647,forecast-7f0b39a89d11520b94ec3696,2026-02-10T18:00:00Z,2026-02-11T21:00:00+05:00
forecast-7f0b39a89d11520b94ec3696,turbine_2,2026-02-10T18:00:00Z,2026-02-11T17:00:00Z,23,23,ml-fbef3053c41202da61a895a2,gfs-d76e6f2e71fc35ebbc931307,verified_object_version,0.6892871240584796,forecast-7f0b39a89d11520b94ec3696,2026-02-10T18:00:00Z,2026-02-11T22:00:00+05:00
forecast-7f0b39a89d11520b94ec3696,turbine_2,2026-02-10T18:00:00Z,2026-02-11T18:00:00Z,24,24,ml-fbef3053c41202da61a895a2,gfs-d76e6f2e71fc35ebbc931307,verified_object_version,0.7182914864651899,forecast-7f0b39a89d11520b94ec3696,2026-02-10T18:00:00Z,2026-02-11T23:00:00+05:00
forecast-8a0ebbe9ec09aa79c7a16e7a,turbine_2,2026-02-11T18:00:00Z,2026-02-11T19:00:00Z,1,1,ml-fbef3053c41202da61a895a2,gfs-8a845cee915dcf4cb2c1002b,verified_object_version,0.5236138298738161,forecast-8a0ebbe9ec09aa79c7a16e7a,2026-02-11T18:00:00Z,2026-02-12T00:00:00+05:00
forecast-8a0ebbe9ec09aa79c7a16e7a,turbine_2,2026-02-11T18:00:00Z,2026-02-11T20:00:00Z,2,2,ml-fbef3053c41202da61a895a2,gfs-8a845cee915dcf4cb2c1002b,verified_object_version,0.7174093234695924,forecast-8a0ebbe9ec09aa79c7a16e7a,2026-02-11T18:00:00Z,2026-02-12T01:00:00+05:00
forecast-8a0ebbe9ec09aa79c7a16e7a,turbine_2,2026-02-11T18:00:00Z,2026-02-11T21:00:00Z,3,3,ml-fbef3053c41202da61a895a2,gfs-8a845cee915dcf4cb2c1002b,verified_object_version,0.6667077873344499,forecast-8a0ebbe9ec09aa79c7a16e7a,2026-02-11T18:00:00Z,2026-02-12T02:00:00+05:00
forecast-8a0ebbe9ec09aa79c7a16e7a,turbine_2,2026-02-11T18:00:00Z,2026-02-11T22:00:00Z,4,4,ml-fbef3053c41202da61a895a2,gfs-8a845cee915dcf4cb2c1002b,verified_object_version,0.35453264228377446,forecast-8a0ebbe9ec09aa79c7a16e7a,2026-02-11T18:00:00Z,2026-02-12T03:00:00+05:00
forecast-8a0ebbe9ec09aa79c7a16e7a,turbine_2,2026-02-11T18:00:00Z,2026-02-11T23:00:00Z,5,5,ml-fbef3053c41202da61a895a2,gfs-8a845cee915dcf4cb2c1002b,verified_object_version,0.11686996646394064,forecast-8a0ebbe9ec09aa79c7a16e7a,2026-02-11T18:00:00Z,2026-02-12T04:00:00+05:00
forecast-8a0ebbe9ec09aa79c7a16e7a,turbine_2,2026-02-11T18:00:00Z,2026-02-12T00:00:00Z,6,6,ml-fbef3053c41202da61a895a2,gfs-8a845cee915dcf4cb2c1002b,verified_object_version,0.1268901801466792,forecast-8a0ebbe9ec09aa79c7a16e7a,2026-02-11T18:00:00Z,2026-02-12T05:00:00+05:00
forecast-8a0ebbe9ec09aa79c7a16e7a,turbine_2,2026-02-11T18:00:00Z,2026-02-12T01:00:00Z,7,7,ml-fbef3053c41202da61a895a2,gfs-8a845cee915dcf4cb2c1002b,verified_object_version,0.12998226061729456,forecast-8a0ebbe9ec09aa79c7a16e7a,2026-02-11T18:00:00Z,2026-02-12T06:00:00+05:00
forecast-8a0ebbe9ec09aa79c7a16e7a,turbine_2,2026-02-11T18:00:00Z,2026-02-12T02:00:00Z,8,8,ml-fbef3053c41202da61a895a2,gfs-8a845cee915dcf4cb2c1002b,verified_object_version,0.09722541077411509,forecast-8a0ebbe9ec09aa79c7a16e7a,2026-02-11T18:00:00Z,2026-02-12T07:00:00+05:00
forecast-8a0ebbe9ec09aa79c7a16e7a,turbine_2,2026-02-11T18:00:00Z,2026-02-12T03:00:00Z,9,9,ml-fbef3053c41202da61a895a2,gfs-8a845cee915dcf4cb2c1002b,verified_object_version,0.04251482353525643,forecast-8a0ebbe9ec09aa79c7a16e7a,2026-02-11T18:00:00Z,2026-02-12T08:00:00+05:00
forecast-8a0ebbe9ec09aa79c7a16e7a,turbine_2,2026-02-11T18:00:00Z,2026-02-12T04:00:00Z,10,10,ml-fbef3053c41202da61a895a2,gfs-8a845cee915dcf4cb2c1002b,verified_object_version,0.010909786271115357,forecast-8a0ebbe9ec09aa79c7a16e7a,2026-02-11T18:00:00Z,2026-02-12T09:00:00+05:00
forecast-8a0ebbe9ec09aa79c7a16e7a,turbine_2,2026-02-11T18:00:00Z,2026-02-12T05:00:00Z,11,11,ml-fbef3053c41202da61a895a2,gfs-8a845cee915dcf4cb2c1002b,verified_object_version,0.014764194007141657,forecast-8a0ebbe9ec09aa79c7a16e7a,2026-02-11T18:00:00Z,2026-02-12T10:00:00+05:00
forecast-8a0ebbe9ec09aa79c7a16e7a,turbine_2,2026-02-11T18:00:00Z,2026-02-12T06:00:00Z,12,12,ml-fbef3053c41202da61a895a2,gfs-8a845cee915dcf4cb2c1002b,verified_object_version,0.01831669255970797,forecast-8a0ebbe9ec09aa79c7a16e7a,2026-02-11T18:00:00Z,2026-02-12T11:00:00+05:00
forecast-8a0ebbe9ec09aa79c7a16e7a,turbine_2,2026-02-11T18:00:00Z,2026-02-12T07:00:00Z,13,13,ml-fbef3053c41202da61a895a2,gfs-8a845cee915dcf4cb2c1002b,verified_object_version,0.019678555813615967,forecast-8a0ebbe9ec09aa79c7a16e7a,2026-02-11T18:00:00Z,2026-02-12T12:00:00+05:00
forecast-8a0ebbe9ec09aa79c7a16e7a,turbine_2,2026-02-11T18:00:00Z,2026-02-12T08:00:00Z,14,14,ml-fbef3053c41202da61a895a2,gfs-8a845cee915dcf4cb2c1002b,verified_object_version,0.02708574941231673,forecast-8a0ebbe9ec09aa79c7a16e7a,2026-02-11T18:00:00Z,2026-02-12T13:00:00+05:00
forecast-8a0ebbe9ec09aa79c7a16e7a,turbine_2,2026-02-11T18:00:00Z,2026-02-12T09:00:00Z,15,15,ml-fbef3053c41202da61a895a2,gfs-8a845cee915dcf4cb2c1002b,verified_object_version,0.047988926800050596,forecast-8a0ebbe9ec09aa79c7a16e7a,2026-02-11T18:00:00Z,2026-02-12T14:00:00+05:00
forecast-8a0ebbe9ec09aa79c7a16e7a,turbine_2,2026-02-11T18:00:00Z,2026-02-12T10:00:00Z,16,16,ml-fbef3053c41202da61a895a2,gfs-8a845cee915dcf4cb2c1002b,verified_object_version,0.05764491630120633,forecast-8a0ebbe9ec09aa79c7a16e7a,2026-02-11T18:00:00Z,2026-02-12T15:00:00+05:00
forecast-8a0ebbe9ec09aa79c7a16e7a,turbine_2,2026-02-11T18:00:00Z,2026-02-12T11:00:00Z,17,17,ml-fbef3053c41202da61a895a2,gfs-8a845cee915dcf4cb2c1002b,verified_object_version,0.06347992339992872,forecast-8a0ebbe9ec09aa79c7a16e7a,2026-02-11T18:00:00Z,2026-02-12T16:00:00+05:00
forecast-8a0ebbe9ec09aa79c7a16e7a,turbine_2,2026-02-11T18:00:00Z,2026-02-12T12:00:00Z,18,18,ml-fbef3053c41202da61a895a2,gfs-8a845cee915dcf4cb2c1002b,verified_object_version,0.02688766571247822,forecast-8a0ebbe9ec09aa79c7a16e7a,2026-02-11T18:00:00Z,2026-02-12T17:00:00+05:00
forecast-8a0ebbe9ec09aa79c7a16e7a,turbine_2,2026-02-11T18:00:00Z,2026-02-12T13:00:00Z,19,19,ml-fbef3053c41202da61a895a2,gfs-8a845cee915dcf4cb2c1002b,verified_object_version,0.01920314905502954,forecast-8a0ebbe9ec09aa79c7a16e7a,2026-02-11T18:00:00Z,2026-02-12T18:00:00+05:00
forecast-8a0ebbe9ec09aa79c7a16e7a,turbine_2,2026-02-11T18:00:00Z,2026-02-12T14:00:00Z,20,20,ml-fbef3053c41202da61a895a2,gfs-8a845cee915dcf4cb2c1002b,verified_object_version,0.024132376676317402,forecast-8a0ebbe9ec09aa79c7a16e7a,2026-02-11T18:00:00Z,2026-02-12T19:00:00+05:00
forecast-8a0ebbe9ec09aa79c7a16e7a,turbine_2,2026-02-11T18:00:00Z,2026-02-12T15:00:00Z,21,21,ml-fbef3053c41202da61a895a2,gfs-8a845cee915dcf4cb2c1002b,verified_object_version,0.074427765449146,forecast-8a0ebbe9ec09aa79c7a16e7a,2026-02-11T18:00:00Z,2026-02-12T20:00:00+05:00
forecast-8a0ebbe9ec09aa79c7a16e7a,turbine_2,2026-02-11T18:00:00Z,2026-02-12T16:00:00Z,22,22,ml-fbef3053c41202da61a895a2,gfs-8a845cee915dcf4cb2c1002b,verified_object_version,0.1138961673504775,forecast-8a0ebbe9ec09aa79c7a16e7a,2026-02-11T18:00:00Z,2026-02-12T21:00:00+05:00
forecast-8a0ebbe9ec09aa79c7a16e7a,turbine_2,2026-02-11T18:00:00Z,2026-02-12T17:00:00Z,23,23,ml-fbef3053c41202da61a895a2,gfs-8a845cee915dcf4cb2c1002b,verified_object_version,0.07865923083486381,forecast-8a0ebbe9ec09aa79c7a16e7a,2026-02-11T18:00:00Z,2026-02-12T22:00:00+05:00
forecast-8a0ebbe9ec09aa79c7a16e7a,turbine_2,2026-02-11T18:00:00Z,2026-02-12T18:00:00Z,24,24,ml-fbef3053c41202da61a895a2,gfs-8a845cee915dcf4cb2c1002b,verified_object_version,0.0532431487023424,forecast-8a0ebbe9ec09aa79c7a16e7a,2026-02-11T18:00:00Z,2026-02-12T23:00:00+05:00
forecast-d37caa31195e42069ead584c,turbine_2,2026-02-12T18:00:00Z,2026-02-12T19:00:00Z,1,1,ml-fbef3053c41202da61a895a2,gfs-380504a5a9b2bd88e1f3432a,verified_object_version,0.015267380893271482,forecast-d37caa31195e42069ead584c,2026-02-12T18:00:00Z,2026-02-13T00:00:00+05:00
forecast-d37caa31195e42069ead584c,turbine_2,2026-02-12T18:00:00Z,2026-02-12T20:00:00Z,2,2,ml-fbef3053c41202da61a895a2,gfs-380504a5a9b2bd88e1f3432a,verified_object_version,0.012934420902833116,forecast-d37caa31195e42069ead584c,2026-02-12T18:00:00Z,2026-02-13T01:00:00+05:00
forecast-d37caa31195e42069ead584c,turbine_2,2026-02-12T18:00:00Z,2026-02-12T21:00:00Z,3,3,ml-fbef3053c41202da61a895a2,gfs-380504a5a9b2bd88e1f3432a,verified_object_version,0.011408392249187799,forecast-d37caa31195e42069ead584c,2026-02-12T18:00:00Z,2026-02-13T02:00:00+05:00
forecast-d37caa31195e42069ead584c,turbine_2,2026-02-12T18:00:00Z,2026-02-12T22:00:00Z,4,4,ml-fbef3053c41202da61a895a2,gfs-380504a5a9b2bd88e1f3432a,verified_object_version,0.015456495319209118,forecast-d37caa31195e42069ead584c,2026-02-12T18:00:00Z,2026-02-13T03:00:00+05:00
forecast-d37caa31195e42069ead584c,turbine_2,2026-02-12T18:00:00Z,2026-02-12T23:00:00Z,5,5,ml-fbef3053c41202da61a895a2,gfs-380504a5a9b2bd88e1f3432a,verified_object_version,0.024775080476694133,forecast-d37caa31195e42069ead584c,2026-02-12T18:00:00Z,2026-02-13T04:00:00+05:00
forecast-d37caa31195e42069ead584c,turbine_2,2026-02-12T18:00:00Z,2026-02-13T00:00:00Z,6,6,ml-fbef3053c41202da61a895a2,gfs-380504a5a9b2bd88e1f3432a,verified_object_version,0.013228994750934697,forecast-d37caa31195e42069ead584c,2026-02-12T18:00:00Z,2026-02-13T05:00:00+05:00
forecast-d37caa31195e42069ead584c,turbine_2,2026-02-12T18:00:00Z,2026-02-13T01:00:00Z,7,7,ml-fbef3053c41202da61a895a2,gfs-380504a5a9b2bd88e1f3432a,verified_object_version,0.026409676335236,forecast-d37caa31195e42069ead584c,2026-02-12T18:00:00Z,2026-02-13T06:00:00+05:00
forecast-d37caa31195e42069ead584c,turbine_2,2026-02-12T18:00:00Z,2026-02-13T02:00:00Z,8,8,ml-fbef3053c41202da61a895a2,gfs-380504a5a9b2bd88e1f3432a,verified_object_version,0.04344674096166992,forecast-d37caa31195e42069ead584c,2026-02-12T18:00:00Z,2026-02-13T07:00:00+05:00
forecast-d37caa31195e42069ead584c,turbine_2,2026-02-12T18:00:00Z,2026-02-13T03:00:00Z,9,9,ml-fbef3053c41202da61a895a2,gfs-380504a5a9b2bd88e1f3432a,verified_object_version,0.03718784634782624,forecast-d37caa31195e42069ead584c,2026-02-12T18:00:00Z,2026-02-13T08:00:00+05:00
forecast-d37caa31195e42069ead584c,turbine_2,2026-02-12T18:00:00Z,2026-02-13T04:00:00Z,10,10,ml-fbef3053c41202da61a895a2,gfs-380504a5a9b2bd88e1f3432a,verified_object_version,0.01912452909549095,forecast-d37caa31195e42069ead584c,2026-02-12T18:00:00Z,2026-02-13T09:00:00+05:00
forecast-d37caa31195e42069ead584c,turbine_2,2026-02-12T18:00:00Z,2026-02-13T05:00:00Z,11,11,ml-fbef3053c41202da61a895a2,gfs-380504a5a9b2bd88e1f3432a,verified_object_version,0.025026414850553153,forecast-d37caa31195e42069ead584c,2026-02-12T18:00:00Z,2026-02-13T10:00:00+05:00
forecast-d37caa31195e42069ead584c,turbine_2,2026-02-12T18:00:00Z,2026-02-13T06:00:00Z,12,12,ml-fbef3053c41202da61a895a2,gfs-380504a5a9b2bd88e1f3432a,verified_object_version,0.021458721560407845,forecast-d37caa31195e42069ead584c,2026-02-12T18:00:00Z,2026-02-13T11:00:00+05:00
forecast-d37caa31195e42069ead584c,turbine_2,2026-02-12T18:00:00Z,2026-02-13T07:00:00Z,13,13,ml-fbef3053c41202da61a895a2,gfs-380504a5a9b2bd88e1f3432a,verified_object_version,0.021759853028388287,forecast-d37caa31195e42069ead584c,2026-02-12T18:00:00Z,2026-02-13T12:00:00+05:00
forecast-d37caa31195e42069ead584c,turbine_2,2026-02-12T18:00:00Z,2026-02-13T08:00:00Z,14,14,ml-fbef3053c41202da61a895a2,gfs-380504a5a9b2bd88e1f3432a,verified_object_version,0.025517633449796656,forecast-d37caa31195e42069ead584c,2026-02-12T18:00:00Z,2026-02-13T13:00:00+05:00
forecast-d37caa31195e42069ead584c,turbine_2,2026-02-12T18:00:00Z,2026-02-13T09:00:00Z,15,15,ml-fbef3053c41202da61a895a2,gfs-380504a5a9b2bd88e1f3432a,verified_object_version,0.016429009272605266,forecast-d37caa31195e42069ead584c,2026-02-12T18:00:00Z,2026-02-13T14:00:00+05:00
forecast-d37caa31195e42069ead584c,turbine_2,2026-02-12T18:00:00Z,2026-02-13T10:00:00Z,16,16,ml-fbef3053c41202da61a895a2,gfs-380504a5a9b2bd88e1f3432a,verified_object_version,0.01854996440635559,forecast-d37caa31195e42069ead584c,2026-02-12T18:00:00Z,2026-02-13T15:00:00+05:00
forecast-d37caa31195e42069ead584c,turbine_2,2026-02-12T18:00:00Z,2026-02-13T11:00:00Z,17,17,ml-fbef3053c41202da61a895a2,gfs-380504a5a9b2bd88e1f3432a,verified_object_version,0.025829880014219375,forecast-d37caa31195e42069ead584c,2026-02-12T18:00:00Z,2026-02-13T16:00:00+05:00
forecast-d37caa31195e42069ead584c,turbine_2,2026-02-12T18:00:00Z,2026-02-13T12:00:00Z,18,18,ml-fbef3053c41202da61a895a2,gfs-380504a5a9b2bd88e1f3432a,verified_object_version,0.0276797564180028,forecast-d37caa31195e42069ead584c,2026-02-12T18:00:00Z,2026-02-13T17:00:00+05:00
forecast-d37caa31195e42069ead584c,turbine_2,2026-02-12T18:00:00Z,2026-02-13T13:00:00Z,19,19,ml-fbef3053c41202da61a895a2,gfs-380504a5a9b2bd88e1f3432a,verified_object_version,0.02734478312896796,forecast-d37caa31195e42069ead584c,2026-02-12T18:00:00Z,2026-02-13T18:00:00+05:00
forecast-d37caa31195e42069ead584c,turbine_2,2026-02-12T18:00:00Z,2026-02-13T14:00:00Z,20,20,ml-fbef3053c41202da61a895a2,gfs-380504a5a9b2bd88e1f3432a,verified_object_version,0.026415565489595783,forecast-d37caa31195e42069ead584c,2026-02-12T18:00:00Z,2026-02-13T19:00:00+05:00
forecast-d37caa31195e42069ead584c,turbine_2,2026-02-12T18:00:00Z,2026-02-13T15:00:00Z,21,21,ml-fbef3053c41202da61a895a2,gfs-380504a5a9b2bd88e1f3432a,verified_object_version,0.03756693543618264,forecast-d37caa31195e42069ead584c,2026-02-12T18:00:00Z,2026-02-13T20:00:00+05:00
forecast-d37caa31195e42069ead584c,turbine_2,2026-02-12T18:00:00Z,2026-02-13T16:00:00Z,22,22,ml-fbef3053c41202da61a895a2,gfs-380504a5a9b2bd88e1f3432a,verified_object_version,0.08237790002074323,forecast-d37caa31195e42069ead584c,2026-02-12T18:00:00Z,2026-02-13T21:00:00+05:00
forecast-d37caa31195e42069ead584c,turbine_2,2026-02-12T18:00:00Z,2026-02-13T17:00:00Z,23,23,ml-fbef3053c41202da61a895a2,gfs-380504a5a9b2bd88e1f3432a,verified_object_version,0.1307159779700187,forecast-d37caa31195e42069ead584c,2026-02-12T18:00:00Z,2026-02-13T22:00:00+05:00
forecast-d37caa31195e42069ead584c,turbine_2,2026-02-12T18:00:00Z,2026-02-13T18:00:00Z,24,24,ml-fbef3053c41202da61a895a2,gfs-380504a5a9b2bd88e1f3432a,verified_object_version,0.3443032588321884,forecast-d37caa31195e42069ead584c,2026-02-12T18:00:00Z,2026-02-13T23:00:00+05:00
forecast-8c3e8d1b9ecfc1ed8c64b16a,turbine_2,2026-02-13T18:00:00Z,2026-02-13T19:00:00Z,1,1,ml-fbef3053c41202da61a895a2,gfs-77399ca6ad434f7f84072593,verified_object_version,0.42017060863051625,forecast-8c3e8d1b9ecfc1ed8c64b16a,2026-02-13T18:00:00Z,2026-02-14T00:00:00+05:00
forecast-8c3e8d1b9ecfc1ed8c64b16a,turbine_2,2026-02-13T18:00:00Z,2026-02-13T20:00:00Z,2,2,ml-fbef3053c41202da61a895a2,gfs-77399ca6ad434f7f84072593,verified_object_version,0.4856277112465439,forecast-8c3e8d1b9ecfc1ed8c64b16a,2026-02-13T18:00:00Z,2026-02-14T01:00:00+05:00
forecast-8c3e8d1b9ecfc1ed8c64b16a,turbine_2,2026-02-13T18:00:00Z,2026-02-13T21:00:00Z,3,3,ml-fbef3053c41202da61a895a2,gfs-77399ca6ad434f7f84072593,verified_object_version,0.44492812612570454,forecast-8c3e8d1b9ecfc1ed8c64b16a,2026-02-13T18:00:00Z,2026-02-14T02:00:00+05:00
forecast-8c3e8d1b9ecfc1ed8c64b16a,turbine_2,2026-02-13T18:00:00Z,2026-02-13T22:00:00Z,4,4,ml-fbef3053c41202da61a895a2,gfs-77399ca6ad434f7f84072593,verified_object_version,0.5125250953818136,forecast-8c3e8d1b9ecfc1ed8c64b16a,2026-02-13T18:00:00Z,2026-02-14T03:00:00+05:00
forecast-8c3e8d1b9ecfc1ed8c64b16a,turbine_2,2026-02-13T18:00:00Z,2026-02-13T23:00:00Z,5,5,ml-fbef3053c41202da61a895a2,gfs-77399ca6ad434f7f84072593,verified_object_version,0.5425694080021942,forecast-8c3e8d1b9ecfc1ed8c64b16a,2026-02-13T18:00:00Z,2026-02-14T04:00:00+05:00
forecast-8c3e8d1b9ecfc1ed8c64b16a,turbine_2,2026-02-13T18:00:00Z,2026-02-14T00:00:00Z,6,6,ml-fbef3053c41202da61a895a2,gfs-77399ca6ad434f7f84072593,verified_object_version,0.42351747061130174,forecast-8c3e8d1b9ecfc1ed8c64b16a,2026-02-13T18:00:00Z,2026-02-14T05:00:00+05:00
forecast-8c3e8d1b9ecfc1ed8c64b16a,turbine_2,2026-02-13T18:00:00Z,2026-02-14T01:00:00Z,7,7,ml-fbef3053c41202da61a895a2,gfs-77399ca6ad434f7f84072593,verified_object_version,0.28449016218363177,forecast-8c3e8d1b9ecfc1ed8c64b16a,2026-02-13T18:00:00Z,2026-02-14T06:00:00+05:00
forecast-8c3e8d1b9ecfc1ed8c64b16a,turbine_2,2026-02-13T18:00:00Z,2026-02-14T02:00:00Z,8,8,ml-fbef3053c41202da61a895a2,gfs-77399ca6ad434f7f84072593,verified_object_version,0.1872068746711137,forecast-8c3e8d1b9ecfc1ed8c64b16a,2026-02-13T18:00:00Z,2026-02-14T07:00:00+05:00
forecast-8c3e8d1b9ecfc1ed8c64b16a,turbine_2,2026-02-13T18:00:00Z,2026-02-14T03:00:00Z,9,9,ml-fbef3053c41202da61a895a2,gfs-77399ca6ad434f7f84072593,verified_object_version,0.3576513361959368,forecast-8c3e8d1b9ecfc1ed8c64b16a,2026-02-13T18:00:00Z,2026-02-14T08:00:00+05:00
forecast-8c3e8d1b9ecfc1ed8c64b16a,turbine_2,2026-02-13T18:00:00Z,2026-02-14T04:00:00Z,10,10,ml-fbef3053c41202da61a895a2,gfs-77399ca6ad434f7f84072593,verified_object_version,0.13677428276478734,forecast-8c3e8d1b9ecfc1ed8c64b16a,2026-02-13T18:00:00Z,2026-02-14T09:00:00+05:00
forecast-8c3e8d1b9ecfc1ed8c64b16a,turbine_2,2026-02-13T18:00:00Z,2026-02-14T05:00:00Z,11,11,ml-fbef3053c41202da61a895a2,gfs-77399ca6ad434f7f84072593,verified_object_version,0.18974282801177003,forecast-8c3e8d1b9ecfc1ed8c64b16a,2026-02-13T18:00:00Z,2026-02-14T10:00:00+05:00
forecast-8c3e8d1b9ecfc1ed8c64b16a,turbine_2,2026-02-13T18:00:00Z,2026-02-14T06:00:00Z,12,12,ml-fbef3053c41202da61a895a2,gfs-77399ca6ad434f7f84072593,verified_object_version,0.3591148266949255,forecast-8c3e8d1b9ecfc1ed8c64b16a,2026-02-13T18:00:00Z,2026-02-14T11:00:00+05:00
forecast-8c3e8d1b9ecfc1ed8c64b16a,turbine_2,2026-02-13T18:00:00Z,2026-02-14T07:00:00Z,13,13,ml-fbef3053c41202da61a895a2,gfs-77399ca6ad434f7f84072593,verified_object_version,0.3511755403812971,forecast-8c3e8d1b9ecfc1ed8c64b16a,2026-02-13T18:00:00Z,2026-02-14T12:00:00+05:00
forecast-8c3e8d1b9ecfc1ed8c64b16a,turbine_2,2026-02-13T18:00:00Z,2026-02-14T08:00:00Z,14,14,ml-fbef3053c41202da61a895a2,gfs-77399ca6ad434f7f84072593,verified_object_version,0.22220273778972663,forecast-8c3e8d1b9ecfc1ed8c64b16a,2026-02-13T18:00:00Z,2026-02-14T13:00:00+05:00
forecast-8c3e8d1b9ecfc1ed8c64b16a,turbine_2,2026-02-13T18:00:00Z,2026-02-14T09:00:00Z,15,15,ml-fbef3053c41202da61a895a2,gfs-77399ca6ad434f7f84072593,verified_object_version,0.2167089443623406,forecast-8c3e8d1b9ecfc1ed8c64b16a,2026-02-13T18:00:00Z,2026-02-14T14:00:00+05:00
forecast-8c3e8d1b9ecfc1ed8c64b16a,turbine_2,2026-02-13T18:00:00Z,2026-02-14T10:00:00Z,16,16,ml-fbef3053c41202da61a895a2,gfs-77399ca6ad434f7f84072593,verified_object_version,0.0368825131605075,forecast-8c3e8d1b9ecfc1ed8c64b16a,2026-02-13T18:00:00Z,2026-02-14T15:00:00+05:00
forecast-8c3e8d1b9ecfc1ed8c64b16a,turbine_2,2026-02-13T18:00:00Z,2026-02-14T11:00:00Z,17,17,ml-fbef3053c41202da61a895a2,gfs-77399ca6ad434f7f84072593,verified_object_version,0.02850194510635648,forecast-8c3e8d1b9ecfc1ed8c64b16a,2026-02-13T18:00:00Z,2026-02-14T16:00:00+05:00
forecast-8c3e8d1b9ecfc1ed8c64b16a,turbine_2,2026-02-13T18:00:00Z,2026-02-14T12:00:00Z,18,18,ml-fbef3053c41202da61a895a2,gfs-77399ca6ad434f7f84072593,verified_object_version,0.0264622074897973,forecast-8c3e8d1b9ecfc1ed8c64b16a,2026-02-13T18:00:00Z,2026-02-14T17:00:00+05:00
forecast-8c3e8d1b9ecfc1ed8c64b16a,turbine_2,2026-02-13T18:00:00Z,2026-02-14T13:00:00Z,19,19,ml-fbef3053c41202da61a895a2,gfs-77399ca6ad434f7f84072593,verified_object_version,0.027873783908199057,forecast-8c3e8d1b9ecfc1ed8c64b16a,2026-02-13T18:00:00Z,2026-02-14T18:00:00+05:00
forecast-8c3e8d1b9ecfc1ed8c64b16a,turbine_2,2026-02-13T18:00:00Z,2026-02-14T14:00:00Z,20,20,ml-fbef3053c41202da61a895a2,gfs-77399ca6ad434f7f84072593,verified_object_version,0.05182983698839641,forecast-8c3e8d1b9ecfc1ed8c64b16a,2026-02-13T18:00:00Z,2026-02-14T19:00:00+05:00
forecast-8c3e8d1b9ecfc1ed8c64b16a,turbine_2,2026-02-13T18:00:00Z,2026-02-14T15:00:00Z,21,21,ml-fbef3053c41202da61a895a2,gfs-77399ca6ad434f7f84072593,verified_object_version,0.0463345391199631,forecast-8c3e8d1b9ecfc1ed8c64b16a,2026-02-13T18:00:00Z,2026-02-14T20:00:00+05:00
forecast-8c3e8d1b9ecfc1ed8c64b16a,turbine_2,2026-02-13T18:00:00Z,2026-02-14T16:00:00Z,22,22,ml-fbef3053c41202da61a895a2,gfs-77399ca6ad434f7f84072593,verified_object_version,0.03124530937749978,forecast-8c3e8d1b9ecfc1ed8c64b16a,2026-02-13T18:00:00Z,2026-02-14T21:00:00+05:00
forecast-8c3e8d1b9ecfc1ed8c64b16a,turbine_2,2026-02-13T18:00:00Z,2026-02-14T17:00:00Z,23,23,ml-fbef3053c41202da61a895a2,gfs-77399ca6ad434f7f84072593,verified_object_version,0.024295402704730962,forecast-8c3e8d1b9ecfc1ed8c64b16a,2026-02-13T18:00:00Z,2026-02-14T22:00:00+05:00
forecast-8c3e8d1b9ecfc1ed8c64b16a,turbine_2,2026-02-13T18:00:00Z,2026-02-14T18:00:00Z,24,24,ml-fbef3053c41202da61a895a2,gfs-77399ca6ad434f7f84072593,verified_object_version,0.07647838420590983,forecast-8c3e8d1b9ecfc1ed8c64b16a,2026-02-13T18:00:00Z,2026-02-14T23:00:00+05:00
forecast-e19c871cc614868941c553ea,turbine_2,2026-02-14T18:00:00Z,2026-02-14T19:00:00Z,1,1,ml-fbef3053c41202da61a895a2,gfs-777fa5425591e5578f2ab5ea,verified_object_version,0.01632346867985693,forecast-e19c871cc614868941c553ea,2026-02-14T18:00:00Z,2026-02-15T00:00:00+05:00
forecast-e19c871cc614868941c553ea,turbine_2,2026-02-14T18:00:00Z,2026-02-14T20:00:00Z,2,2,ml-fbef3053c41202da61a895a2,gfs-777fa5425591e5578f2ab5ea,verified_object_version,0.01681300473716027,forecast-e19c871cc614868941c553ea,2026-02-14T18:00:00Z,2026-02-15T01:00:00+05:00
forecast-e19c871cc614868941c553ea,turbine_2,2026-02-14T18:00:00Z,2026-02-14T21:00:00Z,3,3,ml-fbef3053c41202da61a895a2,gfs-777fa5425591e5578f2ab5ea,verified_object_version,0.026515875044181014,forecast-e19c871cc614868941c553ea,2026-02-14T18:00:00Z,2026-02-15T02:00:00+05:00
forecast-e19c871cc614868941c553ea,turbine_2,2026-02-14T18:00:00Z,2026-02-14T22:00:00Z,4,4,ml-fbef3053c41202da61a895a2,gfs-777fa5425591e5578f2ab5ea,verified_object_version,0.023913003195309174,forecast-e19c871cc614868941c553ea,2026-02-14T18:00:00Z,2026-02-15T03:00:00+05:00
forecast-e19c871cc614868941c553ea,turbine_2,2026-02-14T18:00:00Z,2026-02-14T23:00:00Z,5,5,ml-fbef3053c41202da61a895a2,gfs-777fa5425591e5578f2ab5ea,verified_object_version,0.020157726178477442,forecast-e19c871cc614868941c553ea,2026-02-14T18:00:00Z,2026-02-15T04:00:00+05:00
forecast-e19c871cc614868941c553ea,turbine_2,2026-02-14T18:00:00Z,2026-02-15T00:00:00Z,6,6,ml-fbef3053c41202da61a895a2,gfs-777fa5425591e5578f2ab5ea,verified_object_version,0.08864969304207347,forecast-e19c871cc614868941c553ea,2026-02-14T18:00:00Z,2026-02-15T05:00:00+05:00
forecast-e19c871cc614868941c553ea,turbine_2,2026-02-14T18:00:00Z,2026-02-15T01:00:00Z,7,7,ml-fbef3053c41202da61a895a2,gfs-777fa5425591e5578f2ab5ea,verified_object_version,0.16676644862527418,forecast-e19c871cc614868941c553ea,2026-02-14T18:00:00Z,2026-02-15T06:00:00+05:00
forecast-e19c871cc614868941c553ea,turbine_2,2026-02-14T18:00:00Z,2026-02-15T02:00:00Z,8,8,ml-fbef3053c41202da61a895a2,gfs-777fa5425591e5578f2ab5ea,verified_object_version,0.2074530881409444,forecast-e19c871cc614868941c553ea,2026-02-14T18:00:00Z,2026-02-15T07:00:00+05:00
forecast-e19c871cc614868941c553ea,turbine_2,2026-02-14T18:00:00Z,2026-02-15T03:00:00Z,9,9,ml-fbef3053c41202da61a895a2,gfs-777fa5425591e5578f2ab5ea,verified_object_version,0.18391131299149432,forecast-e19c871cc614868941c553ea,2026-02-14T18:00:00Z,2026-02-15T08:00:00+05:00
forecast-e19c871cc614868941c553ea,turbine_2,2026-02-14T18:00:00Z,2026-02-15T04:00:00Z,10,10,ml-fbef3053c41202da61a895a2,gfs-777fa5425591e5578f2ab5ea,verified_object_version,0.6024513932409353,forecast-e19c871cc614868941c553ea,2026-02-14T18:00:00Z,2026-02-15T09:00:00+05:00
forecast-e19c871cc614868941c553ea,turbine_2,2026-02-14T18:00:00Z,2026-02-15T05:00:00Z,11,11,ml-fbef3053c41202da61a895a2,gfs-777fa5425591e5578f2ab5ea,verified_object_version,0.8625950015994501,forecast-e19c871cc614868941c553ea,2026-02-14T18:00:00Z,2026-02-15T10:00:00+05:00
forecast-e19c871cc614868941c553ea,turbine_2,2026-02-14T18:00:00Z,2026-02-15T06:00:00Z,12,12,ml-fbef3053c41202da61a895a2,gfs-777fa5425591e5578f2ab5ea,verified_object_version,0.9013890551625577,forecast-e19c871cc614868941c553ea,2026-02-14T18:00:00Z,2026-02-15T11:00:00+05:00
forecast-e19c871cc614868941c553ea,turbine_2,2026-02-14T18:00:00Z,2026-02-15T07:00:00Z,13,13,ml-fbef3053c41202da61a895a2,gfs-777fa5425591e5578f2ab5ea,verified_object_version,0.9787082751500319,forecast-e19c871cc614868941c553ea,2026-02-14T18:00:00Z,2026-02-15T12:00:00+05:00
forecast-e19c871cc614868941c553ea,turbine_2,2026-02-14T18:00:00Z,2026-02-15T08:00:00Z,14,14,ml-fbef3053c41202da61a895a2,gfs-777fa5425591e5578f2ab5ea,verified_object_version,0.9436788254771548,forecast-e19c871cc614868941c553ea,2026-02-14T18:00:00Z,2026-02-15T13:00:00+05:00
forecast-e19c871cc614868941c553ea,turbine_2,2026-02-14T18:00:00Z,2026-02-15T09:00:00Z,15,15,ml-fbef3053c41202da61a895a2,gfs-777fa5425591e5578f2ab5ea,verified_object_version,0.9663974708364113,forecast-e19c871cc614868941c553ea,2026-02-14T18:00:00Z,2026-02-15T14:00:00+05:00
forecast-e19c871cc614868941c553ea,turbine_2,2026-02-14T18:00:00Z,2026-02-15T10:00:00Z,16,16,ml-fbef3053c41202da61a895a2,gfs-777fa5425591e5578f2ab5ea,verified_object_version,0.9635201621207764,forecast-e19c871cc614868941c553ea,2026-02-14T18:00:00Z,2026-02-15T15:00:00+05:00
forecast-e19c871cc614868941c553ea,turbine_2,2026-02-14T18:00:00Z,2026-02-15T11:00:00Z,17,17,ml-fbef3053c41202da61a895a2,gfs-777fa5425591e5578f2ab5ea,verified_object_version,0.9437638353773966,forecast-e19c871cc614868941c553ea,2026-02-14T18:00:00Z,2026-02-15T16:00:00+05:00
forecast-e19c871cc614868941c553ea,turbine_2,2026-02-14T18:00:00Z,2026-02-15T12:00:00Z,18,18,ml-fbef3053c41202da61a895a2,gfs-777fa5425591e5578f2ab5ea,verified_object_version,0.9385043824107484,forecast-e19c871cc614868941c553ea,2026-02-14T18:00:00Z,2026-02-15T17:00:00+05:00
forecast-e19c871cc614868941c553ea,turbine_2,2026-02-14T18:00:00Z,2026-02-15T13:00:00Z,19,19,ml-fbef3053c41202da61a895a2,gfs-777fa5425591e5578f2ab5ea,verified_object_version,0.9267586421116987,forecast-e19c871cc614868941c553ea,2026-02-14T18:00:00Z,2026-02-15T18:00:00+05:00
forecast-e19c871cc614868941c553ea,turbine_2,2026-02-14T18:00:00Z,2026-02-15T14:00:00Z,20,20,ml-fbef3053c41202da61a895a2,gfs-777fa5425591e5578f2ab5ea,verified_object_version,0.9056884369944741,forecast-e19c871cc614868941c553ea,2026-02-14T18:00:00Z,2026-02-15T19:00:00+05:00
forecast-e19c871cc614868941c553ea,turbine_2,2026-02-14T18:00:00Z,2026-02-15T15:00:00Z,21,21,ml-fbef3053c41202da61a895a2,gfs-777fa5425591e5578f2ab5ea,verified_object_version,0.8477245304260713,forecast-e19c871cc614868941c553ea,2026-02-14T18:00:00Z,2026-02-15T20:00:00+05:00
forecast-e19c871cc614868941c553ea,turbine_2,2026-02-14T18:00:00Z,2026-02-15T16:00:00Z,22,22,ml-fbef3053c41202da61a895a2,gfs-777fa5425591e5578f2ab5ea,verified_object_version,0.7058231281734175,forecast-e19c871cc614868941c553ea,2026-02-14T18:00:00Z,2026-02-15T21:00:00+05:00
forecast-e19c871cc614868941c553ea,turbine_2,2026-02-14T18:00:00Z,2026-02-15T17:00:00Z,23,23,ml-fbef3053c41202da61a895a2,gfs-777fa5425591e5578f2ab5ea,verified_object_version,0.6437588649989643,forecast-e19c871cc614868941c553ea,2026-02-14T18:00:00Z,2026-02-15T22:00:00+05:00
forecast-e19c871cc614868941c553ea,turbine_2,2026-02-14T18:00:00Z,2026-02-15T18:00:00Z,24,24,ml-fbef3053c41202da61a895a2,gfs-777fa5425591e5578f2ab5ea,verified_object_version,0.5437355147888039,forecast-e19c871cc614868941c553ea,2026-02-14T18:00:00Z,2026-02-15T23:00:00+05:00
forecast-dd4d95b861567f09d06ec6b9,turbine_2,2026-02-15T18:00:00Z,2026-02-15T19:00:00Z,1,1,ml-fbef3053c41202da61a895a2,gfs-0802cd4406434a3ba48f4526,verified_object_version,0.4506062524990094,forecast-dd4d95b861567f09d06ec6b9,2026-02-15T18:00:00Z,2026-02-16T00:00:00+05:00
forecast-dd4d95b861567f09d06ec6b9,turbine_2,2026-02-15T18:00:00Z,2026-02-15T20:00:00Z,2,2,ml-fbef3053c41202da61a895a2,gfs-0802cd4406434a3ba48f4526,verified_object_version,0.6073414387268516,forecast-dd4d95b861567f09d06ec6b9,2026-02-15T18:00:00Z,2026-02-16T01:00:00+05:00
forecast-dd4d95b861567f09d06ec6b9,turbine_2,2026-02-15T18:00:00Z,2026-02-15T21:00:00Z,3,3,ml-fbef3053c41202da61a895a2,gfs-0802cd4406434a3ba48f4526,verified_object_version,0.41492063858836986,forecast-dd4d95b861567f09d06ec6b9,2026-02-15T18:00:00Z,2026-02-16T02:00:00+05:00
forecast-dd4d95b861567f09d06ec6b9,turbine_2,2026-02-15T18:00:00Z,2026-02-15T22:00:00Z,4,4,ml-fbef3053c41202da61a895a2,gfs-0802cd4406434a3ba48f4526,verified_object_version,0.6206519133619233,forecast-dd4d95b861567f09d06ec6b9,2026-02-15T18:00:00Z,2026-02-16T03:00:00+05:00
forecast-dd4d95b861567f09d06ec6b9,turbine_2,2026-02-15T18:00:00Z,2026-02-15T23:00:00Z,5,5,ml-fbef3053c41202da61a895a2,gfs-0802cd4406434a3ba48f4526,verified_object_version,0.5536316110927114,forecast-dd4d95b861567f09d06ec6b9,2026-02-15T18:00:00Z,2026-02-16T04:00:00+05:00
forecast-dd4d95b861567f09d06ec6b9,turbine_2,2026-02-15T18:00:00Z,2026-02-16T00:00:00Z,6,6,ml-fbef3053c41202da61a895a2,gfs-0802cd4406434a3ba48f4526,verified_object_version,0.5765128445932375,forecast-dd4d95b861567f09d06ec6b9,2026-02-15T18:00:00Z,2026-02-16T05:00:00+05:00
forecast-dd4d95b861567f09d06ec6b9,turbine_2,2026-02-15T18:00:00Z,2026-02-16T01:00:00Z,7,7,ml-fbef3053c41202da61a895a2,gfs-0802cd4406434a3ba48f4526,verified_object_version,0.4230052614619258,forecast-dd4d95b861567f09d06ec6b9,2026-02-15T18:00:00Z,2026-02-16T06:00:00+05:00
forecast-dd4d95b861567f09d06ec6b9,turbine_2,2026-02-15T18:00:00Z,2026-02-16T02:00:00Z,8,8,ml-fbef3053c41202da61a895a2,gfs-0802cd4406434a3ba48f4526,verified_object_version,0.27063484066182136,forecast-dd4d95b861567f09d06ec6b9,2026-02-15T18:00:00Z,2026-02-16T07:00:00+05:00
forecast-dd4d95b861567f09d06ec6b9,turbine_2,2026-02-15T18:00:00Z,2026-02-16T03:00:00Z,9,9,ml-fbef3053c41202da61a895a2,gfs-0802cd4406434a3ba48f4526,verified_object_version,0.2327505084630327,forecast-dd4d95b861567f09d06ec6b9,2026-02-15T18:00:00Z,2026-02-16T08:00:00+05:00
forecast-dd4d95b861567f09d06ec6b9,turbine_2,2026-02-15T18:00:00Z,2026-02-16T04:00:00Z,10,10,ml-fbef3053c41202da61a895a2,gfs-0802cd4406434a3ba48f4526,verified_object_version,0.14645154301029695,forecast-dd4d95b861567f09d06ec6b9,2026-02-15T18:00:00Z,2026-02-16T09:00:00+05:00
forecast-dd4d95b861567f09d06ec6b9,turbine_2,2026-02-15T18:00:00Z,2026-02-16T05:00:00Z,11,11,ml-fbef3053c41202da61a895a2,gfs-0802cd4406434a3ba48f4526,verified_object_version,0.1623276184444622,forecast-dd4d95b861567f09d06ec6b9,2026-02-15T18:00:00Z,2026-02-16T10:00:00+05:00
forecast-dd4d95b861567f09d06ec6b9,turbine_2,2026-02-15T18:00:00Z,2026-02-16T06:00:00Z,12,12,ml-fbef3053c41202da61a895a2,gfs-0802cd4406434a3ba48f4526,verified_object_version,0.55796314638625,forecast-dd4d95b861567f09d06ec6b9,2026-02-15T18:00:00Z,2026-02-16T11:00:00+05:00
forecast-dd4d95b861567f09d06ec6b9,turbine_2,2026-02-15T18:00:00Z,2026-02-16T07:00:00Z,13,13,ml-fbef3053c41202da61a895a2,gfs-0802cd4406434a3ba48f4526,verified_object_version,0.3683943481085128,forecast-dd4d95b861567f09d06ec6b9,2026-02-15T18:00:00Z,2026-02-16T12:00:00+05:00
forecast-dd4d95b861567f09d06ec6b9,turbine_2,2026-02-15T18:00:00Z,2026-02-16T08:00:00Z,14,14,ml-fbef3053c41202da61a895a2,gfs-0802cd4406434a3ba48f4526,verified_object_version,0.6329607530967454,forecast-dd4d95b861567f09d06ec6b9,2026-02-15T18:00:00Z,2026-02-16T13:00:00+05:00
forecast-dd4d95b861567f09d06ec6b9,turbine_2,2026-02-15T18:00:00Z,2026-02-16T09:00:00Z,15,15,ml-fbef3053c41202da61a895a2,gfs-0802cd4406434a3ba48f4526,verified_object_version,0.7071356039346991,forecast-dd4d95b861567f09d06ec6b9,2026-02-15T18:00:00Z,2026-02-16T14:00:00+05:00
forecast-dd4d95b861567f09d06ec6b9,turbine_2,2026-02-15T18:00:00Z,2026-02-16T10:00:00Z,16,16,ml-fbef3053c41202da61a895a2,gfs-0802cd4406434a3ba48f4526,verified_object_version,0.9011708058486678,forecast-dd4d95b861567f09d06ec6b9,2026-02-15T18:00:00Z,2026-02-16T15:00:00+05:00
forecast-dd4d95b861567f09d06ec6b9,turbine_2,2026-02-15T18:00:00Z,2026-02-16T11:00:00Z,17,17,ml-fbef3053c41202da61a895a2,gfs-0802cd4406434a3ba48f4526,verified_object_version,0.8988965704942687,forecast-dd4d95b861567f09d06ec6b9,2026-02-15T18:00:00Z,2026-02-16T16:00:00+05:00
forecast-dd4d95b861567f09d06ec6b9,turbine_2,2026-02-15T18:00:00Z,2026-02-16T12:00:00Z,18,18,ml-fbef3053c41202da61a895a2,gfs-0802cd4406434a3ba48f4526,verified_object_version,0.9462618336875038,forecast-dd4d95b861567f09d06ec6b9,2026-02-15T18:00:00Z,2026-02-16T17:00:00+05:00
forecast-dd4d95b861567f09d06ec6b9,turbine_2,2026-02-15T18:00:00Z,2026-02-16T13:00:00Z,19,19,ml-fbef3053c41202da61a895a2,gfs-0802cd4406434a3ba48f4526,verified_object_version,0.9672311745544103,forecast-dd4d95b861567f09d06ec6b9,2026-02-15T18:00:00Z,2026-02-16T18:00:00+05:00
forecast-dd4d95b861567f09d06ec6b9,turbine_2,2026-02-15T18:00:00Z,2026-02-16T14:00:00Z,20,20,ml-fbef3053c41202da61a895a2,gfs-0802cd4406434a3ba48f4526,verified_object_version,0.9448757300041872,forecast-dd4d95b861567f09d06ec6b9,2026-02-15T18:00:00Z,2026-02-16T19:00:00+05:00
forecast-dd4d95b861567f09d06ec6b9,turbine_2,2026-02-15T18:00:00Z,2026-02-16T15:00:00Z,21,21,ml-fbef3053c41202da61a895a2,gfs-0802cd4406434a3ba48f4526,verified_object_version,0.9701399975384173,forecast-dd4d95b861567f09d06ec6b9,2026-02-15T18:00:00Z,2026-02-16T20:00:00+05:00
forecast-dd4d95b861567f09d06ec6b9,turbine_2,2026-02-15T18:00:00Z,2026-02-16T16:00:00Z,22,22,ml-fbef3053c41202da61a895a2,gfs-0802cd4406434a3ba48f4526,verified_object_version,0.9181789714013038,forecast-dd4d95b861567f09d06ec6b9,2026-02-15T18:00:00Z,2026-02-16T21:00:00+05:00
forecast-dd4d95b861567f09d06ec6b9,turbine_2,2026-02-15T18:00:00Z,2026-02-16T17:00:00Z,23,23,ml-fbef3053c41202da61a895a2,gfs-0802cd4406434a3ba48f4526,verified_object_version,0.8665409243057206,forecast-dd4d95b861567f09d06ec6b9,2026-02-15T18:00:00Z,2026-02-16T22:00:00+05:00
forecast-dd4d95b861567f09d06ec6b9,turbine_2,2026-02-15T18:00:00Z,2026-02-16T18:00:00Z,24,24,ml-fbef3053c41202da61a895a2,gfs-0802cd4406434a3ba48f4526,verified_object_version,0.8070374245389733,forecast-dd4d95b861567f09d06ec6b9,2026-02-15T18:00:00Z,2026-02-16T23:00:00+05:00
forecast-e0f602d0a7f846b14866b6d1,turbine_2,2026-02-16T18:00:00Z,2026-02-16T19:00:00Z,1,1,ml-fbef3053c41202da61a895a2,gfs-9437458179ea5776b1a56442,verified_object_version,0.7736027516180034,forecast-e0f602d0a7f846b14866b6d1,2026-02-16T18:00:00Z,2026-02-17T00:00:00+05:00
forecast-e0f602d0a7f846b14866b6d1,turbine_2,2026-02-16T18:00:00Z,2026-02-16T20:00:00Z,2,2,ml-fbef3053c41202da61a895a2,gfs-9437458179ea5776b1a56442,verified_object_version,0.5562339692182228,forecast-e0f602d0a7f846b14866b6d1,2026-02-16T18:00:00Z,2026-02-17T01:00:00+05:00
forecast-e0f602d0a7f846b14866b6d1,turbine_2,2026-02-16T18:00:00Z,2026-02-16T21:00:00Z,3,3,ml-fbef3053c41202da61a895a2,gfs-9437458179ea5776b1a56442,verified_object_version,0.5219658666402984,forecast-e0f602d0a7f846b14866b6d1,2026-02-16T18:00:00Z,2026-02-17T02:00:00+05:00
forecast-e0f602d0a7f846b14866b6d1,turbine_2,2026-02-16T18:00:00Z,2026-02-16T22:00:00Z,4,4,ml-fbef3053c41202da61a895a2,gfs-9437458179ea5776b1a56442,verified_object_version,0.40092989623129294,forecast-e0f602d0a7f846b14866b6d1,2026-02-16T18:00:00Z,2026-02-17T03:00:00+05:00
forecast-e0f602d0a7f846b14866b6d1,turbine_2,2026-02-16T18:00:00Z,2026-02-16T23:00:00Z,5,5,ml-fbef3053c41202da61a895a2,gfs-9437458179ea5776b1a56442,verified_object_version,0.35533744959606806,forecast-e0f602d0a7f846b14866b6d1,2026-02-16T18:00:00Z,2026-02-17T04:00:00+05:00
forecast-e0f602d0a7f846b14866b6d1,turbine_2,2026-02-16T18:00:00Z,2026-02-17T00:00:00Z,6,6,ml-fbef3053c41202da61a895a2,gfs-9437458179ea5776b1a56442,verified_object_version,0.25211598161328275,forecast-e0f602d0a7f846b14866b6d1,2026-02-16T18:00:00Z,2026-02-17T05:00:00+05:00
forecast-e0f602d0a7f846b14866b6d1,turbine_2,2026-02-16T18:00:00Z,2026-02-17T01:00:00Z,7,7,ml-fbef3053c41202da61a895a2,gfs-9437458179ea5776b1a56442,verified_object_version,0.1829699271015449,forecast-e0f602d0a7f846b14866b6d1,2026-02-16T18:00:00Z,2026-02-17T06:00:00+05:00
forecast-e0f602d0a7f846b14866b6d1,turbine_2,2026-02-16T18:00:00Z,2026-02-17T02:00:00Z,8,8,ml-fbef3053c41202da61a895a2,gfs-9437458179ea5776b1a56442,verified_object_version,0.10698216984500714,forecast-e0f602d0a7f846b14866b6d1,2026-02-16T18:00:00Z,2026-02-17T07:00:00+05:00
forecast-e0f602d0a7f846b14866b6d1,turbine_2,2026-02-16T18:00:00Z,2026-02-17T03:00:00Z,9,9,ml-fbef3053c41202da61a895a2,gfs-9437458179ea5776b1a56442,verified_object_version,0.0890785676121229,forecast-e0f602d0a7f846b14866b6d1,2026-02-16T18:00:00Z,2026-02-17T08:00:00+05:00
forecast-e0f602d0a7f846b14866b6d1,turbine_2,2026-02-16T18:00:00Z,2026-02-17T04:00:00Z,10,10,ml-fbef3053c41202da61a895a2,gfs-9437458179ea5776b1a56442,verified_object_version,0.08281318102791155,forecast-e0f602d0a7f846b14866b6d1,2026-02-16T18:00:00Z,2026-02-17T09:00:00+05:00
forecast-e0f602d0a7f846b14866b6d1,turbine_2,2026-02-16T18:00:00Z,2026-02-17T05:00:00Z,11,11,ml-fbef3053c41202da61a895a2,gfs-9437458179ea5776b1a56442,verified_object_version,0.04865910684614139,forecast-e0f602d0a7f846b14866b6d1,2026-02-16T18:00:00Z,2026-02-17T10:00:00+05:00
forecast-e0f602d0a7f846b14866b6d1,turbine_2,2026-02-16T18:00:00Z,2026-02-17T06:00:00Z,12,12,ml-fbef3053c41202da61a895a2,gfs-9437458179ea5776b1a56442,verified_object_version,0.036340764687250615,forecast-e0f602d0a7f846b14866b6d1,2026-02-16T18:00:00Z,2026-02-17T11:00:00+05:00
forecast-e0f602d0a7f846b14866b6d1,turbine_2,2026-02-16T18:00:00Z,2026-02-17T07:00:00Z,13,13,ml-fbef3053c41202da61a895a2,gfs-9437458179ea5776b1a56442,verified_object_version,0.08689610332785577,forecast-e0f602d0a7f846b14866b6d1,2026-02-16T18:00:00Z,2026-02-17T12:00:00+05:00
forecast-e0f602d0a7f846b14866b6d1,turbine_2,2026-02-16T18:00:00Z,2026-02-17T08:00:00Z,14,14,ml-fbef3053c41202da61a895a2,gfs-9437458179ea5776b1a56442,verified_object_version,0.12790980160441054,forecast-e0f602d0a7f846b14866b6d1,2026-02-16T18:00:00Z,2026-02-17T13:00:00+05:00
forecast-e0f602d0a7f846b14866b6d1,turbine_2,2026-02-16T18:00:00Z,2026-02-17T09:00:00Z,15,15,ml-fbef3053c41202da61a895a2,gfs-9437458179ea5776b1a56442,verified_object_version,0.19684946721907004,forecast-e0f602d0a7f846b14866b6d1,2026-02-16T18:00:00Z,2026-02-17T14:00:00+05:00
forecast-e0f602d0a7f846b14866b6d1,turbine_2,2026-02-16T18:00:00Z,2026-02-17T10:00:00Z,16,16,ml-fbef3053c41202da61a895a2,gfs-9437458179ea5776b1a56442,verified_object_version,0.2270465560719705,forecast-e0f602d0a7f846b14866b6d1,2026-02-16T18:00:00Z,2026-02-17T15:00:00+05:00
forecast-e0f602d0a7f846b14866b6d1,turbine_2,2026-02-16T18:00:00Z,2026-02-17T11:00:00Z,17,17,ml-fbef3053c41202da61a895a2,gfs-9437458179ea5776b1a56442,verified_object_version,0.27800929348977726,forecast-e0f602d0a7f846b14866b6d1,2026-02-16T18:00:00Z,2026-02-17T16:00:00+05:00
forecast-e0f602d0a7f846b14866b6d1,turbine_2,2026-02-16T18:00:00Z,2026-02-17T12:00:00Z,18,18,ml-fbef3053c41202da61a895a2,gfs-9437458179ea5776b1a56442,verified_object_version,0.3360103294275991,forecast-e0f602d0a7f846b14866b6d1,2026-02-16T18:00:00Z,2026-02-17T17:00:00+05:00
forecast-e0f602d0a7f846b14866b6d1,turbine_2,2026-02-16T18:00:00Z,2026-02-17T13:00:00Z,19,19,ml-fbef3053c41202da61a895a2,gfs-9437458179ea5776b1a56442,verified_object_version,0.5366858065076998,forecast-e0f602d0a7f846b14866b6d1,2026-02-16T18:00:00Z,2026-02-17T18:00:00+05:00
forecast-e0f602d0a7f846b14866b6d1,turbine_2,2026-02-16T18:00:00Z,2026-02-17T14:00:00Z,20,20,ml-fbef3053c41202da61a895a2,gfs-9437458179ea5776b1a56442,verified_object_version,0.5641852948146224,forecast-e0f602d0a7f846b14866b6d1,2026-02-16T18:00:00Z,2026-02-17T19:00:00+05:00
forecast-e0f602d0a7f846b14866b6d1,turbine_2,2026-02-16T18:00:00Z,2026-02-17T15:00:00Z,21,21,ml-fbef3053c41202da61a895a2,gfs-9437458179ea5776b1a56442,verified_object_version,0.5900339123949485,forecast-e0f602d0a7f846b14866b6d1,2026-02-16T18:00:00Z,2026-02-17T20:00:00+05:00
forecast-e0f602d0a7f846b14866b6d1,turbine_2,2026-02-16T18:00:00Z,2026-02-17T16:00:00Z,22,22,ml-fbef3053c41202da61a895a2,gfs-9437458179ea5776b1a56442,verified_object_version,0.6962091375258633,forecast-e0f602d0a7f846b14866b6d1,2026-02-16T18:00:00Z,2026-02-17T21:00:00+05:00
forecast-e0f602d0a7f846b14866b6d1,turbine_2,2026-02-16T18:00:00Z,2026-02-17T17:00:00Z,23,23,ml-fbef3053c41202da61a895a2,gfs-9437458179ea5776b1a56442,verified_object_version,0.6149269125681336,forecast-e0f602d0a7f846b14866b6d1,2026-02-16T18:00:00Z,2026-02-17T22:00:00+05:00
forecast-e0f602d0a7f846b14866b6d1,turbine_2,2026-02-16T18:00:00Z,2026-02-17T18:00:00Z,24,24,ml-fbef3053c41202da61a895a2,gfs-9437458179ea5776b1a56442,verified_object_version,0.6260072171103261,forecast-e0f602d0a7f846b14866b6d1,2026-02-16T18:00:00Z,2026-02-17T23:00:00+05:00
forecast-84b2162872e1533e7f5d7de4,turbine_2,2026-02-17T18:00:00Z,2026-02-17T19:00:00Z,1,1,ml-fbef3053c41202da61a895a2,gfs-2a3e38b40450fa05a15b4ac1,verified_object_version,0.8947056165934129,forecast-84b2162872e1533e7f5d7de4,2026-02-17T18:00:00Z,2026-02-18T00:00:00+05:00
forecast-84b2162872e1533e7f5d7de4,turbine_2,2026-02-17T18:00:00Z,2026-02-17T20:00:00Z,2,2,ml-fbef3053c41202da61a895a2,gfs-2a3e38b40450fa05a15b4ac1,verified_object_version,0.7404817261461618,forecast-84b2162872e1533e7f5d7de4,2026-02-17T18:00:00Z,2026-02-18T01:00:00+05:00
forecast-84b2162872e1533e7f5d7de4,turbine_2,2026-02-17T18:00:00Z,2026-02-17T21:00:00Z,3,3,ml-fbef3053c41202da61a895a2,gfs-2a3e38b40450fa05a15b4ac1,verified_object_version,0.8741221847941357,forecast-84b2162872e1533e7f5d7de4,2026-02-17T18:00:00Z,2026-02-18T02:00:00+05:00
forecast-84b2162872e1533e7f5d7de4,turbine_2,2026-02-17T18:00:00Z,2026-02-17T22:00:00Z,4,4,ml-fbef3053c41202da61a895a2,gfs-2a3e38b40450fa05a15b4ac1,verified_object_version,0.8415283775685538,forecast-84b2162872e1533e7f5d7de4,2026-02-17T18:00:00Z,2026-02-18T03:00:00+05:00
forecast-84b2162872e1533e7f5d7de4,turbine_2,2026-02-17T18:00:00Z,2026-02-17T23:00:00Z,5,5,ml-fbef3053c41202da61a895a2,gfs-2a3e38b40450fa05a15b4ac1,verified_object_version,0.8548248126294724,forecast-84b2162872e1533e7f5d7de4,2026-02-17T18:00:00Z,2026-02-18T04:00:00+05:00
forecast-84b2162872e1533e7f5d7de4,turbine_2,2026-02-17T18:00:00Z,2026-02-18T00:00:00Z,6,6,ml-fbef3053c41202da61a895a2,gfs-2a3e38b40450fa05a15b4ac1,verified_object_version,0.9350284702108204,forecast-84b2162872e1533e7f5d7de4,2026-02-17T18:00:00Z,2026-02-18T05:00:00+05:00
forecast-84b2162872e1533e7f5d7de4,turbine_2,2026-02-17T18:00:00Z,2026-02-18T01:00:00Z,7,7,ml-fbef3053c41202da61a895a2,gfs-2a3e38b40450fa05a15b4ac1,verified_object_version,0.7899257452484014,forecast-84b2162872e1533e7f5d7de4,2026-02-17T18:00:00Z,2026-02-18T06:00:00+05:00
forecast-84b2162872e1533e7f5d7de4,turbine_2,2026-02-17T18:00:00Z,2026-02-18T02:00:00Z,8,8,ml-fbef3053c41202da61a895a2,gfs-2a3e38b40450fa05a15b4ac1,verified_object_version,0.7088170988220148,forecast-84b2162872e1533e7f5d7de4,2026-02-17T18:00:00Z,2026-02-18T07:00:00+05:00
forecast-84b2162872e1533e7f5d7de4,turbine_2,2026-02-17T18:00:00Z,2026-02-18T03:00:00Z,9,9,ml-fbef3053c41202da61a895a2,gfs-2a3e38b40450fa05a15b4ac1,verified_object_version,0.8030920244061748,forecast-84b2162872e1533e7f5d7de4,2026-02-17T18:00:00Z,2026-02-18T08:00:00+05:00
forecast-84b2162872e1533e7f5d7de4,turbine_2,2026-02-17T18:00:00Z,2026-02-18T04:00:00Z,10,10,ml-fbef3053c41202da61a895a2,gfs-2a3e38b40450fa05a15b4ac1,verified_object_version,0.8694201288681829,forecast-84b2162872e1533e7f5d7de4,2026-02-17T18:00:00Z,2026-02-18T09:00:00+05:00
forecast-84b2162872e1533e7f5d7de4,turbine_2,2026-02-17T18:00:00Z,2026-02-18T05:00:00Z,11,11,ml-fbef3053c41202da61a895a2,gfs-2a3e38b40450fa05a15b4ac1,verified_object_version,0.8083977646409811,forecast-84b2162872e1533e7f5d7de4,2026-02-17T18:00:00Z,2026-02-18T10:00:00+05:00
forecast-84b2162872e1533e7f5d7de4,turbine_2,2026-02-17T18:00:00Z,2026-02-18T06:00:00Z,12,12,ml-fbef3053c41202da61a895a2,gfs-2a3e38b40450fa05a15b4ac1,verified_object_version,0.9633031867983441,forecast-84b2162872e1533e7f5d7de4,2026-02-17T18:00:00Z,2026-02-18T11:00:00+05:00
forecast-84b2162872e1533e7f5d7de4,turbine_2,2026-02-17T18:00:00Z,2026-02-18T07:00:00Z,13,13,ml-fbef3053c41202da61a895a2,gfs-2a3e38b40450fa05a15b4ac1,verified_object_version,0.9627923990131301,forecast-84b2162872e1533e7f5d7de4,2026-02-17T18:00:00Z,2026-02-18T12:00:00+05:00
forecast-84b2162872e1533e7f5d7de4,turbine_2,2026-02-17T18:00:00Z,2026-02-18T08:00:00Z,14,14,ml-fbef3053c41202da61a895a2,gfs-2a3e38b40450fa05a15b4ac1,verified_object_version,0.9567281746330356,forecast-84b2162872e1533e7f5d7de4,2026-02-17T18:00:00Z,2026-02-18T13:00:00+05:00
forecast-84b2162872e1533e7f5d7de4,turbine_2,2026-02-17T18:00:00Z,2026-02-18T09:00:00Z,15,15,ml-fbef3053c41202da61a895a2,gfs-2a3e38b40450fa05a15b4ac1,verified_object_version,0.9742057490463438,forecast-84b2162872e1533e7f5d7de4,2026-02-17T18:00:00Z,2026-02-18T14:00:00+05:00
forecast-84b2162872e1533e7f5d7de4,turbine_2,2026-02-17T18:00:00Z,2026-02-18T10:00:00Z,16,16,ml-fbef3053c41202da61a895a2,gfs-2a3e38b40450fa05a15b4ac1,verified_object_version,0.9586845954963646,forecast-84b2162872e1533e7f5d7de4,2026-02-17T18:00:00Z,2026-02-18T15:00:00+05:00
forecast-84b2162872e1533e7f5d7de4,turbine_2,2026-02-17T18:00:00Z,2026-02-18T11:00:00Z,17,17,ml-fbef3053c41202da61a895a2,gfs-2a3e38b40450fa05a15b4ac1,verified_object_version,0.9592566449829579,forecast-84b2162872e1533e7f5d7de4,2026-02-17T18:00:00Z,2026-02-18T16:00:00+05:00
forecast-84b2162872e1533e7f5d7de4,turbine_2,2026-02-17T18:00:00Z,2026-02-18T12:00:00Z,18,18,ml-fbef3053c41202da61a895a2,gfs-2a3e38b40450fa05a15b4ac1,verified_object_version,1.0,forecast-84b2162872e1533e7f5d7de4,2026-02-17T18:00:00Z,2026-02-18T17:00:00+05:00
forecast-84b2162872e1533e7f5d7de4,turbine_2,2026-02-17T18:00:00Z,2026-02-18T13:00:00Z,19,19,ml-fbef3053c41202da61a895a2,gfs-2a3e38b40450fa05a15b4ac1,verified_object_version,0.6575121378434916,forecast-84b2162872e1533e7f5d7de4,2026-02-17T18:00:00Z,2026-02-18T18:00:00+05:00
forecast-84b2162872e1533e7f5d7de4,turbine_2,2026-02-17T18:00:00Z,2026-02-18T14:00:00Z,20,20,ml-fbef3053c41202da61a895a2,gfs-2a3e38b40450fa05a15b4ac1,verified_object_version,0.8366434162570495,forecast-84b2162872e1533e7f5d7de4,2026-02-17T18:00:00Z,2026-02-18T19:00:00+05:00
forecast-84b2162872e1533e7f5d7de4,turbine_2,2026-02-17T18:00:00Z,2026-02-18T15:00:00Z,21,21,ml-fbef3053c41202da61a895a2,gfs-2a3e38b40450fa05a15b4ac1,verified_object_version,0.6717585652915554,forecast-84b2162872e1533e7f5d7de4,2026-02-17T18:00:00Z,2026-02-18T20:00:00+05:00
forecast-84b2162872e1533e7f5d7de4,turbine_2,2026-02-17T18:00:00Z,2026-02-18T16:00:00Z,22,22,ml-fbef3053c41202da61a895a2,gfs-2a3e38b40450fa05a15b4ac1,verified_object_version,0.6227320477855192,forecast-84b2162872e1533e7f5d7de4,2026-02-17T18:00:00Z,2026-02-18T21:00:00+05:00
forecast-84b2162872e1533e7f5d7de4,turbine_2,2026-02-17T18:00:00Z,2026-02-18T17:00:00Z,23,23,ml-fbef3053c41202da61a895a2,gfs-2a3e38b40450fa05a15b4ac1,verified_object_version,0.7190563227030133,forecast-84b2162872e1533e7f5d7de4,2026-02-17T18:00:00Z,2026-02-18T22:00:00+05:00
forecast-84b2162872e1533e7f5d7de4,turbine_2,2026-02-17T18:00:00Z,2026-02-18T18:00:00Z,24,24,ml-fbef3053c41202da61a895a2,gfs-2a3e38b40450fa05a15b4ac1,verified_object_version,0.7098184443166806,forecast-84b2162872e1533e7f5d7de4,2026-02-17T18:00:00Z,2026-02-18T23:00:00+05:00
forecast-918f280115e92b771960e532,turbine_2,2026-02-18T18:00:00Z,2026-02-18T19:00:00Z,1,1,ml-fbef3053c41202da61a895a2,gfs-a36079ec291be0a114e69375,verified_object_version,0.6624795168559652,forecast-918f280115e92b771960e532,2026-02-18T18:00:00Z,2026-02-19T00:00:00+05:00
forecast-918f280115e92b771960e532,turbine_2,2026-02-18T18:00:00Z,2026-02-18T20:00:00Z,2,2,ml-fbef3053c41202da61a895a2,gfs-a36079ec291be0a114e69375,verified_object_version,0.6008771623598181,forecast-918f280115e92b771960e532,2026-02-18T18:00:00Z,2026-02-19T01:00:00+05:00
forecast-918f280115e92b771960e532,turbine_2,2026-02-18T18:00:00Z,2026-02-18T21:00:00Z,3,3,ml-fbef3053c41202da61a895a2,gfs-a36079ec291be0a114e69375,verified_object_version,0.45164585273938607,forecast-918f280115e92b771960e532,2026-02-18T18:00:00Z,2026-02-19T02:00:00+05:00
forecast-918f280115e92b771960e532,turbine_2,2026-02-18T18:00:00Z,2026-02-18T22:00:00Z,4,4,ml-fbef3053c41202da61a895a2,gfs-a36079ec291be0a114e69375,verified_object_version,0.4964967599064939,forecast-918f280115e92b771960e532,2026-02-18T18:00:00Z,2026-02-19T03:00:00+05:00
forecast-918f280115e92b771960e532,turbine_2,2026-02-18T18:00:00Z,2026-02-18T23:00:00Z,5,5,ml-fbef3053c41202da61a895a2,gfs-a36079ec291be0a114e69375,verified_object_version,0.4182501011290753,forecast-918f280115e92b771960e532,2026-02-18T18:00:00Z,2026-02-19T04:00:00+05:00
forecast-918f280115e92b771960e532,turbine_2,2026-02-18T18:00:00Z,2026-02-19T00:00:00Z,6,6,ml-fbef3053c41202da61a895a2,gfs-a36079ec291be0a114e69375,verified_object_version,0.3898780273475113,forecast-918f280115e92b771960e532,2026-02-18T18:00:00Z,2026-02-19T05:00:00+05:00
forecast-918f280115e92b771960e532,turbine_2,2026-02-18T18:00:00Z,2026-02-19T01:00:00Z,7,7,ml-fbef3053c41202da61a895a2,gfs-a36079ec291be0a114e69375,verified_object_version,0.3505621577776827,forecast-918f280115e92b771960e532,2026-02-18T18:00:00Z,2026-02-19T06:00:00+05:00
forecast-918f280115e92b771960e532,turbine_2,2026-02-18T18:00:00Z,2026-02-19T02:00:00Z,8,8,ml-fbef3053c41202da61a895a2,gfs-a36079ec291be0a114e69375,verified_object_version,0.554726867315495,forecast-918f280115e92b771960e532,2026-02-18T18:00:00Z,2026-02-19T07:00:00+05:00
forecast-918f280115e92b771960e532,turbine_2,2026-02-18T18:00:00Z,2026-02-19T03:00:00Z,9,9,ml-fbef3053c41202da61a895a2,gfs-a36079ec291be0a114e69375,verified_object_version,0.3988214539442988,forecast-918f280115e92b771960e532,2026-02-18T18:00:00Z,2026-02-19T08:00:00+05:00
forecast-918f280115e92b771960e532,turbine_2,2026-02-18T18:00:00Z,2026-02-19T04:00:00Z,10,10,ml-fbef3053c41202da61a895a2,gfs-a36079ec291be0a114e69375,verified_object_version,0.4256907603905474,forecast-918f280115e92b771960e532,2026-02-18T18:00:00Z,2026-02-19T09:00:00+05:00
forecast-918f280115e92b771960e532,turbine_2,2026-02-18T18:00:00Z,2026-02-19T05:00:00Z,11,11,ml-fbef3053c41202da61a895a2,gfs-a36079ec291be0a114e69375,verified_object_version,0.24659942036085458,forecast-918f280115e92b771960e532,2026-02-18T18:00:00Z,2026-02-19T10:00:00+05:00
forecast-918f280115e92b771960e532,turbine_2,2026-02-18T18:00:00Z,2026-02-19T06:00:00Z,12,12,ml-fbef3053c41202da61a895a2,gfs-a36079ec291be0a114e69375,verified_object_version,0.4455943705276827,forecast-918f280115e92b771960e532,2026-02-18T18:00:00Z,2026-02-19T11:00:00+05:00
forecast-918f280115e92b771960e532,turbine_2,2026-02-18T18:00:00Z,2026-02-19T07:00:00Z,13,13,ml-fbef3053c41202da61a895a2,gfs-a36079ec291be0a114e69375,verified_object_version,0.30002027658486313,forecast-918f280115e92b771960e532,2026-02-18T18:00:00Z,2026-02-19T12:00:00+05:00
forecast-918f280115e92b771960e532,turbine_2,2026-02-18T18:00:00Z,2026-02-19T08:00:00Z,14,14,ml-fbef3053c41202da61a895a2,gfs-a36079ec291be0a114e69375,verified_object_version,0.1917640145889509,forecast-918f280115e92b771960e532,2026-02-18T18:00:00Z,2026-02-19T13:00:00+05:00
forecast-918f280115e92b771960e532,turbine_2,2026-02-18T18:00:00Z,2026-02-19T09:00:00Z,15,15,ml-fbef3053c41202da61a895a2,gfs-a36079ec291be0a114e69375,verified_object_version,0.2247861044839664,forecast-918f280115e92b771960e532,2026-02-18T18:00:00Z,2026-02-19T14:00:00+05:00
forecast-918f280115e92b771960e532,turbine_2,2026-02-18T18:00:00Z,2026-02-19T10:00:00Z,16,16,ml-fbef3053c41202da61a895a2,gfs-a36079ec291be0a114e69375,verified_object_version,0.19226466987107482,forecast-918f280115e92b771960e532,2026-02-18T18:00:00Z,2026-02-19T15:00:00+05:00
forecast-918f280115e92b771960e532,turbine_2,2026-02-18T18:00:00Z,2026-02-19T11:00:00Z,17,17,ml-fbef3053c41202da61a895a2,gfs-a36079ec291be0a114e69375,verified_object_version,0.1484562383397164,forecast-918f280115e92b771960e532,2026-02-18T18:00:00Z,2026-02-19T16:00:00+05:00
forecast-918f280115e92b771960e532,turbine_2,2026-02-18T18:00:00Z,2026-02-19T12:00:00Z,18,18,ml-fbef3053c41202da61a895a2,gfs-a36079ec291be0a114e69375,verified_object_version,0.1000115042565857,forecast-918f280115e92b771960e532,2026-02-18T18:00:00Z,2026-02-19T17:00:00+05:00
forecast-918f280115e92b771960e532,turbine_2,2026-02-18T18:00:00Z,2026-02-19T13:00:00Z,19,19,ml-fbef3053c41202da61a895a2,gfs-a36079ec291be0a114e69375,verified_object_version,0.11031244300889329,forecast-918f280115e92b771960e532,2026-02-18T18:00:00Z,2026-02-19T18:00:00+05:00
forecast-918f280115e92b771960e532,turbine_2,2026-02-18T18:00:00Z,2026-02-19T14:00:00Z,20,20,ml-fbef3053c41202da61a895a2,gfs-a36079ec291be0a114e69375,verified_object_version,0.27802911984883893,forecast-918f280115e92b771960e532,2026-02-18T18:00:00Z,2026-02-19T19:00:00+05:00
forecast-918f280115e92b771960e532,turbine_2,2026-02-18T18:00:00Z,2026-02-19T15:00:00Z,21,21,ml-fbef3053c41202da61a895a2,gfs-a36079ec291be0a114e69375,verified_object_version,0.23119480755448613,forecast-918f280115e92b771960e532,2026-02-18T18:00:00Z,2026-02-19T20:00:00+05:00
forecast-918f280115e92b771960e532,turbine_2,2026-02-18T18:00:00Z,2026-02-19T16:00:00Z,22,22,ml-fbef3053c41202da61a895a2,gfs-a36079ec291be0a114e69375,verified_object_version,0.11141358279519101,forecast-918f280115e92b771960e532,2026-02-18T18:00:00Z,2026-02-19T21:00:00+05:00
forecast-918f280115e92b771960e532,turbine_2,2026-02-18T18:00:00Z,2026-02-19T17:00:00Z,23,23,ml-fbef3053c41202da61a895a2,gfs-a36079ec291be0a114e69375,verified_object_version,0.1022715491301947,forecast-918f280115e92b771960e532,2026-02-18T18:00:00Z,2026-02-19T22:00:00+05:00
forecast-918f280115e92b771960e532,turbine_2,2026-02-18T18:00:00Z,2026-02-19T18:00:00Z,24,24,ml-fbef3053c41202da61a895a2,gfs-a36079ec291be0a114e69375,verified_object_version,0.1030770598449735,forecast-918f280115e92b771960e532,2026-02-18T18:00:00Z,2026-02-19T23:00:00+05:00
forecast-b2769d1fc97d7d49fb4ad885,turbine_2,2026-02-19T18:00:00Z,2026-02-19T19:00:00Z,1,1,ml-fbef3053c41202da61a895a2,gfs-7a66239ba6e46cf13e00a8ac,verified_object_version,0.01424738090238456,forecast-b2769d1fc97d7d49fb4ad885,2026-02-19T18:00:00Z,2026-02-20T00:00:00+05:00
forecast-b2769d1fc97d7d49fb4ad885,turbine_2,2026-02-19T18:00:00Z,2026-02-19T20:00:00Z,2,2,ml-fbef3053c41202da61a895a2,gfs-7a66239ba6e46cf13e00a8ac,verified_object_version,0.016649841734476895,forecast-b2769d1fc97d7d49fb4ad885,2026-02-19T18:00:00Z,2026-02-20T01:00:00+05:00
forecast-b2769d1fc97d7d49fb4ad885,turbine_2,2026-02-19T18:00:00Z,2026-02-19T21:00:00Z,3,3,ml-fbef3053c41202da61a895a2,gfs-7a66239ba6e46cf13e00a8ac,verified_object_version,0.05180109689500173,forecast-b2769d1fc97d7d49fb4ad885,2026-02-19T18:00:00Z,2026-02-20T02:00:00+05:00
forecast-b2769d1fc97d7d49fb4ad885,turbine_2,2026-02-19T18:00:00Z,2026-02-19T22:00:00Z,4,4,ml-fbef3053c41202da61a895a2,gfs-7a66239ba6e46cf13e00a8ac,verified_object_version,0.04921165101512101,forecast-b2769d1fc97d7d49fb4ad885,2026-02-19T18:00:00Z,2026-02-20T03:00:00+05:00
forecast-b2769d1fc97d7d49fb4ad885,turbine_2,2026-02-19T18:00:00Z,2026-02-19T23:00:00Z,5,5,ml-fbef3053c41202da61a895a2,gfs-7a66239ba6e46cf13e00a8ac,verified_object_version,0.10704126269180098,forecast-b2769d1fc97d7d49fb4ad885,2026-02-19T18:00:00Z,2026-02-20T04:00:00+05:00
forecast-b2769d1fc97d7d49fb4ad885,turbine_2,2026-02-19T18:00:00Z,2026-02-20T00:00:00Z,6,6,ml-fbef3053c41202da61a895a2,gfs-7a66239ba6e46cf13e00a8ac,verified_object_version,0.14957191752390164,forecast-b2769d1fc97d7d49fb4ad885,2026-02-19T18:00:00Z,2026-02-20T05:00:00+05:00
forecast-b2769d1fc97d7d49fb4ad885,turbine_2,2026-02-19T18:00:00Z,2026-02-20T01:00:00Z,7,7,ml-fbef3053c41202da61a895a2,gfs-7a66239ba6e46cf13e00a8ac,verified_object_version,0.15079671485432283,forecast-b2769d1fc97d7d49fb4ad885,2026-02-19T18:00:00Z,2026-02-20T06:00:00+05:00
forecast-b2769d1fc97d7d49fb4ad885,turbine_2,2026-02-19T18:00:00Z,2026-02-20T02:00:00Z,8,8,ml-fbef3053c41202da61a895a2,gfs-7a66239ba6e46cf13e00a8ac,verified_object_version,0.16048769898800572,forecast-b2769d1fc97d7d49fb4ad885,2026-02-19T18:00:00Z,2026-02-20T07:00:00+05:00
forecast-b2769d1fc97d7d49fb4ad885,turbine_2,2026-02-19T18:00:00Z,2026-02-20T03:00:00Z,9,9,ml-fbef3053c41202da61a895a2,gfs-7a66239ba6e46cf13e00a8ac,verified_object_version,0.1468703020695279,forecast-b2769d1fc97d7d49fb4ad885,2026-02-19T18:00:00Z,2026-02-20T08:00:00+05:00
forecast-b2769d1fc97d7d49fb4ad885,turbine_2,2026-02-19T18:00:00Z,2026-02-20T04:00:00Z,10,10,ml-fbef3053c41202da61a895a2,gfs-7a66239ba6e46cf13e00a8ac,verified_object_version,0.13597180940438058,forecast-b2769d1fc97d7d49fb4ad885,2026-02-19T18:00:00Z,2026-02-20T09:00:00+05:00
forecast-b2769d1fc97d7d49fb4ad885,turbine_2,2026-02-19T18:00:00Z,2026-02-20T05:00:00Z,11,11,ml-fbef3053c41202da61a895a2,gfs-7a66239ba6e46cf13e00a8ac,verified_object_version,0.14984768131871606,forecast-b2769d1fc97d7d49fb4ad885,2026-02-19T18:00:00Z,2026-02-20T10:00:00+05:00
forecast-b2769d1fc97d7d49fb4ad885,turbine_2,2026-02-19T18:00:00Z,2026-02-20T06:00:00Z,12,12,ml-fbef3053c41202da61a895a2,gfs-7a66239ba6e46cf13e00a8ac,verified_object_version,0.15598826678052152,forecast-b2769d1fc97d7d49fb4ad885,2026-02-19T18:00:00Z,2026-02-20T11:00:00+05:00
forecast-b2769d1fc97d7d49fb4ad885,turbine_2,2026-02-19T18:00:00Z,2026-02-20T07:00:00Z,13,13,ml-fbef3053c41202da61a895a2,gfs-7a66239ba6e46cf13e00a8ac,verified_object_version,0.13297745804520592,forecast-b2769d1fc97d7d49fb4ad885,2026-02-19T18:00:00Z,2026-02-20T12:00:00+05:00
forecast-b2769d1fc97d7d49fb4ad885,turbine_2,2026-02-19T18:00:00Z,2026-02-20T08:00:00Z,14,14,ml-fbef3053c41202da61a895a2,gfs-7a66239ba6e46cf13e00a8ac,verified_object_version,0.11510789362730445,forecast-b2769d1fc97d7d49fb4ad885,2026-02-19T18:00:00Z,2026-02-20T13:00:00+05:00
forecast-b2769d1fc97d7d49fb4ad885,turbine_2,2026-02-19T18:00:00Z,2026-02-20T09:00:00Z,15,15,ml-fbef3053c41202da61a895a2,gfs-7a66239ba6e46cf13e00a8ac,verified_object_version,0.07261273004604235,forecast-b2769d1fc97d7d49fb4ad885,2026-02-19T18:00:00Z,2026-02-20T14:00:00+05:00
forecast-b2769d1fc97d7d49fb4ad885,turbine_2,2026-02-19T18:00:00Z,2026-02-20T10:00:00Z,16,16,ml-fbef3053c41202da61a895a2,gfs-7a66239ba6e46cf13e00a8ac,verified_object_version,0.05157135759349463,forecast-b2769d1fc97d7d49fb4ad885,2026-02-19T18:00:00Z,2026-02-20T15:00:00+05:00
forecast-b2769d1fc97d7d49fb4ad885,turbine_2,2026-02-19T18:00:00Z,2026-02-20T11:00:00Z,17,17,ml-fbef3053c41202da61a895a2,gfs-7a66239ba6e46cf13e00a8ac,verified_object_version,0.03843466963354311,forecast-b2769d1fc97d7d49fb4ad885,2026-02-19T18:00:00Z,2026-02-20T16:00:00+05:00
forecast-b2769d1fc97d7d49fb4ad885,turbine_2,2026-02-19T18:00:00Z,2026-02-20T12:00:00Z,18,18,ml-fbef3053c41202da61a895a2,gfs-7a66239ba6e46cf13e00a8ac,verified_object_version,0.04620898205028809,forecast-b2769d1fc97d7d49fb4ad885,2026-02-19T18:00:00Z,2026-02-20T17:00:00+05:00
forecast-b2769d1fc97d7d49fb4ad885,turbine_2,2026-02-19T18:00:00Z,2026-02-20T13:00:00Z,19,19,ml-fbef3053c41202da61a895a2,gfs-7a66239ba6e46cf13e00a8ac,verified_object_version,0.09535326818182915,forecast-b2769d1fc97d7d49fb4ad885,2026-02-19T18:00:00Z,2026-02-20T18:00:00+05:00
forecast-b2769d1fc97d7d49fb4ad885,turbine_2,2026-02-19T18:00:00Z,2026-02-20T14:00:00Z,20,20,ml-fbef3053c41202da61a895a2,gfs-7a66239ba6e46cf13e00a8ac,verified_object_version,0.71607874330869,forecast-b2769d1fc97d7d49fb4ad885,2026-02-19T18:00:00Z,2026-02-20T19:00:00+05:00
forecast-b2769d1fc97d7d49fb4ad885,turbine_2,2026-02-19T18:00:00Z,2026-02-20T15:00:00Z,21,21,ml-fbef3053c41202da61a895a2,gfs-7a66239ba6e46cf13e00a8ac,verified_object_version,0.8874783251763264,forecast-b2769d1fc97d7d49fb4ad885,2026-02-19T18:00:00Z,2026-02-20T20:00:00+05:00
forecast-b2769d1fc97d7d49fb4ad885,turbine_2,2026-02-19T18:00:00Z,2026-02-20T16:00:00Z,22,22,ml-fbef3053c41202da61a895a2,gfs-7a66239ba6e46cf13e00a8ac,verified_object_version,0.9527166404770521,forecast-b2769d1fc97d7d49fb4ad885,2026-02-19T18:00:00Z,2026-02-20T21:00:00+05:00
forecast-b2769d1fc97d7d49fb4ad885,turbine_2,2026-02-19T18:00:00Z,2026-02-20T17:00:00Z,23,23,ml-fbef3053c41202da61a895a2,gfs-7a66239ba6e46cf13e00a8ac,verified_object_version,0.9470352500770983,forecast-b2769d1fc97d7d49fb4ad885,2026-02-19T18:00:00Z,2026-02-20T22:00:00+05:00
forecast-b2769d1fc97d7d49fb4ad885,turbine_2,2026-02-19T18:00:00Z,2026-02-20T18:00:00Z,24,24,ml-fbef3053c41202da61a895a2,gfs-7a66239ba6e46cf13e00a8ac,verified_object_version,0.9434454983765199,forecast-b2769d1fc97d7d49fb4ad885,2026-02-19T18:00:00Z,2026-02-20T23:00:00+05:00
forecast-e94e7c480620ab153edde5e3,turbine_2,2026-02-20T18:00:00Z,2026-02-20T19:00:00Z,1,1,ml-fbef3053c41202da61a895a2,gfs-e3977ca1233baebc0e01066b,verified_object_version,0.8310524151992095,forecast-e94e7c480620ab153edde5e3,2026-02-20T18:00:00Z,2026-02-21T00:00:00+05:00
forecast-e94e7c480620ab153edde5e3,turbine_2,2026-02-20T18:00:00Z,2026-02-20T20:00:00Z,2,2,ml-fbef3053c41202da61a895a2,gfs-e3977ca1233baebc0e01066b,verified_object_version,0.8161889395986106,forecast-e94e7c480620ab153edde5e3,2026-02-20T18:00:00Z,2026-02-21T01:00:00+05:00
forecast-e94e7c480620ab153edde5e3,turbine_2,2026-02-20T18:00:00Z,2026-02-20T21:00:00Z,3,3,ml-fbef3053c41202da61a895a2,gfs-e3977ca1233baebc0e01066b,verified_object_version,0.7838897281945224,forecast-e94e7c480620ab153edde5e3,2026-02-20T18:00:00Z,2026-02-21T02:00:00+05:00
forecast-e94e7c480620ab153edde5e3,turbine_2,2026-02-20T18:00:00Z,2026-02-20T22:00:00Z,4,4,ml-fbef3053c41202da61a895a2,gfs-e3977ca1233baebc0e01066b,verified_object_version,0.6576294434425991,forecast-e94e7c480620ab153edde5e3,2026-02-20T18:00:00Z,2026-02-21T03:00:00+05:00
forecast-e94e7c480620ab153edde5e3,turbine_2,2026-02-20T18:00:00Z,2026-02-20T23:00:00Z,5,5,ml-fbef3053c41202da61a895a2,gfs-e3977ca1233baebc0e01066b,verified_object_version,0.6245368170795769,forecast-e94e7c480620ab153edde5e3,2026-02-20T18:00:00Z,2026-02-21T04:00:00+05:00
forecast-e94e7c480620ab153edde5e3,turbine_2,2026-02-20T18:00:00Z,2026-02-21T00:00:00Z,6,6,ml-fbef3053c41202da61a895a2,gfs-e3977ca1233baebc0e01066b,verified_object_version,0.4603067835080425,forecast-e94e7c480620ab153edde5e3,2026-02-20T18:00:00Z,2026-02-21T05:00:00+05:00
forecast-e94e7c480620ab153edde5e3,turbine_2,2026-02-20T18:00:00Z,2026-02-21T01:00:00Z,7,7,ml-fbef3053c41202da61a895a2,gfs-e3977ca1233baebc0e01066b,verified_object_version,0.41674489842884643,forecast-e94e7c480620ab153edde5e3,2026-02-20T18:00:00Z,2026-02-21T06:00:00+05:00
forecast-e94e7c480620ab153edde5e3,turbine_2,2026-02-20T18:00:00Z,2026-02-21T02:00:00Z,8,8,ml-fbef3053c41202da61a895a2,gfs-e3977ca1233baebc0e01066b,verified_object_version,0.5943172751207297,forecast-e94e7c480620ab153edde5e3,2026-02-20T18:00:00Z,2026-02-21T07:00:00+05:00
forecast-e94e7c480620ab153edde5e3,turbine_2,2026-02-20T18:00:00Z,2026-02-21T03:00:00Z,9,9,ml-fbef3053c41202da61a895a2,gfs-e3977ca1233baebc0e01066b,verified_object_version,0.3266053822375389,forecast-e94e7c480620ab153edde5e3,2026-02-20T18:00:00Z,2026-02-21T08:00:00+05:00
forecast-e94e7c480620ab153edde5e3,turbine_2,2026-02-20T18:00:00Z,2026-02-21T04:00:00Z,10,10,ml-fbef3053c41202da61a895a2,gfs-e3977ca1233baebc0e01066b,verified_object_version,0.2319905465212555,forecast-e94e7c480620ab153edde5e3,2026-02-20T18:00:00Z,2026-02-21T09:00:00+05:00
forecast-e94e7c480620ab153edde5e3,turbine_2,2026-02-20T18:00:00Z,2026-02-21T05:00:00Z,11,11,ml-fbef3053c41202da61a895a2,gfs-e3977ca1233baebc0e01066b,verified_object_version,0.08071682812493325,forecast-e94e7c480620ab153edde5e3,2026-02-20T18:00:00Z,2026-02-21T10:00:00+05:00
forecast-e94e7c480620ab153edde5e3,turbine_2,2026-02-20T18:00:00Z,2026-02-21T06:00:00Z,12,12,ml-fbef3053c41202da61a895a2,gfs-e3977ca1233baebc0e01066b,verified_object_version,0.02342085634102084,forecast-e94e7c480620ab153edde5e3,2026-02-20T18:00:00Z,2026-02-21T11:00:00+05:00
forecast-e94e7c480620ab153edde5e3,turbine_2,2026-02-20T18:00:00Z,2026-02-21T07:00:00Z,13,13,ml-fbef3053c41202da61a895a2,gfs-e3977ca1233baebc0e01066b,verified_object_version,0.9617470707585749,forecast-e94e7c480620ab153edde5e3,2026-02-20T18:00:00Z,2026-02-21T12:00:00+05:00
forecast-e94e7c480620ab153edde5e3,turbine_2,2026-02-20T18:00:00Z,2026-02-21T08:00:00Z,14,14,ml-fbef3053c41202da61a895a2,gfs-e3977ca1233baebc0e01066b,verified_object_version,0.9246132182551801,forecast-e94e7c480620ab153edde5e3,2026-02-20T18:00:00Z,2026-02-21T13:00:00+05:00
forecast-e94e7c480620ab153edde5e3,turbine_2,2026-02-20T18:00:00Z,2026-02-21T09:00:00Z,15,15,ml-fbef3053c41202da61a895a2,gfs-e3977ca1233baebc0e01066b,verified_object_version,0.947263742611963,forecast-e94e7c480620ab153edde5e3,2026-02-20T18:00:00Z,2026-02-21T14:00:00+05:00
forecast-e94e7c480620ab153edde5e3,turbine_2,2026-02-20T18:00:00Z,2026-02-21T10:00:00Z,16,16,ml-fbef3053c41202da61a895a2,gfs-e3977ca1233baebc0e01066b,verified_object_version,0.9331419844415854,forecast-e94e7c480620ab153edde5e3,2026-02-20T18:00:00Z,2026-02-21T15:00:00+05:00
forecast-e94e7c480620ab153edde5e3,turbine_2,2026-02-20T18:00:00Z,2026-02-21T11:00:00Z,17,17,ml-fbef3053c41202da61a895a2,gfs-e3977ca1233baebc0e01066b,verified_object_version,0.6117028700721093,forecast-e94e7c480620ab153edde5e3,2026-02-20T18:00:00Z,2026-02-21T16:00:00+05:00
forecast-e94e7c480620ab153edde5e3,turbine_2,2026-02-20T18:00:00Z,2026-02-21T12:00:00Z,18,18,ml-fbef3053c41202da61a895a2,gfs-e3977ca1233baebc0e01066b,verified_object_version,0.5819229076670318,forecast-e94e7c480620ab153edde5e3,2026-02-20T18:00:00Z,2026-02-21T17:00:00+05:00
forecast-e94e7c480620ab153edde5e3,turbine_2,2026-02-20T18:00:00Z,2026-02-21T13:00:00Z,19,19,ml-fbef3053c41202da61a895a2,gfs-e3977ca1233baebc0e01066b,verified_object_version,0.4628314197299245,forecast-e94e7c480620ab153edde5e3,2026-02-20T18:00:00Z,2026-02-21T18:00:00+05:00
forecast-e94e7c480620ab153edde5e3,turbine_2,2026-02-20T18:00:00Z,2026-02-21T14:00:00Z,20,20,ml-fbef3053c41202da61a895a2,gfs-e3977ca1233baebc0e01066b,verified_object_version,0.6597225704876025,forecast-e94e7c480620ab153edde5e3,2026-02-20T18:00:00Z,2026-02-21T19:00:00+05:00
forecast-e94e7c480620ab153edde5e3,turbine_2,2026-02-20T18:00:00Z,2026-02-21T15:00:00Z,21,21,ml-fbef3053c41202da61a895a2,gfs-e3977ca1233baebc0e01066b,verified_object_version,0.6533259099834938,forecast-e94e7c480620ab153edde5e3,2026-02-20T18:00:00Z,2026-02-21T20:00:00+05:00
forecast-e94e7c480620ab153edde5e3,turbine_2,2026-02-20T18:00:00Z,2026-02-21T16:00:00Z,22,22,ml-fbef3053c41202da61a895a2,gfs-e3977ca1233baebc0e01066b,verified_object_version,0.3513090196156039,forecast-e94e7c480620ab153edde5e3,2026-02-20T18:00:00Z,2026-02-21T21:00:00+05:00
forecast-e94e7c480620ab153edde5e3,turbine_2,2026-02-20T18:00:00Z,2026-02-21T17:00:00Z,23,23,ml-fbef3053c41202da61a895a2,gfs-e3977ca1233baebc0e01066b,verified_object_version,0.198989185741025,forecast-e94e7c480620ab153edde5e3,2026-02-20T18:00:00Z,2026-02-21T22:00:00+05:00
forecast-e94e7c480620ab153edde5e3,turbine_2,2026-02-20T18:00:00Z,2026-02-21T18:00:00Z,24,24,ml-fbef3053c41202da61a895a2,gfs-e3977ca1233baebc0e01066b,verified_object_version,0.14275601015925612,forecast-e94e7c480620ab153edde5e3,2026-02-20T18:00:00Z,2026-02-21T23:00:00+05:00
forecast-b26b19a67c40e18ba62a851c,turbine_2,2026-02-21T18:00:00Z,2026-02-21T19:00:00Z,1,1,ml-fbef3053c41202da61a895a2,gfs-a68354390bf8097632ab58b6,verified_object_version,0.02979289778215677,forecast-b26b19a67c40e18ba62a851c,2026-02-21T18:00:00Z,2026-02-22T00:00:00+05:00
forecast-b26b19a67c40e18ba62a851c,turbine_2,2026-02-21T18:00:00Z,2026-02-21T20:00:00Z,2,2,ml-fbef3053c41202da61a895a2,gfs-a68354390bf8097632ab58b6,verified_object_version,0.016907656795148357,forecast-b26b19a67c40e18ba62a851c,2026-02-21T18:00:00Z,2026-02-22T01:00:00+05:00
forecast-b26b19a67c40e18ba62a851c,turbine_2,2026-02-21T18:00:00Z,2026-02-21T21:00:00Z,3,3,ml-fbef3053c41202da61a895a2,gfs-a68354390bf8097632ab58b6,verified_object_version,0.015782313611156423,forecast-b26b19a67c40e18ba62a851c,2026-02-21T18:00:00Z,2026-02-22T02:00:00+05:00
forecast-b26b19a67c40e18ba62a851c,turbine_2,2026-02-21T18:00:00Z,2026-02-21T22:00:00Z,4,4,ml-fbef3053c41202da61a895a2,gfs-a68354390bf8097632ab58b6,verified_object_version,0.011544550430009987,forecast-b26b19a67c40e18ba62a851c,2026-02-21T18:00:00Z,2026-02-22T03:00:00+05:00
forecast-b26b19a67c40e18ba62a851c,turbine_2,2026-02-21T18:00:00Z,2026-02-21T23:00:00Z,5,5,ml-fbef3053c41202da61a895a2,gfs-a68354390bf8097632ab58b6,verified_object_version,0.011969404346567125,forecast-b26b19a67c40e18ba62a851c,2026-02-21T18:00:00Z,2026-02-22T04:00:00+05:00
forecast-b26b19a67c40e18ba62a851c,turbine_2,2026-02-21T18:00:00Z,2026-02-22T00:00:00Z,6,6,ml-fbef3053c41202da61a895a2,gfs-a68354390bf8097632ab58b6,verified_object_version,0.01313292811288766,forecast-b26b19a67c40e18ba62a851c,2026-02-21T18:00:00Z,2026-02-22T05:00:00+05:00
forecast-b26b19a67c40e18ba62a851c,turbine_2,2026-02-21T18:00:00Z,2026-02-22T01:00:00Z,7,7,ml-fbef3053c41202da61a895a2,gfs-a68354390bf8097632ab58b6,verified_object_version,0.02408152519696896,forecast-b26b19a67c40e18ba62a851c,2026-02-21T18:00:00Z,2026-02-22T06:00:00+05:00
forecast-b26b19a67c40e18ba62a851c,turbine_2,2026-02-21T18:00:00Z,2026-02-22T02:00:00Z,8,8,ml-fbef3053c41202da61a895a2,gfs-a68354390bf8097632ab58b6,verified_object_version,0.49009629469022375,forecast-b26b19a67c40e18ba62a851c,2026-02-21T18:00:00Z,2026-02-22T07:00:00+05:00
forecast-b26b19a67c40e18ba62a851c,turbine_2,2026-02-21T18:00:00Z,2026-02-22T03:00:00Z,9,9,ml-fbef3053c41202da61a895a2,gfs-a68354390bf8097632ab58b6,verified_object_version,0.7979082449770655,forecast-b26b19a67c40e18ba62a851c,2026-02-21T18:00:00Z,2026-02-22T08:00:00+05:00
forecast-b26b19a67c40e18ba62a851c,turbine_2,2026-02-21T18:00:00Z,2026-02-22T04:00:00Z,10,10,ml-fbef3053c41202da61a895a2,gfs-a68354390bf8097632ab58b6,verified_object_version,0.9480039505384347,forecast-b26b19a67c40e18ba62a851c,2026-02-21T18:00:00Z,2026-02-22T09:00:00+05:00
forecast-b26b19a67c40e18ba62a851c,turbine_2,2026-02-21T18:00:00Z,2026-02-22T05:00:00Z,11,11,ml-fbef3053c41202da61a895a2,gfs-a68354390bf8097632ab58b6,verified_object_version,0.9598101845728035,forecast-b26b19a67c40e18ba62a851c,2026-02-21T18:00:00Z,2026-02-22T10:00:00+05:00
forecast-b26b19a67c40e18ba62a851c,turbine_2,2026-02-21T18:00:00Z,2026-02-22T06:00:00Z,12,12,ml-fbef3053c41202da61a895a2,gfs-a68354390bf8097632ab58b6,verified_object_version,0.9573776013106639,forecast-b26b19a67c40e18ba62a851c,2026-02-21T18:00:00Z,2026-02-22T11:00:00+05:00
forecast-b26b19a67c40e18ba62a851c,turbine_2,2026-02-21T18:00:00Z,2026-02-22T07:00:00Z,13,13,ml-fbef3053c41202da61a895a2,gfs-a68354390bf8097632ab58b6,verified_object_version,0.9594548664021241,forecast-b26b19a67c40e18ba62a851c,2026-02-21T18:00:00Z,2026-02-22T12:00:00+05:00
forecast-b26b19a67c40e18ba62a851c,turbine_2,2026-02-21T18:00:00Z,2026-02-22T08:00:00Z,14,14,ml-fbef3053c41202da61a895a2,gfs-a68354390bf8097632ab58b6,verified_object_version,0.9416110440290606,forecast-b26b19a67c40e18ba62a851c,2026-02-21T18:00:00Z,2026-02-22T13:00:00+05:00
forecast-b26b19a67c40e18ba62a851c,turbine_2,2026-02-21T18:00:00Z,2026-02-22T09:00:00Z,15,15,ml-fbef3053c41202da61a895a2,gfs-a68354390bf8097632ab58b6,verified_object_version,0.9455994119165522,forecast-b26b19a67c40e18ba62a851c,2026-02-21T18:00:00Z,2026-02-22T14:00:00+05:00
forecast-b26b19a67c40e18ba62a851c,turbine_2,2026-02-21T18:00:00Z,2026-02-22T10:00:00Z,16,16,ml-fbef3053c41202da61a895a2,gfs-a68354390bf8097632ab58b6,verified_object_version,0.9521063356927751,forecast-b26b19a67c40e18ba62a851c,2026-02-21T18:00:00Z,2026-02-22T15:00:00+05:00
forecast-b26b19a67c40e18ba62a851c,turbine_2,2026-02-21T18:00:00Z,2026-02-22T11:00:00Z,17,17,ml-fbef3053c41202da61a895a2,gfs-a68354390bf8097632ab58b6,verified_object_version,0.9576034667882332,forecast-b26b19a67c40e18ba62a851c,2026-02-21T18:00:00Z,2026-02-22T16:00:00+05:00
forecast-b26b19a67c40e18ba62a851c,turbine_2,2026-02-21T18:00:00Z,2026-02-22T12:00:00Z,18,18,ml-fbef3053c41202da61a895a2,gfs-a68354390bf8097632ab58b6,verified_object_version,0.8958088788231447,forecast-b26b19a67c40e18ba62a851c,2026-02-21T18:00:00Z,2026-02-22T17:00:00+05:00
forecast-b26b19a67c40e18ba62a851c,turbine_2,2026-02-21T18:00:00Z,2026-02-22T13:00:00Z,19,19,ml-fbef3053c41202da61a895a2,gfs-a68354390bf8097632ab58b6,verified_object_version,0.8581893674573359,forecast-b26b19a67c40e18ba62a851c,2026-02-21T18:00:00Z,2026-02-22T18:00:00+05:00
forecast-b26b19a67c40e18ba62a851c,turbine_2,2026-02-21T18:00:00Z,2026-02-22T14:00:00Z,20,20,ml-fbef3053c41202da61a895a2,gfs-a68354390bf8097632ab58b6,verified_object_version,0.9034143522291169,forecast-b26b19a67c40e18ba62a851c,2026-02-21T18:00:00Z,2026-02-22T19:00:00+05:00
forecast-b26b19a67c40e18ba62a851c,turbine_2,2026-02-21T18:00:00Z,2026-02-22T15:00:00Z,21,21,ml-fbef3053c41202da61a895a2,gfs-a68354390bf8097632ab58b6,verified_object_version,0.9067268984213203,forecast-b26b19a67c40e18ba62a851c,2026-02-21T18:00:00Z,2026-02-22T20:00:00+05:00
forecast-b26b19a67c40e18ba62a851c,turbine_2,2026-02-21T18:00:00Z,2026-02-22T16:00:00Z,22,22,ml-fbef3053c41202da61a895a2,gfs-a68354390bf8097632ab58b6,verified_object_version,0.5113645396561814,forecast-b26b19a67c40e18ba62a851c,2026-02-21T18:00:00Z,2026-02-22T21:00:00+05:00
forecast-b26b19a67c40e18ba62a851c,turbine_2,2026-02-21T18:00:00Z,2026-02-22T17:00:00Z,23,23,ml-fbef3053c41202da61a895a2,gfs-a68354390bf8097632ab58b6,verified_object_version,0.365461091425287,forecast-b26b19a67c40e18ba62a851c,2026-02-21T18:00:00Z,2026-02-22T22:00:00+05:00
forecast-b26b19a67c40e18ba62a851c,turbine_2,2026-02-21T18:00:00Z,2026-02-22T18:00:00Z,24,24,ml-fbef3053c41202da61a895a2,gfs-a68354390bf8097632ab58b6,verified_object_version,0.29266287889866816,forecast-b26b19a67c40e18ba62a851c,2026-02-21T18:00:00Z,2026-02-22T23:00:00+05:00
forecast-81e3c1ed9fc2b9b149318939,turbine_2,2026-02-22T18:00:00Z,2026-02-22T19:00:00Z,1,1,ml-fbef3053c41202da61a895a2,gfs-76d5ade05227a9a22ad82637,verified_object_version,0.09323854779878891,forecast-81e3c1ed9fc2b9b149318939,2026-02-22T18:00:00Z,2026-02-23T00:00:00+05:00
forecast-81e3c1ed9fc2b9b149318939,turbine_2,2026-02-22T18:00:00Z,2026-02-22T20:00:00Z,2,2,ml-fbef3053c41202da61a895a2,gfs-76d5ade05227a9a22ad82637,verified_object_version,0.0856328837277993,forecast-81e3c1ed9fc2b9b149318939,2026-02-22T18:00:00Z,2026-02-23T01:00:00+05:00
forecast-81e3c1ed9fc2b9b149318939,turbine_2,2026-02-22T18:00:00Z,2026-02-22T21:00:00Z,3,3,ml-fbef3053c41202da61a895a2,gfs-76d5ade05227a9a22ad82637,verified_object_version,0.04702155039167116,forecast-81e3c1ed9fc2b9b149318939,2026-02-22T18:00:00Z,2026-02-23T02:00:00+05:00
forecast-81e3c1ed9fc2b9b149318939,turbine_2,2026-02-22T18:00:00Z,2026-02-22T22:00:00Z,4,4,ml-fbef3053c41202da61a895a2,gfs-76d5ade05227a9a22ad82637,verified_object_version,0.03617772669716246,forecast-81e3c1ed9fc2b9b149318939,2026-02-22T18:00:00Z,2026-02-23T03:00:00+05:00
forecast-81e3c1ed9fc2b9b149318939,turbine_2,2026-02-22T18:00:00Z,2026-02-22T23:00:00Z,5,5,ml-fbef3053c41202da61a895a2,gfs-76d5ade05227a9a22ad82637,verified_object_version,0.025394253902555564,forecast-81e3c1ed9fc2b9b149318939,2026-02-22T18:00:00Z,2026-02-23T04:00:00+05:00
forecast-81e3c1ed9fc2b9b149318939,turbine_2,2026-02-22T18:00:00Z,2026-02-23T00:00:00Z,6,6,ml-fbef3053c41202da61a895a2,gfs-76d5ade05227a9a22ad82637,verified_object_version,0.01405272491787063,forecast-81e3c1ed9fc2b9b149318939,2026-02-22T18:00:00Z,2026-02-23T05:00:00+05:00
forecast-81e3c1ed9fc2b9b149318939,turbine_2,2026-02-22T18:00:00Z,2026-02-23T01:00:00Z,7,7,ml-fbef3053c41202da61a895a2,gfs-76d5ade05227a9a22ad82637,verified_object_version,0.013616997906862938,forecast-81e3c1ed9fc2b9b149318939,2026-02-22T18:00:00Z,2026-02-23T06:00:00+05:00
forecast-81e3c1ed9fc2b9b149318939,turbine_2,2026-02-22T18:00:00Z,2026-02-23T02:00:00Z,8,8,ml-fbef3053c41202da61a895a2,gfs-76d5ade05227a9a22ad82637,verified_object_version,0.012452488017623192,forecast-81e3c1ed9fc2b9b149318939,2026-02-22T18:00:00Z,2026-02-23T07:00:00+05:00
forecast-81e3c1ed9fc2b9b149318939,turbine_2,2026-02-22T18:00:00Z,2026-02-23T03:00:00Z,9,9,ml-fbef3053c41202da61a895a2,gfs-76d5ade05227a9a22ad82637,verified_object_version,0.010781869698572838,forecast-81e3c1ed9fc2b9b149318939,2026-02-22T18:00:00Z,2026-02-23T08:00:00+05:00
forecast-81e3c1ed9fc2b9b149318939,turbine_2,2026-02-22T18:00:00Z,2026-02-23T04:00:00Z,10,10,ml-fbef3053c41202da61a895a2,gfs-76d5ade05227a9a22ad82637,verified_object_version,0.012252335422489269,forecast-81e3c1ed9fc2b9b149318939,2026-02-22T18:00:00Z,2026-02-23T09:00:00+05:00
forecast-81e3c1ed9fc2b9b149318939,turbine_2,2026-02-22T18:00:00Z,2026-02-23T05:00:00Z,11,11,ml-fbef3053c41202da61a895a2,gfs-76d5ade05227a9a22ad82637,verified_object_version,0.011030123594913538,forecast-81e3c1ed9fc2b9b149318939,2026-02-22T18:00:00Z,2026-02-23T10:00:00+05:00
forecast-81e3c1ed9fc2b9b149318939,turbine_2,2026-02-22T18:00:00Z,2026-02-23T06:00:00Z,12,12,ml-fbef3053c41202da61a895a2,gfs-76d5ade05227a9a22ad82637,verified_object_version,0.037590183372570946,forecast-81e3c1ed9fc2b9b149318939,2026-02-22T18:00:00Z,2026-02-23T11:00:00+05:00
forecast-81e3c1ed9fc2b9b149318939,turbine_2,2026-02-22T18:00:00Z,2026-02-23T07:00:00Z,13,13,ml-fbef3053c41202da61a895a2,gfs-76d5ade05227a9a22ad82637,verified_object_version,0.2005345198417253,forecast-81e3c1ed9fc2b9b149318939,2026-02-22T18:00:00Z,2026-02-23T12:00:00+05:00
forecast-81e3c1ed9fc2b9b149318939,turbine_2,2026-02-22T18:00:00Z,2026-02-23T08:00:00Z,14,14,ml-fbef3053c41202da61a895a2,gfs-76d5ade05227a9a22ad82637,verified_object_version,0.8192971785209565,forecast-81e3c1ed9fc2b9b149318939,2026-02-22T18:00:00Z,2026-02-23T13:00:00+05:00
forecast-81e3c1ed9fc2b9b149318939,turbine_2,2026-02-22T18:00:00Z,2026-02-23T09:00:00Z,15,15,ml-fbef3053c41202da61a895a2,gfs-76d5ade05227a9a22ad82637,verified_object_version,0.8573249527803528,forecast-81e3c1ed9fc2b9b149318939,2026-02-22T18:00:00Z,2026-02-23T14:00:00+05:00
forecast-81e3c1ed9fc2b9b149318939,turbine_2,2026-02-22T18:00:00Z,2026-02-23T10:00:00Z,16,16,ml-fbef3053c41202da61a895a2,gfs-76d5ade05227a9a22ad82637,verified_object_version,0.6579785881164,forecast-81e3c1ed9fc2b9b149318939,2026-02-22T18:00:00Z,2026-02-23T15:00:00+05:00
forecast-81e3c1ed9fc2b9b149318939,turbine_2,2026-02-22T18:00:00Z,2026-02-23T11:00:00Z,17,17,ml-fbef3053c41202da61a895a2,gfs-76d5ade05227a9a22ad82637,verified_object_version,0.8149091117221969,forecast-81e3c1ed9fc2b9b149318939,2026-02-22T18:00:00Z,2026-02-23T16:00:00+05:00
forecast-81e3c1ed9fc2b9b149318939,turbine_2,2026-02-22T18:00:00Z,2026-02-23T12:00:00Z,18,18,ml-fbef3053c41202da61a895a2,gfs-76d5ade05227a9a22ad82637,verified_object_version,0.7308468753656521,forecast-81e3c1ed9fc2b9b149318939,2026-02-22T18:00:00Z,2026-02-23T17:00:00+05:00
forecast-81e3c1ed9fc2b9b149318939,turbine_2,2026-02-22T18:00:00Z,2026-02-23T13:00:00Z,19,19,ml-fbef3053c41202da61a895a2,gfs-76d5ade05227a9a22ad82637,verified_object_version,0.6816154394073999,forecast-81e3c1ed9fc2b9b149318939,2026-02-22T18:00:00Z,2026-02-23T18:00:00+05:00
forecast-81e3c1ed9fc2b9b149318939,turbine_2,2026-02-22T18:00:00Z,2026-02-23T14:00:00Z,20,20,ml-fbef3053c41202da61a895a2,gfs-76d5ade05227a9a22ad82637,verified_object_version,0.5916243045169438,forecast-81e3c1ed9fc2b9b149318939,2026-02-22T18:00:00Z,2026-02-23T19:00:00+05:00
forecast-81e3c1ed9fc2b9b149318939,turbine_2,2026-02-22T18:00:00Z,2026-02-23T15:00:00Z,21,21,ml-fbef3053c41202da61a895a2,gfs-76d5ade05227a9a22ad82637,verified_object_version,0.650516696376291,forecast-81e3c1ed9fc2b9b149318939,2026-02-22T18:00:00Z,2026-02-23T20:00:00+05:00
forecast-81e3c1ed9fc2b9b149318939,turbine_2,2026-02-22T18:00:00Z,2026-02-23T16:00:00Z,22,22,ml-fbef3053c41202da61a895a2,gfs-76d5ade05227a9a22ad82637,verified_object_version,0.6396985497199394,forecast-81e3c1ed9fc2b9b149318939,2026-02-22T18:00:00Z,2026-02-23T21:00:00+05:00
forecast-81e3c1ed9fc2b9b149318939,turbine_2,2026-02-22T18:00:00Z,2026-02-23T17:00:00Z,23,23,ml-fbef3053c41202da61a895a2,gfs-76d5ade05227a9a22ad82637,verified_object_version,0.7040863689015595,forecast-81e3c1ed9fc2b9b149318939,2026-02-22T18:00:00Z,2026-02-23T22:00:00+05:00
forecast-81e3c1ed9fc2b9b149318939,turbine_2,2026-02-22T18:00:00Z,2026-02-23T18:00:00Z,24,24,ml-fbef3053c41202da61a895a2,gfs-76d5ade05227a9a22ad82637,verified_object_version,0.7157160603408448,forecast-81e3c1ed9fc2b9b149318939,2026-02-22T18:00:00Z,2026-02-23T23:00:00+05:00
forecast-579ce5a0796427604ac24ce6,turbine_2,2026-02-23T18:00:00Z,2026-02-23T19:00:00Z,1,1,ml-fbef3053c41202da61a895a2,gfs-5b7476387736a8c5b258e846,verified_object_version,0.8629496421452705,forecast-579ce5a0796427604ac24ce6,2026-02-23T18:00:00Z,2026-02-24T00:00:00+05:00
forecast-579ce5a0796427604ac24ce6,turbine_2,2026-02-23T18:00:00Z,2026-02-23T20:00:00Z,2,2,ml-fbef3053c41202da61a895a2,gfs-5b7476387736a8c5b258e846,verified_object_version,0.7921145030007213,forecast-579ce5a0796427604ac24ce6,2026-02-23T18:00:00Z,2026-02-24T01:00:00+05:00
forecast-579ce5a0796427604ac24ce6,turbine_2,2026-02-23T18:00:00Z,2026-02-23T21:00:00Z,3,3,ml-fbef3053c41202da61a895a2,gfs-5b7476387736a8c5b258e846,verified_object_version,0.742560013161164,forecast-579ce5a0796427604ac24ce6,2026-02-23T18:00:00Z,2026-02-24T02:00:00+05:00
forecast-579ce5a0796427604ac24ce6,turbine_2,2026-02-23T18:00:00Z,2026-02-23T22:00:00Z,4,4,ml-fbef3053c41202da61a895a2,gfs-5b7476387736a8c5b258e846,verified_object_version,0.766699057643285,forecast-579ce5a0796427604ac24ce6,2026-02-23T18:00:00Z,2026-02-24T03:00:00+05:00
forecast-579ce5a0796427604ac24ce6,turbine_2,2026-02-23T18:00:00Z,2026-02-23T23:00:00Z,5,5,ml-fbef3053c41202da61a895a2,gfs-5b7476387736a8c5b258e846,verified_object_version,0.8269446941226837,forecast-579ce5a0796427604ac24ce6,2026-02-23T18:00:00Z,2026-02-24T04:00:00+05:00
forecast-579ce5a0796427604ac24ce6,turbine_2,2026-02-23T18:00:00Z,2026-02-24T00:00:00Z,6,6,ml-fbef3053c41202da61a895a2,gfs-5b7476387736a8c5b258e846,verified_object_version,0.8311788514090317,forecast-579ce5a0796427604ac24ce6,2026-02-23T18:00:00Z,2026-02-24T05:00:00+05:00
forecast-579ce5a0796427604ac24ce6,turbine_2,2026-02-23T18:00:00Z,2026-02-24T01:00:00Z,7,7,ml-fbef3053c41202da61a895a2,gfs-5b7476387736a8c5b258e846,verified_object_version,0.8258138115716336,forecast-579ce5a0796427604ac24ce6,2026-02-23T18:00:00Z,2026-02-24T06:00:00+05:00
forecast-579ce5a0796427604ac24ce6,turbine_2,2026-02-23T18:00:00Z,2026-02-24T02:00:00Z,8,8,ml-fbef3053c41202da61a895a2,gfs-5b7476387736a8c5b258e846,verified_object_version,0.7528748748980416,forecast-579ce5a0796427604ac24ce6,2026-02-23T18:00:00Z,2026-02-24T07:00:00+05:00
forecast-579ce5a0796427604ac24ce6,turbine_2,2026-02-23T18:00:00Z,2026-02-24T03:00:00Z,9,9,ml-fbef3053c41202da61a895a2,gfs-5b7476387736a8c5b258e846,verified_object_version,0.694301075853514,forecast-579ce5a0796427604ac24ce6,2026-02-23T18:00:00Z,2026-02-24T08:00:00+05:00
forecast-579ce5a0796427604ac24ce6,turbine_2,2026-02-23T18:00:00Z,2026-02-24T04:00:00Z,10,10,ml-fbef3053c41202da61a895a2,gfs-5b7476387736a8c5b258e846,verified_object_version,0.6104186473035907,forecast-579ce5a0796427604ac24ce6,2026-02-23T18:00:00Z,2026-02-24T09:00:00+05:00
forecast-579ce5a0796427604ac24ce6,turbine_2,2026-02-23T18:00:00Z,2026-02-24T05:00:00Z,11,11,ml-fbef3053c41202da61a895a2,gfs-5b7476387736a8c5b258e846,verified_object_version,0.5910568194314426,forecast-579ce5a0796427604ac24ce6,2026-02-23T18:00:00Z,2026-02-24T10:00:00+05:00
forecast-579ce5a0796427604ac24ce6,turbine_2,2026-02-23T18:00:00Z,2026-02-24T06:00:00Z,12,12,ml-fbef3053c41202da61a895a2,gfs-5b7476387736a8c5b258e846,verified_object_version,0.5136634849437164,forecast-579ce5a0796427604ac24ce6,2026-02-23T18:00:00Z,2026-02-24T11:00:00+05:00
forecast-579ce5a0796427604ac24ce6,turbine_2,2026-02-23T18:00:00Z,2026-02-24T07:00:00Z,13,13,ml-fbef3053c41202da61a895a2,gfs-5b7476387736a8c5b258e846,verified_object_version,0.5299151506233335,forecast-579ce5a0796427604ac24ce6,2026-02-23T18:00:00Z,2026-02-24T12:00:00+05:00
forecast-579ce5a0796427604ac24ce6,turbine_2,2026-02-23T18:00:00Z,2026-02-24T08:00:00Z,14,14,ml-fbef3053c41202da61a895a2,gfs-5b7476387736a8c5b258e846,verified_object_version,0.5211338557349818,forecast-579ce5a0796427604ac24ce6,2026-02-23T18:00:00Z,2026-02-24T13:00:00+05:00
forecast-579ce5a0796427604ac24ce6,turbine_2,2026-02-23T18:00:00Z,2026-02-24T09:00:00Z,15,15,ml-fbef3053c41202da61a895a2,gfs-5b7476387736a8c5b258e846,verified_object_version,0.54276801132474,forecast-579ce5a0796427604ac24ce6,2026-02-23T18:00:00Z,2026-02-24T14:00:00+05:00
forecast-579ce5a0796427604ac24ce6,turbine_2,2026-02-23T18:00:00Z,2026-02-24T10:00:00Z,16,16,ml-fbef3053c41202da61a895a2,gfs-5b7476387736a8c5b258e846,verified_object_version,0.5397084280381741,forecast-579ce5a0796427604ac24ce6,2026-02-23T18:00:00Z,2026-02-24T15:00:00+05:00
forecast-579ce5a0796427604ac24ce6,turbine_2,2026-02-23T18:00:00Z,2026-02-24T11:00:00Z,17,17,ml-fbef3053c41202da61a895a2,gfs-5b7476387736a8c5b258e846,verified_object_version,0.5906639856049285,forecast-579ce5a0796427604ac24ce6,2026-02-23T18:00:00Z,2026-02-24T16:00:00+05:00
forecast-579ce5a0796427604ac24ce6,turbine_2,2026-02-23T18:00:00Z,2026-02-24T12:00:00Z,18,18,ml-fbef3053c41202da61a895a2,gfs-5b7476387736a8c5b258e846,verified_object_version,0.5673100100081715,forecast-579ce5a0796427604ac24ce6,2026-02-23T18:00:00Z,2026-02-24T17:00:00+05:00
forecast-579ce5a0796427604ac24ce6,turbine_2,2026-02-23T18:00:00Z,2026-02-24T13:00:00Z,19,19,ml-fbef3053c41202da61a895a2,gfs-5b7476387736a8c5b258e846,verified_object_version,0.5574147462368086,forecast-579ce5a0796427604ac24ce6,2026-02-23T18:00:00Z,2026-02-24T18:00:00+05:00
forecast-579ce5a0796427604ac24ce6,turbine_2,2026-02-23T18:00:00Z,2026-02-24T14:00:00Z,20,20,ml-fbef3053c41202da61a895a2,gfs-5b7476387736a8c5b258e846,verified_object_version,0.4591776362348016,forecast-579ce5a0796427604ac24ce6,2026-02-23T18:00:00Z,2026-02-24T19:00:00+05:00
forecast-579ce5a0796427604ac24ce6,turbine_2,2026-02-23T18:00:00Z,2026-02-24T15:00:00Z,21,21,ml-fbef3053c41202da61a895a2,gfs-5b7476387736a8c5b258e846,verified_object_version,0.274507573197869,forecast-579ce5a0796427604ac24ce6,2026-02-23T18:00:00Z,2026-02-24T20:00:00+05:00
forecast-579ce5a0796427604ac24ce6,turbine_2,2026-02-23T18:00:00Z,2026-02-24T16:00:00Z,22,22,ml-fbef3053c41202da61a895a2,gfs-5b7476387736a8c5b258e846,verified_object_version,0.18087248867878883,forecast-579ce5a0796427604ac24ce6,2026-02-23T18:00:00Z,2026-02-24T21:00:00+05:00
forecast-579ce5a0796427604ac24ce6,turbine_2,2026-02-23T18:00:00Z,2026-02-24T17:00:00Z,23,23,ml-fbef3053c41202da61a895a2,gfs-5b7476387736a8c5b258e846,verified_object_version,0.10061608300547079,forecast-579ce5a0796427604ac24ce6,2026-02-23T18:00:00Z,2026-02-24T22:00:00+05:00
forecast-579ce5a0796427604ac24ce6,turbine_2,2026-02-23T18:00:00Z,2026-02-24T18:00:00Z,24,24,ml-fbef3053c41202da61a895a2,gfs-5b7476387736a8c5b258e846,verified_object_version,0.09030893760802253,forecast-579ce5a0796427604ac24ce6,2026-02-23T18:00:00Z,2026-02-24T23:00:00+05:00
forecast-8991391bcd72355418b142cd,turbine_2,2026-02-24T18:00:00Z,2026-02-24T19:00:00Z,1,1,ml-fbef3053c41202da61a895a2,gfs-fd211ad326fb12988bc8a3f4,verified_object_version,0.01828074297228166,forecast-8991391bcd72355418b142cd,2026-02-24T18:00:00Z,2026-02-25T00:00:00+05:00
forecast-8991391bcd72355418b142cd,turbine_2,2026-02-24T18:00:00Z,2026-02-24T20:00:00Z,2,2,ml-fbef3053c41202da61a895a2,gfs-fd211ad326fb12988bc8a3f4,verified_object_version,0.019563612189291868,forecast-8991391bcd72355418b142cd,2026-02-24T18:00:00Z,2026-02-25T01:00:00+05:00
forecast-8991391bcd72355418b142cd,turbine_2,2026-02-24T18:00:00Z,2026-02-24T21:00:00Z,3,3,ml-fbef3053c41202da61a895a2,gfs-fd211ad326fb12988bc8a3f4,verified_object_version,0.020155106940653894,forecast-8991391bcd72355418b142cd,2026-02-24T18:00:00Z,2026-02-25T02:00:00+05:00
forecast-8991391bcd72355418b142cd,turbine_2,2026-02-24T18:00:00Z,2026-02-24T22:00:00Z,4,4,ml-fbef3053c41202da61a895a2,gfs-fd211ad326fb12988bc8a3f4,verified_object_version,0.010964154279038824,forecast-8991391bcd72355418b142cd,2026-02-24T18:00:00Z,2026-02-25T03:00:00+05:00
forecast-8991391bcd72355418b142cd,turbine_2,2026-02-24T18:00:00Z,2026-02-24T23:00:00Z,5,5,ml-fbef3053c41202da61a895a2,gfs-fd211ad326fb12988bc8a3f4,verified_object_version,0.012777091690292147,forecast-8991391bcd72355418b142cd,2026-02-24T18:00:00Z,2026-02-25T04:00:00+05:00
forecast-8991391bcd72355418b142cd,turbine_2,2026-02-24T18:00:00Z,2026-02-25T00:00:00Z,6,6,ml-fbef3053c41202da61a895a2,gfs-fd211ad326fb12988bc8a3f4,verified_object_version,0.012978774035164647,forecast-8991391bcd72355418b142cd,2026-02-24T18:00:00Z,2026-02-25T05:00:00+05:00
forecast-8991391bcd72355418b142cd,turbine_2,2026-02-24T18:00:00Z,2026-02-25T01:00:00Z,7,7,ml-fbef3053c41202da61a895a2,gfs-fd211ad326fb12988bc8a3f4,verified_object_version,0.014584085595781393,forecast-8991391bcd72355418b142cd,2026-02-24T18:00:00Z,2026-02-25T06:00:00+05:00
forecast-8991391bcd72355418b142cd,turbine_2,2026-02-24T18:00:00Z,2026-02-25T02:00:00Z,8,8,ml-fbef3053c41202da61a895a2,gfs-fd211ad326fb12988bc8a3f4,verified_object_version,0.025807134788302016,forecast-8991391bcd72355418b142cd,2026-02-24T18:00:00Z,2026-02-25T07:00:00+05:00
forecast-8991391bcd72355418b142cd,turbine_2,2026-02-24T18:00:00Z,2026-02-25T03:00:00Z,9,9,ml-fbef3053c41202da61a895a2,gfs-fd211ad326fb12988bc8a3f4,verified_object_version,0.018254566559680024,forecast-8991391bcd72355418b142cd,2026-02-24T18:00:00Z,2026-02-25T08:00:00+05:00
forecast-8991391bcd72355418b142cd,turbine_2,2026-02-24T18:00:00Z,2026-02-25T04:00:00Z,10,10,ml-fbef3053c41202da61a895a2,gfs-fd211ad326fb12988bc8a3f4,verified_object_version,0.022870762991088672,forecast-8991391bcd72355418b142cd,2026-02-24T18:00:00Z,2026-02-25T09:00:00+05:00
forecast-8991391bcd72355418b142cd,turbine_2,2026-02-24T18:00:00Z,2026-02-25T05:00:00Z,11,11,ml-fbef3053c41202da61a895a2,gfs-fd211ad326fb12988bc8a3f4,verified_object_version,0.04181139207097126,forecast-8991391bcd72355418b142cd,2026-02-24T18:00:00Z,2026-02-25T10:00:00+05:00
forecast-8991391bcd72355418b142cd,turbine_2,2026-02-24T18:00:00Z,2026-02-25T06:00:00Z,12,12,ml-fbef3053c41202da61a895a2,gfs-fd211ad326fb12988bc8a3f4,verified_object_version,0.06937093606308709,forecast-8991391bcd72355418b142cd,2026-02-24T18:00:00Z,2026-02-25T11:00:00+05:00
forecast-8991391bcd72355418b142cd,turbine_2,2026-02-24T18:00:00Z,2026-02-25T07:00:00Z,13,13,ml-fbef3053c41202da61a895a2,gfs-fd211ad326fb12988bc8a3f4,verified_object_version,0.0811361608967048,forecast-8991391bcd72355418b142cd,2026-02-24T18:00:00Z,2026-02-25T12:00:00+05:00
forecast-8991391bcd72355418b142cd,turbine_2,2026-02-24T18:00:00Z,2026-02-25T08:00:00Z,14,14,ml-fbef3053c41202da61a895a2,gfs-fd211ad326fb12988bc8a3f4,verified_object_version,0.17201170515066783,forecast-8991391bcd72355418b142cd,2026-02-24T18:00:00Z,2026-02-25T13:00:00+05:00
forecast-8991391bcd72355418b142cd,turbine_2,2026-02-24T18:00:00Z,2026-02-25T09:00:00Z,15,15,ml-fbef3053c41202da61a895a2,gfs-fd211ad326fb12988bc8a3f4,verified_object_version,0.21068322919921267,forecast-8991391bcd72355418b142cd,2026-02-24T18:00:00Z,2026-02-25T14:00:00+05:00
forecast-8991391bcd72355418b142cd,turbine_2,2026-02-24T18:00:00Z,2026-02-25T10:00:00Z,16,16,ml-fbef3053c41202da61a895a2,gfs-fd211ad326fb12988bc8a3f4,verified_object_version,0.36632514929803395,forecast-8991391bcd72355418b142cd,2026-02-24T18:00:00Z,2026-02-25T15:00:00+05:00
forecast-8991391bcd72355418b142cd,turbine_2,2026-02-24T18:00:00Z,2026-02-25T11:00:00Z,17,17,ml-fbef3053c41202da61a895a2,gfs-fd211ad326fb12988bc8a3f4,verified_object_version,0.5242197926051753,forecast-8991391bcd72355418b142cd,2026-02-24T18:00:00Z,2026-02-25T16:00:00+05:00
forecast-8991391bcd72355418b142cd,turbine_2,2026-02-24T18:00:00Z,2026-02-25T12:00:00Z,18,18,ml-fbef3053c41202da61a895a2,gfs-fd211ad326fb12988bc8a3f4,verified_object_version,0.44431476193508324,forecast-8991391bcd72355418b142cd,2026-02-24T18:00:00Z,2026-02-25T17:00:00+05:00
forecast-8991391bcd72355418b142cd,turbine_2,2026-02-24T18:00:00Z,2026-02-25T13:00:00Z,19,19,ml-fbef3053c41202da61a895a2,gfs-fd211ad326fb12988bc8a3f4,verified_object_version,0.5665709824512262,forecast-8991391bcd72355418b142cd,2026-02-24T18:00:00Z,2026-02-25T18:00:00+05:00
forecast-8991391bcd72355418b142cd,turbine_2,2026-02-24T18:00:00Z,2026-02-25T14:00:00Z,20,20,ml-fbef3053c41202da61a895a2,gfs-fd211ad326fb12988bc8a3f4,verified_object_version,0.5807884371316813,forecast-8991391bcd72355418b142cd,2026-02-24T18:00:00Z,2026-02-25T19:00:00+05:00
forecast-8991391bcd72355418b142cd,turbine_2,2026-02-24T18:00:00Z,2026-02-25T15:00:00Z,21,21,ml-fbef3053c41202da61a895a2,gfs-fd211ad326fb12988bc8a3f4,verified_object_version,0.7894492956500773,forecast-8991391bcd72355418b142cd,2026-02-24T18:00:00Z,2026-02-25T20:00:00+05:00
forecast-8991391bcd72355418b142cd,turbine_2,2026-02-24T18:00:00Z,2026-02-25T16:00:00Z,22,22,ml-fbef3053c41202da61a895a2,gfs-fd211ad326fb12988bc8a3f4,verified_object_version,0.6978729006732882,forecast-8991391bcd72355418b142cd,2026-02-24T18:00:00Z,2026-02-25T21:00:00+05:00
forecast-8991391bcd72355418b142cd,turbine_2,2026-02-24T18:00:00Z,2026-02-25T17:00:00Z,23,23,ml-fbef3053c41202da61a895a2,gfs-fd211ad326fb12988bc8a3f4,verified_object_version,0.73842764806513,forecast-8991391bcd72355418b142cd,2026-02-24T18:00:00Z,2026-02-25T22:00:00+05:00
forecast-8991391bcd72355418b142cd,turbine_2,2026-02-24T18:00:00Z,2026-02-25T18:00:00Z,24,24,ml-fbef3053c41202da61a895a2,gfs-fd211ad326fb12988bc8a3f4,verified_object_version,0.9082801481091864,forecast-8991391bcd72355418b142cd,2026-02-24T18:00:00Z,2026-02-25T23:00:00+05:00
forecast-34196b32b57c18f85533e601,turbine_2,2026-02-25T18:00:00Z,2026-02-25T19:00:00Z,1,1,ml-fbef3053c41202da61a895a2,gfs-39602cd3b769f18671c00572,verified_object_version,0.9499274049886541,forecast-34196b32b57c18f85533e601,2026-02-25T18:00:00Z,2026-02-26T00:00:00+05:00
forecast-34196b32b57c18f85533e601,turbine_2,2026-02-25T18:00:00Z,2026-02-25T20:00:00Z,2,2,ml-fbef3053c41202da61a895a2,gfs-39602cd3b769f18671c00572,verified_object_version,0.9606387325995468,forecast-34196b32b57c18f85533e601,2026-02-25T18:00:00Z,2026-02-26T01:00:00+05:00
forecast-34196b32b57c18f85533e601,turbine_2,2026-02-25T18:00:00Z,2026-02-25T21:00:00Z,3,3,ml-fbef3053c41202da61a895a2,gfs-39602cd3b769f18671c00572,verified_object_version,0.926221380227532,forecast-34196b32b57c18f85533e601,2026-02-25T18:00:00Z,2026-02-26T02:00:00+05:00
forecast-34196b32b57c18f85533e601,turbine_2,2026-02-25T18:00:00Z,2026-02-25T22:00:00Z,4,4,ml-fbef3053c41202da61a895a2,gfs-39602cd3b769f18671c00572,verified_object_version,0.8779208257659327,forecast-34196b32b57c18f85533e601,2026-02-25T18:00:00Z,2026-02-26T03:00:00+05:00
forecast-34196b32b57c18f85533e601,turbine_2,2026-02-25T18:00:00Z,2026-02-25T23:00:00Z,5,5,ml-fbef3053c41202da61a895a2,gfs-39602cd3b769f18671c00572,verified_object_version,0.6924636204314265,forecast-34196b32b57c18f85533e601,2026-02-25T18:00:00Z,2026-02-26T04:00:00+05:00
forecast-34196b32b57c18f85533e601,turbine_2,2026-02-25T18:00:00Z,2026-02-26T00:00:00Z,6,6,ml-fbef3053c41202da61a895a2,gfs-39602cd3b769f18671c00572,verified_object_version,0.7261004127388562,forecast-34196b32b57c18f85533e601,2026-02-25T18:00:00Z,2026-02-26T05:00:00+05:00
forecast-34196b32b57c18f85533e601,turbine_2,2026-02-25T18:00:00Z,2026-02-26T01:00:00Z,7,7,ml-fbef3053c41202da61a895a2,gfs-39602cd3b769f18671c00572,verified_object_version,0.4689989001335326,forecast-34196b32b57c18f85533e601,2026-02-25T18:00:00Z,2026-02-26T06:00:00+05:00
forecast-34196b32b57c18f85533e601,turbine_2,2026-02-25T18:00:00Z,2026-02-26T02:00:00Z,8,8,ml-fbef3053c41202da61a895a2,gfs-39602cd3b769f18671c00572,verified_object_version,0.24191182795037075,forecast-34196b32b57c18f85533e601,2026-02-25T18:00:00Z,2026-02-26T07:00:00+05:00
forecast-34196b32b57c18f85533e601,turbine_2,2026-02-25T18:00:00Z,2026-02-26T03:00:00Z,9,9,ml-fbef3053c41202da61a895a2,gfs-39602cd3b769f18671c00572,verified_object_version,0.09463397160268812,forecast-34196b32b57c18f85533e601,2026-02-25T18:00:00Z,2026-02-26T08:00:00+05:00
forecast-34196b32b57c18f85533e601,turbine_2,2026-02-25T18:00:00Z,2026-02-26T04:00:00Z,10,10,ml-fbef3053c41202da61a895a2,gfs-39602cd3b769f18671c00572,verified_object_version,0.08145907785940104,forecast-34196b32b57c18f85533e601,2026-02-25T18:00:00Z,2026-02-26T09:00:00+05:00
forecast-34196b32b57c18f85533e601,turbine_2,2026-02-25T18:00:00Z,2026-02-26T05:00:00Z,11,11,ml-fbef3053c41202da61a895a2,gfs-39602cd3b769f18671c00572,verified_object_version,0.03897243966041136,forecast-34196b32b57c18f85533e601,2026-02-25T18:00:00Z,2026-02-26T10:00:00+05:00
forecast-34196b32b57c18f85533e601,turbine_2,2026-02-25T18:00:00Z,2026-02-26T06:00:00Z,12,12,ml-fbef3053c41202da61a895a2,gfs-39602cd3b769f18671c00572,verified_object_version,0.01423768818873819,forecast-34196b32b57c18f85533e601,2026-02-25T18:00:00Z,2026-02-26T11:00:00+05:00
forecast-34196b32b57c18f85533e601,turbine_2,2026-02-25T18:00:00Z,2026-02-26T07:00:00Z,13,13,ml-fbef3053c41202da61a895a2,gfs-39602cd3b769f18671c00572,verified_object_version,0.22379013478482554,forecast-34196b32b57c18f85533e601,2026-02-25T18:00:00Z,2026-02-26T12:00:00+05:00
forecast-34196b32b57c18f85533e601,turbine_2,2026-02-25T18:00:00Z,2026-02-26T08:00:00Z,14,14,ml-fbef3053c41202da61a895a2,gfs-39602cd3b769f18671c00572,verified_object_version,0.45103936538428135,forecast-34196b32b57c18f85533e601,2026-02-25T18:00:00Z,2026-02-26T13:00:00+05:00
forecast-34196b32b57c18f85533e601,turbine_2,2026-02-25T18:00:00Z,2026-02-26T09:00:00Z,15,15,ml-fbef3053c41202da61a895a2,gfs-39602cd3b769f18671c00572,verified_object_version,0.5709956403149489,forecast-34196b32b57c18f85533e601,2026-02-25T18:00:00Z,2026-02-26T14:00:00+05:00
forecast-34196b32b57c18f85533e601,turbine_2,2026-02-25T18:00:00Z,2026-02-26T10:00:00Z,16,16,ml-fbef3053c41202da61a895a2,gfs-39602cd3b769f18671c00572,verified_object_version,0.4229487895642608,forecast-34196b32b57c18f85533e601,2026-02-25T18:00:00Z,2026-02-26T15:00:00+05:00
forecast-34196b32b57c18f85533e601,turbine_2,2026-02-25T18:00:00Z,2026-02-26T11:00:00Z,17,17,ml-fbef3053c41202da61a895a2,gfs-39602cd3b769f18671c00572,verified_object_version,0.5805952554308248,forecast-34196b32b57c18f85533e601,2026-02-25T18:00:00Z,2026-02-26T16:00:00+05:00
forecast-34196b32b57c18f85533e601,turbine_2,2026-02-25T18:00:00Z,2026-02-26T12:00:00Z,18,18,ml-fbef3053c41202da61a895a2,gfs-39602cd3b769f18671c00572,verified_object_version,0.4227663545839281,forecast-34196b32b57c18f85533e601,2026-02-25T18:00:00Z,2026-02-26T17:00:00+05:00
forecast-34196b32b57c18f85533e601,turbine_2,2026-02-25T18:00:00Z,2026-02-26T13:00:00Z,19,19,ml-fbef3053c41202da61a895a2,gfs-39602cd3b769f18671c00572,verified_object_version,0.545316713636353,forecast-34196b32b57c18f85533e601,2026-02-25T18:00:00Z,2026-02-26T18:00:00+05:00
forecast-34196b32b57c18f85533e601,turbine_2,2026-02-25T18:00:00Z,2026-02-26T14:00:00Z,20,20,ml-fbef3053c41202da61a895a2,gfs-39602cd3b769f18671c00572,verified_object_version,0.5443238107352022,forecast-34196b32b57c18f85533e601,2026-02-25T18:00:00Z,2026-02-26T19:00:00+05:00
forecast-34196b32b57c18f85533e601,turbine_2,2026-02-25T18:00:00Z,2026-02-26T15:00:00Z,21,21,ml-fbef3053c41202da61a895a2,gfs-39602cd3b769f18671c00572,verified_object_version,0.5663797986585113,forecast-34196b32b57c18f85533e601,2026-02-25T18:00:00Z,2026-02-26T20:00:00+05:00
forecast-34196b32b57c18f85533e601,turbine_2,2026-02-25T18:00:00Z,2026-02-26T16:00:00Z,22,22,ml-fbef3053c41202da61a895a2,gfs-39602cd3b769f18671c00572,verified_object_version,0.7911211948316356,forecast-34196b32b57c18f85533e601,2026-02-25T18:00:00Z,2026-02-26T21:00:00+05:00
forecast-34196b32b57c18f85533e601,turbine_2,2026-02-25T18:00:00Z,2026-02-26T17:00:00Z,23,23,ml-fbef3053c41202da61a895a2,gfs-39602cd3b769f18671c00572,verified_object_version,0.8757832868589771,forecast-34196b32b57c18f85533e601,2026-02-25T18:00:00Z,2026-02-26T22:00:00+05:00
forecast-34196b32b57c18f85533e601,turbine_2,2026-02-25T18:00:00Z,2026-02-26T18:00:00Z,24,24,ml-fbef3053c41202da61a895a2,gfs-39602cd3b769f18671c00572,verified_object_version,0.7050237859253738,forecast-34196b32b57c18f85533e601,2026-02-25T18:00:00Z,2026-02-26T23:00:00+05:00
forecast-a15fdf0ef78f40ae435b74bd,turbine_2,2026-02-26T18:00:00Z,2026-02-26T19:00:00Z,1,1,ml-fbef3053c41202da61a895a2,gfs-5152a82906d72c56941fc12c,verified_object_version,0.8414269262212064,forecast-a15fdf0ef78f40ae435b74bd,2026-02-26T18:00:00Z,2026-02-27T00:00:00+05:00
forecast-a15fdf0ef78f40ae435b74bd,turbine_2,2026-02-26T18:00:00Z,2026-02-26T20:00:00Z,2,2,ml-fbef3053c41202da61a895a2,gfs-5152a82906d72c56941fc12c,verified_object_version,0.7768181701036927,forecast-a15fdf0ef78f40ae435b74bd,2026-02-26T18:00:00Z,2026-02-27T01:00:00+05:00
forecast-a15fdf0ef78f40ae435b74bd,turbine_2,2026-02-26T18:00:00Z,2026-02-26T21:00:00Z,3,3,ml-fbef3053c41202da61a895a2,gfs-5152a82906d72c56941fc12c,verified_object_version,0.6131763385197492,forecast-a15fdf0ef78f40ae435b74bd,2026-02-26T18:00:00Z,2026-02-27T02:00:00+05:00
forecast-a15fdf0ef78f40ae435b74bd,turbine_2,2026-02-26T18:00:00Z,2026-02-26T22:00:00Z,4,4,ml-fbef3053c41202da61a895a2,gfs-5152a82906d72c56941fc12c,verified_object_version,0.6171413085282795,forecast-a15fdf0ef78f40ae435b74bd,2026-02-26T18:00:00Z,2026-02-27T03:00:00+05:00
forecast-a15fdf0ef78f40ae435b74bd,turbine_2,2026-02-26T18:00:00Z,2026-02-26T23:00:00Z,5,5,ml-fbef3053c41202da61a895a2,gfs-5152a82906d72c56941fc12c,verified_object_version,0.5723450721527096,forecast-a15fdf0ef78f40ae435b74bd,2026-02-26T18:00:00Z,2026-02-27T04:00:00+05:00
forecast-a15fdf0ef78f40ae435b74bd,turbine_2,2026-02-26T18:00:00Z,2026-02-27T00:00:00Z,6,6,ml-fbef3053c41202da61a895a2,gfs-5152a82906d72c56941fc12c,verified_object_version,0.580252719979905,forecast-a15fdf0ef78f40ae435b74bd,2026-02-26T18:00:00Z,2026-02-27T05:00:00+05:00
forecast-a15fdf0ef78f40ae435b74bd,turbine_2,2026-02-26T18:00:00Z,2026-02-27T01:00:00Z,7,7,ml-fbef3053c41202da61a895a2,gfs-5152a82906d72c56941fc12c,verified_object_version,0.38797194721940165,forecast-a15fdf0ef78f40ae435b74bd,2026-02-26T18:00:00Z,2026-02-27T06:00:00+05:00
forecast-a15fdf0ef78f40ae435b74bd,turbine_2,2026-02-26T18:00:00Z,2026-02-27T02:00:00Z,8,8,ml-fbef3053c41202da61a895a2,gfs-5152a82906d72c56941fc12c,verified_object_version,0.14850858716459797,forecast-a15fdf0ef78f40ae435b74bd,2026-02-26T18:00:00Z,2026-02-27T07:00:00+05:00
forecast-a15fdf0ef78f40ae435b74bd,turbine_2,2026-02-26T18:00:00Z,2026-02-27T03:00:00Z,9,9,ml-fbef3053c41202da61a895a2,gfs-5152a82906d72c56941fc12c,verified_object_version,0.09507685102929421,forecast-a15fdf0ef78f40ae435b74bd,2026-02-26T18:00:00Z,2026-02-27T08:00:00+05:00
forecast-a15fdf0ef78f40ae435b74bd,turbine_2,2026-02-26T18:00:00Z,2026-02-27T04:00:00Z,10,10,ml-fbef3053c41202da61a895a2,gfs-5152a82906d72c56941fc12c,verified_object_version,0.1441322917915021,forecast-a15fdf0ef78f40ae435b74bd,2026-02-26T18:00:00Z,2026-02-27T09:00:00+05:00
forecast-a15fdf0ef78f40ae435b74bd,turbine_2,2026-02-26T18:00:00Z,2026-02-27T05:00:00Z,11,11,ml-fbef3053c41202da61a895a2,gfs-5152a82906d72c56941fc12c,verified_object_version,0.18728356467122495,forecast-a15fdf0ef78f40ae435b74bd,2026-02-26T18:00:00Z,2026-02-27T10:00:00+05:00
forecast-a15fdf0ef78f40ae435b74bd,turbine_2,2026-02-26T18:00:00Z,2026-02-27T06:00:00Z,12,12,ml-fbef3053c41202da61a895a2,gfs-5152a82906d72c56941fc12c,verified_object_version,0.25499201547053013,forecast-a15fdf0ef78f40ae435b74bd,2026-02-26T18:00:00Z,2026-02-27T11:00:00+05:00
forecast-a15fdf0ef78f40ae435b74bd,turbine_2,2026-02-26T18:00:00Z,2026-02-27T07:00:00Z,13,13,ml-fbef3053c41202da61a895a2,gfs-5152a82906d72c56941fc12c,verified_object_version,0.33060030775982496,forecast-a15fdf0ef78f40ae435b74bd,2026-02-26T18:00:00Z,2026-02-27T12:00:00+05:00
forecast-a15fdf0ef78f40ae435b74bd,turbine_2,2026-02-26T18:00:00Z,2026-02-27T08:00:00Z,14,14,ml-fbef3053c41202da61a895a2,gfs-5152a82906d72c56941fc12c,verified_object_version,0.5807520439698579,forecast-a15fdf0ef78f40ae435b74bd,2026-02-26T18:00:00Z,2026-02-27T13:00:00+05:00
forecast-a15fdf0ef78f40ae435b74bd,turbine_2,2026-02-26T18:00:00Z,2026-02-27T09:00:00Z,15,15,ml-fbef3053c41202da61a895a2,gfs-5152a82906d72c56941fc12c,verified_object_version,0.7916585809047595,forecast-a15fdf0ef78f40ae435b74bd,2026-02-26T18:00:00Z,2026-02-27T14:00:00+05:00
forecast-a15fdf0ef78f40ae435b74bd,turbine_2,2026-02-26T18:00:00Z,2026-02-27T10:00:00Z,16,16,ml-fbef3053c41202da61a895a2,gfs-5152a82906d72c56941fc12c,verified_object_version,0.8009070739558933,forecast-a15fdf0ef78f40ae435b74bd,2026-02-26T18:00:00Z,2026-02-27T15:00:00+05:00
forecast-a15fdf0ef78f40ae435b74bd,turbine_2,2026-02-26T18:00:00Z,2026-02-27T11:00:00Z,17,17,ml-fbef3053c41202da61a895a2,gfs-5152a82906d72c56941fc12c,verified_object_version,0.8120785106038879,forecast-a15fdf0ef78f40ae435b74bd,2026-02-26T18:00:00Z,2026-02-27T16:00:00+05:00
forecast-a15fdf0ef78f40ae435b74bd,turbine_2,2026-02-26T18:00:00Z,2026-02-27T12:00:00Z,18,18,ml-fbef3053c41202da61a895a2,gfs-5152a82906d72c56941fc12c,verified_object_version,0.8706063777060185,forecast-a15fdf0ef78f40ae435b74bd,2026-02-26T18:00:00Z,2026-02-27T17:00:00+05:00
forecast-a15fdf0ef78f40ae435b74bd,turbine_2,2026-02-26T18:00:00Z,2026-02-27T13:00:00Z,19,19,ml-fbef3053c41202da61a895a2,gfs-5152a82906d72c56941fc12c,verified_object_version,0.9132704573518999,forecast-a15fdf0ef78f40ae435b74bd,2026-02-26T18:00:00Z,2026-02-27T18:00:00+05:00
forecast-a15fdf0ef78f40ae435b74bd,turbine_2,2026-02-26T18:00:00Z,2026-02-27T14:00:00Z,20,20,ml-fbef3053c41202da61a895a2,gfs-5152a82906d72c56941fc12c,verified_object_version,0.912665021999419,forecast-a15fdf0ef78f40ae435b74bd,2026-02-26T18:00:00Z,2026-02-27T19:00:00+05:00
forecast-a15fdf0ef78f40ae435b74bd,turbine_2,2026-02-26T18:00:00Z,2026-02-27T15:00:00Z,21,21,ml-fbef3053c41202da61a895a2,gfs-5152a82906d72c56941fc12c,verified_object_version,0.8014099918818809,forecast-a15fdf0ef78f40ae435b74bd,2026-02-26T18:00:00Z,2026-02-27T20:00:00+05:00
forecast-a15fdf0ef78f40ae435b74bd,turbine_2,2026-02-26T18:00:00Z,2026-02-27T16:00:00Z,22,22,ml-fbef3053c41202da61a895a2,gfs-5152a82906d72c56941fc12c,verified_object_version,0.8294600929846365,forecast-a15fdf0ef78f40ae435b74bd,2026-02-26T18:00:00Z,2026-02-27T21:00:00+05:00
forecast-a15fdf0ef78f40ae435b74bd,turbine_2,2026-02-26T18:00:00Z,2026-02-27T17:00:00Z,23,23,ml-fbef3053c41202da61a895a2,gfs-5152a82906d72c56941fc12c,verified_object_version,0.7845982358668642,forecast-a15fdf0ef78f40ae435b74bd,2026-02-26T18:00:00Z,2026-02-27T22:00:00+05:00
forecast-a15fdf0ef78f40ae435b74bd,turbine_2,2026-02-26T18:00:00Z,2026-02-27T18:00:00Z,24,24,ml-fbef3053c41202da61a895a2,gfs-5152a82906d72c56941fc12c,verified_object_version,0.7896842728771695,forecast-a15fdf0ef78f40ae435b74bd,2026-02-26T18:00:00Z,2026-02-27T23:00:00+05:00
forecast-c95829831b7f032d4cdde1ea,turbine_2,2026-02-27T18:00:00Z,2026-02-27T19:00:00Z,1,1,ml-fbef3053c41202da61a895a2,gfs-ad9ce9efe2cbea4a368af143,verified_object_version,0.7963278591388481,forecast-c95829831b7f032d4cdde1ea,2026-02-27T18:00:00Z,2026-02-28T00:00:00+05:00
forecast-c95829831b7f032d4cdde1ea,turbine_2,2026-02-27T18:00:00Z,2026-02-27T20:00:00Z,2,2,ml-fbef3053c41202da61a895a2,gfs-ad9ce9efe2cbea4a368af143,verified_object_version,0.713931566700877,forecast-c95829831b7f032d4cdde1ea,2026-02-27T18:00:00Z,2026-02-28T01:00:00+05:00
forecast-c95829831b7f032d4cdde1ea,turbine_2,2026-02-27T18:00:00Z,2026-02-27T21:00:00Z,3,3,ml-fbef3053c41202da61a895a2,gfs-ad9ce9efe2cbea4a368af143,verified_object_version,0.8488080786666327,forecast-c95829831b7f032d4cdde1ea,2026-02-27T18:00:00Z,2026-02-28T02:00:00+05:00
forecast-c95829831b7f032d4cdde1ea,turbine_2,2026-02-27T18:00:00Z,2026-02-27T22:00:00Z,4,4,ml-fbef3053c41202da61a895a2,gfs-ad9ce9efe2cbea4a368af143,verified_object_version,0.7709038507678863,forecast-c95829831b7f032d4cdde1ea,2026-02-27T18:00:00Z,2026-02-28T03:00:00+05:00
forecast-c95829831b7f032d4cdde1ea,turbine_2,2026-02-27T18:00:00Z,2026-02-27T23:00:00Z,5,5,ml-fbef3053c41202da61a895a2,gfs-ad9ce9efe2cbea4a368af143,verified_object_version,0.7441917486253571,forecast-c95829831b7f032d4cdde1ea,2026-02-27T18:00:00Z,2026-02-28T04:00:00+05:00
forecast-c95829831b7f032d4cdde1ea,turbine_2,2026-02-27T18:00:00Z,2026-02-28T00:00:00Z,6,6,ml-fbef3053c41202da61a895a2,gfs-ad9ce9efe2cbea4a368af143,verified_object_version,0.7479589535249542,forecast-c95829831b7f032d4cdde1ea,2026-02-27T18:00:00Z,2026-02-28T05:00:00+05:00
forecast-c95829831b7f032d4cdde1ea,turbine_2,2026-02-27T18:00:00Z,2026-02-28T01:00:00Z,7,7,ml-fbef3053c41202da61a895a2,gfs-ad9ce9efe2cbea4a368af143,verified_object_version,0.7241616166702082,forecast-c95829831b7f032d4cdde1ea,2026-02-27T18:00:00Z,2026-02-28T06:00:00+05:00
forecast-c95829831b7f032d4cdde1ea,turbine_2,2026-02-27T18:00:00Z,2026-02-28T02:00:00Z,8,8,ml-fbef3053c41202da61a895a2,gfs-ad9ce9efe2cbea4a368af143,verified_object_version,0.6727628306200519,forecast-c95829831b7f032d4cdde1ea,2026-02-27T18:00:00Z,2026-02-28T07:00:00+05:00
forecast-c95829831b7f032d4cdde1ea,turbine_2,2026-02-27T18:00:00Z,2026-02-28T03:00:00Z,9,9,ml-fbef3053c41202da61a895a2,gfs-ad9ce9efe2cbea4a368af143,verified_object_version,0.7265103550806474,forecast-c95829831b7f032d4cdde1ea,2026-02-27T18:00:00Z,2026-02-28T08:00:00+05:00
forecast-c95829831b7f032d4cdde1ea,turbine_2,2026-02-27T18:00:00Z,2026-02-28T04:00:00Z,10,10,ml-fbef3053c41202da61a895a2,gfs-ad9ce9efe2cbea4a368af143,verified_object_version,0.6896913996857625,forecast-c95829831b7f032d4cdde1ea,2026-02-27T18:00:00Z,2026-02-28T09:00:00+05:00
forecast-c95829831b7f032d4cdde1ea,turbine_2,2026-02-27T18:00:00Z,2026-02-28T05:00:00Z,11,11,ml-fbef3053c41202da61a895a2,gfs-ad9ce9efe2cbea4a368af143,verified_object_version,0.7184734669106234,forecast-c95829831b7f032d4cdde1ea,2026-02-27T18:00:00Z,2026-02-28T10:00:00+05:00
forecast-c95829831b7f032d4cdde1ea,turbine_2,2026-02-27T18:00:00Z,2026-02-28T06:00:00Z,12,12,ml-fbef3053c41202da61a895a2,gfs-ad9ce9efe2cbea4a368af143,verified_object_version,0.7149026346850053,forecast-c95829831b7f032d4cdde1ea,2026-02-27T18:00:00Z,2026-02-28T11:00:00+05:00
forecast-c95829831b7f032d4cdde1ea,turbine_2,2026-02-27T18:00:00Z,2026-02-28T07:00:00Z,13,13,ml-fbef3053c41202da61a895a2,gfs-ad9ce9efe2cbea4a368af143,verified_object_version,0.7385492778172993,forecast-c95829831b7f032d4cdde1ea,2026-02-27T18:00:00Z,2026-02-28T12:00:00+05:00
forecast-c95829831b7f032d4cdde1ea,turbine_2,2026-02-27T18:00:00Z,2026-02-28T08:00:00Z,14,14,ml-fbef3053c41202da61a895a2,gfs-ad9ce9efe2cbea4a368af143,verified_object_version,0.7595262060994846,forecast-c95829831b7f032d4cdde1ea,2026-02-27T18:00:00Z,2026-02-28T13:00:00+05:00
forecast-c95829831b7f032d4cdde1ea,turbine_2,2026-02-27T18:00:00Z,2026-02-28T09:00:00Z,15,15,ml-fbef3053c41202da61a895a2,gfs-ad9ce9efe2cbea4a368af143,verified_object_version,0.7603744999404374,forecast-c95829831b7f032d4cdde1ea,2026-02-27T18:00:00Z,2026-02-28T14:00:00+05:00
forecast-c95829831b7f032d4cdde1ea,turbine_2,2026-02-27T18:00:00Z,2026-02-28T10:00:00Z,16,16,ml-fbef3053c41202da61a895a2,gfs-ad9ce9efe2cbea4a368af143,verified_object_version,0.7618718572985063,forecast-c95829831b7f032d4cdde1ea,2026-02-27T18:00:00Z,2026-02-28T15:00:00+05:00
forecast-c95829831b7f032d4cdde1ea,turbine_2,2026-02-27T18:00:00Z,2026-02-28T11:00:00Z,17,17,ml-fbef3053c41202da61a895a2,gfs-ad9ce9efe2cbea4a368af143,verified_object_version,0.7333660659299915,forecast-c95829831b7f032d4cdde1ea,2026-02-27T18:00:00Z,2026-02-28T16:00:00+05:00
forecast-c95829831b7f032d4cdde1ea,turbine_2,2026-02-27T18:00:00Z,2026-02-28T12:00:00Z,18,18,ml-fbef3053c41202da61a895a2,gfs-ad9ce9efe2cbea4a368af143,verified_object_version,0.6700579204839645,forecast-c95829831b7f032d4cdde1ea,2026-02-27T18:00:00Z,2026-02-28T17:00:00+05:00
forecast-c95829831b7f032d4cdde1ea,turbine_2,2026-02-27T18:00:00Z,2026-02-28T13:00:00Z,19,19,ml-fbef3053c41202da61a895a2,gfs-ad9ce9efe2cbea4a368af143,verified_object_version,0.6572319327815279,forecast-c95829831b7f032d4cdde1ea,2026-02-27T18:00:00Z,2026-02-28T18:00:00+05:00
forecast-c95829831b7f032d4cdde1ea,turbine_2,2026-02-27T18:00:00Z,2026-02-28T14:00:00Z,20,20,ml-fbef3053c41202da61a895a2,gfs-ad9ce9efe2cbea4a368af143,verified_object_version,0.7000178412119462,forecast-c95829831b7f032d4cdde1ea,2026-02-27T18:00:00Z,2026-02-28T19:00:00+05:00
forecast-c95829831b7f032d4cdde1ea,turbine_2,2026-02-27T18:00:00Z,2026-02-28T15:00:00Z,21,21,ml-fbef3053c41202da61a895a2,gfs-ad9ce9efe2cbea4a368af143,verified_object_version,0.570456993371466,forecast-c95829831b7f032d4cdde1ea,2026-02-27T18:00:00Z,2026-02-28T20:00:00+05:00
forecast-c95829831b7f032d4cdde1ea,turbine_2,2026-02-27T18:00:00Z,2026-02-28T16:00:00Z,22,22,ml-fbef3053c41202da61a895a2,gfs-ad9ce9efe2cbea4a368af143,verified_object_version,0.5051255360533768,forecast-c95829831b7f032d4cdde1ea,2026-02-27T18:00:00Z,2026-02-28T21:00:00+05:00
forecast-c95829831b7f032d4cdde1ea,turbine_2,2026-02-27T18:00:00Z,2026-02-28T17:00:00Z,23,23,ml-fbef3053c41202da61a895a2,gfs-ad9ce9efe2cbea4a368af143,verified_object_version,0.48367307319440067,forecast-c95829831b7f032d4cdde1ea,2026-02-27T18:00:00Z,2026-02-28T22:00:00+05:00
forecast-c95829831b7f032d4cdde1ea,turbine_2,2026-02-27T18:00:00Z,2026-02-28T18:00:00Z,24,24,ml-fbef3053c41202da61a895a2,gfs-ad9ce9efe2cbea4a368af143,verified_object_version,0.45131724835489695,forecast-c95829831b7f032d4cdde1ea,2026-02-27T18:00:00Z,2026-02-28T23:00:00+05:00
