site_id,forecast_origin,target_time,lead_hours,actual,incumbent_prediction,candidate_prediction
turbine_2,2025-11-30T18:00:00Z,2025-11-30T19:00:00Z,1.0,0.01,0.023540508594176696,0.01895937962217517
turbine_2,2025-11-30T18:00:00Z,2025-11-30T20:00:00Z,2.0,0.01,0.022358392555625273,0.01634816102416034
turbine_2,2025-11-30T18:00:00Z,2025-11-30T21:00:00Z,3.0,0.0083333333333333,0.025878691386394065,0.014285804394811946
turbine_2,2025-11-30T18:00:00Z,2025-11-30T22:00:00Z,4.0,0.0083333333333333,0.02447491934942031,0.014517988739347287
turbine_2,2025-11-30T18:00:00Z,2025-11-30T23:00:00Z,5.0,0.0083333333333333,0.028566728495031946,0.010300489053892165
turbine_2,2025-11-30T18:00:00Z,2025-12-01T00:00:00Z,6.0,0.0116666666666666,0.031580820291483624,0.01870461295350373
turbine_2,2025-11-30T18:00:00Z,2025-12-01T01:00:00Z,7.0,0.0116666666666666,0.04069790220543362,0.043432254370567996
turbine_2,2025-11-30T18:00:00Z,2025-12-01T02:00:00Z,8.0,0.055,0.08520356045023217,0.061733345000547654
turbine_2,2025-11-30T18:00:00Z,2025-12-01T03:00:00Z,9.0,0.0633333333333333,0.2869689102589009,0.2312236816019678
turbine_2,2025-11-30T18:00:00Z,2025-12-01T04:00:00Z,10.0,0.1533333333333333,0.45222348594270445,0.3900106407819337
turbine_2,2025-11-30T18:00:00Z,2025-12-01T05:00:00Z,11.0,0.1566666666666666,0.7296226771580293,0.6691601745115716
turbine_2,2025-11-30T18:00:00Z,2025-12-01T06:00:00Z,12.0,0.1316666666666666,0.8871572887384491,0.881315647462221
turbine_2,2025-11-30T18:00:00Z,2025-12-01T07:00:00Z,13.0,0.6416666666666667,0.95540509412124,0.9287152409730337
turbine_2,2025-11-30T18:00:00Z,2025-12-01T08:00:00Z,14.0,0.96,0.9672437041160185,0.9355839680072471
turbine_2,2025-11-30T18:00:00Z,2025-12-01T09:00:00Z,15.0,0.9633333333333332,0.9512061242337324,0.942626452125261
turbine_2,2025-11-30T18:00:00Z,2025-12-01T10:00:00Z,16.0,0.8733333333333334,0.8991067629492454,0.8587849263059095
turbine_2,2025-11-30T18:00:00Z,2025-12-01T11:00:00Z,17.0,0.7066666666666667,0.8337861586003076,0.8043984056230636
turbine_2,2025-11-30T18:00:00Z,2025-12-01T12:00:00Z,18.0,0.5833333333333334,0.7096697873848826,0.6924197408392276
turbine_2,2025-11-30T18:00:00Z,2025-12-01T13:00:00Z,19.0,0.7000000000000001,0.630337427649664,0.6091039221960535
turbine_2,2025-11-30T18:00:00Z,2025-12-01T14:00:00Z,20.0,0.8983333333333333,0.5489650360989013,0.5624871641939169
turbine_2,2025-11-30T18:00:00Z,2025-12-01T15:00:00Z,21.0,0.975,0.557345564640964,0.5690825641108122
turbine_2,2025-11-30T18:00:00Z,2025-12-01T16:00:00Z,22.0,0.9466666666666668,0.5848466460741273,0.5547264513330523
turbine_2,2025-11-30T18:00:00Z,2025-12-01T17:00:00Z,23.0,0.9616666666666666,0.5848466460741273,0.5090444642475219
turbine_2,2025-11-30T18:00:00Z,2025-12-01T18:00:00Z,24.0,0.8816666666666667,0.5076931027755693,0.47430627535905323
turbine_2,2025-11-30T18:00:00Z,2025-12-01T19:00:00Z,25.0,0.62,0.5529854890249086,0.503631862657562
turbine_2,2025-11-30T18:00:00Z,2025-12-01T20:00:00Z,26.0,0.5316666666666666,0.5214239616554375,0.45605374581478375
turbine_2,2025-11-30T18:00:00Z,2025-12-01T21:00:00Z,27.0,0.145,0.5236438262050351,0.4487392715468692
turbine_2,2025-11-30T18:00:00Z,2025-12-01T22:00:00Z,28.0,0.0233333333333333,0.47123697715552865,0.447823007967329
turbine_2,2025-11-30T18:00:00Z,2025-12-01T23:00:00Z,29.0,0.0266666666666666,0.38522902309065343,0.39551595680377777
turbine_2,2025-11-30T18:00:00Z,2025-12-02T00:00:00Z,30.0,0.0249999999999999,0.24446572693659332,0.23518281917804934
turbine_2,2025-11-30T18:00:00Z,2025-12-02T01:00:00Z,31.0,0.0333333333333333,0.08353015165951405,0.09842754219608402
turbine_2,2025-11-30T18:00:00Z,2025-12-02T02:00:00Z,32.0,0.0999999999999999,0.056758957832161436,0.07499188599398394
turbine_2,2025-11-30T18:00:00Z,2025-12-02T03:00:00Z,33.0,0.1483333333333333,0.03889195887620764,0.05845082056496599
turbine_2,2025-11-30T18:00:00Z,2025-12-02T04:00:00Z,34.0,0.1283333333333333,0.01560103532044907,0.03734895773822769
turbine_2,2025-11-30T18:00:00Z,2025-12-02T05:00:00Z,35.0,0.075,0.012132395137584878,0.015388427712509423
turbine_2,2025-11-30T18:00:00Z,2025-12-02T06:00:00Z,36.0,0.0966666666666666,0.015600547319054248,0.014538422424418912
turbine_2,2025-11-30T18:00:00Z,2025-12-02T07:00:00Z,37.0,0.0783333333333333,0.02656037501559294,0.017805478026180377
turbine_2,2025-11-30T18:00:00Z,2025-12-02T08:00:00Z,38.0,0.0466666666666666,0.032604942685766025,0.027717022242255723
turbine_2,2025-11-30T18:00:00Z,2025-12-02T09:00:00Z,39.0,0.0716666666666666,0.037752946583272856,0.02958267304316267
turbine_2,2025-11-30T18:00:00Z,2025-12-02T10:00:00Z,40.0,0.045,0.04196315521193786,0.030597130181807958
turbine_2,2025-11-30T18:00:00Z,2025-12-02T11:00:00Z,41.0,0.0083333333333333,0.08743369006141075,0.0722259266450419
turbine_2,2025-11-30T18:00:00Z,2025-12-02T12:00:00Z,42.0,0.01,0.10818037589433308,0.10395681366662647
turbine_2,2025-11-30T18:00:00Z,2025-12-02T13:00:00Z,43.0,0.01,0.11888559356920447,0.11374920658585087
turbine_2,2025-11-30T18:00:00Z,2025-12-02T14:00:00Z,44.0,0.0083333333333333,0.08824161126605845,0.08773101495931344
turbine_2,2025-11-30T18:00:00Z,2025-12-02T15:00:00Z,45.0,0.0066666666666666,0.07046883148062238,0.06156418891517937
turbine_2,2025-11-30T18:00:00Z,2025-12-02T16:00:00Z,46.0,0.0116666666666666,0.04509763954506532,0.04260535253653552
turbine_2,2025-11-30T18:00:00Z,2025-12-02T17:00:00Z,47.0,0.0083333333333333,0.04029550323973294,0.03295423672506573
turbine_2,2025-11-30T18:00:00Z,2025-12-02T18:00:00Z,48.0,0.01,0.0352774435932188,0.029123420050499088
turbine_2,2025-12-01T18:00:00Z,2025-12-01T19:00:00Z,1.0,0.62,0.428767012921061,0.4269457944025363
turbine_2,2025-12-01T18:00:00Z,2025-12-01T20:00:00Z,2.0,0.5316666666666666,0.3614950840129547,0.39781368173639725
turbine_2,2025-12-01T18:00:00Z,2025-12-01T21:00:00Z,3.0,0.145,0.3970056360408404,0.3684801977041843
turbine_2,2025-12-01T18:00:00Z,2025-12-01T22:00:00Z,4.0,0.0233333333333333,0.28536774879979526,0.2692207220442312
turbine_2,2025-12-01T18:00:00Z,2025-12-01T23:00:00Z,5.0,0.0266666666666666,0.09605014163667505,0.07805884539874254
turbine_2,2025-12-01T18:00:00Z,2025-12-02T00:00:00Z,6.0,0.0249999999999999,0.053724237315317044,0.05068795368955936
turbine_2,2025-12-01T18:00:00Z,2025-12-02T01:00:00Z,7.0,0.0333333333333333,0.034320060468299024,0.031134625073791666
turbine_2,2025-12-01T18:00:00Z,2025-12-02T02:00:00Z,8.0,0.0999999999999999,0.018403963730543982,0.01710600582049243
turbine_2,2025-12-01T18:00:00Z,2025-12-02T03:00:00Z,9.0,0.1483333333333333,0.012818886620693859,0.008675746329312478
turbine_2,2025-12-01T18:00:00Z,2025-12-02T04:00:00Z,10.0,0.1283333333333333,0.0126881676431852,0.008734557423738382
turbine_2,2025-12-01T18:00:00Z,2025-12-02T05:00:00Z,11.0,0.075,0.012586699785234384,0.009149174388285802
turbine_2,2025-12-01T18:00:00Z,2025-12-02T06:00:00Z,12.0,0.0966666666666666,0.015753005414687937,0.013550058749546734
turbine_2,2025-12-01T18:00:00Z,2025-12-02T07:00:00Z,13.0,0.0783333333333333,0.02944597640217883,0.015281936048768041
turbine_2,2025-12-01T18:00:00Z,2025-12-02T08:00:00Z,14.0,0.0466666666666666,0.03290288621615334,0.020336791129528575
turbine_2,2025-12-01T18:00:00Z,2025-12-02T09:00:00Z,15.0,0.0716666666666666,0.05125937340017486,0.022449700019921193
turbine_2,2025-12-01T18:00:00Z,2025-12-02T10:00:00Z,16.0,0.045,0.050284458628112594,0.044797193677120734
turbine_2,2025-12-01T18:00:00Z,2025-12-02T11:00:00Z,17.0,0.0083333333333333,0.07878946299993644,0.063161093950295
turbine_2,2025-12-01T18:00:00Z,2025-12-02T12:00:00Z,18.0,0.01,0.06524978898525932,0.06986393528643119
turbine_2,2025-12-01T18:00:00Z,2025-12-02T13:00:00Z,19.0,0.01,0.06164809759521894,0.06367683468984218
turbine_2,2025-12-01T18:00:00Z,2025-12-02T14:00:00Z,20.0,0.0083333333333333,0.04747220997810947,0.05616875156414537
turbine_2,2025-12-01T18:00:00Z,2025-12-02T15:00:00Z,21.0,0.0066666666666666,0.03835075250618425,0.03956387722572355
turbine_2,2025-12-01T18:00:00Z,2025-12-02T16:00:00Z,22.0,0.0116666666666666,0.03439466917488304,0.028744103720886344
turbine_2,2025-12-01T18:00:00Z,2025-12-02T17:00:00Z,23.0,0.0083333333333333,0.03453164840387846,0.024452447005750694
turbine_2,2025-12-01T18:00:00Z,2025-12-02T18:00:00Z,24.0,0.01,0.029905411665222925,0.023259677939183293
turbine_2,2025-12-01T18:00:00Z,2025-12-02T19:00:00Z,25.0,0.015,0.03546810003615952,0.02345371544036981
turbine_2,2025-12-01T18:00:00Z,2025-12-02T20:00:00Z,26.0,0.1033333333333333,0.034737386329750514,0.02394907946668562
turbine_2,2025-12-01T18:00:00Z,2025-12-02T21:00:00Z,27.0,0.1733333333333333,0.045889037521207154,0.03313150893427258
turbine_2,2025-12-01T18:00:00Z,2025-12-02T22:00:00Z,28.0,0.2016666666666666,0.06807317948321852,0.05909596353740079
turbine_2,2025-12-01T18:00:00Z,2025-12-02T23:00:00Z,29.0,0.3083333333333333,0.08666654513337116,0.07510172481546498
turbine_2,2025-12-01T18:00:00Z,2025-12-03T00:00:00Z,30.0,0.3216666666666666,0.09529196618408053,0.07654402735740203
turbine_2,2025-12-01T18:00:00Z,2025-12-03T01:00:00Z,31.0,0.345,0.07697277608394182,0.0693471606689439
turbine_2,2025-12-01T18:00:00Z,2025-12-03T02:00:00Z,32.0,0.5516666666666666,0.07909922003721664,0.0693471606689439
turbine_2,2025-12-01T18:00:00Z,2025-12-03T03:00:00Z,33.0,0.6316666666666667,0.09123967894724164,0.07353102061870471
turbine_2,2025-12-01T18:00:00Z,2025-12-03T04:00:00Z,34.0,0.6066666666666667,0.17881797302099955,0.2283081570672686
turbine_2,2025-12-01T18:00:00Z,2025-12-03T05:00:00Z,35.0,0.3383333333333334,0.3081868312069703,0.31352101913771435
turbine_2,2025-12-01T18:00:00Z,2025-12-03T06:00:00Z,36.0,0.1716666666666666,0.39279221365148076,0.3973008371521675
turbine_2,2025-12-01T18:00:00Z,2025-12-03T07:00:00Z,37.0,0.29,0.4644780461314246,0.40297214465214504
turbine_2,2025-12-01T18:00:00Z,2025-12-03T08:00:00Z,38.0,0.3133333333333333,0.4495927741018917,0.35151885216169393
turbine_2,2025-12-01T18:00:00Z,2025-12-03T09:00:00Z,39.0,0.175,0.37714512509966525,0.33139211843199406
turbine_2,2025-12-01T18:00:00Z,2025-12-03T10:00:00Z,40.0,0.1166666666666666,0.25620398026859803,0.3101103025719727
turbine_2,2025-12-01T18:00:00Z,2025-12-03T11:00:00Z,41.0,0.1216666666666666,0.2121337697348009,0.15982544688663486
turbine_2,2025-12-01T18:00:00Z,2025-12-03T12:00:00Z,42.0,0.1866666666666666,0.21594912513563108,0.159881498974636
turbine_2,2025-12-01T18:00:00Z,2025-12-03T13:00:00Z,43.0,0.3016666666666667,0.1613746103864578,0.16012412555905403
turbine_2,2025-12-01T18:00:00Z,2025-12-03T14:00:00Z,44.0,0.3933333333333333,0.1755544983484063,0.16806450745656484
turbine_2,2025-12-01T18:00:00Z,2025-12-03T15:00:00Z,45.0,0.295,0.16995288849891815,0.1756127052749516
turbine_2,2025-12-01T18:00:00Z,2025-12-03T16:00:00Z,46.0,0.1933333333333333,0.2357907012401167,0.1758669706377758
turbine_2,2025-12-01T18:00:00Z,2025-12-03T17:00:00Z,47.0,0.1633333333333333,0.2665088049585853,0.21182797590878175
turbine_2,2025-12-01T18:00:00Z,2025-12-03T18:00:00Z,48.0,0.355,0.2553420808116198,0.2000721815472871
turbine_2,2025-12-02T18:00:00Z,2025-12-02T19:00:00Z,1.0,0.015,0.04157723847253858,0.02320036661065869
turbine_2,2025-12-02T18:00:00Z,2025-12-02T20:00:00Z,2.0,0.1033333333333333,0.04338322138952308,0.02737726219776923
turbine_2,2025-12-02T18:00:00Z,2025-12-02T21:00:00Z,3.0,0.1733333333333333,0.055089958875727776,0.05487773896719529
turbine_2,2025-12-02T18:00:00Z,2025-12-02T22:00:00Z,4.0,0.2016666666666666,0.06993541055343687,0.056474497728275855
turbine_2,2025-12-02T18:00:00Z,2025-12-02T23:00:00Z,5.0,0.3083333333333333,0.08343244731034033,0.062091956096524
turbine_2,2025-12-02T18:00:00Z,2025-12-03T00:00:00Z,6.0,0.3216666666666666,0.09414909174293745,0.0753333448843768
turbine_2,2025-12-02T18:00:00Z,2025-12-03T01:00:00Z,7.0,0.345,0.08401719584026815,0.06862075672184155
turbine_2,2025-12-02T18:00:00Z,2025-12-03T02:00:00Z,8.0,0.5516666666666666,0.09586724443221045,0.0726357744550432
turbine_2,2025-12-02T18:00:00Z,2025-12-03T03:00:00Z,9.0,0.6316666666666667,0.13040445121106764,0.10031629771997598
turbine_2,2025-12-02T18:00:00Z,2025-12-03T04:00:00Z,10.0,0.6066666666666667,0.18646392513728222,0.22763869604587197
turbine_2,2025-12-02T18:00:00Z,2025-12-03T05:00:00Z,11.0,0.3383333333333334,0.3087093769391366,0.27856374537055556
turbine_2,2025-12-02T18:00:00Z,2025-12-03T06:00:00Z,12.0,0.1716666666666666,0.3737520810530663,0.37752611011415693
turbine_2,2025-12-02T18:00:00Z,2025-12-03T07:00:00Z,13.0,0.29,0.4361911682425911,0.39597867372966433
turbine_2,2025-12-02T18:00:00Z,2025-12-03T08:00:00Z,14.0,0.3133333333333333,0.4508732734805363,0.3488027080109113
turbine_2,2025-12-02T18:00:00Z,2025-12-03T09:00:00Z,15.0,0.175,0.3806574763836238,0.3200887842730526
turbine_2,2025-12-02T18:00:00Z,2025-12-03T10:00:00Z,16.0,0.1166666666666666,0.32432923163067284,0.3142046594902236
turbine_2,2025-12-02T18:00:00Z,2025-12-03T11:00:00Z,17.0,0.1216666666666666,0.23565909833779103,0.195293761218148
turbine_2,2025-12-02T18:00:00Z,2025-12-03T12:00:00Z,18.0,0.1866666666666666,0.20899731561874652,0.15691182988758903
turbine_2,2025-12-02T18:00:00Z,2025-12-03T13:00:00Z,19.0,0.3016666666666667,0.22810765893835766,0.17809467244012334
turbine_2,2025-12-02T18:00:00Z,2025-12-03T14:00:00Z,20.0,0.3933333333333333,0.17733784859490126,0.18121360210604878
turbine_2,2025-12-02T18:00:00Z,2025-12-03T15:00:00Z,21.0,0.295,0.2569364869681683,0.19081432250356764
turbine_2,2025-12-02T18:00:00Z,2025-12-03T16:00:00Z,22.0,0.1933333333333333,0.20043264092206192,0.1762164809116268
turbine_2,2025-12-02T18:00:00Z,2025-12-03T17:00:00Z,23.0,0.1633333333333333,0.262460099749948,0.16666123665558927
turbine_2,2025-12-02T18:00:00Z,2025-12-03T18:00:00Z,24.0,0.355,0.19781387906837428,0.14146896749952975
turbine_2,2025-12-02T18:00:00Z,2025-12-03T19:00:00Z,25.0,0.1399999999999999,0.18474387448678867,0.13558725619989856
turbine_2,2025-12-02T18:00:00Z,2025-12-03T20:00:00Z,26.0,0.0816666666666666,0.12798629475864606,0.09595517551560993
turbine_2,2025-12-02T18:00:00Z,2025-12-03T21:00:00Z,27.0,0.1399999999999999,0.18738438993048134,0.1864249078583781
turbine_2,2025-12-02T18:00:00Z,2025-12-03T22:00:00Z,28.0,0.14,0.2305261787011762,0.18966699518357424
turbine_2,2025-12-02T18:00:00Z,2025-12-03T23:00:00Z,29.0,0.075,0.22888661760102763,0.1871371749979752
turbine_2,2025-12-02T18:00:00Z,2025-12-04T00:00:00Z,30.0,0.08,0.4538886564175137,0.5015784781401017
turbine_2,2025-12-02T18:00:00Z,2025-12-04T01:00:00Z,31.0,0.075,0.3364222114495641,0.31635025108157866
turbine_2,2025-12-02T18:00:00Z,2025-12-04T02:00:00Z,32.0,0.115,0.357046851997462,0.44497449216454005
turbine_2,2025-12-02T18:00:00Z,2025-12-04T03:00:00Z,33.0,0.17,0.363947050991809,0.3759124167833938
turbine_2,2025-12-02T18:00:00Z,2025-12-04T04:00:00Z,34.0,0.0966666666666666,0.14626576995450596,0.23678281551257901
turbine_2,2025-12-02T18:00:00Z,2025-12-04T05:00:00Z,35.0,0.0416666666666666,0.14230944095194747,0.20549408972382074
turbine_2,2025-12-02T18:00:00Z,2025-12-04T06:00:00Z,36.0,0.0216666666666666,0.10239026522516043,0.14135800800993822
turbine_2,2025-12-02T18:00:00Z,2025-12-04T07:00:00Z,37.0,0.0433333333333333,0.07295735931975628,0.04098060212854465
turbine_2,2025-12-02T18:00:00Z,2025-12-04T08:00:00Z,38.0,0.0416666666666666,0.06462988836525846,0.044964483995198534
turbine_2,2025-12-02T18:00:00Z,2025-12-04T09:00:00Z,39.0,0.065,0.04243307441410607,0.04560710390596545
turbine_2,2025-12-02T18:00:00Z,2025-12-04T10:00:00Z,40.0,0.0166666666666666,0.03359018792081045,0.04912072042367471
turbine_2,2025-12-02T18:00:00Z,2025-12-04T11:00:00Z,41.0,0.15,0.038391747423139194,0.03622221269873552
turbine_2,2025-12-02T18:00:00Z,2025-12-04T12:00:00Z,42.0,0.2183333333333333,0.04246647395879441,0.039599065497679053
turbine_2,2025-12-02T18:00:00Z,2025-12-04T13:00:00Z,43.0,0.15,0.04537243072768643,0.05815396903832608
turbine_2,2025-12-02T18:00:00Z,2025-12-04T14:00:00Z,44.0,0.0566666666666666,0.18410047088261539,0.15000261531223558
turbine_2,2025-12-02T18:00:00Z,2025-12-04T15:00:00Z,45.0,0.01,0.21093012589521967,0.24308123899101103
turbine_2,2025-12-02T18:00:00Z,2025-12-04T16:00:00Z,46.0,0.1216666666666666,0.20515144885082168,0.24192090429951577
turbine_2,2025-12-02T18:00:00Z,2025-12-04T17:00:00Z,47.0,0.0966666666666666,0.16094802650908868,0.19989171672386535
turbine_2,2025-12-02T18:00:00Z,2025-12-04T18:00:00Z,48.0,0.055,0.14143829898993818,0.1666920777690879
turbine_2,2025-12-03T18:00:00Z,2025-12-03T19:00:00Z,1.0,0.1399999999999999,0.13002608112994288,0.1356135131056928
turbine_2,2025-12-03T18:00:00Z,2025-12-03T20:00:00Z,2.0,0.0816666666666666,0.0998177344321304,0.08963844905193293
turbine_2,2025-12-03T18:00:00Z,2025-12-03T21:00:00Z,3.0,0.1399999999999999,0.08251624552405393,0.07377515341513803
turbine_2,2025-12-03T18:00:00Z,2025-12-03T22:00:00Z,4.0,0.14,0.0802791786320672,0.09859002254622223
turbine_2,2025-12-03T18:00:00Z,2025-12-03T23:00:00Z,5.0,0.075,0.0705531157201337,0.07966571054368016
turbine_2,2025-12-03T18:00:00Z,2025-12-04T00:00:00Z,6.0,0.08,0.08364009047193549,0.07123793685180568
turbine_2,2025-12-03T18:00:00Z,2025-12-04T01:00:00Z,7.0,0.075,0.09713086012631034,0.08592346707695515
turbine_2,2025-12-03T18:00:00Z,2025-12-04T02:00:00Z,8.0,0.115,0.07705036144231017,0.059444154195901724
turbine_2,2025-12-03T18:00:00Z,2025-12-04T03:00:00Z,9.0,0.17,0.069692009872237,0.07012823406398766
turbine_2,2025-12-03T18:00:00Z,2025-12-04T04:00:00Z,10.0,0.0966666666666666,0.14326921609671742,0.17323102516164685
turbine_2,2025-12-03T18:00:00Z,2025-12-04T05:00:00Z,11.0,0.0416666666666666,0.1843199356077714,0.23152420833126874
turbine_2,2025-12-03T18:00:00Z,2025-12-04T06:00:00Z,12.0,0.0216666666666666,0.17624169218917296,0.21602049712732896
turbine_2,2025-12-03T18:00:00Z,2025-12-04T07:00:00Z,13.0,0.0433333333333333,0.2331346542598554,0.24885331996573148
turbine_2,2025-12-03T18:00:00Z,2025-12-04T08:00:00Z,14.0,0.0416666666666666,0.2474257612062447,0.26178579930426066
turbine_2,2025-12-03T18:00:00Z,2025-12-04T09:00:00Z,15.0,0.065,0.15537001324751393,0.09678732598761958
turbine_2,2025-12-03T18:00:00Z,2025-12-04T10:00:00Z,16.0,0.0166666666666666,0.051911550034755505,0.06750782869150379
turbine_2,2025-12-03T18:00:00Z,2025-12-04T11:00:00Z,17.0,0.15,0.04036082705010105,0.049150600372971864
turbine_2,2025-12-03T18:00:00Z,2025-12-04T12:00:00Z,18.0,0.2183333333333333,0.0329372061287482,0.030875916788901614
turbine_2,2025-12-03T18:00:00Z,2025-12-04T13:00:00Z,19.0,0.15,0.038378905101645044,0.030776614870423713
turbine_2,2025-12-03T18:00:00Z,2025-12-04T14:00:00Z,20.0,0.0566666666666666,0.06793572742829328,0.06260297927352225
turbine_2,2025-12-03T18:00:00Z,2025-12-04T15:00:00Z,21.0,0.01,0.07792480048928185,0.0830032887502023
turbine_2,2025-12-03T18:00:00Z,2025-12-04T16:00:00Z,22.0,0.1216666666666666,0.09158106971829935,0.09476248768438292
turbine_2,2025-12-03T18:00:00Z,2025-12-04T17:00:00Z,23.0,0.0966666666666666,0.10922194103519603,0.10439512200735418
turbine_2,2025-12-03T18:00:00Z,2025-12-04T18:00:00Z,24.0,0.055,0.06284862064847604,0.06114733026116326
turbine_2,2025-12-03T18:00:00Z,2025-12-04T19:00:00Z,25.0,0.0183333333333333,0.05118510636092399,0.04633494398560492
turbine_2,2025-12-03T18:00:00Z,2025-12-04T20:00:00Z,26.0,0.015,0.04202182015893047,0.03875570963022629
turbine_2,2025-12-03T18:00:00Z,2025-12-04T21:00:00Z,27.0,0.0083333333333333,0.022506891581473065,0.023607152576869378
turbine_2,2025-12-03T18:00:00Z,2025-12-04T22:00:00Z,28.0,0.015,0.038922334567791095,0.040440861814525775
turbine_2,2025-12-03T18:00:00Z,2025-12-04T23:00:00Z,29.0,0.0466666666666666,0.04730942341019545,0.06491626681759821
turbine_2,2025-12-03T18:00:00Z,2025-12-05T00:00:00Z,30.0,0.0116666666666666,0.05965041630650633,0.0771461224457494
turbine_2,2025-12-03T18:00:00Z,2025-12-05T01:00:00Z,31.0,0.0383333333333333,0.05209111714396503,0.07580944383683563
turbine_2,2025-12-03T18:00:00Z,2025-12-05T02:00:00Z,32.0,0.01,0.0677801234762955,0.08437141174846297
turbine_2,2025-12-03T18:00:00Z,2025-12-05T03:00:00Z,33.0,0.01,0.0286146528769613,0.05697314427490571
turbine_2,2025-12-03T18:00:00Z,2025-12-05T04:00:00Z,34.0,0.0083333333333333,0.01959266771807669,0.05035337222212549
turbine_2,2025-12-03T18:00:00Z,2025-12-05T05:00:00Z,35.0,0.0083333333333333,0.013631420741792327,0.014029415754001406
turbine_2,2025-12-03T18:00:00Z,2025-12-05T06:00:00Z,36.0,0.01,0.026685307336613284,0.0182097143567429
turbine_2,2025-12-03T18:00:00Z,2025-12-05T07:00:00Z,37.0,0.01,0.03219177295613959,0.01725433525286041
turbine_2,2025-12-03T18:00:00Z,2025-12-05T08:00:00Z,38.0,0.01,0.06097428627869993,0.03678772180910572
turbine_2,2025-12-03T18:00:00Z,2025-12-05T09:00:00Z,39.0,0.0083333333333333,0.09372852902981198,0.09571628252559637
turbine_2,2025-12-03T18:00:00Z,2025-12-05T10:00:00Z,40.0,0.01,0.10359626850503599,0.11404218195842761
turbine_2,2025-12-03T18:00:00Z,2025-12-05T11:00:00Z,41.0,0.01,0.16189568116630584,0.17732356025684531
turbine_2,2025-12-03T18:00:00Z,2025-12-05T12:00:00Z,42.0,0.0249999999999999,0.25530110676211165,0.27245888474038726
turbine_2,2025-12-03T18:00:00Z,2025-12-05T13:00:00Z,43.0,0.1583333333333333,0.33453140060222075,0.3138925734421594
turbine_2,2025-12-03T18:00:00Z,2025-12-05T14:00:00Z,44.0,0.1883333333333333,0.3860099841296306,0.4023582976784461
turbine_2,2025-12-03T18:00:00Z,2025-12-05T15:00:00Z,45.0,0.1616666666666666,0.3770505280799319,0.3960361894507762
turbine_2,2025-12-03T18:00:00Z,2025-12-05T16:00:00Z,46.0,0.0666666666666666,0.34757943767045796,0.3958021542834038
turbine_2,2025-12-03T18:00:00Z,2025-12-05T17:00:00Z,47.0,0.12,0.30212107994532034,0.3358255633141529
turbine_2,2025-12-03T18:00:00Z,2025-12-05T18:00:00Z,48.0,0.145,0.29508003649458414,0.30418854889466784
turbine_2,2025-12-04T18:00:00Z,2025-12-04T19:00:00Z,1.0,0.0183333333333333,0.03175644140434805,0.025886530388648132
turbine_2,2025-12-04T18:00:00Z,2025-12-04T20:00:00Z,2.0,0.015,0.023922809066172473,0.01803224965807293
turbine_2,2025-12-04T18:00:00Z,2025-12-04T21:00:00Z,3.0,0.0083333333333333,0.01485272917481556,0.010444103863562093
turbine_2,2025-12-04T18:00:00Z,2025-12-04T22:00:00Z,4.0,0.015,0.015461749828223903,0.010878547207180206
turbine_2,2025-12-04T18:00:00Z,2025-12-04T23:00:00Z,5.0,0.0466666666666666,0.014902857554933563,0.012501131922353304
turbine_2,2025-12-04T18:00:00Z,2025-12-05T00:00:00Z,6.0,0.0116666666666666,0.011991939275545843,0.009069487921774533
turbine_2,2025-12-04T18:00:00Z,2025-12-05T01:00:00Z,7.0,0.0383333333333333,0.02864794173395996,0.022682563416130258
turbine_2,2025-12-04T18:00:00Z,2025-12-05T02:00:00Z,8.0,0.01,0.03014276597898921,0.027594550192843348
turbine_2,2025-12-04T18:00:00Z,2025-12-05T03:00:00Z,9.0,0.01,0.018025501116699344,0.01742996601109842
turbine_2,2025-12-04T18:00:00Z,2025-12-05T04:00:00Z,10.0,0.0083333333333333,0.016588180220743348,0.022927855373764516
turbine_2,2025-12-04T18:00:00Z,2025-12-05T05:00:00Z,11.0,0.0083333333333333,0.023573159588334502,0.018803992239059153
turbine_2,2025-12-04T18:00:00Z,2025-12-05T06:00:00Z,12.0,0.01,0.04693279697450406,0.029128937478361927
turbine_2,2025-12-04T18:00:00Z,2025-12-05T07:00:00Z,13.0,0.01,0.08804204312532536,0.09039843901014902
turbine_2,2025-12-04T18:00:00Z,2025-12-05T08:00:00Z,14.0,0.01,0.17592951294991466,0.1335322572762042
turbine_2,2025-12-04T18:00:00Z,2025-12-05T09:00:00Z,15.0,0.0083333333333333,0.3220361820589561,0.2475699838767077
turbine_2,2025-12-04T18:00:00Z,2025-12-05T10:00:00Z,16.0,0.01,0.38456850633932915,0.34472693332406956
turbine_2,2025-12-04T18:00:00Z,2025-12-05T11:00:00Z,17.0,0.01,0.530360611913419,0.49997888074597
turbine_2,2025-12-04T18:00:00Z,2025-12-05T12:00:00Z,18.0,0.0249999999999999,0.5963271187156297,0.6512781261894914
turbine_2,2025-12-04T18:00:00Z,2025-12-05T13:00:00Z,19.0,0.1583333333333333,0.5645102362533236,0.5729224776777591
turbine_2,2025-12-04T18:00:00Z,2025-12-05T14:00:00Z,20.0,0.1883333333333333,0.6935588408434693,0.6692465792140011
turbine_2,2025-12-04T18:00:00Z,2025-12-05T15:00:00Z,21.0,0.1616666666666666,0.598906850323929,0.5543239227388888
turbine_2,2025-12-04T18:00:00Z,2025-12-05T16:00:00Z,22.0,0.0666666666666666,0.5973590890626854,0.5617473465399949
turbine_2,2025-12-04T18:00:00Z,2025-12-05T17:00:00Z,23.0,0.12,0.5563006227754157,0.5040809061875113
turbine_2,2025-12-04T18:00:00Z,2025-12-05T18:00:00Z,24.0,0.145,0.460961472234488,0.38692331480917524
turbine_2,2025-12-04T18:00:00Z,2025-12-05T19:00:00Z,25.0,0.01,0.2866782047166508,0.3303307725508691
turbine_2,2025-12-04T18:00:00Z,2025-12-05T20:00:00Z,26.0,0.01,0.2486620150392344,0.2743626200329596
turbine_2,2025-12-04T18:00:00Z,2025-12-05T21:00:00Z,27.0,0.0116666666666666,0.18232638518803096,0.18096889739023467
turbine_2,2025-12-04T18:00:00Z,2025-12-05T22:00:00Z,28.0,0.01,0.059407201627889664,0.08195878017521238
turbine_2,2025-12-04T18:00:00Z,2025-12-05T23:00:00Z,29.0,0.01,0.02199762816760953,0.04045405056546733
turbine_2,2025-12-04T18:00:00Z,2025-12-06T00:00:00Z,30.0,0.01,0.010728701971992882,0.02803908177298836
turbine_2,2025-12-04T18:00:00Z,2025-12-06T01:00:00Z,31.0,0.015,0.010400793195528502,0.008584033880480457
turbine_2,2025-12-04T18:00:00Z,2025-12-06T02:00:00Z,32.0,0.015,0.012489685354741015,0.009124231498992219
turbine_2,2025-12-04T18:00:00Z,2025-12-06T03:00:00Z,33.0,0.125,0.011819925163425143,0.014146507507709377
turbine_2,2025-12-04T18:00:00Z,2025-12-06T04:00:00Z,34.0,0.155,0.016779135234064407,0.020779872452319992
turbine_2,2025-12-04T18:00:00Z,2025-12-06T05:00:00Z,35.0,0.0699999999999999,0.036681238785200326,0.0268678081072474
turbine_2,2025-12-04T18:00:00Z,2025-12-06T06:00:00Z,36.0,0.135,0.1053101105982671,0.19770511068652097
turbine_2,2025-12-04T18:00:00Z,2025-12-06T07:00:00Z,37.0,0.7866666666666666,0.19669382467545984,0.2567256495334399
turbine_2,2025-12-04T18:00:00Z,2025-12-06T08:00:00Z,38.0,0.6699999999999999,0.35449941630930776,0.33657208407254746
turbine_2,2025-12-04T18:00:00Z,2025-12-06T09:00:00Z,39.0,0.6166666666666667,0.4158641801511195,0.3631987359240324
turbine_2,2025-12-04T18:00:00Z,2025-12-06T10:00:00Z,40.0,0.4416666666666666,0.3951824718861098,0.3553178809671394
turbine_2,2025-12-04T18:00:00Z,2025-12-06T11:00:00Z,41.0,0.43,0.4089554318074953,0.34887534975254686
turbine_2,2025-12-04T18:00:00Z,2025-12-06T12:00:00Z,42.0,0.0916666666666666,0.5293488722445749,0.44344663283736724
turbine_2,2025-12-04T18:00:00Z,2025-12-06T13:00:00Z,43.0,0.01,0.5981130419917959,0.5888487238097402
turbine_2,2025-12-04T18:00:00Z,2025-12-06T14:00:00Z,44.0,0.01,0.5875608175738005,0.6205786343403183
turbine_2,2025-12-04T18:00:00Z,2025-12-06T15:00:00Z,45.0,0.01,0.6291911084448998,0.6336686216027345
turbine_2,2025-12-04T18:00:00Z,2025-12-06T16:00:00Z,46.0,0.01,0.6256753468140555,0.6209207092689533
turbine_2,2025-12-04T18:00:00Z,2025-12-06T17:00:00Z,47.0,0.0483333333333333,0.6324715074418998,0.6072708446464239
turbine_2,2025-12-04T18:00:00Z,2025-12-06T18:00:00Z,48.0,0.07,0.6264788340849916,0.5610430140891358
turbine_2,2025-12-05T18:00:00Z,2025-12-05T19:00:00Z,1.0,0.01,0.1343113530270126,0.1807472409203303
turbine_2,2025-12-05T18:00:00Z,2025-12-05T20:00:00Z,2.0,0.01,0.0756612936684224,0.10130703432040256
turbine_2,2025-12-05T18:00:00Z,2025-12-05T21:00:00Z,3.0,0.0116666666666666,0.053682089002630023,0.0737336014970622
turbine_2,2025-12-05T18:00:00Z,2025-12-05T22:00:00Z,4.0,0.01,0.026237175803580898,0.03754833096442095
turbine_2,2025-12-05T18:00:00Z,2025-12-05T23:00:00Z,5.0,0.01,0.010182069966861829,0.03011055162815121
turbine_2,2025-12-05T18:00:00Z,2025-12-06T00:00:00Z,6.0,0.01,0.010411711986631295,0.010062087442772982
turbine_2,2025-12-05T18:00:00Z,2025-12-06T01:00:00Z,7.0,0.015,0.021756674594718528,0.012505445100632478
turbine_2,2025-12-05T18:00:00Z,2025-12-06T02:00:00Z,8.0,0.015,0.026931776091278697,0.01522042882019578
turbine_2,2025-12-05T18:00:00Z,2025-12-06T03:00:00Z,9.0,0.125,0.030807205588385483,0.02505263981241393
turbine_2,2025-12-05T18:00:00Z,2025-12-06T04:00:00Z,10.0,0.155,0.029559867329298134,0.021674311413591968
turbine_2,2025-12-05T18:00:00Z,2025-12-06T05:00:00Z,11.0,0.0699999999999999,0.054979034478807906,0.029177209476447336
turbine_2,2025-12-05T18:00:00Z,2025-12-06T06:00:00Z,12.0,0.135,0.1256429501706448,0.2240361727915834
turbine_2,2025-12-05T18:00:00Z,2025-12-06T07:00:00Z,13.0,0.7866666666666666,0.16801311216376894,0.22376216203400845
turbine_2,2025-12-05T18:00:00Z,2025-12-06T08:00:00Z,14.0,0.6699999999999999,0.28742589663684726,0.2615574889175407
turbine_2,2025-12-05T18:00:00Z,2025-12-06T09:00:00Z,15.0,0.6166666666666667,0.3663162541174605,0.32085570519727324
turbine_2,2025-12-05T18:00:00Z,2025-12-06T10:00:00Z,16.0,0.4416666666666666,0.3232595810718115,0.306791171735892
turbine_2,2025-12-05T18:00:00Z,2025-12-06T11:00:00Z,17.0,0.43,0.3213906442985123,0.3444805487715164
turbine_2,2025-12-05T18:00:00Z,2025-12-06T12:00:00Z,18.0,0.0916666666666666,0.5296271235576397,0.5135695657377202
turbine_2,2025-12-05T18:00:00Z,2025-12-06T13:00:00Z,19.0,0.01,0.5150371549932415,0.4650702088629994
turbine_2,2025-12-05T18:00:00Z,2025-12-06T14:00:00Z,20.0,0.01,0.4197063313842943,0.380577208808197
turbine_2,2025-12-05T18:00:00Z,2025-12-06T15:00:00Z,21.0,0.01,0.2726098647062921,0.27409706972701026
turbine_2,2025-12-05T18:00:00Z,2025-12-06T16:00:00Z,22.0,0.01,0.27403914324752593,0.24200233839068158
turbine_2,2025-12-05T18:00:00Z,2025-12-06T17:00:00Z,23.0,0.0483333333333333,0.3216552910207343,0.2926079112587635
turbine_2,2025-12-05T18:00:00Z,2025-12-06T18:00:00Z,24.0,0.07,0.4108808439992954,0.3267273067650154
turbine_2,2025-12-05T18:00:00Z,2025-12-06T19:00:00Z,25.0,0.0733333333333333,0.39776135908677357,0.4087399761306788
turbine_2,2025-12-05T18:00:00Z,2025-12-06T20:00:00Z,26.0,0.1016666666666666,0.39981168993461774,0.41252107240517544
turbine_2,2025-12-05T18:00:00Z,2025-12-06T21:00:00Z,27.0,0.1333333333333333,0.407991367532214,0.4208396627564138
turbine_2,2025-12-05T18:00:00Z,2025-12-06T22:00:00Z,28.0,0.2299999999999999,0.37084713024644744,0.30499536401477095
turbine_2,2025-12-05T18:00:00Z,2025-12-06T23:00:00Z,29.0,0.2433333333333333,0.3700389750237163,0.35328676794089986
turbine_2,2025-12-05T18:00:00Z,2025-12-07T00:00:00Z,30.0,0.3433333333333333,0.33028712048616804,0.233686966742696
turbine_2,2025-12-05T18:00:00Z,2025-12-07T01:00:00Z,31.0,0.3733333333333333,0.228164062217193,0.1970632693537982
turbine_2,2025-12-05T18:00:00Z,2025-12-07T02:00:00Z,32.0,0.4666666666666666,0.138575945260344,0.12045402112752443
turbine_2,2025-12-05T18:00:00Z,2025-12-07T03:00:00Z,33.0,0.05,0.09726961799009204,0.07908820960542619
turbine_2,2025-12-05T18:00:00Z,2025-12-07T04:00:00Z,34.0,0.0133333333333333,0.07612893594547764,0.12017181560210287
turbine_2,2025-12-05T18:00:00Z,2025-12-07T05:00:00Z,35.0,0.055,0.1155180989964892,0.20556658927723528
turbine_2,2025-12-05T18:00:00Z,2025-12-07T06:00:00Z,36.0,0.0083333333333333,0.10622160907742474,0.16176317571707685
turbine_2,2025-12-05T18:00:00Z,2025-12-07T07:00:00Z,37.0,0.01,0.15144170717339087,0.21264538026348628
turbine_2,2025-12-05T18:00:00Z,2025-12-07T08:00:00Z,38.0,0.01,0.1472244325405841,0.1458635519877124
turbine_2,2025-12-05T18:00:00Z,2025-12-07T09:00:00Z,39.0,0.02,0.09976570074716767,0.06377752253129196
turbine_2,2025-12-05T18:00:00Z,2025-12-07T10:00:00Z,40.0,0.01,0.06194216840106573,0.06580713885119123
turbine_2,2025-12-05T18:00:00Z,2025-12-07T11:00:00Z,41.0,0.03,0.0500462113797108,0.053073326392153675
turbine_2,2025-12-05T18:00:00Z,2025-12-07T12:00:00Z,42.0,0.0066666666666666,0.038060719303900675,0.034786968543376234
turbine_2,2025-12-05T18:00:00Z,2025-12-07T13:00:00Z,43.0,0.075,0.03811109796532275,0.038516678429757756
turbine_2,2025-12-05T18:00:00Z,2025-12-07T14:00:00Z,44.0,0.0133333333333333,0.04031767210502507,0.036701407782571804
turbine_2,2025-12-05T18:00:00Z,2025-12-07T15:00:00Z,45.0,0.01,0.051787113998080225,0.042693316820493876
turbine_2,2025-12-05T18:00:00Z,2025-12-07T16:00:00Z,46.0,0.085,0.056549685705868324,0.04626773482143204
turbine_2,2025-12-05T18:00:00Z,2025-12-07T17:00:00Z,47.0,0.015,0.05991216798335827,0.048285979535365064
turbine_2,2025-12-05T18:00:00Z,2025-12-07T18:00:00Z,48.0,0.01,0.061370419527941866,0.03825095826002703
turbine_2,2025-12-06T18:00:00Z,2025-12-06T19:00:00Z,1.0,0.0733333333333333,0.39505907862732625,0.3724825171856755
turbine_2,2025-12-06T18:00:00Z,2025-12-06T20:00:00Z,2.0,0.1016666666666666,0.33350934275875926,0.3248172110979573
turbine_2,2025-12-06T18:00:00Z,2025-12-06T21:00:00Z,3.0,0.1333333333333333,0.36438283486879175,0.3207391032093801
turbine_2,2025-12-06T18:00:00Z,2025-12-06T22:00:00Z,4.0,0.2299999999999999,0.3861692478250618,0.3927035410301189
turbine_2,2025-12-06T18:00:00Z,2025-12-06T23:00:00Z,5.0,0.2433333333333333,0.39194756227065153,0.437268198392096
turbine_2,2025-12-06T18:00:00Z,2025-12-07T00:00:00Z,6.0,0.3433333333333333,0.4954634165448109,0.4583114343025454
turbine_2,2025-12-06T18:00:00Z,2025-12-07T01:00:00Z,7.0,0.3733333333333333,0.5155039188002655,0.4957803639745507
turbine_2,2025-12-06T18:00:00Z,2025-12-07T02:00:00Z,8.0,0.4666666666666666,0.5259371745108412,0.4878764619326271
turbine_2,2025-12-06T18:00:00Z,2025-12-07T03:00:00Z,9.0,0.05,0.5976037272511439,0.5366391854652346
turbine_2,2025-12-06T18:00:00Z,2025-12-07T04:00:00Z,10.0,0.0133333333333333,0.5971744054890913,0.5854323156762743
turbine_2,2025-12-06T18:00:00Z,2025-12-07T05:00:00Z,11.0,0.055,0.6345671112362816,0.6716256804892375
turbine_2,2025-12-06T18:00:00Z,2025-12-07T06:00:00Z,12.0,0.0083333333333333,0.608505846853159,0.6243769621745398
turbine_2,2025-12-06T18:00:00Z,2025-12-07T07:00:00Z,13.0,0.01,0.6099090780187189,0.6129570259836854
turbine_2,2025-12-06T18:00:00Z,2025-12-07T08:00:00Z,14.0,0.01,0.6647951828386565,0.5873066019410558
turbine_2,2025-12-06T18:00:00Z,2025-12-07T09:00:00Z,15.0,0.02,0.3595287774557525,0.33178613677351165
turbine_2,2025-12-06T18:00:00Z,2025-12-07T10:00:00Z,16.0,0.01,0.2046771130135314,0.21017116730473828
turbine_2,2025-12-06T18:00:00Z,2025-12-07T11:00:00Z,17.0,0.03,0.12121971954860264,0.14975704528350417
turbine_2,2025-12-06T18:00:00Z,2025-12-07T12:00:00Z,18.0,0.0066666666666666,0.06167832382116836,0.0855043936566967
turbine_2,2025-12-06T18:00:00Z,2025-12-07T13:00:00Z,19.0,0.075,0.05192967031851928,0.05848011917251701
turbine_2,2025-12-06T18:00:00Z,2025-12-07T14:00:00Z,20.0,0.0133333333333333,0.05632552476982515,0.05555772014852488
turbine_2,2025-12-06T18:00:00Z,2025-12-07T15:00:00Z,21.0,0.01,0.039734943212158924,0.030984033155812468
turbine_2,2025-12-06T18:00:00Z,2025-12-07T16:00:00Z,22.0,0.085,0.03417422129976411,0.02680717610945002
turbine_2,2025-12-06T18:00:00Z,2025-12-07T17:00:00Z,23.0,0.015,0.04851456132986012,0.03235979498272484
turbine_2,2025-12-06T18:00:00Z,2025-12-07T18:00:00Z,24.0,0.01,0.06557561964269673,0.0459554309617527
turbine_2,2025-12-06T18:00:00Z,2025-12-07T19:00:00Z,25.0,0.01,0.055402160006159995,0.05389872677846799
turbine_2,2025-12-06T18:00:00Z,2025-12-07T20:00:00Z,26.0,0.01,0.05481383999453132,0.04870919404258703
turbine_2,2025-12-06T18:00:00Z,2025-12-07T21:00:00Z,27.0,0.01,0.06205007007410927,0.07493611991296692
turbine_2,2025-12-06T18:00:00Z,2025-12-07T22:00:00Z,28.0,0.0466666666666666,0.06658951161041203,0.06662967447394384
turbine_2,2025-12-06T18:00:00Z,2025-12-07T23:00:00Z,29.0,0.2183333333333333,0.05908765369446209,0.08804697176195257
turbine_2,2025-12-06T18:00:00Z,2025-12-08T00:00:00Z,30.0,0.1516666666666666,0.35126877544658597,0.44268719245843136
turbine_2,2025-12-06T18:00:00Z,2025-12-08T01:00:00Z,31.0,0.6483333333333333,0.21983602340620909,0.2717462169916511
turbine_2,2025-12-06T18:00:00Z,2025-12-08T02:00:00Z,32.0,0.5316666666666666,0.49046720859658793,0.44166138591749626
turbine_2,2025-12-06T18:00:00Z,2025-12-08T03:00:00Z,33.0,0.3833333333333333,0.6802456625454535,0.7279044214266435
turbine_2,2025-12-06T18:00:00Z,2025-12-08T04:00:00Z,34.0,0.3533333333333333,0.6208945409406683,0.651311319278152
turbine_2,2025-12-06T18:00:00Z,2025-12-08T05:00:00Z,35.0,0.1566666666666666,0.6721044211840574,0.6692309174217821
turbine_2,2025-12-06T18:00:00Z,2025-12-08T06:00:00Z,36.0,0.01,0.5911159504901791,0.6665944415130557
turbine_2,2025-12-06T18:00:00Z,2025-12-08T07:00:00Z,37.0,0.01,0.4064156785091516,0.4180934383375762
turbine_2,2025-12-06T18:00:00Z,2025-12-08T08:00:00Z,38.0,0.0083333333333333,0.24981447103194174,0.24943476232593598
turbine_2,2025-12-06T18:00:00Z,2025-12-08T09:00:00Z,39.0,0.04,0.10338442439753708,0.07682910486231637
turbine_2,2025-12-06T18:00:00Z,2025-12-08T10:00:00Z,40.0,0.4216666666666667,0.03166311676917652,0.04809912217081219
turbine_2,2025-12-06T18:00:00Z,2025-12-08T11:00:00Z,41.0,0.5333333333333333,0.1302307640659558,0.1028469925248059
turbine_2,2025-12-06T18:00:00Z,2025-12-08T12:00:00Z,42.0,0.33,0.30534077324052633,0.3134415063686865
turbine_2,2025-12-06T18:00:00Z,2025-12-08T13:00:00Z,43.0,0.6816666666666666,0.686931583943131,0.7039672278063968
turbine_2,2025-12-06T18:00:00Z,2025-12-08T14:00:00Z,44.0,0.92,0.9392236626350593,0.9483555142727952
turbine_2,2025-12-06T18:00:00Z,2025-12-08T15:00:00Z,45.0,0.9466666666666668,0.9519460351814396,0.9395947318284833
turbine_2,2025-12-06T18:00:00Z,2025-12-08T16:00:00Z,46.0,0.96,0.9550092909618272,0.9465495116474243
turbine_2,2025-12-06T18:00:00Z,2025-12-08T17:00:00Z,47.0,0.8533333333333334,0.944141915780885,0.9297581610933117
turbine_2,2025-12-06T18:00:00Z,2025-12-08T18:00:00Z,48.0,0.945,0.8544720702624916,0.8584213072013379
turbine_2,2025-12-07T18:00:00Z,2025-12-07T19:00:00Z,1.0,0.01,0.1416997325560977,0.18216437571604868
turbine_2,2025-12-07T18:00:00Z,2025-12-07T20:00:00Z,2.0,0.01,0.11890693604358755,0.1507066152601943
turbine_2,2025-12-07T18:00:00Z,2025-12-07T21:00:00Z,3.0,0.01,0.19636882765505767,0.18640041613485195
turbine_2,2025-12-07T18:00:00Z,2025-12-07T22:00:00Z,4.0,0.0466666666666666,0.4068240943251805,0.41108180400090955
turbine_2,2025-12-07T18:00:00Z,2025-12-07T23:00:00Z,5.0,0.2183333333333333,0.34439674252786656,0.38437752109731427
turbine_2,2025-12-07T18:00:00Z,2025-12-08T00:00:00Z,6.0,0.1516666666666666,0.42216712854183835,0.3853219830177166
turbine_2,2025-12-07T18:00:00Z,2025-12-08T01:00:00Z,7.0,0.6483333333333333,0.5933048002040563,0.5561957997609009
turbine_2,2025-12-07T18:00:00Z,2025-12-08T02:00:00Z,8.0,0.5316666666666666,0.5398008577087855,0.5098967130975491
turbine_2,2025-12-07T18:00:00Z,2025-12-08T03:00:00Z,9.0,0.3833333333333333,0.5888946978268187,0.580202925665267
turbine_2,2025-12-07T18:00:00Z,2025-12-08T04:00:00Z,10.0,0.3533333333333333,0.7254544109680999,0.7501212819233457
turbine_2,2025-12-07T18:00:00Z,2025-12-08T05:00:00Z,11.0,0.1566666666666666,0.6748642170590262,0.6706177519939696
turbine_2,2025-12-07T18:00:00Z,2025-12-08T06:00:00Z,12.0,0.01,0.3702175009783003,0.36760655951023746
turbine_2,2025-12-07T18:00:00Z,2025-12-08T07:00:00Z,13.0,0.01,0.17376936300680215,0.23630258265780135
turbine_2,2025-12-07T18:00:00Z,2025-12-08T08:00:00Z,14.0,0.0083333333333333,0.05507443349025373,0.0347759949592186
turbine_2,2025-12-07T18:00:00Z,2025-12-08T09:00:00Z,15.0,0.04,0.041513817488096544,0.027497441860658584
turbine_2,2025-12-07T18:00:00Z,2025-12-08T10:00:00Z,16.0,0.4216666666666667,0.185395877634161,0.15585588619334267
turbine_2,2025-12-07T18:00:00Z,2025-12-08T11:00:00Z,17.0,0.5333333333333333,0.6240884908366173,0.5890540452808923
turbine_2,2025-12-07T18:00:00Z,2025-12-08T12:00:00Z,18.0,0.33,0.9383944118497526,0.947029584034592
turbine_2,2025-12-07T18:00:00Z,2025-12-08T13:00:00Z,19.0,0.6816666666666666,0.9380682390236685,0.9481419376200642
turbine_2,2025-12-07T18:00:00Z,2025-12-08T14:00:00Z,20.0,0.92,0.9361072521068774,0.9480253368108761
turbine_2,2025-12-07T18:00:00Z,2025-12-08T15:00:00Z,21.0,0.9466666666666668,0.9517441198109244,0.9499894154436301
turbine_2,2025-12-07T18:00:00Z,2025-12-08T16:00:00Z,22.0,0.96,0.9037417865651839,0.895618755140447
turbine_2,2025-12-07T18:00:00Z,2025-12-08T17:00:00Z,23.0,0.8533333333333334,0.9461742046153524,0.9338379231563252
turbine_2,2025-12-07T18:00:00Z,2025-12-08T18:00:00Z,24.0,0.945,0.9235167697169065,0.9469952499640751
turbine_2,2025-12-07T18:00:00Z,2025-12-08T19:00:00Z,25.0,0.785,0.8996048066034704,0.9044544574462199
turbine_2,2025-12-07T18:00:00Z,2025-12-08T20:00:00Z,26.0,0.2966666666666667,0.6797541623462736,0.6636340995362403
turbine_2,2025-12-07T18:00:00Z,2025-12-08T21:00:00Z,27.0,0.15,0.5800686938902944,0.5322365572813703
turbine_2,2025-12-07T18:00:00Z,2025-12-08T22:00:00Z,28.0,0.125,0.42718326340140356,0.4470194388076715
turbine_2,2025-12-07T18:00:00Z,2025-12-08T23:00:00Z,29.0,0.075,0.2608036573634104,0.210799627249718
turbine_2,2025-12-07T18:00:00Z,2025-12-09T00:00:00Z,30.0,0.0249999999999999,0.1289934544689451,0.12135393954161679
turbine_2,2025-12-07T18:00:00Z,2025-12-09T01:00:00Z,31.0,0.0116666666666666,0.06345237116272441,0.047791704672626806
turbine_2,2025-12-07T18:00:00Z,2025-12-09T02:00:00Z,32.0,0.01,0.029209552031479374,0.0295975987867656
turbine_2,2025-12-07T18:00:00Z,2025-12-09T03:00:00Z,33.0,0.01,0.016508550771547198,0.014893481801650843
turbine_2,2025-12-07T18:00:00Z,2025-12-09T04:00:00Z,34.0,0.155,0.01150416767873566,0.009483568367021938
turbine_2,2025-12-07T18:00:00Z,2025-12-09T05:00:00Z,35.0,0.7999999999999999,0.02751982793511637,0.02098815520515976
turbine_2,2025-12-07T18:00:00Z,2025-12-09T06:00:00Z,36.0,0.9083333333333332,0.16059042857858366,0.22901616773849243
turbine_2,2025-12-07T18:00:00Z,2025-12-09T07:00:00Z,37.0,0.9716666666666668,0.8499418487092201,0.7932244131672262
turbine_2,2025-12-07T18:00:00Z,2025-12-09T08:00:00Z,38.0,0.97,0.9690410987020545,0.9727037673209895
turbine_2,2025-12-07T18:00:00Z,2025-12-09T09:00:00Z,39.0,0.9633333333333332,0.9675228083990656,0.9806208453190827
turbine_2,2025-12-07T18:00:00Z,2025-12-09T10:00:00Z,40.0,0.9683333333333332,0.9539521005387733,0.9426569039437349
turbine_2,2025-12-07T18:00:00Z,2025-12-09T11:00:00Z,41.0,0.9533333333333333,0.7626795108949511,0.782651582577759
turbine_2,2025-12-07T18:00:00Z,2025-12-09T12:00:00Z,42.0,0.9533333333333333,0.6508351286035151,0.5983937702151286
turbine_2,2025-12-07T18:00:00Z,2025-12-09T13:00:00Z,43.0,0.9,0.45148849404227603,0.47103445555039686
turbine_2,2025-12-07T18:00:00Z,2025-12-09T14:00:00Z,44.0,0.9366666666666666,0.2016189289023668,0.2673110148802098
turbine_2,2025-12-07T18:00:00Z,2025-12-09T15:00:00Z,45.0,0.8649999999999999,0.08161432423161344,0.0772777548029709
turbine_2,2025-12-07T18:00:00Z,2025-12-09T16:00:00Z,46.0,0.5466666666666666,0.06050454083804363,0.05983285093941218
turbine_2,2025-12-07T18:00:00Z,2025-12-09T17:00:00Z,47.0,0.145,0.04157564261053784,0.03141318528545897
turbine_2,2025-12-07T18:00:00Z,2025-12-09T18:00:00Z,48.0,0.04,0.04294872618869919,0.03313791395730914
turbine_2,2025-12-08T18:00:00Z,2025-12-08T19:00:00Z,1.0,0.785,0.7821016005743541,0.7878703078235391
turbine_2,2025-12-08T18:00:00Z,2025-12-08T20:00:00Z,2.0,0.2966666666666667,0.6886688521580447,0.6993298747467553
turbine_2,2025-12-08T18:00:00Z,2025-12-08T21:00:00Z,3.0,0.15,0.3661547670785241,0.3933501381881971
turbine_2,2025-12-08T18:00:00Z,2025-12-08T22:00:00Z,4.0,0.125,0.18213139636046544,0.17697229303820175
turbine_2,2025-12-08T18:00:00Z,2025-12-08T23:00:00Z,5.0,0.075,0.07259390558642646,0.04527117215829399
turbine_2,2025-12-08T18:00:00Z,2025-12-09T00:00:00Z,6.0,0.0249999999999999,0.02665952527728227,0.030878762499276735
turbine_2,2025-12-08T18:00:00Z,2025-12-09T01:00:00Z,7.0,0.0116666666666666,0.016231147479358332,0.013381131433750026
turbine_2,2025-12-08T18:00:00Z,2025-12-09T02:00:00Z,8.0,0.01,0.016471238507833885,0.010626201478108
turbine_2,2025-12-08T18:00:00Z,2025-12-09T03:00:00Z,9.0,0.01,0.02885316451038364,0.014584223185300726
turbine_2,2025-12-08T18:00:00Z,2025-12-09T04:00:00Z,10.0,0.155,0.08916352465732927,0.09886116579865455
turbine_2,2025-12-08T18:00:00Z,2025-12-09T05:00:00Z,11.0,0.7999999999999999,0.4909218559993262,0.5098832529355581
turbine_2,2025-12-08T18:00:00Z,2025-12-09T06:00:00Z,12.0,0.9083333333333332,0.9598482280543279,0.9609780757488214
turbine_2,2025-12-08T18:00:00Z,2025-12-09T07:00:00Z,13.0,0.9716666666666668,0.9619964414169951,0.972335833926009
turbine_2,2025-12-08T18:00:00Z,2025-12-09T08:00:00Z,14.0,0.97,0.9692808150128867,0.9747456302884554
turbine_2,2025-12-08T18:00:00Z,2025-12-09T09:00:00Z,15.0,0.9633333333333332,0.9632134717382175,0.9550312938450611
turbine_2,2025-12-08T18:00:00Z,2025-12-09T10:00:00Z,16.0,0.9683333333333332,0.8159631938685481,0.8103830238941429
turbine_2,2025-12-08T18:00:00Z,2025-12-09T11:00:00Z,17.0,0.9533333333333333,0.643549054470057,0.5803322063092609
turbine_2,2025-12-08T18:00:00Z,2025-12-09T12:00:00Z,18.0,0.9533333333333333,0.5234745681427536,0.5025552998926617
turbine_2,2025-12-08T18:00:00Z,2025-12-09T13:00:00Z,19.0,0.9,0.2369148364455969,0.2665324241321629
turbine_2,2025-12-08T18:00:00Z,2025-12-09T14:00:00Z,20.0,0.9366666666666666,0.12265121806602836,0.14064463054791487
turbine_2,2025-12-08T18:00:00Z,2025-12-09T15:00:00Z,21.0,0.8649999999999999,0.09674858962616714,0.12326477459550048
turbine_2,2025-12-08T18:00:00Z,2025-12-09T16:00:00Z,22.0,0.5466666666666666,0.049374380765148385,0.07833220862190984
turbine_2,2025-12-08T18:00:00Z,2025-12-09T17:00:00Z,23.0,0.145,0.039700673701578426,0.04171655950599831
turbine_2,2025-12-08T18:00:00Z,2025-12-09T18:00:00Z,24.0,0.04,0.029309510454165633,0.023557156042926075
turbine_2,2025-12-08T18:00:00Z,2025-12-09T19:00:00Z,25.0,0.3316666666666666,0.06767535885279675,0.05470047480556152
turbine_2,2025-12-08T18:00:00Z,2025-12-09T20:00:00Z,26.0,0.6516666666666667,0.14581831064866274,0.15432290890111922
turbine_2,2025-12-08T18:00:00Z,2025-12-09T21:00:00Z,27.0,0.7916666666666666,0.2467683489852998,0.21443686955054006
turbine_2,2025-12-08T18:00:00Z,2025-12-09T22:00:00Z,28.0,0.9433333333333334,0.5085228149810139,0.44042061095426255
turbine_2,2025-12-08T18:00:00Z,2025-12-09T23:00:00Z,29.0,0.9783333333333334,0.6639430479985217,0.6134418421468593
turbine_2,2025-12-08T18:00:00Z,2025-12-10T00:00:00Z,30.0,0.975,0.6171754885912138,0.5287373681350831
turbine_2,2025-12-08T18:00:00Z,2025-12-10T05:00:00Z,35.0,0.6416666666666667,0.9477268110823626,0.9431968794370803
turbine_2,2025-12-08T18:00:00Z,2025-12-10T06:00:00Z,36.0,0.93,0.9616992283461969,0.9471602917707463
turbine_2,2025-12-08T18:00:00Z,2025-12-10T07:00:00Z,37.0,0.9466666666666668,0.9548291568168594,0.9601363263498967
turbine_2,2025-12-08T18:00:00Z,2025-12-10T08:00:00Z,38.0,0.9466666666666668,0.9720894913189879,0.9609545085175786
turbine_2,2025-12-08T18:00:00Z,2025-12-10T09:00:00Z,39.0,0.9616666666666666,0.9718764717194007,0.9712049315235995
turbine_2,2025-12-08T18:00:00Z,2025-12-10T10:00:00Z,40.0,0.97,0.8489664027864234,0.8870885222221011
turbine_2,2025-12-08T18:00:00Z,2025-12-10T11:00:00Z,41.0,0.9733333333333332,0.5624878488448041,0.5203990934405636
turbine_2,2025-12-08T18:00:00Z,2025-12-10T12:00:00Z,42.0,0.9733333333333332,0.4067317765304904,0.3672476754356069
turbine_2,2025-12-08T18:00:00Z,2025-12-10T13:00:00Z,43.0,0.955,0.5113750012101613,0.4995157716954388
turbine_2,2025-12-08T18:00:00Z,2025-12-10T14:00:00Z,44.0,0.98,0.7636553449988238,0.7852058270602204
turbine_2,2025-12-08T18:00:00Z,2025-12-10T15:00:00Z,45.0,0.98,0.8489213793463005,0.8536594299131378
turbine_2,2025-12-08T18:00:00Z,2025-12-10T16:00:00Z,46.0,0.98,0.9121719566093779,0.8986756183997128
turbine_2,2025-12-08T18:00:00Z,2025-12-10T17:00:00Z,47.0,0.98,0.9216069137140753,0.9042918486634223
turbine_2,2025-12-08T18:00:00Z,2025-12-10T18:00:00Z,48.0,0.97,0.8367418557668761,0.8606220319432412
turbine_2,2025-12-09T18:00:00Z,2025-12-09T19:00:00Z,1.0,0.3316666666666666,0.10118589673365945,0.09072640547149771
turbine_2,2025-12-09T18:00:00Z,2025-12-09T20:00:00Z,2.0,0.6516666666666667,0.16992826356715804,0.18221853472390545
turbine_2,2025-12-09T18:00:00Z,2025-12-09T21:00:00Z,3.0,0.7916666666666666,0.3828992881168163,0.4116192882885487
turbine_2,2025-12-09T18:00:00Z,2025-12-09T22:00:00Z,4.0,0.9433333333333334,0.7414848306793443,0.7396378814682957
turbine_2,2025-12-09T18:00:00Z,2025-12-09T23:00:00Z,5.0,0.9783333333333334,0.9212982495431067,0.9212623223889129
turbine_2,2025-12-09T18:00:00Z,2025-12-10T00:00:00Z,6.0,0.975,0.9620066686661513,0.9630407878330792
turbine_2,2025-12-09T18:00:00Z,2025-12-10T05:00:00Z,11.0,0.6416666666666667,0.9423711699953665,0.8900324552105863
turbine_2,2025-12-09T18:00:00Z,2025-12-10T06:00:00Z,12.0,0.93,0.9581677047557512,0.9398034968558115
turbine_2,2025-12-09T18:00:00Z,2025-12-10T07:00:00Z,13.0,0.9466666666666668,0.9673531257773753,0.9603523763218467
turbine_2,2025-12-09T18:00:00Z,2025-12-10T08:00:00Z,14.0,0.9466666666666668,0.9704430232511262,0.9605267562669181
turbine_2,2025-12-09T18:00:00Z,2025-12-10T09:00:00Z,15.0,0.9616666666666666,0.9702480398776185,0.9699795411116744
turbine_2,2025-12-09T18:00:00Z,2025-12-10T10:00:00Z,16.0,0.97,0.9701555060517401,0.9579598487316471
turbine_2,2025-12-09T18:00:00Z,2025-12-10T11:00:00Z,17.0,0.9733333333333332,0.9524444240478436,0.9163809313258346
turbine_2,2025-12-09T18:00:00Z,2025-12-10T12:00:00Z,18.0,0.9733333333333332,0.8040724720566628,0.8288374517624505
turbine_2,2025-12-09T18:00:00Z,2025-12-10T13:00:00Z,19.0,0.955,0.9385713005217642,0.9486000268334762
turbine_2,2025-12-09T18:00:00Z,2025-12-10T14:00:00Z,20.0,0.98,0.9361163479155042,0.9483166084662927
turbine_2,2025-12-09T18:00:00Z,2025-12-10T15:00:00Z,21.0,0.98,0.9450564527116286,0.9437623105681009
turbine_2,2025-12-09T18:00:00Z,2025-12-10T16:00:00Z,22.0,0.98,0.943950191978229,0.9405143649044085
turbine_2,2025-12-09T18:00:00Z,2025-12-10T17:00:00Z,23.0,0.98,0.9255132740525182,0.9355245842862175
turbine_2,2025-12-09T18:00:00Z,2025-12-10T18:00:00Z,24.0,0.97,0.8845763662712395,0.9285511500401773
turbine_2,2025-12-09T18:00:00Z,2025-12-10T19:00:00Z,25.0,0.9433333333333334,0.8670410836237096,0.9063749627219458
turbine_2,2025-12-09T18:00:00Z,2025-12-10T20:00:00Z,26.0,0.4883333333333333,0.8749129672796191,0.8874857034449966
turbine_2,2025-12-09T18:00:00Z,2025-12-10T21:00:00Z,27.0,0.3533333333333333,0.8139013681461894,0.8257356995744195
turbine_2,2025-12-09T18:00:00Z,2025-12-10T22:00:00Z,28.0,0.0883333333333333,0.7511691021133854,0.7511463827367637
turbine_2,2025-12-09T18:00:00Z,2025-12-10T23:00:00Z,29.0,0.005,0.6394432866694928,0.5638780229484361
turbine_2,2025-12-09T18:00:00Z,2025-12-11T00:00:00Z,30.0,0.0083333333333333,0.21805654107993974,0.18313125817966733
turbine_2,2025-12-09T18:00:00Z,2025-12-11T01:00:00Z,31.0,0.0349999999999999,0.07683326741189983,0.08734006384434004
turbine_2,2025-12-09T18:00:00Z,2025-12-11T02:00:00Z,32.0,0.01,0.010557294657283972,0.011201973048540509
turbine_2,2025-12-09T18:00:00Z,2025-12-11T03:00:00Z,33.0,0.3283333333333333,0.03498607898380429,0.02393258524342126
turbine_2,2025-12-09T18:00:00Z,2025-12-11T04:00:00Z,34.0,0.98,0.10986265701336397,0.19013290536614288
turbine_2,2025-12-09T18:00:00Z,2025-12-11T05:00:00Z,35.0,0.9,0.6180046594341173,0.6626227209779071
turbine_2,2025-12-09T18:00:00Z,2025-12-11T06:00:00Z,36.0,0.3066666666666666,0.9365360637486233,0.9083454100248683
turbine_2,2025-12-09T18:00:00Z,2025-12-11T07:00:00Z,37.0,0.9783333333333334,0.966760819512255,0.9650171365758171
turbine_2,2025-12-09T18:00:00Z,2025-12-11T08:00:00Z,38.0,0.975,0.9737978759011406,0.963953894590296
turbine_2,2025-12-09T18:00:00Z,2025-12-11T09:00:00Z,39.0,0.22,0.9721478285277407,0.9677903572301579
turbine_2,2025-12-09T18:00:00Z,2025-12-11T12:00:00Z,42.0,0.98,0.9727255585233303,0.9748249418365069
turbine_2,2025-12-09T18:00:00Z,2025-12-11T13:00:00Z,43.0,0.9733333333333332,0.9743499114050056,0.9743822451906898
turbine_2,2025-12-09T18:00:00Z,2025-12-11T14:00:00Z,44.0,0.975,0.9740243522273753,0.9743822451906898
turbine_2,2025-12-09T18:00:00Z,2025-12-11T15:00:00Z,45.0,0.9766666666666666,0.9669255717354452,0.9678802656052725
turbine_2,2025-12-09T18:00:00Z,2025-12-11T16:00:00Z,46.0,0.98,0.9672366683114668,0.9750740271943714
turbine_2,2025-12-09T18:00:00Z,2025-12-11T17:00:00Z,47.0,0.9783333333333334,0.9672366683114668,0.9716355431990875
turbine_2,2025-12-09T18:00:00Z,2025-12-11T18:00:00Z,48.0,0.98,0.9524920059708161,0.9624680454515753
turbine_2,2025-12-10T18:00:00Z,2025-12-10T19:00:00Z,1.0,0.9433333333333334,0.8506548205282333,0.9114990801784837
turbine_2,2025-12-10T18:00:00Z,2025-12-10T20:00:00Z,2.0,0.4883333333333333,0.695970834433098,0.7202418356168098
turbine_2,2025-12-10T18:00:00Z,2025-12-10T21:00:00Z,3.0,0.3533333333333333,0.42126271062383114,0.3502029397822256
turbine_2,2025-12-10T18:00:00Z,2025-12-10T22:00:00Z,4.0,0.0883333333333333,0.1544725642359926,0.17762841940533183
turbine_2,2025-12-10T18:00:00Z,2025-12-10T23:00:00Z,5.0,0.005,0.017745619481970315,0.04586921433519062
turbine_2,2025-12-10T18:00:00Z,2025-12-11T00:00:00Z,6.0,0.0083333333333333,0.02345031181101176,0.017460752073609476
turbine_2,2025-12-10T18:00:00Z,2025-12-11T01:00:00Z,7.0,0.0349999999999999,0.035743117477782665,0.03399836378703158
turbine_2,2025-12-10T18:00:00Z,2025-12-11T02:00:00Z,8.0,0.01,0.13309493786837073,0.16109534293823938
turbine_2,2025-12-10T18:00:00Z,2025-12-11T03:00:00Z,9.0,0.3283333333333333,0.7587365190612301,0.8082017268957745
turbine_2,2025-12-10T18:00:00Z,2025-12-11T04:00:00Z,10.0,0.98,0.9298340636761817,0.9486435295154894
turbine_2,2025-12-10T18:00:00Z,2025-12-11T05:00:00Z,11.0,0.9,0.9419224371597261,0.9569480672362326
turbine_2,2025-12-10T18:00:00Z,2025-12-11T06:00:00Z,12.0,0.3066666666666666,0.9629020637395639,0.9597334531769258
turbine_2,2025-12-10T18:00:00Z,2025-12-11T07:00:00Z,13.0,0.9783333333333334,0.9667532186160815,0.9678139396626955
turbine_2,2025-12-10T18:00:00Z,2025-12-11T08:00:00Z,14.0,0.975,0.9739593876805163,0.9587749857538616
turbine_2,2025-12-10T18:00:00Z,2025-12-11T09:00:00Z,15.0,0.22,0.9725855239043185,0.9689453228200093
turbine_2,2025-12-10T18:00:00Z,2025-12-11T12:00:00Z,18.0,0.98,0.971833559704001,0.9742222224797181
turbine_2,2025-12-10T18:00:00Z,2025-12-11T13:00:00Z,19.0,0.9733333333333332,0.9738154588059499,0.9743045463062809
turbine_2,2025-12-10T18:00:00Z,2025-12-11T14:00:00Z,20.0,0.975,0.973188408084833,0.974226082474243
turbine_2,2025-12-10T18:00:00Z,2025-12-11T15:00:00Z,21.0,0.9766666666666666,0.9741984503425896,0.9692900563755926
turbine_2,2025-12-10T18:00:00Z,2025-12-11T16:00:00Z,22.0,0.98,0.9743957890309235,0.9749178644779246
turbine_2,2025-12-10T18:00:00Z,2025-12-11T17:00:00Z,23.0,0.9783333333333334,0.9743957890309235,0.9718341737599089
turbine_2,2025-12-10T18:00:00Z,2025-12-11T18:00:00Z,24.0,0.98,0.9595067001634814,0.9590919409630557
turbine_2,2025-12-10T18:00:00Z,2025-12-11T19:00:00Z,25.0,0.98,0.9520504277706683,0.9604731380548057
turbine_2,2025-12-10T18:00:00Z,2025-12-11T20:00:00Z,26.0,0.98,0.9524152156527099,0.9586175217964045
turbine_2,2025-12-10T18:00:00Z,2025-12-11T21:00:00Z,27.0,0.98,0.9425609641500061,0.9561392048413425
turbine_2,2025-12-10T18:00:00Z,2025-12-11T22:00:00Z,28.0,0.98,0.9316701609672728,0.9555721877330732
turbine_2,2025-12-10T18:00:00Z,2025-12-11T23:00:00Z,29.0,0.98,0.9318048609472146,0.9549797359400674
turbine_2,2025-12-10T18:00:00Z,2025-12-12T00:00:00Z,30.0,0.9783333333333334,0.9318521949521135,0.9440569453450727
turbine_2,2025-12-10T18:00:00Z,2025-12-12T01:00:00Z,31.0,0.98,0.9318798383760528,0.9243115224217856
turbine_2,2025-12-10T18:00:00Z,2025-12-12T04:00:00Z,34.0,0.9783333333333334,0.9302502113912755,0.9232096568266908
turbine_2,2025-12-10T18:00:00Z,2025-12-12T05:00:00Z,35.0,0.98,0.9405429435151978,0.9211758767672249
turbine_2,2025-12-10T18:00:00Z,2025-12-12T06:00:00Z,36.0,0.9766666666666666,0.9615225700950356,0.9265575976981287
turbine_2,2025-12-10T18:00:00Z,2025-12-12T07:00:00Z,37.0,0.9766666666666666,0.966760819512255,0.9297348467361605
turbine_2,2025-12-10T18:00:00Z,2025-12-12T08:00:00Z,38.0,0.9716666666666668,0.9737978759011406,0.9477991592813046
turbine_2,2025-12-10T18:00:00Z,2025-12-12T09:00:00Z,39.0,0.9783333333333334,0.9721478285277407,0.9365532049562331
turbine_2,2025-12-10T18:00:00Z,2025-12-12T10:00:00Z,40.0,0.975,0.972684096274521,0.9379396159963767
turbine_2,2025-12-10T18:00:00Z,2025-12-12T11:00:00Z,41.0,0.975,0.9734655265436496,0.9598187956964839
turbine_2,2025-12-10T18:00:00Z,2025-12-12T12:00:00Z,42.0,0.9733333333333332,0.9727255585233303,0.9638677463195373
turbine_2,2025-12-10T18:00:00Z,2025-12-12T13:00:00Z,43.0,0.9716666666666668,0.9743499114050056,0.9307992223319019
turbine_2,2025-12-10T18:00:00Z,2025-12-12T15:00:00Z,45.0,0.9766666666666666,0.9669255717354452,0.9343678623929491
turbine_2,2025-12-10T18:00:00Z,2025-12-12T16:00:00Z,46.0,0.98,0.9686586325012042,0.9310653906547898
turbine_2,2025-12-10T18:00:00Z,2025-12-12T17:00:00Z,47.0,0.98,0.9672366683114668,0.920890173958864
turbine_2,2025-12-10T18:00:00Z,2025-12-12T18:00:00Z,48.0,0.98,0.9524920059708161,0.9012247214070481
turbine_2,2025-12-11T18:00:00Z,2025-12-11T19:00:00Z,1.0,0.98,0.9299061962404751,0.9632488632305827
turbine_2,2025-12-11T18:00:00Z,2025-12-11T20:00:00Z,2.0,0.98,0.9302709841225167,0.9600601820578925
turbine_2,2025-12-11T18:00:00Z,2025-12-11T21:00:00Z,3.0,0.98,0.9399936097083132,0.9593065263894898
turbine_2,2025-12-11T18:00:00Z,2025-12-11T22:00:00Z,4.0,0.98,0.92910280652558,0.9452299852113522
turbine_2,2025-12-11T18:00:00Z,2025-12-11T23:00:00Z,5.0,0.98,0.9285192849607758,0.9432916621752708
turbine_2,2025-12-11T18:00:00Z,2025-12-12T00:00:00Z,6.0,0.9783333333333334,0.9359299167725531,0.9431950906468759
turbine_2,2025-12-11T18:00:00Z,2025-12-12T01:00:00Z,7.0,0.98,0.9358442675044377,0.9211425193968981
turbine_2,2025-12-11T18:00:00Z,2025-12-12T04:00:00Z,10.0,0.9783333333333334,0.9315366003441029,0.9193305633930158
turbine_2,2025-12-11T18:00:00Z,2025-12-12T05:00:00Z,11.0,0.98,0.9419224371597261,0.9187122243390611
turbine_2,2025-12-11T18:00:00Z,2025-12-12T06:00:00Z,12.0,0.9766666666666666,0.9629020637395639,0.9204370979643601
turbine_2,2025-12-11T18:00:00Z,2025-12-12T07:00:00Z,13.0,0.9766666666666666,0.9667532186160815,0.9285116174721262
turbine_2,2025-12-11T18:00:00Z,2025-12-12T08:00:00Z,14.0,0.9716666666666668,0.9739593876805163,0.9242906598441079
turbine_2,2025-12-11T18:00:00Z,2025-12-12T09:00:00Z,15.0,0.9783333333333334,0.9724537668339075,0.937498427484883
turbine_2,2025-12-11T18:00:00Z,2025-12-12T10:00:00Z,16.0,0.975,0.9729587332010176,0.9599036142044777
turbine_2,2025-12-11T18:00:00Z,2025-12-12T11:00:00Z,17.0,0.975,0.973356614420522,0.9393321107907353
turbine_2,2025-12-11T18:00:00Z,2025-12-12T12:00:00Z,18.0,0.9733333333333332,0.9721207956323241,0.9483569524527868
turbine_2,2025-12-11T18:00:00Z,2025-12-12T13:00:00Z,19.0,0.9716666666666668,0.9736837017355389,0.9423691838451731
turbine_2,2025-12-11T18:00:00Z,2025-12-12T15:00:00Z,21.0,0.9766666666666666,0.9738744655657949,0.9396741857404702
turbine_2,2025-12-11T18:00:00Z,2025-12-12T16:00:00Z,22.0,0.98,0.9757934852823112,0.9378274136764361
turbine_2,2025-12-11T18:00:00Z,2025-12-12T17:00:00Z,23.0,0.98,0.9752463851362397,0.933411420779869
turbine_2,2025-12-11T18:00:00Z,2025-12-12T18:00:00Z,24.0,0.98,0.9595067001634814,0.9046448100378901
turbine_2,2025-12-11T18:00:00Z,2025-12-12T19:00:00Z,25.0,0.9783333333333334,0.9520504277706683,0.9050636120456442
turbine_2,2025-12-11T18:00:00Z,2025-12-12T20:00:00Z,26.0,0.9583333333333334,0.9538129119040979,0.9035821686215608
turbine_2,2025-12-11T18:00:00Z,2025-12-12T21:00:00Z,27.0,0.5116666666666666,0.8056742032239854,0.8507688821318589
turbine_2,2025-12-11T18:00:00Z,2025-12-12T22:00:00Z,28.0,0.18,0.46190373670579116,0.4672892461638525
turbine_2,2025-12-11T18:00:00Z,2025-12-12T23:00:00Z,29.0,0.0533333333333333,0.03674237377432063,0.07105726260231003
turbine_2,2025-12-11T18:00:00Z,2025-12-13T00:00:00Z,30.0,0.0116666666666666,0.017139093987295684,0.03214259557134461
turbine_2,2025-12-11T18:00:00Z,2025-12-13T01:00:00Z,31.0,0.0116666666666666,0.022924411513089632,0.028528746908692088
turbine_2,2025-12-11T18:00:00Z,2025-12-13T02:00:00Z,32.0,0.0233333333333333,0.01516215931204648,0.01027311227888747
turbine_2,2025-12-11T18:00:00Z,2025-12-13T03:00:00Z,33.0,0.0083333333333333,0.014245428621841333,0.01808055041583634
turbine_2,2025-12-11T18:00:00Z,2025-12-13T04:00:00Z,34.0,0.0633333333333333,0.038961887878869644,0.04423764096260133
turbine_2,2025-12-11T18:00:00Z,2025-12-13T06:00:00Z,36.0,0.0499999999999999,0.044205145186449524,0.07255558356275386
turbine_2,2025-12-11T18:00:00Z,2025-12-13T07:00:00Z,37.0,0.2916666666666667,0.10923309073172761,0.16023036686800401
turbine_2,2025-12-11T18:00:00Z,2025-12-13T08:00:00Z,38.0,0.395,0.23281575966668588,0.2500436667557422
turbine_2,2025-12-11T18:00:00Z,2025-12-13T09:00:00Z,39.0,0.4416666666666666,0.5851817250515413,0.516428869275606
turbine_2,2025-12-11T18:00:00Z,2025-12-13T10:00:00Z,40.0,0.5033333333333333,0.8127219746997131,0.7292041149105447
turbine_2,2025-12-11T18:00:00Z,2025-12-13T11:00:00Z,41.0,0.7583333333333333,0.8825972607703476,0.8768165604858341
turbine_2,2025-12-11T18:00:00Z,2025-12-13T12:00:00Z,42.0,0.93,0.920899334829105,0.8967158121292982
turbine_2,2025-12-11T18:00:00Z,2025-12-13T13:00:00Z,43.0,0.9216666666666667,0.954787166455756,0.9214257181771326
turbine_2,2025-12-11T18:00:00Z,2025-12-13T14:00:00Z,44.0,0.875,0.9206043645693648,0.8877287797618179
turbine_2,2025-12-11T18:00:00Z,2025-12-13T15:00:00Z,45.0,0.975,0.9135055840774348,0.8685581392883495
turbine_2,2025-12-11T18:00:00Z,2025-12-13T16:00:00Z,46.0,0.9383333333333334,0.9109817463938228,0.8750306809803743
turbine_2,2025-12-11T18:00:00Z,2025-12-13T17:00:00Z,47.0,0.8450000000000001,0.8393773228236824,0.808722754792219
turbine_2,2025-12-11T18:00:00Z,2025-12-13T18:00:00Z,48.0,0.315,0.828612148329331,0.8129191744216203
turbine_2,2025-12-12T18:00:00Z,2025-12-12T19:00:00Z,1.0,0.9783333333333334,0.9015327560039468,0.8913533921285344
turbine_2,2025-12-12T18:00:00Z,2025-12-12T20:00:00Z,2.0,0.9583333333333334,0.7578424356334473,0.795942458410438
turbine_2,2025-12-12T18:00:00Z,2025-12-12T21:00:00Z,3.0,0.5116666666666666,0.07008287482750186,0.09978292484285146
turbine_2,2025-12-12T18:00:00Z,2025-12-12T22:00:00Z,4.0,0.18,0.03855554191492447,0.06521893720047728
turbine_2,2025-12-12T18:00:00Z,2025-12-12T23:00:00Z,5.0,0.0533333333333333,0.013595465339420604,0.023068607472056663
turbine_2,2025-12-12T18:00:00Z,2025-12-13T00:00:00Z,6.0,0.0116666666666666,0.022855208191167736,0.01556094487452453
turbine_2,2025-12-12T18:00:00Z,2025-12-13T01:00:00Z,7.0,0.0116666666666666,0.01882780235413989,0.01500351613393669
turbine_2,2025-12-12T18:00:00Z,2025-12-13T02:00:00Z,8.0,0.0233333333333333,0.010368114983467958,0.010666891902780612
turbine_2,2025-12-12T18:00:00Z,2025-12-13T03:00:00Z,9.0,0.0083333333333333,0.019547531023306114,0.012562328279447449
turbine_2,2025-12-12T18:00:00Z,2025-12-13T04:00:00Z,10.0,0.0633333333333333,0.012125361684622693,0.011591024608494954
turbine_2,2025-12-12T18:00:00Z,2025-12-13T06:00:00Z,12.0,0.0499999999999999,0.17950978464364992,0.28561113332072924
turbine_2,2025-12-12T18:00:00Z,2025-12-13T07:00:00Z,13.0,0.2916666666666667,0.5964816084631142,0.5262488448383295
turbine_2,2025-12-12T18:00:00Z,2025-12-13T08:00:00Z,14.0,0.395,0.8713596746915999,0.7772509987770271
turbine_2,2025-12-12T18:00:00Z,2025-12-13T09:00:00Z,15.0,0.4416666666666666,0.9471872408482211,0.8777105255046799
turbine_2,2025-12-12T18:00:00Z,2025-12-13T10:00:00Z,16.0,0.5033333333333333,0.9277703284260124,0.8661614704154635
turbine_2,2025-12-12T18:00:00Z,2025-12-13T11:00:00Z,17.0,0.7583333333333333,0.9530972615256501,0.917989036596648
turbine_2,2025-12-12T18:00:00Z,2025-12-13T12:00:00Z,18.0,0.93,0.9180386503955702,0.9184267931814931
turbine_2,2025-12-12T18:00:00Z,2025-12-13T13:00:00Z,19.0,0.9216666666666667,0.7865799964404654,0.6918962843641558
turbine_2,2025-12-12T18:00:00Z,2025-12-13T14:00:00Z,20.0,0.875,0.7727014600092941,0.6664817318926061
turbine_2,2025-12-12T18:00:00Z,2025-12-13T15:00:00Z,21.0,0.975,0.8668527303582644,0.8065239607118738
turbine_2,2025-12-12T18:00:00Z,2025-12-13T16:00:00Z,22.0,0.9383333333333334,0.899619961398224,0.8682551006303237
turbine_2,2025-12-12T18:00:00Z,2025-12-13T17:00:00Z,23.0,0.8450000000000001,0.9076736633897738,0.8863762164158819
turbine_2,2025-12-12T18:00:00Z,2025-12-13T18:00:00Z,24.0,0.315,0.9355277049903236,0.8784756710875768
turbine_2,2025-12-12T18:00:00Z,2025-12-13T19:00:00Z,25.0,0.2633333333333333,0.7613377452732739,0.6881375417570013
turbine_2,2025-12-12T18:00:00Z,2025-12-13T20:00:00Z,26.0,0.0483333333333333,0.41183443309206774,0.3576481328042767
turbine_2,2025-12-12T18:00:00Z,2025-12-13T21:00:00Z,27.0,0.3866666666666666,0.11554975295015311,0.13723045653146454
turbine_2,2025-12-12T18:00:00Z,2025-12-13T22:00:00Z,28.0,0.7016666666666667,0.04484584532412994,0.0502425890126188
turbine_2,2025-12-12T18:00:00Z,2025-12-13T23:00:00Z,29.0,0.6316666666666667,0.01484750884977265,0.021350929674721714
turbine_2,2025-12-12T18:00:00Z,2025-12-14T00:00:00Z,30.0,0.375,0.046971149874794504,0.03435320173358697
turbine_2,2025-12-12T18:00:00Z,2025-12-14T01:00:00Z,31.0,0.3083333333333333,0.032172594829613654,0.02740020608170704
turbine_2,2025-12-12T18:00:00Z,2025-12-14T02:00:00Z,32.0,0.36,0.059109437150090705,0.05880523426134038
turbine_2,2025-12-12T18:00:00Z,2025-12-14T03:00:00Z,33.0,0.68,0.13674190301403522,0.16512014901045308
turbine_2,2025-12-12T18:00:00Z,2025-12-14T04:00:00Z,34.0,0.755,0.7733674835677655,0.7880460463827301
turbine_2,2025-12-12T18:00:00Z,2025-12-14T05:00:00Z,35.0,0.7716666666666666,0.8594278065304343,0.9108324426092159
turbine_2,2025-12-12T18:00:00Z,2025-12-14T06:00:00Z,36.0,0.8916666666666666,0.6893707457318857,0.7394123559147402
turbine_2,2025-12-12T18:00:00Z,2025-12-14T07:00:00Z,37.0,0.97,0.4651455274054702,0.4794475206514455
turbine_2,2025-12-12T18:00:00Z,2025-12-14T08:00:00Z,38.0,0.9733333333333332,0.5206671912826838,0.46773091300481007
turbine_2,2025-12-12T18:00:00Z,2025-12-14T09:00:00Z,39.0,0.7383333333333333,0.37308680289754614,0.2936699968028367
turbine_2,2025-12-12T18:00:00Z,2025-12-14T10:00:00Z,40.0,0.2966666666666667,0.1337431900601758,0.17234182238409523
turbine_2,2025-12-12T18:00:00Z,2025-12-14T11:00:00Z,41.0,0.0249999999999999,0.06583229743988958,0.09501464421017802
turbine_2,2025-12-12T18:00:00Z,2025-12-14T12:00:00Z,42.0,0.03,0.04215506626864138,0.03662878670538383
turbine_2,2025-12-12T18:00:00Z,2025-12-14T13:00:00Z,43.0,0.2416666666666666,0.10861612586608044,0.09119920671726346
turbine_2,2025-12-12T18:00:00Z,2025-12-14T14:00:00Z,44.0,0.8683333333333333,0.809280866752513,0.7931448316258458
turbine_2,2025-12-12T18:00:00Z,2025-12-14T15:00:00Z,45.0,0.9783333333333334,0.9135055840774348,0.8820210764020917
turbine_2,2025-12-12T18:00:00Z,2025-12-14T16:00:00Z,46.0,0.9733333333333332,0.9657002469504762,0.9396892022723823
turbine_2,2025-12-12T18:00:00Z,2025-12-14T17:00:00Z,47.0,0.9783333333333334,0.9672366683114668,0.9345486174768798
turbine_2,2025-12-12T18:00:00Z,2025-12-14T18:00:00Z,48.0,0.98,0.9527914053679567,0.9146498686952266
turbine_2,2025-12-13T18:00:00Z,2025-12-13T19:00:00Z,1.0,0.2633333333333333,0.843435506229632,0.8838116728279972
turbine_2,2025-12-13T18:00:00Z,2025-12-13T20:00:00Z,2.0,0.0483333333333333,0.373366811757489,0.4524338144936755
turbine_2,2025-12-13T18:00:00Z,2025-12-13T21:00:00Z,3.0,0.3866666666666666,0.5684765186270759,0.4943240147924143
turbine_2,2025-12-13T18:00:00Z,2025-12-13T22:00:00Z,4.0,0.7016666666666667,0.08749843661402779,0.07651651530779145
turbine_2,2025-12-13T18:00:00Z,2025-12-13T23:00:00Z,5.0,0.6316666666666667,0.021890855752308425,0.035118888213363175
turbine_2,2025-12-13T18:00:00Z,2025-12-14T00:00:00Z,6.0,0.375,0.062216114658730726,0.06949942942378506
turbine_2,2025-12-13T18:00:00Z,2025-12-14T01:00:00Z,7.0,0.3083333333333333,0.09545157428260519,0.11746605205656505
turbine_2,2025-12-13T18:00:00Z,2025-12-14T02:00:00Z,8.0,0.36,0.6063002811270002,0.5715427463946312
turbine_2,2025-12-13T18:00:00Z,2025-12-14T03:00:00Z,9.0,0.68,0.892946561784817,0.9042930623644747
turbine_2,2025-12-13T18:00:00Z,2025-12-14T04:00:00Z,10.0,0.755,0.7275217520897843,0.7108477881410192
turbine_2,2025-12-13T18:00:00Z,2025-12-14T05:00:00Z,11.0,0.7716666666666666,0.9100860377630123,0.9128155581101421
turbine_2,2025-12-13T18:00:00Z,2025-12-14T06:00:00Z,12.0,0.8916666666666666,0.8390186137205556,0.8627252982989941
turbine_2,2025-12-13T18:00:00Z,2025-12-14T07:00:00Z,13.0,0.97,0.7053464611258885,0.7388289265734278
turbine_2,2025-12-13T18:00:00Z,2025-12-14T08:00:00Z,14.0,0.9733333333333332,0.747073104482675,0.738406324402804
turbine_2,2025-12-13T18:00:00Z,2025-12-14T09:00:00Z,15.0,0.7383333333333333,0.537902162174541,0.5086420319804904
turbine_2,2025-12-13T18:00:00Z,2025-12-14T10:00:00Z,16.0,0.2966666666666667,0.23842716246050352,0.2230889499046132
turbine_2,2025-12-13T18:00:00Z,2025-12-14T11:00:00Z,17.0,0.0249999999999999,0.03919204582224936,0.09306563429905307
turbine_2,2025-12-13T18:00:00Z,2025-12-14T12:00:00Z,18.0,0.03,0.06361374715453899,0.04206026743166691
turbine_2,2025-12-13T18:00:00Z,2025-12-14T13:00:00Z,19.0,0.2416666666666666,0.4526498993924052,0.41627182279077524
turbine_2,2025-12-13T18:00:00Z,2025-12-14T14:00:00Z,20.0,0.8683333333333333,0.9558852357064042,0.9557598118653361
turbine_2,2025-12-13T18:00:00Z,2025-12-14T15:00:00Z,21.0,0.9783333333333334,0.9741984503425896,0.959301843920704
turbine_2,2025-12-13T18:00:00Z,2025-12-14T16:00:00Z,22.0,0.9733333333333332,0.9743957890309235,0.9409834631537188
turbine_2,2025-12-13T18:00:00Z,2025-12-14T17:00:00Z,23.0,0.9783333333333334,0.9743957890309235,0.963107923045873
turbine_2,2025-12-13T18:00:00Z,2025-12-14T18:00:00Z,24.0,0.98,0.9595067001634814,0.9633625286874141
turbine_2,2025-12-13T18:00:00Z,2025-12-14T19:00:00Z,25.0,0.9783333333333334,0.9517264429938734,0.961209968120451
turbine_2,2025-12-13T18:00:00Z,2025-12-14T20:00:00Z,26.0,0.955,0.947345874602147,0.9079929636874357
turbine_2,2025-12-13T18:00:00Z,2025-12-14T21:00:00Z,27.0,0.9133333333333332,0.9013424907470522,0.8787679120875548
turbine_2,2025-12-13T18:00:00Z,2025-12-14T22:00:00Z,28.0,0.5216666666666666,0.6388459499287116,0.6227299421394289
turbine_2,2025-12-13T18:00:00Z,2025-12-14T23:00:00Z,29.0,0.1983333333333333,0.43414998027736473,0.4697221596173205
turbine_2,2025-12-13T18:00:00Z,2025-12-15T00:00:00Z,30.0,0.0166666666666666,0.04856203197651732,0.07063154054758125
turbine_2,2025-12-13T18:00:00Z,2025-12-15T01:00:00Z,31.0,0.0216666666666666,0.01792604217977961,0.012997281555288343
turbine_2,2025-12-13T18:00:00Z,2025-12-15T02:00:00Z,32.0,0.6566666666666666,0.030974767576900347,0.03575836127823598
turbine_2,2025-12-13T18:00:00Z,2025-12-15T03:00:00Z,33.0,0.5833333333333334,0.12388887204939758,0.13151878865407912
turbine_2,2025-12-13T18:00:00Z,2025-12-15T04:00:00Z,34.0,0.7566666666666667,0.38508335505337166,0.4309143524957756
turbine_2,2025-12-13T18:00:00Z,2025-12-15T05:00:00Z,35.0,0.98,0.7642919415043521,0.7955309756574481
turbine_2,2025-12-13T18:00:00Z,2025-12-15T06:00:00Z,36.0,0.97,0.936993698054971,0.9419914925730691
turbine_2,2025-12-13T18:00:00Z,2025-12-15T07:00:00Z,37.0,0.9716666666666668,0.9562093971725558,0.9588362778400036
turbine_2,2025-12-13T18:00:00Z,2025-12-15T08:00:00Z,38.0,0.975,0.9609617360607143,0.9611011482182685
turbine_2,2025-12-13T18:00:00Z,2025-12-15T09:00:00Z,39.0,0.9766666666666666,0.9607487164611274,0.9516914667138581
turbine_2,2025-12-13T18:00:00Z,2025-12-15T10:00:00Z,40.0,0.9716666666666668,0.960560532208177,0.9521463486083445
turbine_2,2025-12-13T18:00:00Z,2025-12-15T11:00:00Z,41.0,0.9733333333333332,0.9539641147224013,0.9556661326596474
turbine_2,2025-12-13T18:00:00Z,2025-12-15T12:00:00Z,42.0,0.9716666666666668,0.9106218257724306,0.9421333410461398
turbine_2,2025-12-13T18:00:00Z,2025-12-15T13:00:00Z,43.0,0.9733333333333332,0.8701144049232651,0.9037967178588365
turbine_2,2025-12-13T18:00:00Z,2025-12-15T14:00:00Z,44.0,0.9783333333333334,0.8481489221141986,0.897286520125738
turbine_2,2025-12-13T18:00:00Z,2025-12-15T15:00:00Z,45.0,0.97,0.7242094494893699,0.7547484841379353
turbine_2,2025-12-13T18:00:00Z,2025-12-15T16:00:00Z,46.0,0.4833333333333333,0.6842829948653734,0.6582620729771733
turbine_2,2025-12-13T18:00:00Z,2025-12-15T17:00:00Z,47.0,0.0416666666666666,0.3962577111255603,0.2871326847468957
turbine_2,2025-12-13T18:00:00Z,2025-12-15T18:00:00Z,48.0,0.0249999999999999,0.0955145197861205,0.10770939337133416
turbine_2,2025-12-14T18:00:00Z,2025-12-14T19:00:00Z,1.0,0.9783333333333334,0.9296300074511493,0.9604495911551353
turbine_2,2025-12-14T18:00:00Z,2025-12-14T20:00:00Z,2.0,0.955,0.9263869362360254,0.9157159186096212
turbine_2,2025-12-14T18:00:00Z,2025-12-14T21:00:00Z,3.0,0.9133333333333332,0.890488235037564,0.9016078013742234
turbine_2,2025-12-14T18:00:00Z,2025-12-14T22:00:00Z,4.0,0.5216666666666666,0.5731771027781216,0.5420420506144976
turbine_2,2025-12-14T18:00:00Z,2025-12-14T23:00:00Z,5.0,0.1983333333333333,0.3742503353375358,0.4216076807982887
turbine_2,2025-12-14T18:00:00Z,2025-12-15T00:00:00Z,6.0,0.0166666666666666,0.05191469233390378,0.059726991708464516
turbine_2,2025-12-14T18:00:00Z,2025-12-15T01:00:00Z,7.0,0.0216666666666666,0.06477235631991858,0.07380582744172454
turbine_2,2025-12-14T18:00:00Z,2025-12-15T02:00:00Z,8.0,0.6566666666666666,0.020030162377174365,0.01713203861296453
turbine_2,2025-12-14T18:00:00Z,2025-12-15T03:00:00Z,9.0,0.5833333333333334,0.03371681708830401,0.02228153907893224
turbine_2,2025-12-14T18:00:00Z,2025-12-15T04:00:00Z,10.0,0.7566666666666667,0.13467671073878015,0.15966147651457874
turbine_2,2025-12-14T18:00:00Z,2025-12-15T05:00:00Z,11.0,0.98,0.702813879650305,0.6678572259911953
turbine_2,2025-12-14T18:00:00Z,2025-12-15T06:00:00Z,12.0,0.97,0.9592625665430455,0.9625473120629475
turbine_2,2025-12-14T18:00:00Z,2025-12-15T07:00:00Z,13.0,0.9716666666666668,0.9541403372892139,0.9632745023024283
turbine_2,2025-12-14T18:00:00Z,2025-12-15T08:00:00Z,14.0,0.975,0.9584530072583801,0.9650810932391856
turbine_2,2025-12-14T18:00:00Z,2025-12-15T09:00:00Z,15.0,0.9766666666666666,0.9589931957801257,0.955035740359995
turbine_2,2025-12-14T18:00:00Z,2025-12-15T10:00:00Z,16.0,0.9716666666666668,0.9587737101475051,0.954236814865713
turbine_2,2025-12-14T18:00:00Z,2025-12-15T11:00:00Z,17.0,0.9733333333333332,0.9580262271455205,0.9509017974252355
turbine_2,2025-12-14T18:00:00Z,2025-12-15T12:00:00Z,18.0,0.9716666666666668,0.9184820440643127,0.9485849690046836
turbine_2,2025-12-14T18:00:00Z,2025-12-15T13:00:00Z,19.0,0.9733333333333332,0.9084447177772091,0.94256819366529
turbine_2,2025-12-14T18:00:00Z,2025-12-15T14:00:00Z,20.0,0.9783333333333334,0.8400616434287623,0.8543471108254321
turbine_2,2025-12-14T18:00:00Z,2025-12-15T15:00:00Z,21.0,0.97,0.7139407208314651,0.6926935175405206
turbine_2,2025-12-14T18:00:00Z,2025-12-15T16:00:00Z,22.0,0.4833333333333333,0.5728500969531037,0.5440338277712912
turbine_2,2025-12-14T18:00:00Z,2025-12-15T17:00:00Z,23.0,0.0416666666666666,0.278476217816137,0.2892728313869306
turbine_2,2025-12-14T18:00:00Z,2025-12-15T18:00:00Z,24.0,0.0249999999999999,0.11391646351019315,0.13341541251070205
turbine_2,2025-12-14T18:00:00Z,2025-12-15T19:00:00Z,25.0,0.01,0.040821275149743264,0.04748502294184179
turbine_2,2025-12-14T18:00:00Z,2025-12-15T20:00:00Z,26.0,0.01,0.017146302197120822,0.014694148160669468
turbine_2,2025-12-14T18:00:00Z,2025-12-15T21:00:00Z,27.0,0.0083333333333333,0.028349996614503437,0.019464273446895497
turbine_2,2025-12-14T18:00:00Z,2025-12-15T22:00:00Z,28.0,0.0566666666666666,0.038304734913395005,0.02498541967573295
turbine_2,2025-12-14T18:00:00Z,2025-12-15T23:00:00Z,29.0,0.05,0.05955853774683194,0.06326859651268306
turbine_2,2025-12-14T18:00:00Z,2025-12-16T00:00:00Z,30.0,0.31,0.10392741837651301,0.07654402735740203
turbine_2,2025-12-14T18:00:00Z,2025-12-16T01:00:00Z,31.0,0.4066666666666667,0.20640730339868937,0.1659895347949195
turbine_2,2025-12-14T18:00:00Z,2025-12-16T02:00:00Z,32.0,0.6733333333333333,0.3210742114907137,0.2645268324014778
turbine_2,2025-12-14T18:00:00Z,2025-12-16T03:00:00Z,33.0,0.9683333333333332,0.35542803484486585,0.31216349785013986
turbine_2,2025-12-14T18:00:00Z,2025-12-16T04:00:00Z,34.0,0.97,0.3392404674736883,0.3275785075686296
turbine_2,2025-12-14T18:00:00Z,2025-12-16T05:00:00Z,35.0,0.9266666666666666,0.5631686355710601,0.5757969374921479
turbine_2,2025-12-14T18:00:00Z,2025-12-16T06:00:00Z,36.0,0.9716666666666668,0.6219483858841819,0.6497730767413054
turbine_2,2025-12-14T18:00:00Z,2025-12-16T07:00:00Z,37.0,0.965,0.6465496373006678,0.6772907584149852
turbine_2,2025-12-14T18:00:00Z,2025-12-16T08:00:00Z,38.0,0.945,0.6721954219234434,0.6484997245875905
turbine_2,2025-12-14T18:00:00Z,2025-12-16T09:00:00Z,39.0,0.9566666666666668,0.7017483506755663,0.6705964771965434
turbine_2,2025-12-14T18:00:00Z,2025-12-16T10:00:00Z,40.0,0.9016666666666668,0.691661680473003,0.5627549992655512
turbine_2,2025-12-14T18:00:00Z,2025-12-16T11:00:00Z,41.0,0.7583333333333333,0.5632553798868198,0.49087460398064614
turbine_2,2025-12-14T18:00:00Z,2025-12-16T12:00:00Z,42.0,0.4666666666666666,0.4250420039960396,0.4065852982018112
turbine_2,2025-12-14T18:00:00Z,2025-12-16T13:00:00Z,43.0,0.0616666666666666,0.2700979013049203,0.2812375699398824
turbine_2,2025-12-14T18:00:00Z,2025-12-16T14:00:00Z,44.0,0.0116666666666666,0.29831279606526295,0.27575164748057923
turbine_2,2025-12-14T18:00:00Z,2025-12-16T15:00:00Z,45.0,0.015,0.2661847563629102,0.24568990995281081
turbine_2,2025-12-14T18:00:00Z,2025-12-16T16:00:00Z,46.0,0.0833333333333333,0.47734114689203816,0.4179170255146554
turbine_2,2025-12-14T18:00:00Z,2025-12-16T17:00:00Z,47.0,0.0083333333333333,0.5495391789025419,0.47943774264174677
turbine_2,2025-12-14T18:00:00Z,2025-12-16T18:00:00Z,48.0,0.0083333333333333,0.5887971754697205,0.502608912209066
turbine_2,2025-12-15T18:00:00Z,2025-12-15T19:00:00Z,1.0,0.01,0.045964904561023534,0.06790338075834318
turbine_2,2025-12-15T18:00:00Z,2025-12-15T20:00:00Z,2.0,0.01,0.02358393825031249,0.027624684700252505
turbine_2,2025-12-15T18:00:00Z,2025-12-15T21:00:00Z,3.0,0.0083333333333333,0.024102259067387305,0.016777629921357673
turbine_2,2025-12-15T18:00:00Z,2025-12-15T22:00:00Z,4.0,0.0566666666666666,0.01046109089653774,0.008363194248516392
turbine_2,2025-12-15T18:00:00Z,2025-12-15T23:00:00Z,5.0,0.05,0.01957367018664205,0.014751627049064464
turbine_2,2025-12-15T18:00:00Z,2025-12-16T00:00:00Z,6.0,0.31,0.03862116546491923,0.039865351559023376
turbine_2,2025-12-15T18:00:00Z,2025-12-16T01:00:00Z,7.0,0.4066666666666667,0.09613042520611209,0.07541104349812026
turbine_2,2025-12-15T18:00:00Z,2025-12-16T02:00:00Z,8.0,0.6733333333333333,0.4207123747072927,0.36192364006194777
turbine_2,2025-12-15T18:00:00Z,2025-12-16T03:00:00Z,9.0,0.9683333333333332,0.5683285136329367,0.5658808918007372
turbine_2,2025-12-15T18:00:00Z,2025-12-16T04:00:00Z,10.0,0.97,0.7346635020764519,0.7560746513337083
turbine_2,2025-12-15T18:00:00Z,2025-12-16T05:00:00Z,11.0,0.9266666666666666,0.9045422388304267,0.8486464846588152
turbine_2,2025-12-15T18:00:00Z,2025-12-16T06:00:00Z,12.0,0.9716666666666668,0.95557624306378,0.8950861966725482
turbine_2,2025-12-15T18:00:00Z,2025-12-16T07:00:00Z,13.0,0.965,0.9612657623732486,0.9113029865542179
turbine_2,2025-12-15T18:00:00Z,2025-12-16T08:00:00Z,14.0,0.945,0.8794234717427061,0.7753548282631381
turbine_2,2025-12-15T18:00:00Z,2025-12-16T09:00:00Z,15.0,0.9566666666666668,0.7316395142251638,0.7085616512075323
turbine_2,2025-12-15T18:00:00Z,2025-12-16T10:00:00Z,16.0,0.9016666666666668,0.48924112516569673,0.41626480848995273
turbine_2,2025-12-15T18:00:00Z,2025-12-16T11:00:00Z,17.0,0.7583333333333333,0.37307714100703937,0.3717059599179272
turbine_2,2025-12-15T18:00:00Z,2025-12-16T12:00:00Z,18.0,0.4666666666666666,0.24840858716206335,0.19469374029216183
turbine_2,2025-12-15T18:00:00Z,2025-12-16T13:00:00Z,19.0,0.0616666666666666,0.23936696192900736,0.17905998483537514
turbine_2,2025-12-15T18:00:00Z,2025-12-16T14:00:00Z,20.0,0.0116666666666666,0.1821120590119739,0.16675326837599275
turbine_2,2025-12-15T18:00:00Z,2025-12-16T15:00:00Z,21.0,0.015,0.23836583799889582,0.17361651645287876
turbine_2,2025-12-15T18:00:00Z,2025-12-16T16:00:00Z,22.0,0.0833333333333333,0.3022604820034813,0.27031884524028504
turbine_2,2025-12-15T18:00:00Z,2025-12-16T17:00:00Z,23.0,0.0083333333333333,0.5049216684648916,0.4064181827686532
turbine_2,2025-12-15T18:00:00Z,2025-12-16T18:00:00Z,24.0,0.0083333333333333,0.24451152295391435,0.19072983175564148
turbine_2,2025-12-15T18:00:00Z,2025-12-16T19:00:00Z,25.0,0.01,0.22879071563391104,0.23081978817274082
turbine_2,2025-12-15T18:00:00Z,2025-12-16T20:00:00Z,26.0,0.01,0.2761322882636903,0.3067687520963496
turbine_2,2025-12-15T18:00:00Z,2025-12-16T21:00:00Z,27.0,0.085,0.1647855537445293,0.16177335746312121
turbine_2,2025-12-15T18:00:00Z,2025-12-16T22:00:00Z,28.0,0.1616666666666666,0.08035983192420273,0.07106977721030276
turbine_2,2025-12-15T18:00:00Z,2025-12-16T23:00:00Z,29.0,0.0083333333333333,0.03812601657157491,0.05708373866021284
turbine_2,2025-12-15T18:00:00Z,2025-12-17T00:00:00Z,30.0,0.01,0.03028402503691166,0.041264409551010045
turbine_2,2025-12-15T18:00:00Z,2025-12-17T01:00:00Z,31.0,0.07,0.008393237122513997,0.01180430518286113
turbine_2,2025-12-15T18:00:00Z,2025-12-17T02:00:00Z,32.0,0.1083333333333333,0.02659294929787334,0.030743788387077753
turbine_2,2025-12-15T18:00:00Z,2025-12-17T03:00:00Z,33.0,0.1283333333333333,0.03424860581371794,0.023725944608392113
turbine_2,2025-12-15T18:00:00Z,2025-12-17T04:00:00Z,34.0,0.055,0.08832044038318833,0.08895645858977608
turbine_2,2025-12-15T18:00:00Z,2025-12-17T05:00:00Z,35.0,0.01,0.09115256858532501,0.09274653867226308
turbine_2,2025-12-15T18:00:00Z,2025-12-17T06:00:00Z,36.0,0.0083333333333333,0.3726924960082799,0.3577931224865578
turbine_2,2025-12-15T18:00:00Z,2025-12-17T07:00:00Z,37.0,0.01,0.7172671958857572,0.7685480749005932
turbine_2,2025-12-15T18:00:00Z,2025-12-17T08:00:00Z,38.0,0.01,0.7742191721886932,0.7792051559305653
turbine_2,2025-12-15T18:00:00Z,2025-12-17T09:00:00Z,39.0,0.01,0.9355685275078256,0.9372125803040587
turbine_2,2025-12-15T18:00:00Z,2025-12-17T10:00:00Z,40.0,0.01,0.9358012360119915,0.9263781569606633
turbine_2,2025-12-15T18:00:00Z,2025-12-17T11:00:00Z,41.0,0.01,0.9264409137025522,0.9283199342300248
turbine_2,2025-12-15T18:00:00Z,2025-12-17T12:00:00Z,42.0,0.0633333333333333,0.9227016254070929,0.9370185540107573
turbine_2,2025-12-15T18:00:00Z,2025-12-17T13:00:00Z,43.0,0.2516666666666666,0.9246014472006576,0.9345182646674556
turbine_2,2025-12-15T18:00:00Z,2025-12-17T14:00:00Z,44.0,0.2566666666666666,0.8307784074699552,0.8775015357517583
turbine_2,2025-12-15T18:00:00Z,2025-12-17T15:00:00Z,45.0,0.405,0.8263020460249234,0.855101545404026
turbine_2,2025-12-15T18:00:00Z,2025-12-17T16:00:00Z,46.0,0.4283333333333333,0.7950542453723203,0.8220147309916315
turbine_2,2025-12-15T18:00:00Z,2025-12-17T17:00:00Z,47.0,0.5133333333333333,0.7583075400426252,0.748305497831468
turbine_2,2025-12-15T18:00:00Z,2025-12-17T18:00:00Z,48.0,0.7116666666666666,0.6195524167532469,0.6056948244894322
turbine_2,2025-12-16T18:00:00Z,2025-12-16T19:00:00Z,1.0,0.01,0.25207909354743085,0.2693127890119206
turbine_2,2025-12-16T18:00:00Z,2025-12-16T20:00:00Z,2.0,0.01,0.16677070894233267,0.17262604682553098
turbine_2,2025-12-16T18:00:00Z,2025-12-16T21:00:00Z,3.0,0.085,0.15327825481061277,0.12847342491066138
turbine_2,2025-12-16T18:00:00Z,2025-12-16T22:00:00Z,4.0,0.1616666666666666,0.11461863855955214,0.12270961842791148
turbine_2,2025-12-16T18:00:00Z,2025-12-16T23:00:00Z,5.0,0.0083333333333333,0.058013456506035205,0.07413438209877146
turbine_2,2025-12-16T18:00:00Z,2025-12-17T00:00:00Z,6.0,0.01,0.03211787759609225,0.05433449253904356
turbine_2,2025-12-16T18:00:00Z,2025-12-17T01:00:00Z,7.0,0.07,0.03264576047680609,0.03271373605616856
turbine_2,2025-12-16T18:00:00Z,2025-12-17T02:00:00Z,8.0,0.1083333333333333,0.038602179580837837,0.04867131192077179
turbine_2,2025-12-16T18:00:00Z,2025-12-17T03:00:00Z,9.0,0.1283333333333333,0.020715073656143612,0.023924085203309686
turbine_2,2025-12-16T18:00:00Z,2025-12-17T04:00:00Z,10.0,0.055,0.03034260958748175,0.02128773527306188
turbine_2,2025-12-16T18:00:00Z,2025-12-17T05:00:00Z,11.0,0.01,0.07368506193217991,0.04488237373764009
turbine_2,2025-12-16T18:00:00Z,2025-12-17T06:00:00Z,12.0,0.0083333333333333,0.22853395052813597,0.19650653425572587
turbine_2,2025-12-16T18:00:00Z,2025-12-17T07:00:00Z,13.0,0.01,0.4075715674500525,0.38071637301311734
turbine_2,2025-12-16T18:00:00Z,2025-12-17T08:00:00Z,14.0,0.01,0.6321315381019427,0.5853675137136009
turbine_2,2025-12-16T18:00:00Z,2025-12-17T09:00:00Z,15.0,0.01,0.9126009041601932,0.8989032325227533
turbine_2,2025-12-16T18:00:00Z,2025-12-17T10:00:00Z,16.0,0.01,0.9598855532401421,0.9538548342328133
turbine_2,2025-12-16T18:00:00Z,2025-12-17T11:00:00Z,17.0,0.01,0.9434462596818719,0.9412810011425949
turbine_2,2025-12-16T18:00:00Z,2025-12-17T12:00:00Z,18.0,0.0633333333333333,0.9393847754125547,0.9487642183662707
turbine_2,2025-12-16T18:00:00Z,2025-12-17T13:00:00Z,19.0,0.2516666666666666,0.9389386268166533,0.9504487277488094
turbine_2,2025-12-16T18:00:00Z,2025-12-17T14:00:00Z,20.0,0.2566666666666666,0.9155719673105535,0.9386573748571498
turbine_2,2025-12-16T18:00:00Z,2025-12-17T15:00:00Z,21.0,0.405,0.9338621896700424,0.9296613808438832
turbine_2,2025-12-16T18:00:00Z,2025-12-17T16:00:00Z,22.0,0.4283333333333333,0.8373893404040768,0.8592357372442067
turbine_2,2025-12-16T18:00:00Z,2025-12-17T17:00:00Z,23.0,0.5133333333333333,0.7918625828672218,0.8062968457886546
turbine_2,2025-12-16T18:00:00Z,2025-12-17T18:00:00Z,24.0,0.7116666666666666,0.6276495905898459,0.5926675767932792
turbine_2,2025-12-16T18:00:00Z,2025-12-17T19:00:00Z,25.0,0.835,0.426241612263505,0.45950277235921355
turbine_2,2025-12-16T18:00:00Z,2025-12-17T20:00:00Z,26.0,0.6533333333333333,0.25402563295658764,0.2105257984791252
turbine_2,2025-12-16T18:00:00Z,2025-12-17T21:00:00Z,27.0,0.5883333333333334,0.13147815068978927,0.15144942694779986
turbine_2,2025-12-16T18:00:00Z,2025-12-17T22:00:00Z,28.0,0.38,0.08459454618293193,0.0931725251640356
turbine_2,2025-12-16T18:00:00Z,2025-12-17T23:00:00Z,29.0,0.4533333333333333,0.0908878361872455,0.08243246646156327
turbine_2,2025-12-16T18:00:00Z,2025-12-18T00:00:00Z,30.0,0.61,0.08122884504502856,0.07753727421926773
turbine_2,2025-12-16T18:00:00Z,2025-12-18T01:00:00Z,31.0,0.4633333333333334,0.04932054641379929,0.05231873219105235
turbine_2,2025-12-16T18:00:00Z,2025-12-18T02:00:00Z,32.0,0.2133333333333333,0.08847348861138021,0.0788325146424198
turbine_2,2025-12-16T18:00:00Z,2025-12-18T03:00:00Z,33.0,0.18,0.06306138951855997,0.05657257435691962
turbine_2,2025-12-16T18:00:00Z,2025-12-18T04:00:00Z,34.0,0.1733333333333333,0.07187705027445558,0.049826233787574475
turbine_2,2025-12-16T18:00:00Z,2025-12-18T05:00:00Z,35.0,0.1816666666666666,0.06084058020622475,0.06576890268636645
turbine_2,2025-12-16T18:00:00Z,2025-12-18T06:00:00Z,36.0,0.145,0.043988789822181185,0.03998164186053113
turbine_2,2025-12-16T18:00:00Z,2025-12-18T07:00:00Z,37.0,0.27,0.03682552728998406,0.01816507810925666
turbine_2,2025-12-16T18:00:00Z,2025-12-18T08:00:00Z,38.0,0.695,0.08229148330941291,0.06388889037164153
turbine_2,2025-12-16T18:00:00Z,2025-12-18T09:00:00Z,39.0,0.68,0.256607147221095,0.206232023038934
turbine_2,2025-12-16T18:00:00Z,2025-12-18T10:00:00Z,40.0,0.8833333333333333,0.47366619727137493,0.4294274502371168
turbine_2,2025-12-16T18:00:00Z,2025-12-18T11:00:00Z,41.0,0.8966666666666666,0.535652434329586,0.5142630392858843
turbine_2,2025-12-16T18:00:00Z,2025-12-18T12:00:00Z,42.0,0.9333333333333332,0.8685719837027625,0.9176119728220552
turbine_2,2025-12-16T18:00:00Z,2025-12-18T13:00:00Z,43.0,0.945,0.9183388780710033,0.931813755031368
turbine_2,2025-12-16T18:00:00Z,2025-12-18T14:00:00Z,44.0,0.975,0.9321717990668489,0.9381425467617168
turbine_2,2025-12-16T18:00:00Z,2025-12-18T15:00:00Z,45.0,0.9683333333333332,0.912934412147013,0.9305653138651467
turbine_2,2025-12-16T18:00:00Z,2025-12-18T16:00:00Z,46.0,0.9766666666666666,0.8589405919212852,0.8908303870360534
turbine_2,2025-12-16T18:00:00Z,2025-12-18T17:00:00Z,47.0,0.9333333333333332,0.883346950186139,0.888218143157006
turbine_2,2025-12-16T18:00:00Z,2025-12-18T18:00:00Z,48.0,0.9633333333333334,0.7834921773476765,0.8296493073721147
turbine_2,2025-12-17T18:00:00Z,2025-12-17T19:00:00Z,1.0,0.835,0.6030058690938118,0.5930500476340079
turbine_2,2025-12-17T18:00:00Z,2025-12-17T20:00:00Z,2.0,0.6533333333333333,0.5062369494854979,0.47879624855447045
turbine_2,2025-12-17T18:00:00Z,2025-12-17T21:00:00Z,3.0,0.5883333333333334,0.3180326444089744,0.2746730281389439
turbine_2,2025-12-17T18:00:00Z,2025-12-17T22:00:00Z,4.0,0.38,0.15585751837619682,0.131977769309464
turbine_2,2025-12-17T18:00:00Z,2025-12-17T23:00:00Z,5.0,0.4533333333333333,0.11065003532990945,0.14570381034262175
turbine_2,2025-12-17T18:00:00Z,2025-12-18T00:00:00Z,6.0,0.61,0.12292382255632613,0.12646723873313898
turbine_2,2025-12-17T18:00:00Z,2025-12-18T01:00:00Z,7.0,0.4633333333333334,0.11098171363455085,0.0890119824738056
turbine_2,2025-12-17T18:00:00Z,2025-12-18T02:00:00Z,8.0,0.2133333333333333,0.10973899658650606,0.10661181474651896
turbine_2,2025-12-17T18:00:00Z,2025-12-18T03:00:00Z,9.0,0.18,0.11102479373039446,0.08769187411645735
turbine_2,2025-12-17T18:00:00Z,2025-12-18T04:00:00Z,10.0,0.1733333333333333,0.09018824749711227,0.06784947221878262
turbine_2,2025-12-17T18:00:00Z,2025-12-18T05:00:00Z,11.0,0.1816666666666666,0.053794890439481574,0.06822143110067405
turbine_2,2025-12-17T18:00:00Z,2025-12-18T06:00:00Z,12.0,0.145,0.04729582437745672,0.03368810609764894
turbine_2,2025-12-17T18:00:00Z,2025-12-18T07:00:00Z,13.0,0.27,0.13091427755195578,0.10594366452928755
turbine_2,2025-12-17T18:00:00Z,2025-12-18T08:00:00Z,14.0,0.695,0.3179435986641313,0.2796249449241672
turbine_2,2025-12-17T18:00:00Z,2025-12-18T09:00:00Z,15.0,0.68,0.5940440450516582,0.5518471607076518
turbine_2,2025-12-17T18:00:00Z,2025-12-18T10:00:00Z,16.0,0.8833333333333333,0.7710526753703535,0.7576365758782125
turbine_2,2025-12-17T18:00:00Z,2025-12-18T11:00:00Z,17.0,0.8966666666666666,0.9036805194504919,0.8965429703296925
turbine_2,2025-12-17T18:00:00Z,2025-12-18T12:00:00Z,18.0,0.9333333333333332,0.913573049929756,0.9337357641289566
turbine_2,2025-12-17T18:00:00Z,2025-12-18T13:00:00Z,19.0,0.945,0.9172901457043298,0.9356263398697334
turbine_2,2025-12-17T18:00:00Z,2025-12-18T14:00:00Z,20.0,0.975,0.9357490216206151,0.9494709928089857
turbine_2,2025-12-17T18:00:00Z,2025-12-18T15:00:00Z,21.0,0.9683333333333332,0.9557638419804831,0.9506915983815823
turbine_2,2025-12-17T18:00:00Z,2025-12-18T16:00:00Z,22.0,0.9766666666666666,0.9570308487947506,0.9513146597347344
turbine_2,2025-12-17T18:00:00Z,2025-12-18T17:00:00Z,23.0,0.9333333333333332,0.9573696522177799,0.9492904976299046
turbine_2,2025-12-17T18:00:00Z,2025-12-18T18:00:00Z,24.0,0.9633333333333334,0.9387785472600785,0.964005398535696
turbine_2,2025-12-17T18:00:00Z,2025-12-18T19:00:00Z,25.0,0.7583333333333333,0.9344939904273992,0.961443556088908
turbine_2,2025-12-17T18:00:00Z,2025-12-18T20:00:00Z,26.0,0.975,0.9436631870062664,0.9614603138942908
turbine_2,2025-12-17T18:00:00Z,2025-12-18T21:00:00Z,27.0,0.98,0.9312565306229565,0.9324718313879096
turbine_2,2025-12-17T18:00:00Z,2025-12-18T22:00:00Z,28.0,0.9533333333333333,0.7765180541120954,0.8205399122972238
turbine_2,2025-12-17T18:00:00Z,2025-12-18T23:00:00Z,29.0,0.9133333333333332,0.6753457907563971,0.6747902179409111
turbine_2,2025-12-17T18:00:00Z,2025-12-19T00:00:00Z,30.0,0.615,0.49328081555148257,0.44183152747749604
turbine_2,2025-12-17T18:00:00Z,2025-12-19T01:00:00Z,31.0,0.1566666666666666,0.21337293073708907,0.20864887192935705
turbine_2,2025-12-17T18:00:00Z,2025-12-19T02:00:00Z,32.0,0.0083333333333333,0.1667444933632507,0.1864920823165964
turbine_2,2025-12-17T18:00:00Z,2025-12-19T03:00:00Z,33.0,0.0116666666666666,0.07834844232441476,0.1044851989314847
turbine_2,2025-12-17T18:00:00Z,2025-12-19T04:00:00Z,34.0,0.0266666666666666,0.012241719784232191,0.019918405498641406
turbine_2,2025-12-17T18:00:00Z,2025-12-19T05:00:00Z,35.0,0.01,0.011585939193168443,0.00893875518433837
turbine_2,2025-12-17T18:00:00Z,2025-12-19T06:00:00Z,36.0,0.0999999999999999,0.015284551037432315,0.014342534013447678
turbine_2,2025-12-17T18:00:00Z,2025-12-19T07:00:00Z,37.0,0.2683333333333333,0.038419770908185435,0.0194338095805269
turbine_2,2025-12-17T18:00:00Z,2025-12-19T08:00:00Z,38.0,0.51,0.07214673403743517,0.037474599999181346
turbine_2,2025-12-17T18:00:00Z,2025-12-19T09:00:00Z,39.0,0.7616666666666667,0.11599561388961101,0.08600268189660563
turbine_2,2025-12-17T18:00:00Z,2025-12-19T10:00:00Z,40.0,0.8983333333333333,0.22450317814476006,0.23688675356581637
turbine_2,2025-12-17T18:00:00Z,2025-12-19T11:00:00Z,41.0,0.9666666666666668,0.5131252003371755,0.5141734680695556
turbine_2,2025-12-17T18:00:00Z,2025-12-19T12:00:00Z,42.0,0.975,0.6695995616123489,0.5804868254993076
turbine_2,2025-12-17T18:00:00Z,2025-12-19T13:00:00Z,43.0,0.9783333333333334,0.5908538694845631,0.5210731557954502
turbine_2,2025-12-17T18:00:00Z,2025-12-19T14:00:00Z,44.0,0.98,0.7971103730266135,0.7527207719132527
turbine_2,2025-12-17T18:00:00Z,2025-12-19T15:00:00Z,45.0,0.975,0.928212081470335,0.9100346366683679
turbine_2,2025-12-17T18:00:00Z,2025-12-19T16:00:00Z,46.0,0.895,0.9376249461596831,0.921855185336104
turbine_2,2025-12-17T18:00:00Z,2025-12-19T17:00:00Z,47.0,0.9716666666666668,0.9366564186307632,0.915155003048194
turbine_2,2025-12-17T18:00:00Z,2025-12-19T18:00:00Z,48.0,0.9733333333333332,0.9232940065796531,0.9084555596963639
turbine_2,2025-12-18T18:00:00Z,2025-12-18T19:00:00Z,1.0,0.7583333333333333,0.7938902123064212,0.8746309501811301
turbine_2,2025-12-18T18:00:00Z,2025-12-18T20:00:00Z,2.0,0.975,0.7347207469958766,0.7863485573318989
turbine_2,2025-12-18T18:00:00Z,2025-12-18T21:00:00Z,3.0,0.98,0.6795971502519843,0.6129556673521037
turbine_2,2025-12-18T18:00:00Z,2025-12-18T22:00:00Z,4.0,0.9533333333333333,0.5748517865742016,0.5403766307133091
turbine_2,2025-12-18T18:00:00Z,2025-12-18T23:00:00Z,5.0,0.9133333333333332,0.5410458690067264,0.4981036704054538
turbine_2,2025-12-18T18:00:00Z,2025-12-19T00:00:00Z,6.0,0.615,0.3874987733533547,0.43981407746985873
turbine_2,2025-12-18T18:00:00Z,2025-12-19T01:00:00Z,7.0,0.1566666666666666,0.14348611518384763,0.18539509327864254
turbine_2,2025-12-18T18:00:00Z,2025-12-19T02:00:00Z,8.0,0.0083333333333333,0.0759292825814517,0.09291179176619813
turbine_2,2025-12-18T18:00:00Z,2025-12-19T03:00:00Z,9.0,0.0116666666666666,0.017873149139453898,0.038271020361938024
turbine_2,2025-12-18T18:00:00Z,2025-12-19T04:00:00Z,10.0,0.0266666666666666,0.010340581339178645,0.006535672103610557
turbine_2,2025-12-18T18:00:00Z,2025-12-19T05:00:00Z,11.0,0.01,0.027621531248879866,0.014365402629058166
turbine_2,2025-12-18T18:00:00Z,2025-12-19T06:00:00Z,12.0,0.0999999999999999,0.0810892219767413,0.058332530803355126
turbine_2,2025-12-18T18:00:00Z,2025-12-19T07:00:00Z,13.0,0.2683333333333333,0.5137617592049019,0.5479443990080572
turbine_2,2025-12-18T18:00:00Z,2025-12-19T08:00:00Z,14.0,0.51,0.866262823768757,0.7928511546312104
turbine_2,2025-12-18T18:00:00Z,2025-12-19T09:00:00Z,15.0,0.7616666666666667,0.9042512620470209,0.8576710089919759
turbine_2,2025-12-18T18:00:00Z,2025-12-19T10:00:00Z,16.0,0.8983333333333333,0.8265896356979414,0.78915423469159
turbine_2,2025-12-18T18:00:00Z,2025-12-19T11:00:00Z,17.0,0.9666666666666668,0.8361732658810365,0.772221035151815
turbine_2,2025-12-18T18:00:00Z,2025-12-19T12:00:00Z,18.0,0.975,0.8102688621300468,0.7708592235921317
turbine_2,2025-12-18T18:00:00Z,2025-12-19T13:00:00Z,19.0,0.9783333333333334,0.8448976961737333,0.8160285286230484
turbine_2,2025-12-18T18:00:00Z,2025-12-19T14:00:00Z,20.0,0.98,0.8489184201204345,0.8271479695105539
turbine_2,2025-12-18T18:00:00Z,2025-12-19T15:00:00Z,21.0,0.975,0.8998300287517716,0.8934269133355679
turbine_2,2025-12-18T18:00:00Z,2025-12-19T16:00:00Z,22.0,0.895,0.9048918641571785,0.900066893437967
turbine_2,2025-12-18T18:00:00Z,2025-12-19T17:00:00Z,23.0,0.9716666666666668,0.927952072746245,0.891150811182511
turbine_2,2025-12-18T18:00:00Z,2025-12-19T18:00:00Z,24.0,0.9733333333333332,0.8878920769404376,0.889027449223428
turbine_2,2025-12-18T18:00:00Z,2025-12-19T19:00:00Z,25.0,0.9783333333333334,0.8497255427159628,0.8372933793023418
turbine_2,2025-12-18T18:00:00Z,2025-12-19T20:00:00Z,26.0,0.9566666666666668,0.8508812615587961,0.8652910179770505
turbine_2,2025-12-18T18:00:00Z,2025-12-19T21:00:00Z,27.0,0.9666666666666668,0.8295519217746444,0.8478888151617694
turbine_2,2025-12-18T18:00:00Z,2025-12-19T22:00:00Z,28.0,0.9716666666666668,0.6681647322844415,0.6578311516161883
turbine_2,2025-12-18T18:00:00Z,2025-12-19T23:00:00Z,29.0,0.8416666666666667,0.5119493670073543,0.4741388079659924
turbine_2,2025-12-18T18:00:00Z,2025-12-20T00:00:00Z,30.0,0.535,0.3840862668750922,0.33800966826758744
turbine_2,2025-12-18T18:00:00Z,2025-12-20T01:00:00Z,31.0,0.1116666666666666,0.3808141509222236,0.3121262135821292
turbine_2,2025-12-18T18:00:00Z,2025-12-20T02:00:00Z,32.0,0.0866666666666666,0.40860684594225394,0.34412606755098013
turbine_2,2025-12-18T18:00:00Z,2025-12-20T03:00:00Z,33.0,0.1849999999999999,0.4169038204999401,0.3850974686556649
turbine_2,2025-12-18T18:00:00Z,2025-12-20T04:00:00Z,34.0,0.125,0.2586256467201502,0.31181253746445425
turbine_2,2025-12-18T18:00:00Z,2025-12-20T05:00:00Z,35.0,0.13,0.2323291237202746,0.2391702034124455
turbine_2,2025-12-18T18:00:00Z,2025-12-20T06:00:00Z,36.0,0.1666666666666666,0.23062852723013585,0.2564514034783043
turbine_2,2025-12-18T18:00:00Z,2025-12-20T07:00:00Z,37.0,0.2866666666666667,0.20123043828564724,0.24583243372716335
turbine_2,2025-12-18T18:00:00Z,2025-12-20T08:00:00Z,38.0,0.395,0.2050693247434776,0.19063031552892198
turbine_2,2025-12-18T18:00:00Z,2025-12-20T09:00:00Z,39.0,0.295,0.11798589697869043,0.07935540198516661
turbine_2,2025-12-18T18:00:00Z,2025-12-20T10:00:00Z,40.0,0.2666666666666666,0.06309881262712351,0.0627374534408417
turbine_2,2025-12-18T18:00:00Z,2025-12-20T11:00:00Z,41.0,0.09,0.04434699637927372,0.059129075936053724
turbine_2,2025-12-18T18:00:00Z,2025-12-20T12:00:00Z,42.0,0.01,0.037700488662681136,0.0367827241196379
turbine_2,2025-12-18T18:00:00Z,2025-12-20T13:00:00Z,43.0,0.0083333333333333,0.045349865456576155,0.03764542371259544
turbine_2,2025-12-18T18:00:00Z,2025-12-20T14:00:00Z,44.0,0.01,0.04355888440608319,0.03567414613158293
turbine_2,2025-12-18T18:00:00Z,2025-12-20T15:00:00Z,45.0,0.01,0.061006676339551466,0.042948933007433715
turbine_2,2025-12-18T18:00:00Z,2025-12-20T16:00:00Z,46.0,0.01,0.08167985988294571,0.07363290207010491
turbine_2,2025-12-18T18:00:00Z,2025-12-20T17:00:00Z,47.0,0.0083333333333333,0.10683408801536654,0.09738112906276261
turbine_2,2025-12-18T18:00:00Z,2025-12-20T18:00:00Z,48.0,0.06,0.10282696122129653,0.11022711528506215
turbine_2,2025-12-19T18:00:00Z,2025-12-19T19:00:00Z,1.0,0.9783333333333334,0.8958295108156025,0.910164751182228
turbine_2,2025-12-19T18:00:00Z,2025-12-19T20:00:00Z,2.0,0.9566666666666668,0.888071467657149,0.8744785168128384
turbine_2,2025-12-19T18:00:00Z,2025-12-19T21:00:00Z,3.0,0.9666666666666668,0.8598111285236113,0.8554843066056725
turbine_2,2025-12-19T18:00:00Z,2025-12-19T22:00:00Z,4.0,0.9716666666666668,0.8098197801844956,0.8317877312967366
turbine_2,2025-12-19T18:00:00Z,2025-12-19T23:00:00Z,5.0,0.8416666666666667,0.6424400475762997,0.6604019259544616
turbine_2,2025-12-19T18:00:00Z,2025-12-20T00:00:00Z,6.0,0.535,0.454062301671299,0.471280475567282
turbine_2,2025-12-19T18:00:00Z,2025-12-20T01:00:00Z,7.0,0.1116666666666666,0.3501409200075424,0.33875902563995464
turbine_2,2025-12-19T18:00:00Z,2025-12-20T02:00:00Z,8.0,0.0866666666666666,0.36153105705806876,0.3069498194723894
turbine_2,2025-12-19T18:00:00Z,2025-12-20T03:00:00Z,9.0,0.1849999999999999,0.30332078468689183,0.3377483148133603
turbine_2,2025-12-19T18:00:00Z,2025-12-20T04:00:00Z,10.0,0.125,0.3424235742492221,0.3453519571867371
turbine_2,2025-12-19T18:00:00Z,2025-12-20T05:00:00Z,11.0,0.13,0.5859628023268534,0.6130025839556807
turbine_2,2025-12-19T18:00:00Z,2025-12-20T06:00:00Z,12.0,0.1666666666666666,0.8704989159650942,0.8526948674137408
turbine_2,2025-12-19T18:00:00Z,2025-12-20T07:00:00Z,13.0,0.2866666666666667,0.9542637831553544,0.9022381963248707
turbine_2,2025-12-19T18:00:00Z,2025-12-20T08:00:00Z,14.0,0.395,0.7687571586654367,0.7404597612653225
turbine_2,2025-12-19T18:00:00Z,2025-12-20T09:00:00Z,15.0,0.295,0.6790695213698611,0.5437171549820341
turbine_2,2025-12-19T18:00:00Z,2025-12-20T10:00:00Z,16.0,0.2666666666666666,0.35624603214283096,0.33771996995799264
turbine_2,2025-12-19T18:00:00Z,2025-12-20T11:00:00Z,17.0,0.09,0.17370976465775237,0.17111293670649025
turbine_2,2025-12-19T18:00:00Z,2025-12-20T12:00:00Z,18.0,0.01,0.07663421858755595,0.0871566259230754
turbine_2,2025-12-19T18:00:00Z,2025-12-20T13:00:00Z,19.0,0.0083333333333333,0.060117708620181454,0.066523603760009
turbine_2,2025-12-19T18:00:00Z,2025-12-20T14:00:00Z,20.0,0.01,0.03538662095701939,0.030968819076555243
turbine_2,2025-12-19T18:00:00Z,2025-12-20T15:00:00Z,21.0,0.01,0.05365706655910599,0.04477689172835664
turbine_2,2025-12-19T18:00:00Z,2025-12-20T16:00:00Z,22.0,0.01,0.10603667385246376,0.0880819885283069
turbine_2,2025-12-19T18:00:00Z,2025-12-20T17:00:00Z,23.0,0.0083333333333333,0.158627289822034,0.15053883852360628
turbine_2,2025-12-19T18:00:00Z,2025-12-20T18:00:00Z,24.0,0.06,0.23581279701986863,0.25640560588501093
turbine_2,2025-12-19T18:00:00Z,2025-12-20T19:00:00Z,25.0,0.03,0.32152263075440457,0.2953809597894106
turbine_2,2025-12-19T18:00:00Z,2025-12-20T20:00:00Z,26.0,0.0833333333333333,0.32732609404145574,0.24564410725688815
turbine_2,2025-12-19T18:00:00Z,2025-12-20T21:00:00Z,27.0,0.3033333333333333,0.5258376859876945,0.4534135104365281
turbine_2,2025-12-19T18:00:00Z,2025-12-20T22:00:00Z,28.0,0.23,0.5717072935209424,0.5339660210755658
turbine_2,2025-12-19T18:00:00Z,2025-12-20T23:00:00Z,29.0,0.7383333333333333,0.6468166623181011,0.6188928942680932
turbine_2,2025-12-19T18:00:00Z,2025-12-21T00:00:00Z,30.0,0.98,0.6967980631773661,0.7383491369510771
turbine_2,2025-12-19T18:00:00Z,2025-12-21T01:00:00Z,31.0,0.8416666666666667,0.7516019037739313,0.7965576994780099
turbine_2,2025-12-19T18:00:00Z,2025-12-21T02:00:00Z,32.0,0.32,0.7460585520057004,0.7710840886513439
turbine_2,2025-12-19T18:00:00Z,2025-12-21T03:00:00Z,33.0,0.31,0.7059631078037181,0.7164552848878649
turbine_2,2025-12-19T18:00:00Z,2025-12-21T04:00:00Z,34.0,0.3266666666666666,0.762715497742557,0.8037634126942343
turbine_2,2025-12-19T18:00:00Z,2025-12-21T05:00:00Z,35.0,0.3783333333333333,0.8045630090951188,0.7996134398860135
turbine_2,2025-12-19T18:00:00Z,2025-12-21T06:00:00Z,36.0,0.3883333333333333,0.8463718219859638,0.8145515693225969
turbine_2,2025-12-19T18:00:00Z,2025-12-21T07:00:00Z,37.0,0.3233333333333333,0.9345454240095592,0.943564868992632
turbine_2,2025-12-19T18:00:00Z,2025-12-21T08:00:00Z,38.0,0.35,0.9465397846687471,0.9477708697312192
turbine_2,2025-12-19T18:00:00Z,2025-12-21T09:00:00Z,39.0,0.3116666666666667,0.9564529000896937,0.9399224844879972
turbine_2,2025-12-19T18:00:00Z,2025-12-21T10:00:00Z,40.0,0.5216666666666666,0.855067294943358,0.8730659073888839
turbine_2,2025-12-19T18:00:00Z,2025-12-21T11:00:00Z,41.0,0.3999999999999999,0.80598826952508,0.8302387540919901
turbine_2,2025-12-19T18:00:00Z,2025-12-21T12:00:00Z,42.0,0.4683333333333333,0.754042919252615,0.8257202896263803
turbine_2,2025-12-19T18:00:00Z,2025-12-21T13:00:00Z,43.0,0.58,0.7420375428749263,0.7618690072593676
turbine_2,2025-12-19T18:00:00Z,2025-12-21T14:00:00Z,44.0,0.7666666666666666,0.6920381961627976,0.6559606555352997
turbine_2,2025-12-19T18:00:00Z,2025-12-21T15:00:00Z,45.0,0.6833333333333332,0.5961140411004662,0.57227062797888
turbine_2,2025-12-19T18:00:00Z,2025-12-21T16:00:00Z,46.0,0.62,0.5469109844798004,0.52267040763327
turbine_2,2025-12-19T18:00:00Z,2025-12-21T17:00:00Z,47.0,0.5083333333333333,0.4819355397730782,0.46588751687965785
turbine_2,2025-12-19T18:00:00Z,2025-12-21T18:00:00Z,48.0,0.58,0.272037045063212,0.26597837235309274
turbine_2,2025-12-20T18:00:00Z,2025-12-20T19:00:00Z,1.0,0.03,0.17601298489059186,0.2113115382732746
turbine_2,2025-12-20T18:00:00Z,2025-12-20T20:00:00Z,2.0,0.0833333333333333,0.1498653105990922,0.18717897070028872
turbine_2,2025-12-20T18:00:00Z,2025-12-20T21:00:00Z,3.0,0.3033333333333333,0.2663504103857626,0.2179564252964778
turbine_2,2025-12-20T18:00:00Z,2025-12-20T22:00:00Z,4.0,0.23,0.36000020393004317,0.30526066947091857
turbine_2,2025-12-20T18:00:00Z,2025-12-20T23:00:00Z,5.0,0.7383333333333333,0.6159322759165706,0.5550881884860566
turbine_2,2025-12-20T18:00:00Z,2025-12-21T00:00:00Z,6.0,0.98,0.8367810151648795,0.8270478443763949
turbine_2,2025-12-20T18:00:00Z,2025-12-21T01:00:00Z,7.0,0.8416666666666667,0.8920754281130341,0.9327138839287312
turbine_2,2025-12-20T18:00:00Z,2025-12-21T02:00:00Z,8.0,0.32,0.9192412837057596,0.931904562643553
turbine_2,2025-12-20T18:00:00Z,2025-12-21T03:00:00Z,9.0,0.31,0.8184367891337734,0.8567626183592156
turbine_2,2025-12-20T18:00:00Z,2025-12-21T04:00:00Z,10.0,0.3266666666666666,0.9665295198314103,0.9623851279708906
turbine_2,2025-12-20T18:00:00Z,2025-12-21T05:00:00Z,11.0,0.3783333333333333,0.9633063725401204,0.9650839386832606
turbine_2,2025-12-20T18:00:00Z,2025-12-21T06:00:00Z,12.0,0.3883333333333333,0.9432183931005607,0.93500496910173
turbine_2,2025-12-20T18:00:00Z,2025-12-21T07:00:00Z,13.0,0.3233333333333333,0.9521611145755542,0.9454927074143803
turbine_2,2025-12-20T18:00:00Z,2025-12-21T08:00:00Z,14.0,0.35,0.9570825661392617,0.9550405863002697
turbine_2,2025-12-20T18:00:00Z,2025-12-21T09:00:00Z,15.0,0.3116666666666667,0.858128822800202,0.8360246678468671
turbine_2,2025-12-20T18:00:00Z,2025-12-21T10:00:00Z,16.0,0.5216666666666666,0.741994142497244,0.7376602328433329
turbine_2,2025-12-20T18:00:00Z,2025-12-21T11:00:00Z,17.0,0.3999999999999999,0.6794172557057598,0.6076166595562986
turbine_2,2025-12-20T18:00:00Z,2025-12-21T12:00:00Z,18.0,0.4683333333333333,0.6988658055579324,0.6796138839040978
turbine_2,2025-12-20T18:00:00Z,2025-12-21T13:00:00Z,19.0,0.58,0.6944011275838772,0.6587539255990073
turbine_2,2025-12-20T18:00:00Z,2025-12-21T14:00:00Z,20.0,0.7666666666666666,0.6319883174108937,0.6270605874567361
turbine_2,2025-12-20T18:00:00Z,2025-12-21T15:00:00Z,21.0,0.6833333333333332,0.5725596310117794,0.5496793475723429
turbine_2,2025-12-20T18:00:00Z,2025-12-21T16:00:00Z,22.0,0.62,0.5055356405479564,0.4676368114261384
turbine_2,2025-12-20T18:00:00Z,2025-12-21T17:00:00Z,23.0,0.5083333333333333,0.4489453022121691,0.4116386997623147
turbine_2,2025-12-20T18:00:00Z,2025-12-21T18:00:00Z,24.0,0.58,0.35515758122589636,0.32310621003411377
turbine_2,2025-12-20T18:00:00Z,2025-12-21T19:00:00Z,25.0,0.64,0.27844178256506036,0.2864323342647165
turbine_2,2025-12-20T18:00:00Z,2025-12-21T20:00:00Z,26.0,0.4666666666666667,0.20808223595467076,0.20812457837681314
turbine_2,2025-12-20T18:00:00Z,2025-12-21T21:00:00Z,27.0,0.1716666666666666,0.11255712614866427,0.1278984736913653
turbine_2,2025-12-20T18:00:00Z,2025-12-21T22:00:00Z,28.0,0.01,0.03712266130313602,0.0631521798816318
turbine_2,2025-12-20T18:00:00Z,2025-12-21T23:00:00Z,29.0,0.0116666666666666,0.013492410263306887,0.027233637554642365
turbine_2,2025-12-20T18:00:00Z,2025-12-22T00:00:00Z,30.0,0.0866666666666666,0.01738550114079268,0.011226611809713488
turbine_2,2025-12-20T18:00:00Z,2025-12-22T01:00:00Z,31.0,0.17,0.03483213693039952,0.02309351419110922
turbine_2,2025-12-20T18:00:00Z,2025-12-22T02:00:00Z,32.0,0.125,0.09508084593178408,0.09852694570621306
turbine_2,2025-12-20T18:00:00Z,2025-12-22T03:00:00Z,33.0,0.145,0.2797061249599897,0.30862399903295773
turbine_2,2025-12-20T18:00:00Z,2025-12-22T04:00:00Z,34.0,0.5333333333333333,0.5987323715786275,0.630101775713554
turbine_2,2025-12-20T18:00:00Z,2025-12-22T05:00:00Z,35.0,0.96,0.8824773104605614,0.8757140646560122
turbine_2,2025-12-20T18:00:00Z,2025-12-22T06:00:00Z,36.0,0.97,0.9615225700950356,0.9532668937278641
turbine_2,2025-12-20T18:00:00Z,2025-12-22T07:00:00Z,37.0,0.9783333333333334,0.9656627446154639,0.9664021908011855
turbine_2,2025-12-20T18:00:00Z,2025-12-22T08:00:00Z,38.0,0.9716666666666668,0.9711538633425832,0.9675516795360973
turbine_2,2025-12-20T18:00:00Z,2025-12-22T09:00:00Z,39.0,0.98,0.9698655582400962,0.9525354535461799
turbine_2,2025-12-20T18:00:00Z,2025-12-22T10:00:00Z,40.0,0.9783333333333334,0.9422882452474556,0.9097698362560903
turbine_2,2025-12-20T18:00:00Z,2025-12-22T11:00:00Z,41.0,0.9766666666666666,0.9162368484949136,0.893103034930364
turbine_2,2025-12-20T18:00:00Z,2025-12-22T12:00:00Z,42.0,0.9733333333333332,0.735475290673091,0.7206931883964061
turbine_2,2025-12-20T18:00:00Z,2025-12-22T13:00:00Z,43.0,0.9566666666666668,0.6042405010452483,0.6243056314618969
turbine_2,2025-12-20T18:00:00Z,2025-12-22T14:00:00Z,44.0,0.5833333333333334,0.5753903733593381,0.5349298109431948
turbine_2,2025-12-20T18:00:00Z,2025-12-22T15:00:00Z,45.0,0.0983333333333333,0.5378429435795525,0.5423023551171826
turbine_2,2025-12-20T18:00:00Z,2025-12-22T16:00:00Z,46.0,0.1383333333333333,0.44499332785284523,0.430296247532664
turbine_2,2025-12-20T18:00:00Z,2025-12-22T17:00:00Z,47.0,0.0983333333333333,0.2222303776441485,0.16331006566928638
turbine_2,2025-12-20T18:00:00Z,2025-12-22T18:00:00Z,48.0,0.0666666666666666,0.15931681657277036,0.14326377278721708
turbine_2,2025-12-21T18:00:00Z,2025-12-21T19:00:00Z,1.0,0.64,0.35823596995060913,0.3646001034967216
turbine_2,2025-12-21T18:00:00Z,2025-12-21T20:00:00Z,2.0,0.4666666666666667,0.21612077784802136,0.21661626967034986
turbine_2,2025-12-21T18:00:00Z,2025-12-21T21:00:00Z,3.0,0.1716666666666666,0.11504286662078154,0.13853650524829617
turbine_2,2025-12-21T18:00:00Z,2025-12-21T22:00:00Z,4.0,0.01,0.051395005569998986,0.06990591884851624
turbine_2,2025-12-21T18:00:00Z,2025-12-21T23:00:00Z,5.0,0.0116666666666666,0.01350129446962059,0.03380575899868207
turbine_2,2025-12-21T18:00:00Z,2025-12-22T00:00:00Z,6.0,0.0866666666666666,0.010318292472971113,0.0074048014949683605
turbine_2,2025-12-21T18:00:00Z,2025-12-22T01:00:00Z,7.0,0.17,0.02180987795755157,0.015707627567393856
turbine_2,2025-12-21T18:00:00Z,2025-12-22T02:00:00Z,8.0,0.125,0.033365753170105455,0.03204851907981121
turbine_2,2025-12-21T18:00:00Z,2025-12-22T03:00:00Z,9.0,0.145,0.08773100939538864,0.06768183749360983
turbine_2,2025-12-21T18:00:00Z,2025-12-22T04:00:00Z,10.0,0.5333333333333333,0.4562068031313745,0.37261622009820217
turbine_2,2025-12-21T18:00:00Z,2025-12-22T05:00:00Z,11.0,0.96,0.8787215671035886,0.8573077068066591
turbine_2,2025-12-21T18:00:00Z,2025-12-22T06:00:00Z,12.0,0.97,0.9612532516840868,0.9518285473875302
turbine_2,2025-12-21T18:00:00Z,2025-12-22T07:00:00Z,13.0,0.9783333333333334,0.9650857875594151,0.9316716587017058
turbine_2,2025-12-21T18:00:00Z,2025-12-22T08:00:00Z,14.0,0.9716666666666668,0.9459724449910777,0.9427359899138141
turbine_2,2025-12-21T18:00:00Z,2025-12-22T09:00:00Z,15.0,0.98,0.9743796792805431,0.9658332980266846
turbine_2,2025-12-21T18:00:00Z,2025-12-22T10:00:00Z,16.0,0.9783333333333334,0.9719203206802491,0.9689117283815176
turbine_2,2025-12-21T18:00:00Z,2025-12-22T11:00:00Z,17.0,0.9766666666666666,0.953021603963567,0.9072752016459771
turbine_2,2025-12-21T18:00:00Z,2025-12-22T12:00:00Z,18.0,0.9733333333333332,0.7887133834036377,0.744037089911648
turbine_2,2025-12-21T18:00:00Z,2025-12-22T13:00:00Z,19.0,0.9566666666666668,0.6310864935275199,0.6261045513273232
turbine_2,2025-12-21T18:00:00Z,2025-12-22T14:00:00Z,20.0,0.5833333333333334,0.5919269748711503,0.5399993481892302
turbine_2,2025-12-21T18:00:00Z,2025-12-22T15:00:00Z,21.0,0.0983333333333333,0.33871261920106716,0.3151485391913994
turbine_2,2025-12-21T18:00:00Z,2025-12-22T16:00:00Z,22.0,0.1383333333333333,0.19681327249378142,0.1706000201346625
turbine_2,2025-12-21T18:00:00Z,2025-12-22T17:00:00Z,23.0,0.0983333333333333,0.16723049092950057,0.1395698946475782
turbine_2,2025-12-21T18:00:00Z,2025-12-22T18:00:00Z,24.0,0.0666666666666666,0.09679317241100735,0.10609537578278568
turbine_2,2025-12-21T18:00:00Z,2025-12-22T19:00:00Z,25.0,0.01,0.06287459749974714,0.09712973658637934
turbine_2,2025-12-21T18:00:00Z,2025-12-22T20:00:00Z,26.0,0.01,0.05234872083806463,0.05857192669410585
turbine_2,2025-12-21T18:00:00Z,2025-12-22T21:00:00Z,27.0,0.01,0.04268572082358635,0.05351782766393308
turbine_2,2025-12-21T18:00:00Z,2025-12-22T22:00:00Z,28.0,0.01,0.040171267833226415,0.051158571505905
turbine_2,2025-12-21T18:00:00Z,2025-12-22T23:00:00Z,29.0,0.0083333333333333,0.03925750967443073,0.06121697606135909
turbine_2,2025-12-21T18:00:00Z,2025-12-23T00:00:00Z,30.0,0.0066666666666666,0.039457317648192713,0.06899735463978056
turbine_2,2025-12-21T18:00:00Z,2025-12-23T01:00:00Z,31.0,0.01,0.03801135737316921,0.0584787847975229
turbine_2,2025-12-21T18:00:00Z,2025-12-23T02:00:00Z,32.0,0.0116666666666666,0.02544302799854356,0.04380143036270337
turbine_2,2025-12-21T18:00:00Z,2025-12-23T03:00:00Z,33.0,0.0216666666666666,0.022331682584674772,0.0353294757244009
turbine_2,2025-12-21T18:00:00Z,2025-12-23T04:00:00Z,34.0,0.01,0.022475769493042613,0.010860109941588814
turbine_2,2025-12-21T18:00:00Z,2025-12-23T05:00:00Z,35.0,0.01,0.019993321793427637,0.010752174067178294
turbine_2,2025-12-21T18:00:00Z,2025-12-23T06:00:00Z,36.0,0.01,0.021603287336000643,0.014936723722797723
turbine_2,2025-12-21T18:00:00Z,2025-12-23T07:00:00Z,37.0,0.01,0.03405991474083575,0.02503650301366042
turbine_2,2025-12-21T18:00:00Z,2025-12-23T08:00:00Z,38.0,0.01,0.039288524101970035,0.027970435752320694
turbine_2,2025-12-21T18:00:00Z,2025-12-23T09:00:00Z,39.0,0.01,0.03977255663067267,0.02489269313665532
turbine_2,2025-12-21T18:00:00Z,2025-12-23T10:00:00Z,40.0,0.01,0.04370664510848668,0.03144483602642387
turbine_2,2025-12-21T18:00:00Z,2025-12-23T11:00:00Z,41.0,0.01,0.06156345663514558,0.039547501282974434
turbine_2,2025-12-21T18:00:00Z,2025-12-23T12:00:00Z,42.0,0.01,0.0697878337588684,0.051721528618487306
turbine_2,2025-12-21T18:00:00Z,2025-12-23T13:00:00Z,43.0,0.01,0.057420053062142526,0.044504729542801186
turbine_2,2025-12-21T18:00:00Z,2025-12-23T14:00:00Z,44.0,0.01,0.06156355157184194,0.03863774373968337
turbine_2,2025-12-21T18:00:00Z,2025-12-23T15:00:00Z,45.0,0.01,0.03857051150526747,0.03795878788922641
turbine_2,2025-12-21T18:00:00Z,2025-12-23T16:00:00Z,46.0,0.01,0.056702689952351004,0.04635451253019965
turbine_2,2025-12-21T18:00:00Z,2025-12-23T17:00:00Z,47.0,0.01,0.06408446640428367,0.05081242038420991
turbine_2,2025-12-21T18:00:00Z,2025-12-23T18:00:00Z,48.0,0.0916666666666666,0.07315313424179419,0.07242322913184818
turbine_2,2025-12-22T18:00:00Z,2025-12-22T19:00:00Z,1.0,0.01,0.11251839082912897,0.1224624391916177
turbine_2,2025-12-22T18:00:00Z,2025-12-22T20:00:00Z,2.0,0.01,0.08892885657258454,0.08002662256633507
turbine_2,2025-12-22T18:00:00Z,2025-12-22T21:00:00Z,3.0,0.01,0.07541633072195655,0.07744414828722744
turbine_2,2025-12-22T18:00:00Z,2025-12-22T22:00:00Z,4.0,0.01,0.10282971596801185,0.07822252115271859
turbine_2,2025-12-22T18:00:00Z,2025-12-22T23:00:00Z,5.0,0.0083333333333333,0.18886329905990962,0.16645666185122204
turbine_2,2025-12-22T18:00:00Z,2025-12-23T00:00:00Z,6.0,0.0066666666666666,0.25143878159737454,0.2843481566467113
turbine_2,2025-12-22T18:00:00Z,2025-12-23T01:00:00Z,7.0,0.01,0.1031293027487126,0.11689092727293551
turbine_2,2025-12-22T18:00:00Z,2025-12-23T02:00:00Z,8.0,0.0116666666666666,0.08616961741315522,0.06538758305458087
turbine_2,2025-12-22T18:00:00Z,2025-12-23T03:00:00Z,9.0,0.0216666666666666,0.05697774519912295,0.06038822826992249
turbine_2,2025-12-22T18:00:00Z,2025-12-23T04:00:00Z,10.0,0.01,0.06407260292538555,0.03689061572566643
turbine_2,2025-12-22T18:00:00Z,2025-12-23T05:00:00Z,11.0,0.01,0.0669973751579668,0.04253241818061873
turbine_2,2025-12-22T18:00:00Z,2025-12-23T06:00:00Z,12.0,0.01,0.05585286232204789,0.03603350116258608
turbine_2,2025-12-22T18:00:00Z,2025-12-23T07:00:00Z,13.0,0.01,0.05110009010695127,0.02907632790934897
turbine_2,2025-12-22T18:00:00Z,2025-12-23T08:00:00Z,14.0,0.01,0.05822243857845649,0.036903613815229
turbine_2,2025-12-22T18:00:00Z,2025-12-23T09:00:00Z,15.0,0.01,0.05006608988992711,0.04359287449842322
turbine_2,2025-12-22T18:00:00Z,2025-12-23T10:00:00Z,16.0,0.01,0.04512132462681456,0.03999281716916153
turbine_2,2025-12-22T18:00:00Z,2025-12-23T11:00:00Z,17.0,0.01,0.036487470717821685,0.04904976310263173
turbine_2,2025-12-22T18:00:00Z,2025-12-23T12:00:00Z,18.0,0.01,0.04706154151902123,0.03900850901198816
turbine_2,2025-12-22T18:00:00Z,2025-12-23T13:00:00Z,19.0,0.01,0.043409627790055194,0.036569146355868165
turbine_2,2025-12-22T18:00:00Z,2025-12-23T14:00:00Z,20.0,0.01,0.04289284769486307,0.05147362815215667
turbine_2,2025-12-22T18:00:00Z,2025-12-23T15:00:00Z,21.0,0.01,0.03907298736443615,0.05280423017803959
turbine_2,2025-12-22T18:00:00Z,2025-12-23T16:00:00Z,22.0,0.01,0.04015434432227194,0.04859179989025367
turbine_2,2025-12-22T18:00:00Z,2025-12-23T17:00:00Z,23.0,0.01,0.04169574161179618,0.04752419479228309
turbine_2,2025-12-22T18:00:00Z,2025-12-23T18:00:00Z,24.0,0.0916666666666666,0.04953792396281623,0.04718491681382894
turbine_2,2025-12-22T18:00:00Z,2025-12-23T19:00:00Z,25.0,0.165,0.056554335933430205,0.08464974090518061
turbine_2,2025-12-22T18:00:00Z,2025-12-23T20:00:00Z,26.0,0.2933333333333333,0.10199385397467058,0.09829169085949753
turbine_2,2025-12-22T18:00:00Z,2025-12-23T21:00:00Z,27.0,0.7616666666666667,0.12729027914146568,0.12968410738368658
turbine_2,2025-12-22T18:00:00Z,2025-12-23T22:00:00Z,28.0,0.6716666666666667,0.23765698578203454,0.24771779335640415
turbine_2,2025-12-22T18:00:00Z,2025-12-23T23:00:00Z,29.0,0.6866666666666666,0.23070621587217927,0.2785255454967527
turbine_2,2025-12-22T18:00:00Z,2025-12-24T00:00:00Z,30.0,0.8383333333333334,0.21272292537707727,0.22521526529389782
turbine_2,2025-12-22T18:00:00Z,2025-12-24T01:00:00Z,31.0,0.935,0.1484523653154738,0.1504785007830016
turbine_2,2025-12-22T18:00:00Z,2025-12-24T02:00:00Z,32.0,0.6616666666666666,0.1522603101766466,0.1504785007830016
turbine_2,2025-12-22T18:00:00Z,2025-12-24T03:00:00Z,33.0,0.7783333333333333,0.21312920859389065,0.2295908847043278
turbine_2,2025-12-22T18:00:00Z,2025-12-24T04:00:00Z,34.0,0.5366666666666666,0.21585726392984345,0.22051091020750493
turbine_2,2025-12-22T18:00:00Z,2025-12-24T05:00:00Z,35.0,0.435,0.341115700499913,0.3311952657747257
turbine_2,2025-12-22T18:00:00Z,2025-12-24T06:00:00Z,36.0,0.265,0.3594879368727749,0.35325512522786284
turbine_2,2025-12-22T18:00:00Z,2025-12-24T07:00:00Z,37.0,0.23,0.34915100836975443,0.2710441558590517
turbine_2,2025-12-22T18:00:00Z,2025-12-24T08:00:00Z,38.0,0.2516666666666666,0.3723955316690069,0.30621212264081776
turbine_2,2025-12-22T18:00:00Z,2025-12-24T09:00:00Z,39.0,0.2316666666666667,0.41461494739562266,0.3239414340285536
turbine_2,2025-12-22T18:00:00Z,2025-12-24T10:00:00Z,40.0,0.225,0.48166594209340957,0.3899220970330626
turbine_2,2025-12-22T18:00:00Z,2025-12-24T11:00:00Z,41.0,0.2916666666666667,0.580828782411908,0.4676271976697301
turbine_2,2025-12-22T18:00:00Z,2025-12-24T12:00:00Z,42.0,0.3533333333333333,0.6025034951387968,0.5402162329776483
turbine_2,2025-12-22T18:00:00Z,2025-12-24T13:00:00Z,43.0,0.2333333333333333,0.592196402416372,0.5509838533754098
turbine_2,2025-12-22T18:00:00Z,2025-12-24T14:00:00Z,44.0,0.2933333333333333,0.6582170651323385,0.5821102576420023
turbine_2,2025-12-22T18:00:00Z,2025-12-24T15:00:00Z,45.0,0.4883333333333333,0.6617486465695588,0.5841311117071876
turbine_2,2025-12-22T18:00:00Z,2025-12-24T16:00:00Z,46.0,0.5316666666666666,0.6530377927308488,0.5825435731808867
turbine_2,2025-12-22T18:00:00Z,2025-12-24T17:00:00Z,47.0,0.3883333333333333,0.6543298588399111,0.5663421071006447
turbine_2,2025-12-22T18:00:00Z,2025-12-24T18:00:00Z,48.0,0.5016666666666666,0.6545923747658999,0.5490316471360575
turbine_2,2025-12-23T18:00:00Z,2025-12-23T19:00:00Z,1.0,0.165,0.2508725034455579,0.2849513211560524
turbine_2,2025-12-23T18:00:00Z,2025-12-23T20:00:00Z,2.0,0.2933333333333333,0.42861126622786944,0.3649339446998493
turbine_2,2025-12-23T18:00:00Z,2025-12-23T21:00:00Z,3.0,0.7616666666666667,0.44641914410413097,0.3978925393025218
turbine_2,2025-12-23T18:00:00Z,2025-12-23T22:00:00Z,4.0,0.6716666666666667,0.4828930173464775,0.4537056862883076
turbine_2,2025-12-23T18:00:00Z,2025-12-23T23:00:00Z,5.0,0.6866666666666666,0.4366519962694626,0.38647029538815314
turbine_2,2025-12-23T18:00:00Z,2025-12-24T00:00:00Z,6.0,0.8383333333333334,0.41564695466452584,0.37526738092578965
turbine_2,2025-12-23T18:00:00Z,2025-12-24T01:00:00Z,7.0,0.935,0.3840355445148895,0.3352481868908187
turbine_2,2025-12-23T18:00:00Z,2025-12-24T02:00:00Z,8.0,0.6616666666666666,0.2833801387229601,0.28373488482291825
turbine_2,2025-12-23T18:00:00Z,2025-12-24T03:00:00Z,9.0,0.7783333333333333,0.26075540080272447,0.27517556835977924
turbine_2,2025-12-23T18:00:00Z,2025-12-24T04:00:00Z,10.0,0.5366666666666666,0.26664074899855444,0.2885656757880773
turbine_2,2025-12-23T18:00:00Z,2025-12-24T05:00:00Z,11.0,0.435,0.4441012218797594,0.37991812723007473
turbine_2,2025-12-23T18:00:00Z,2025-12-24T06:00:00Z,12.0,0.265,0.571302531898974,0.45591977468426176
turbine_2,2025-12-23T18:00:00Z,2025-12-24T07:00:00Z,13.0,0.23,0.6204936954777978,0.560335949110153
turbine_2,2025-12-23T18:00:00Z,2025-12-24T08:00:00Z,14.0,0.2516666666666666,0.7008299836624872,0.6279975841200962
turbine_2,2025-12-23T18:00:00Z,2025-12-24T09:00:00Z,15.0,0.2316666666666667,0.7832580767250604,0.6816599630627814
turbine_2,2025-12-23T18:00:00Z,2025-12-24T10:00:00Z,16.0,0.225,0.711798466250435,0.6517951471756367
turbine_2,2025-12-23T18:00:00Z,2025-12-24T11:00:00Z,17.0,0.2916666666666667,0.6209578549197832,0.5201411230542018
turbine_2,2025-12-23T18:00:00Z,2025-12-24T12:00:00Z,18.0,0.3533333333333333,0.6272951398522982,0.5279575362330673
turbine_2,2025-12-23T18:00:00Z,2025-12-24T13:00:00Z,19.0,0.2333333333333333,0.5807283145666797,0.4568556274164554
turbine_2,2025-12-23T18:00:00Z,2025-12-24T14:00:00Z,20.0,0.2933333333333333,0.43550463676936324,0.39644100866340504
turbine_2,2025-12-23T18:00:00Z,2025-12-24T15:00:00Z,21.0,0.4883333333333333,0.37324797291572853,0.33768168486162453
turbine_2,2025-12-23T18:00:00Z,2025-12-24T16:00:00Z,22.0,0.5316666666666666,0.5724659624093444,0.4486510460876787
turbine_2,2025-12-23T18:00:00Z,2025-12-24T17:00:00Z,23.0,0.3883333333333333,0.46423023035615046,0.40401004572329013
turbine_2,2025-12-23T18:00:00Z,2025-12-24T18:00:00Z,24.0,0.5016666666666666,0.6426667495314382,0.5153157834512097
turbine_2,2025-12-23T18:00:00Z,2025-12-24T19:00:00Z,25.0,0.4266666666666667,0.6718292856660095,0.5817658500951637
turbine_2,2025-12-23T18:00:00Z,2025-12-24T20:00:00Z,26.0,0.4133333333333333,0.7297984101918583,0.7561433905266529
turbine_2,2025-12-23T18:00:00Z,2025-12-24T21:00:00Z,27.0,0.6533333333333333,0.8011623560774878,0.7916153670332248
turbine_2,2025-12-23T18:00:00Z,2025-12-24T22:00:00Z,28.0,0.58,0.8576402338703223,0.8444424826185388
turbine_2,2025-12-23T18:00:00Z,2025-12-24T23:00:00Z,29.0,0.63,0.8874459661926128,0.8663537220975829
turbine_2,2025-12-23T18:00:00Z,2025-12-25T00:00:00Z,30.0,0.5766666666666667,0.891996227495689,0.8648187902924849
turbine_2,2025-12-23T18:00:00Z,2025-12-25T01:00:00Z,31.0,0.47,0.8994509612620956,0.8750179058116041
turbine_2,2025-12-23T18:00:00Z,2025-12-25T02:00:00Z,32.0,0.46,0.8945626607778512,0.877693937857755
turbine_2,2025-12-23T18:00:00Z,2025-12-25T03:00:00Z,33.0,0.2733333333333334,0.9006040968583581,0.8934780808996172
turbine_2,2025-12-23T18:00:00Z,2025-12-25T04:00:00Z,34.0,0.1983333333333333,0.9312139551817192,0.9070867537934457
turbine_2,2025-12-23T18:00:00Z,2025-12-25T05:00:00Z,35.0,0.2666666666666666,0.9405429435151978,0.9108504573755852
turbine_2,2025-12-23T18:00:00Z,2025-12-25T06:00:00Z,36.0,0.2133333333333333,0.9615225700950356,0.926997355169892
turbine_2,2025-12-23T18:00:00Z,2025-12-25T07:00:00Z,37.0,0.17,0.966760819512255,0.938165617757
turbine_2,2025-12-23T18:00:00Z,2025-12-25T08:00:00Z,38.0,0.2083333333333333,0.9737978759011406,0.9591226274355316
turbine_2,2025-12-23T18:00:00Z,2025-12-25T09:00:00Z,39.0,0.185,0.971871639738415,0.9376076561922071
turbine_2,2025-12-23T18:00:00Z,2025-12-25T10:00:00Z,40.0,0.24,0.9624160188672193,0.9302599846061179
turbine_2,2025-12-23T18:00:00Z,2025-12-25T11:00:00Z,41.0,0.2266666666666666,0.9354091619206102,0.8770165387621175
turbine_2,2025-12-23T18:00:00Z,2025-12-25T12:00:00Z,42.0,0.125,0.8973592940002209,0.8789868358081463
turbine_2,2025-12-23T18:00:00Z,2025-12-25T13:00:00Z,43.0,0.1966666666666666,0.8948816079725571,0.8950806078013291
turbine_2,2025-12-23T18:00:00Z,2025-12-25T14:00:00Z,44.0,0.3883333333333333,0.8748243616429068,0.8575429655001736
turbine_2,2025-12-23T18:00:00Z,2025-12-25T15:00:00Z,45.0,0.6666666666666666,0.8677255811509768,0.8492629509903913
turbine_2,2025-12-23T18:00:00Z,2025-12-25T16:00:00Z,46.0,0.7966666666666667,0.8763744325143206,0.8322759193300764
turbine_2,2025-12-23T18:00:00Z,2025-12-25T17:00:00Z,47.0,0.4316666666666666,0.8666112533478817,0.8234499659170744
turbine_2,2025-12-23T18:00:00Z,2025-12-25T18:00:00Z,48.0,0.215,0.8391086897846677,0.803511710146
turbine_2,2025-12-24T18:00:00Z,2025-12-24T19:00:00Z,1.0,0.4266666666666667,0.7785219775009627,0.7664464871184733
turbine_2,2025-12-24T18:00:00Z,2025-12-24T20:00:00Z,2.0,0.4133333333333333,0.8519566682267649,0.8375065111219345
turbine_2,2025-12-24T18:00:00Z,2025-12-24T21:00:00Z,3.0,0.6533333333333333,0.8985229906316554,0.8747909335881056
turbine_2,2025-12-24T18:00:00Z,2025-12-24T22:00:00Z,4.0,0.58,0.9038433806348075,0.9053268847876512
turbine_2,2025-12-24T18:00:00Z,2025-12-24T23:00:00Z,5.0,0.63,0.8849672688985031,0.8853974027971355
turbine_2,2025-12-24T18:00:00Z,2025-12-25T00:00:00Z,6.0,0.5766666666666667,0.8968608345628475,0.8747374362445665
turbine_2,2025-12-24T18:00:00Z,2025-12-25T01:00:00Z,7.0,0.47,0.8962267859769326,0.8758723983028752
turbine_2,2025-12-24T18:00:00Z,2025-12-25T02:00:00Z,8.0,0.46,0.8908268188765548,0.864943572478483
turbine_2,2025-12-24T18:00:00Z,2025-12-25T03:00:00Z,9.0,0.2733333333333334,0.8964449974671199,0.8774044956087576
turbine_2,2025-12-24T18:00:00Z,2025-12-25T04:00:00Z,10.0,0.1983333333333333,0.9073033339469726,0.8968573746499544
turbine_2,2025-12-24T18:00:00Z,2025-12-25T05:00:00Z,11.0,0.2666666666666666,0.9432599385397599,0.91300080354265
turbine_2,2025-12-24T18:00:00Z,2025-12-25T06:00:00Z,12.0,0.2133333333333333,0.9629020637395639,0.9252340845461778
turbine_2,2025-12-24T18:00:00Z,2025-12-25T07:00:00Z,13.0,0.17,0.9667532186160815,0.9574821643261728
turbine_2,2025-12-24T18:00:00Z,2025-12-25T08:00:00Z,14.0,0.2083333333333333,0.9728326027858742,0.9714087626781578
turbine_2,2025-12-24T18:00:00Z,2025-12-25T09:00:00Z,15.0,0.185,0.9749304573475734,0.9370924088881036
turbine_2,2025-12-24T18:00:00Z,2025-12-25T10:00:00Z,16.0,0.24,0.9765379406709759,0.9385618703595969
turbine_2,2025-12-24T18:00:00Z,2025-12-25T11:00:00Z,17.0,0.2266666666666666,0.9646734314855892,0.9048348853791912
turbine_2,2025-12-24T18:00:00Z,2025-12-25T12:00:00Z,18.0,0.125,0.9193950252490488,0.8924806688211662
turbine_2,2025-12-24T18:00:00Z,2025-12-25T13:00:00Z,19.0,0.1966666666666666,0.9025850903764189,0.8658916725189005
turbine_2,2025-12-24T18:00:00Z,2025-12-25T14:00:00Z,20.0,0.3883333333333333,0.867337147977216,0.8331303351618569
turbine_2,2025-12-24T18:00:00Z,2025-12-25T15:00:00Z,21.0,0.6666666666666666,0.8535377524234106,0.7516832480877824
turbine_2,2025-12-24T18:00:00Z,2025-12-25T16:00:00Z,22.0,0.7966666666666667,0.8662743513239629,0.7605169701514394
turbine_2,2025-12-24T18:00:00Z,2025-12-25T17:00:00Z,23.0,0.4316666666666666,0.7422544529749455,0.5869485083490278
turbine_2,2025-12-24T18:00:00Z,2025-12-25T18:00:00Z,24.0,0.215,0.6644244700103636,0.5179978481336066
turbine_2,2025-12-24T18:00:00Z,2025-12-25T19:00:00Z,25.0,0.295,0.674599519560078,0.5609622692516277
turbine_2,2025-12-24T18:00:00Z,2025-12-25T20:00:00Z,26.0,0.465,0.6503282708955784,0.5500015849667728
turbine_2,2025-12-24T18:00:00Z,2025-12-25T21:00:00Z,27.0,0.5316666666666666,0.7575679341212552,0.6861748524349053
turbine_2,2025-12-24T18:00:00Z,2025-12-25T22:00:00Z,28.0,0.2566666666666666,0.5383592225366085,0.47461337816333615
turbine_2,2025-12-24T18:00:00Z,2025-12-25T23:00:00Z,29.0,0.3183333333333333,0.32605792508866527,0.3178897069418557
turbine_2,2025-12-24T18:00:00Z,2025-12-26T00:00:00Z,30.0,0.2033333333333333,0.06495377136595658,0.10265628483147425
turbine_2,2025-12-24T18:00:00Z,2025-12-26T01:00:00Z,31.0,0.0966666666666666,0.03612761658704158,0.06413268993903366
turbine_2,2025-12-24T18:00:00Z,2025-12-26T02:00:00Z,32.0,0.04,0.019170870274198004,0.04895179738141145
turbine_2,2025-12-24T18:00:00Z,2025-12-26T03:00:00Z,33.0,0.0216666666666666,0.010845416005633296,0.011393046820043468
turbine_2,2025-12-24T18:00:00Z,2025-12-26T04:00:00Z,34.0,0.0083333333333333,0.10299674095664983,0.0783459874090032
turbine_2,2025-12-24T18:00:00Z,2025-12-26T05:00:00Z,35.0,0.01,0.2926871621165963,0.36276314927752695
turbine_2,2025-12-24T18:00:00Z,2025-12-26T06:00:00Z,36.0,0.01,0.6885427220688639,0.6872038921527921
turbine_2,2025-12-24T18:00:00Z,2025-12-26T07:00:00Z,37.0,0.01,0.9567269534028897,0.9694628038100276
turbine_2,2025-12-24T18:00:00Z,2025-12-26T08:00:00Z,38.0,0.235,0.9609617360607143,0.969134969551012
turbine_2,2025-12-24T18:00:00Z,2025-12-26T09:00:00Z,39.0,0.7566666666666667,0.9429559586769398,0.93892168379449
turbine_2,2025-12-24T18:00:00Z,2025-12-26T10:00:00Z,40.0,0.01,0.9455497463354343,0.9373619837350893
turbine_2,2025-12-24T18:00:00Z,2025-12-26T11:00:00Z,41.0,0.01,0.7774533601113636,0.7598622797025693
turbine_2,2025-12-24T18:00:00Z,2025-12-26T12:00:00Z,42.0,0.9333333333333332,0.4749980495105214,0.4450919359028889
turbine_2,2025-12-24T18:00:00Z,2025-12-26T13:00:00Z,43.0,0.9583333333333334,0.3284696408742248,0.3384232266876065
turbine_2,2025-12-24T18:00:00Z,2025-12-26T14:00:00Z,44.0,0.7066666666666667,0.2925218937296895,0.31355888701393186
turbine_2,2025-12-24T18:00:00Z,2025-12-26T15:00:00Z,45.0,0.7916666666666666,0.4418388846945696,0.41976460479599487
turbine_2,2025-12-24T18:00:00Z,2025-12-26T16:00:00Z,46.0,0.3916666666666666,0.46127923633518503,0.4497970267814205
turbine_2,2025-12-24T18:00:00Z,2025-12-26T17:00:00Z,47.0,0.3266666666666666,0.4588178386739327,0.44312426927200993
turbine_2,2025-12-24T18:00:00Z,2025-12-26T18:00:00Z,48.0,0.215,0.5073574188939478,0.5030113998555945
turbine_2,2025-12-25T18:00:00Z,2025-12-25T19:00:00Z,1.0,0.295,0.5385361525986326,0.5062142912072752
turbine_2,2025-12-25T18:00:00Z,2025-12-25T20:00:00Z,2.0,0.465,0.5751208908093315,0.501074916781892
turbine_2,2025-12-25T18:00:00Z,2025-12-25T21:00:00Z,3.0,0.5316666666666666,0.6585218792339155,0.6395882767133886
turbine_2,2025-12-25T18:00:00Z,2025-12-25T22:00:00Z,4.0,0.2566666666666666,0.6294947222462833,0.6310761478192233
turbine_2,2025-12-25T18:00:00Z,2025-12-25T23:00:00Z,5.0,0.3183333333333333,0.5174246515799097,0.46747447466447933
turbine_2,2025-12-25T18:00:00Z,2025-12-26T00:00:00Z,6.0,0.2033333333333333,0.12968942653005977,0.07580307667388116
turbine_2,2025-12-25T18:00:00Z,2025-12-26T01:00:00Z,7.0,0.0966666666666666,0.05237662059690504,0.07115116610103642
turbine_2,2025-12-25T18:00:00Z,2025-12-26T02:00:00Z,8.0,0.04,0.02012270777473607,0.04311964317116029
turbine_2,2025-12-25T18:00:00Z,2025-12-26T03:00:00Z,9.0,0.0216666666666666,0.010108802353163887,0.008604612991574445
turbine_2,2025-12-25T18:00:00Z,2025-12-26T04:00:00Z,10.0,0.0083333333333333,0.0206136301697408,0.031132575454327405
turbine_2,2025-12-25T18:00:00Z,2025-12-26T05:00:00Z,11.0,0.01,0.028824516422201935,0.033022284778060323
turbine_2,2025-12-25T18:00:00Z,2025-12-26T06:00:00Z,12.0,0.01,0.10409603316191342,0.09989938960545444
turbine_2,2025-12-25T18:00:00Z,2025-12-26T07:00:00Z,13.0,0.01,0.3535588466843169,0.36117712397362667
turbine_2,2025-12-25T18:00:00Z,2025-12-26T08:00:00Z,14.0,0.235,0.42836795869566324,0.4075190149762074
turbine_2,2025-12-25T18:00:00Z,2025-12-26T09:00:00Z,15.0,0.7566666666666667,0.6890018435795144,0.6174113067836853
turbine_2,2025-12-25T18:00:00Z,2025-12-26T10:00:00Z,16.0,0.01,0.8416453671005801,0.8222410591597216
turbine_2,2025-12-25T18:00:00Z,2025-12-26T11:00:00Z,17.0,0.01,0.8768591404207021,0.8541554884743655
turbine_2,2025-12-25T18:00:00Z,2025-12-26T12:00:00Z,18.0,0.9333333333333332,0.8446398570303698,0.8550250120552849
turbine_2,2025-12-25T18:00:00Z,2025-12-26T13:00:00Z,19.0,0.9583333333333334,0.8701404000692045,0.8548700612470946
turbine_2,2025-12-25T18:00:00Z,2025-12-26T14:00:00Z,20.0,0.7066666666666667,0.7126614043307337,0.6968875248843467
turbine_2,2025-12-25T18:00:00Z,2025-12-26T15:00:00Z,21.0,0.7916666666666666,0.6481510551979931,0.6118016191673886
turbine_2,2025-12-25T18:00:00Z,2025-12-26T16:00:00Z,22.0,0.3916666666666666,0.7123929595702215,0.6739088118151743
turbine_2,2025-12-25T18:00:00Z,2025-12-26T17:00:00Z,23.0,0.3266666666666666,0.5810704695177529,0.5078335006307628
turbine_2,2025-12-25T18:00:00Z,2025-12-26T18:00:00Z,24.0,0.215,0.2798617007380239,0.2279480341415101
turbine_2,2025-12-25T18:00:00Z,2025-12-26T19:00:00Z,25.0,0.2516666666666666,0.09556136124360612,0.12891765356685692
turbine_2,2025-12-25T18:00:00Z,2025-12-26T20:00:00Z,26.0,0.1666666666666666,0.031060733779913363,0.020717392408191065
turbine_2,2025-12-25T18:00:00Z,2025-12-26T21:00:00Z,27.0,0.1983333333333333,0.011398788201884724,0.009330268155315652
turbine_2,2025-12-25T18:00:00Z,2025-12-26T22:00:00Z,28.0,0.125,0.010357255622387762,0.007903917310312286
turbine_2,2025-12-25T18:00:00Z,2025-12-26T23:00:00Z,29.0,0.0133333333333333,0.02730728681997152,0.01948654251049281
turbine_2,2025-12-25T18:00:00Z,2025-12-27T00:00:00Z,30.0,0.0383333333333333,0.28400855051383267,0.2932964099148546
turbine_2,2025-12-25T18:00:00Z,2025-12-27T01:00:00Z,31.0,0.1233333333333333,0.5114498603100992,0.5365278141364269
turbine_2,2025-12-25T18:00:00Z,2025-12-27T02:00:00Z,32.0,0.215,0.5592357182721466,0.5417384463504396
turbine_2,2025-12-25T18:00:00Z,2025-12-27T03:00:00Z,33.0,0.1983333333333333,0.764209549211027,0.7933415543399668
turbine_2,2025-12-25T18:00:00Z,2025-12-27T04:00:00Z,34.0,0.2566666666666666,0.9289832792341549,0.9314690430373586
turbine_2,2025-12-25T18:00:00Z,2025-12-27T05:00:00Z,35.0,0.61,0.9405429435151978,0.9545017495590646
turbine_2,2025-12-25T18:00:00Z,2025-12-27T06:00:00Z,36.0,0.96,0.9615225700950356,0.9561312000975013
turbine_2,2025-12-25T18:00:00Z,2025-12-27T07:00:00Z,37.0,0.945,0.966760819512255,0.9643679233340431
turbine_2,2025-12-25T18:00:00Z,2025-12-27T08:00:00Z,38.0,0.895,0.9728028480769096,0.9646482554844328
turbine_2,2025-12-25T18:00:00Z,2025-12-27T09:00:00Z,39.0,0.89,0.9722857878806284,0.9782808574170518
turbine_2,2025-12-25T18:00:00Z,2025-12-27T10:00:00Z,40.0,0.8983333333333333,0.95956128982327,0.9618515796336822
turbine_2,2025-12-25T18:00:00Z,2025-12-27T11:00:00Z,41.0,0.8966666666666666,0.9551577755929204,0.9067784600447598
turbine_2,2025-12-25T18:00:00Z,2025-12-27T12:00:00Z,42.0,0.955,0.8108388627134934,0.7569755097316895
turbine_2,2025-12-25T18:00:00Z,2025-12-27T13:00:00Z,43.0,0.8733333333333334,0.6227300190695851,0.5659624597615213
turbine_2,2025-12-25T18:00:00Z,2025-12-27T14:00:00Z,44.0,0.6816666666666666,0.575552507902487,0.5009583101966848
turbine_2,2025-12-25T18:00:00Z,2025-12-27T15:00:00Z,45.0,0.2933333333333333,0.5539681855683604,0.5209571771286687
turbine_2,2025-12-25T18:00:00Z,2025-12-27T16:00:00Z,46.0,0.1183333333333333,0.5401572351475865,0.48422768383875914
turbine_2,2025-12-25T18:00:00Z,2025-12-27T17:00:00Z,47.0,0.3583333333333333,0.5573830361382843,0.5174610720127497
turbine_2,2025-12-25T18:00:00Z,2025-12-27T18:00:00Z,48.0,0.2566666666666666,0.5009141984500716,0.46162118811605235
turbine_2,2025-12-26T18:00:00Z,2025-12-26T19:00:00Z,1.0,0.2516666666666666,0.051403035613800774,0.07216105462180822
turbine_2,2025-12-26T18:00:00Z,2025-12-26T20:00:00Z,2.0,0.1666666666666666,0.02755084942251737,0.019640019844839707
turbine_2,2025-12-26T18:00:00Z,2025-12-26T21:00:00Z,3.0,0.1983333333333333,0.011631007307671887,0.012780348248965234
turbine_2,2025-12-26T18:00:00Z,2025-12-26T22:00:00Z,4.0,0.125,0.010284784749343384,0.007764041423594492
turbine_2,2025-12-26T18:00:00Z,2025-12-26T23:00:00Z,5.0,0.0133333333333333,0.007316167077477592,0.010337058513626346
turbine_2,2025-12-26T18:00:00Z,2025-12-27T00:00:00Z,6.0,0.0383333333333333,0.04612305379437251,0.02449012517228477
turbine_2,2025-12-26T18:00:00Z,2025-12-27T01:00:00Z,7.0,0.1233333333333333,0.2723010268800412,0.2866441887670123
turbine_2,2025-12-26T18:00:00Z,2025-12-27T02:00:00Z,8.0,0.215,0.4438481390641559,0.37975454270787745
turbine_2,2025-12-26T18:00:00Z,2025-12-27T03:00:00Z,9.0,0.1983333333333333,0.6341906198656484,0.6462646140813102
turbine_2,2025-12-26T18:00:00Z,2025-12-27T04:00:00Z,10.0,0.2566666666666666,0.9282926289125649,0.9202733798352064
turbine_2,2025-12-26T18:00:00Z,2025-12-27T05:00:00Z,11.0,0.61,0.9419224371597261,0.9545875564477072
turbine_2,2025-12-26T18:00:00Z,2025-12-27T06:00:00Z,12.0,0.96,0.9629020637395639,0.9511487500008947
turbine_2,2025-12-26T18:00:00Z,2025-12-27T07:00:00Z,13.0,0.945,0.9667532186160815,0.9634995016445338
turbine_2,2025-12-26T18:00:00Z,2025-12-27T08:00:00Z,14.0,0.895,0.9725453668575511,0.9661621665834639
turbine_2,2025-12-26T18:00:00Z,2025-12-27T09:00:00Z,15.0,0.89,0.9670479782455771,0.9464516901345945
turbine_2,2025-12-26T18:00:00Z,2025-12-27T10:00:00Z,16.0,0.8983333333333333,0.8808842330619675,0.8318744097392489
turbine_2,2025-12-26T18:00:00Z,2025-12-27T11:00:00Z,17.0,0.8966666666666666,0.7768399559779169,0.7615735900088042
turbine_2,2025-12-26T18:00:00Z,2025-12-27T12:00:00Z,18.0,0.955,0.7325593703524854,0.637021528965789
turbine_2,2025-12-26T18:00:00Z,2025-12-27T13:00:00Z,19.0,0.8733333333333334,0.5872569863551587,0.5000172587912428
turbine_2,2025-12-26T18:00:00Z,2025-12-27T14:00:00Z,20.0,0.6816666666666666,0.4525548194237021,0.4313601954548864
turbine_2,2025-12-26T18:00:00Z,2025-12-27T15:00:00Z,21.0,0.2933333333333333,0.41959400201157987,0.4141194842485711
turbine_2,2025-12-26T18:00:00Z,2025-12-27T16:00:00Z,22.0,0.1183333333333333,0.35676515467149383,0.38046050647720697
turbine_2,2025-12-26T18:00:00Z,2025-12-27T17:00:00Z,23.0,0.3583333333333333,0.41533827024165704,0.37844392110145736
turbine_2,2025-12-26T18:00:00Z,2025-12-27T18:00:00Z,24.0,0.2566666666666666,0.4557919382243795,0.4033269426325923
turbine_2,2025-12-26T18:00:00Z,2025-12-27T19:00:00Z,25.0,0.6833333333333332,0.5046522385047798,0.4737656555258098
turbine_2,2025-12-26T18:00:00Z,2025-12-27T20:00:00Z,26.0,0.5966666666666667,0.5304658491140097,0.48415089366398995
turbine_2,2025-12-26T18:00:00Z,2025-12-27T21:00:00Z,27.0,0.8816666666666667,0.5997404691118557,0.536331281399018
turbine_2,2025-12-26T18:00:00Z,2025-12-27T22:00:00Z,28.0,0.875,0.6575644162073386,0.5569079084024902
turbine_2,2025-12-26T18:00:00Z,2025-12-27T23:00:00Z,29.0,0.945,0.662371820009203,0.5567595206347673
turbine_2,2025-12-26T18:00:00Z,2025-12-28T00:00:00Z,30.0,0.8983333333333333,0.6965043234908963,0.7130774201574519
turbine_2,2025-12-26T18:00:00Z,2025-12-28T01:00:00Z,31.0,0.8566666666666666,0.7349162891745785,0.7495227007020281
turbine_2,2025-12-26T18:00:00Z,2025-12-28T02:00:00Z,32.0,0.6983333333333334,0.7957253692192665,0.8304158743941153
turbine_2,2025-12-26T18:00:00Z,2025-12-28T03:00:00Z,33.0,0.7050000000000001,0.8251208884584689,0.8352716309280921
turbine_2,2025-12-26T18:00:00Z,2025-12-28T04:00:00Z,34.0,0.625,0.8893291196270531,0.8743919177790366
turbine_2,2025-12-26T18:00:00Z,2025-12-28T05:00:00Z,35.0,0.7566666666666667,0.9415980538234295,0.9194869322853663
turbine_2,2025-12-26T18:00:00Z,2025-12-28T06:00:00Z,36.0,0.9233333333333332,0.9615225700950356,0.9252947090599251
turbine_2,2025-12-26T18:00:00Z,2025-12-28T07:00:00Z,37.0,0.8566666666666666,0.966760819512255,0.9347443735178076
turbine_2,2025-12-26T18:00:00Z,2025-12-28T08:00:00Z,38.0,0.8666666666666667,0.9737978759011406,0.9346236772651941
turbine_2,2025-12-26T18:00:00Z,2025-12-28T09:00:00Z,39.0,0.8166666666666668,0.9748290332443221,0.9332119988611477
turbine_2,2025-12-26T18:00:00Z,2025-12-28T10:00:00Z,40.0,0.9083333333333332,0.9572136299273171,0.8600949533534419
turbine_2,2025-12-26T18:00:00Z,2025-12-28T11:00:00Z,41.0,0.9,0.8980048474236184,0.8450032377407326
turbine_2,2025-12-26T18:00:00Z,2025-12-28T12:00:00Z,42.0,0.9516666666666668,0.8846731709504232,0.8238599535851716
turbine_2,2025-12-26T18:00:00Z,2025-12-28T13:00:00Z,43.0,0.5816666666666667,0.8430442541643124,0.8135154381325331
turbine_2,2025-12-26T18:00:00Z,2025-12-28T14:00:00Z,44.0,0.8333333333333334,0.845574114641255,0.7960360332628851
turbine_2,2025-12-26T18:00:00Z,2025-12-28T15:00:00Z,45.0,0.4216666666666667,0.838475334149325,0.8074851231380367
turbine_2,2025-12-26T18:00:00Z,2025-12-28T16:00:00Z,46.0,0.4533333333333333,0.8367112996897484,0.7929268834303771
turbine_2,2025-12-26T18:00:00Z,2025-12-28T17:00:00Z,47.0,0.2649999999999999,0.849873864279019,0.7915931151099644
turbine_2,2025-12-26T18:00:00Z,2025-12-28T18:00:00Z,48.0,0.4166666666666667,0.828612148329331,0.7984423230240729
turbine_2,2025-12-27T18:00:00Z,2025-12-27T19:00:00Z,1.0,0.6833333333333332,0.5874329955908911,0.5256172717813421
turbine_2,2025-12-27T18:00:00Z,2025-12-27T20:00:00Z,2.0,0.5966666666666667,0.6178673866689766,0.5697311995535039
turbine_2,2025-12-27T18:00:00Z,2025-12-27T21:00:00Z,3.0,0.8816666666666667,0.634225227510357,0.566801266763507
turbine_2,2025-12-27T18:00:00Z,2025-12-27T22:00:00Z,4.0,0.875,0.6612144655507183,0.7034680981660055
turbine_2,2025-12-27T18:00:00Z,2025-12-27T23:00:00Z,5.0,0.945,0.6449916698374308,0.690721338471984
turbine_2,2025-12-27T18:00:00Z,2025-12-28T00:00:00Z,6.0,0.8983333333333333,0.6605315298630731,0.6799327880833417
turbine_2,2025-12-27T18:00:00Z,2025-12-28T01:00:00Z,7.0,0.8566666666666666,0.6587760242927804,0.7012767188162687
turbine_2,2025-12-27T18:00:00Z,2025-12-28T02:00:00Z,8.0,0.6983333333333334,0.7667893840091411,0.7718770451507262
turbine_2,2025-12-27T18:00:00Z,2025-12-28T03:00:00Z,9.0,0.7050000000000001,0.8565833197997845,0.8487835522805106
turbine_2,2025-12-27T18:00:00Z,2025-12-28T04:00:00Z,10.0,0.625,0.9183205368367758,0.9106220102499729
turbine_2,2025-12-27T18:00:00Z,2025-12-28T05:00:00Z,11.0,0.7566666666666667,0.9419224371597261,0.9187023797339767
turbine_2,2025-12-27T18:00:00Z,2025-12-28T06:00:00Z,12.0,0.9233333333333332,0.9629020637395639,0.9252340845461778
turbine_2,2025-12-27T18:00:00Z,2025-12-28T07:00:00Z,13.0,0.8566666666666666,0.9667532186160815,0.9364472577873327
turbine_2,2025-12-27T18:00:00Z,2025-12-28T08:00:00Z,14.0,0.8666666666666667,0.9730371169887897,0.9359420259234358
turbine_2,2025-12-27T18:00:00Z,2025-12-28T09:00:00Z,15.0,0.8166666666666668,0.9751349715504889,0.9435183648594595
turbine_2,2025-12-27T18:00:00Z,2025-12-28T10:00:00Z,16.0,0.9083333333333332,0.9524922147325947,0.8692548527368139
turbine_2,2025-12-27T18:00:00Z,2025-12-28T11:00:00Z,17.0,0.9,0.9043338277460637,0.8475124215756421
turbine_2,2025-12-27T18:00:00Z,2025-12-28T12:00:00Z,18.0,0.9516666666666668,0.8399005484562626,0.7935830286924419
turbine_2,2025-12-27T18:00:00Z,2025-12-28T13:00:00Z,19.0,0.5816666666666667,0.8473073308091017,0.7558509302045715
turbine_2,2025-12-27T18:00:00Z,2025-12-28T14:00:00Z,20.0,0.8333333333333334,0.8383956942045596,0.7614113456128817
turbine_2,2025-12-27T18:00:00Z,2025-12-28T15:00:00Z,21.0,0.4216666666666667,0.8120965268247886,0.6759113240029376
turbine_2,2025-12-27T18:00:00Z,2025-12-28T16:00:00Z,22.0,0.4533333333333333,0.7065172401141795,0.5921752824167653
turbine_2,2025-12-27T18:00:00Z,2025-12-28T17:00:00Z,23.0,0.2649999999999999,0.6640801287336755,0.5586686119286213
turbine_2,2025-12-27T18:00:00Z,2025-12-28T18:00:00Z,24.0,0.4166666666666667,0.26123053514217776,0.23589932785757356
turbine_2,2025-12-27T18:00:00Z,2025-12-28T19:00:00Z,25.0,0.3483333333333333,0.14191571224156854,0.14510287510705525
turbine_2,2025-12-27T18:00:00Z,2025-12-28T20:00:00Z,26.0,0.3066666666666666,0.09308839491434873,0.09740121168360194
turbine_2,2025-12-27T18:00:00Z,2025-12-28T21:00:00Z,27.0,0.3583333333333333,0.08134312091032923,0.08815286656287483
turbine_2,2025-12-27T18:00:00Z,2025-12-28T22:00:00Z,28.0,0.36,0.10538990614229862,0.12593754907823604
turbine_2,2025-12-27T18:00:00Z,2025-12-28T23:00:00Z,29.0,0.2433333333333333,0.09942603884916626,0.10966852205654455
turbine_2,2025-12-27T18:00:00Z,2025-12-29T00:00:00Z,30.0,0.2766666666666666,0.23193024898838815,0.2763282579863995
turbine_2,2025-12-27T18:00:00Z,2025-12-29T01:00:00Z,31.0,0.4566666666666667,0.4234943800714084,0.42075195830345413
turbine_2,2025-12-27T18:00:00Z,2025-12-29T02:00:00Z,32.0,0.5733333333333334,0.45558501223574727,0.47650034302200966
turbine_2,2025-12-27T18:00:00Z,2025-12-29T03:00:00Z,33.0,0.7916666666666666,0.44802589768462603,0.4678226927369701
turbine_2,2025-12-27T18:00:00Z,2025-12-29T04:00:00Z,34.0,0.5316666666666666,0.6003283567467863,0.593657714815216
turbine_2,2025-12-27T18:00:00Z,2025-12-29T05:00:00Z,35.0,0.2966666666666667,0.8295229916055858,0.7981129483822343
turbine_2,2025-12-27T18:00:00Z,2025-12-29T06:00:00Z,36.0,0.215,0.919817188674328,0.8650169190319568
turbine_2,2025-12-27T18:00:00Z,2025-12-29T07:00:00Z,37.0,0.6583333333333333,0.962796755904703,0.9586809507236456
turbine_2,2025-12-27T18:00:00Z,2025-12-29T08:00:00Z,38.0,0.5433333333333333,0.8900665302355446,0.7579682403876378
turbine_2,2025-12-27T18:00:00Z,2025-12-29T09:00:00Z,39.0,0.7433333333333333,0.7020159307379791,0.6199311398776644
turbine_2,2025-12-27T18:00:00Z,2025-12-29T10:00:00Z,40.0,0.9216666666666667,0.5731333362502365,0.4251298402940825
turbine_2,2025-12-27T18:00:00Z,2025-12-29T11:00:00Z,41.0,0.9516666666666668,0.5714276803734188,0.4681269191074185
turbine_2,2025-12-27T18:00:00Z,2025-12-29T12:00:00Z,42.0,0.9733333333333332,0.6271624502318447,0.5444051008948949
turbine_2,2025-12-27T18:00:00Z,2025-12-29T13:00:00Z,43.0,0.9716666666666668,0.7386404877201637,0.6280550296362197
turbine_2,2025-12-27T18:00:00Z,2025-12-29T14:00:00Z,44.0,0.975,0.7493488122580864,0.6483324812780207
turbine_2,2025-12-27T18:00:00Z,2025-12-29T15:00:00Z,45.0,0.975,0.8167095556287123,0.7852689994470146
turbine_2,2025-12-27T18:00:00Z,2025-12-29T16:00:00Z,46.0,0.97,0.8664379882308731,0.8342697767071936
turbine_2,2025-12-27T18:00:00Z,2025-12-29T17:00:00Z,47.0,0.9733333333333332,0.9136121664505409,0.8717860647301793
turbine_2,2025-12-27T18:00:00Z,2025-12-29T18:00:00Z,48.0,0.97,0.9197952200724968,0.8523802749772298
turbine_2,2025-12-28T18:00:00Z,2025-12-28T19:00:00Z,1.0,0.3483333333333333,0.07824886959660934,0.11765809441556542
turbine_2,2025-12-28T18:00:00Z,2025-12-28T20:00:00Z,2.0,0.3066666666666666,0.0647459030156527,0.06594568600978583
turbine_2,2025-12-28T18:00:00Z,2025-12-28T21:00:00Z,3.0,0.3583333333333333,0.09742865110096445,0.10612779252893978
turbine_2,2025-12-28T18:00:00Z,2025-12-28T22:00:00Z,4.0,0.36,0.10019667369833107,0.13969915749894551
turbine_2,2025-12-28T18:00:00Z,2025-12-28T23:00:00Z,5.0,0.2433333333333333,0.21437178572163043,0.2903207525312478
turbine_2,2025-12-28T18:00:00Z,2025-12-29T00:00:00Z,6.0,0.2766666666666666,0.43440045068654143,0.4662298179185016
turbine_2,2025-12-28T18:00:00Z,2025-12-29T01:00:00Z,7.0,0.4566666666666667,0.4491557713622919,0.48453685847964373
turbine_2,2025-12-28T18:00:00Z,2025-12-29T02:00:00Z,8.0,0.5733333333333334,0.5735492676431039,0.5334716439692508
turbine_2,2025-12-28T18:00:00Z,2025-12-29T03:00:00Z,9.0,0.7916666666666666,0.6688926944448288,0.7275865575831161
turbine_2,2025-12-28T18:00:00Z,2025-12-29T04:00:00Z,10.0,0.5316666666666666,0.7282520673174547,0.7649726648424647
turbine_2,2025-12-28T18:00:00Z,2025-12-29T05:00:00Z,11.0,0.2966666666666667,0.8866127516852735,0.8419440789037087
turbine_2,2025-12-28T18:00:00Z,2025-12-29T06:00:00Z,12.0,0.215,0.9639571740477955,0.9231217508708107
turbine_2,2025-12-28T18:00:00Z,2025-12-29T07:00:00Z,13.0,0.6583333333333333,0.9669639351014734,0.9349476952276314
turbine_2,2025-12-28T18:00:00Z,2025-12-29T08:00:00Z,14.0,0.5433333333333333,0.9721128441979698,0.950038942110048
turbine_2,2025-12-28T18:00:00Z,2025-12-29T09:00:00Z,15.0,0.7433333333333333,0.9310258107078849,0.8638826897790057
turbine_2,2025-12-28T18:00:00Z,2025-12-29T10:00:00Z,16.0,0.9216666666666667,0.9003697423521113,0.8393368647850962
turbine_2,2025-12-28T18:00:00Z,2025-12-29T11:00:00Z,17.0,0.9516666666666668,0.845891046563746,0.8107273231998322
turbine_2,2025-12-28T18:00:00Z,2025-12-29T12:00:00Z,18.0,0.9733333333333332,0.8522220617394635,0.7806368179715031
turbine_2,2025-12-28T18:00:00Z,2025-12-29T13:00:00Z,19.0,0.9716666666666668,0.9024118252594105,0.8294156694451127
turbine_2,2025-12-28T18:00:00Z,2025-12-29T14:00:00Z,20.0,0.975,0.8959274533548937,0.8988228885293981
turbine_2,2025-12-28T18:00:00Z,2025-12-29T15:00:00Z,21.0,0.975,0.9305365332905063,0.8831822972812273
turbine_2,2025-12-28T18:00:00Z,2025-12-29T16:00:00Z,22.0,0.97,0.9534448970882397,0.9298110531746664
turbine_2,2025-12-28T18:00:00Z,2025-12-29T17:00:00Z,23.0,0.9733333333333332,0.9758177532206609,0.9370846859377394
turbine_2,2025-12-28T18:00:00Z,2025-12-29T18:00:00Z,24.0,0.97,0.9595067001634814,0.9151610050541132
turbine_2,2025-12-28T18:00:00Z,2025-12-29T19:00:00Z,25.0,0.9783333333333334,0.9520504277706683,0.9156424501474759
turbine_2,2025-12-28T18:00:00Z,2025-12-29T20:00:00Z,26.0,0.98,0.9524152156527099,0.9149459279883052
turbine_2,2025-12-28T18:00:00Z,2025-12-29T21:00:00Z,27.0,0.98,0.9425609641500061,0.9144924414784457
turbine_2,2025-12-28T18:00:00Z,2025-12-29T22:00:00Z,28.0,0.98,0.9316701609672728,0.9127528574265972
turbine_2,2025-12-28T18:00:00Z,2025-12-29T23:00:00Z,29.0,0.98,0.9318048609472146,0.9135649849497157
turbine_2,2025-12-28T18:00:00Z,2025-12-30T00:00:00Z,30.0,0.9766666666666666,0.9318521949521135,0.9149152276842335
turbine_2,2025-12-28T18:00:00Z,2025-12-30T01:00:00Z,31.0,0.98,0.9318798383760528,0.9113842556346661
turbine_2,2025-12-28T18:00:00Z,2025-12-30T02:00:00Z,32.0,0.9716666666666668,0.9308016433981031,0.9150166689238206
turbine_2,2025-12-28T18:00:00Z,2025-12-30T03:00:00Z,33.0,0.8450000000000001,0.9311398342902659,0.9139094165181286
turbine_2,2025-12-28T18:00:00Z,2025-12-30T04:00:00Z,34.0,0.9566666666666668,0.9210373489030149,0.9121041271658068
turbine_2,2025-12-28T18:00:00Z,2025-12-30T05:00:00Z,35.0,0.9416666666666668,0.4472250526981094,0.35943564897094255
turbine_2,2025-12-28T18:00:00Z,2025-12-30T06:00:00Z,36.0,0.9316666666666666,0.24549405304237096,0.3184520730778686
turbine_2,2025-12-28T18:00:00Z,2025-12-30T07:00:00Z,37.0,0.9716666666666668,0.1631515470821299,0.2549579349359202
turbine_2,2025-12-28T18:00:00Z,2025-12-30T08:00:00Z,38.0,0.96,0.2805522631194787,0.28416318315858
turbine_2,2025-12-28T18:00:00Z,2025-12-30T09:00:00Z,39.0,0.97,0.25296723257086845,0.34594314852520514
turbine_2,2025-12-28T18:00:00Z,2025-12-30T10:00:00Z,40.0,0.97,0.11701427985693258,0.16268594347931584
turbine_2,2025-12-28T18:00:00Z,2025-12-30T11:00:00Z,41.0,0.97,0.1012847258927826,0.1521491112203707
turbine_2,2025-12-28T18:00:00Z,2025-12-30T12:00:00Z,42.0,0.97,0.19925479235567847,0.19851638858041307
turbine_2,2025-12-28T18:00:00Z,2025-12-30T13:00:00Z,43.0,0.9516666666666668,0.4251182231223605,0.40529886033744955
turbine_2,2025-12-28T18:00:00Z,2025-12-30T14:00:00Z,44.0,0.9516666666666668,0.6431846821448819,0.670064453378387
turbine_2,2025-12-28T18:00:00Z,2025-12-30T15:00:00Z,45.0,0.625,0.5470755707354842,0.5761130618131632
turbine_2,2025-12-28T18:00:00Z,2025-12-30T16:00:00Z,46.0,0.8266666666666667,0.6128326932801622,0.552138192711211
turbine_2,2025-12-28T18:00:00Z,2025-12-30T17:00:00Z,47.0,0.68,0.5870560682397781,0.5924655704016243
turbine_2,2025-12-28T18:00:00Z,2025-12-30T18:00:00Z,48.0,0.89,0.3380669396307523,0.3729728931406119
turbine_2,2025-12-29T18:00:00Z,2025-12-29T19:00:00Z,1.0,0.9783333333333334,0.9299061962404751,0.92216926401724
turbine_2,2025-12-29T18:00:00Z,2025-12-29T20:00:00Z,2.0,0.98,0.9302709841225167,0.9058767026145268
turbine_2,2025-12-29T18:00:00Z,2025-12-29T21:00:00Z,3.0,0.98,0.9399936097083132,0.9277607025405825
turbine_2,2025-12-29T18:00:00Z,2025-12-29T22:00:00Z,4.0,0.98,0.92910280652558,0.9138129176881928
turbine_2,2025-12-29T18:00:00Z,2025-12-29T23:00:00Z,5.0,0.98,0.9285192849607758,0.9138815705518988
turbine_2,2025-12-29T18:00:00Z,2025-12-30T00:00:00Z,6.0,0.9766666666666666,0.9359299167725531,0.9140186245457255
turbine_2,2025-12-29T18:00:00Z,2025-12-30T01:00:00Z,7.0,0.98,0.9358442675044377,0.9148185836174503
turbine_2,2025-12-29T18:00:00Z,2025-12-30T02:00:00Z,8.0,0.9716666666666668,0.9347660725264881,0.9147559405318417
turbine_2,2025-12-29T18:00:00Z,2025-12-30T03:00:00Z,9.0,0.8450000000000001,0.9326132756597018,0.91320677753406
turbine_2,2025-12-29T18:00:00Z,2025-12-30T04:00:00Z,10.0,0.9566666666666668,0.8014518005441968,0.8426661311674365
turbine_2,2025-12-29T18:00:00Z,2025-12-30T05:00:00Z,11.0,0.9416666666666668,0.33466135992390456,0.40909963641648467
turbine_2,2025-12-29T18:00:00Z,2025-12-30T06:00:00Z,12.0,0.9316666666666666,0.1612601820578286,0.2583018360064558
turbine_2,2025-12-29T18:00:00Z,2025-12-30T07:00:00Z,13.0,0.9716666666666668,0.13641736273896868,0.25021072414421985
turbine_2,2025-12-29T18:00:00Z,2025-12-30T08:00:00Z,14.0,0.96,0.202661927394532,0.2064192102717632
turbine_2,2025-12-29T18:00:00Z,2025-12-30T09:00:00Z,15.0,0.97,0.11783642722876035,0.08120695319254549
turbine_2,2025-12-29T18:00:00Z,2025-12-30T10:00:00Z,16.0,0.97,0.07788249605636993,0.09911338783207989
turbine_2,2025-12-29T18:00:00Z,2025-12-30T11:00:00Z,17.0,0.97,0.08077239631233657,0.08788553241109824
turbine_2,2025-12-29T18:00:00Z,2025-12-30T12:00:00Z,18.0,0.97,0.058345294562331895,0.06482735817544545
turbine_2,2025-12-29T18:00:00Z,2025-12-30T13:00:00Z,19.0,0.9516666666666668,0.07170138749581922,0.06189107862427938
turbine_2,2025-12-29T18:00:00Z,2025-12-30T14:00:00Z,20.0,0.9516666666666668,0.14086636594195168,0.1561001471564989
turbine_2,2025-12-29T18:00:00Z,2025-12-30T15:00:00Z,21.0,0.625,0.24396726688076348,0.24628474913997683
turbine_2,2025-12-29T18:00:00Z,2025-12-30T16:00:00Z,22.0,0.8266666666666667,0.23467264602718116,0.18180691346178254
turbine_2,2025-12-29T18:00:00Z,2025-12-30T17:00:00Z,23.0,0.68,0.24972914837210985,0.17205121377142632
turbine_2,2025-12-29T18:00:00Z,2025-12-30T18:00:00Z,24.0,0.89,0.42964423291401677,0.37382419668438704
turbine_2,2025-12-29T18:00:00Z,2025-12-30T19:00:00Z,25.0,0.375,0.3275978759745466,0.3617463534092372
turbine_2,2025-12-29T18:00:00Z,2025-12-30T20:00:00Z,26.0,0.235,0.3096772967742464,0.3099210014620585
turbine_2,2025-12-29T18:00:00Z,2025-12-30T21:00:00Z,27.0,0.125,0.1106583423897943,0.10780392870367904
turbine_2,2025-12-29T18:00:00Z,2025-12-30T22:00:00Z,28.0,0.0133333333333333,0.06414581388629399,0.10022982214862695
turbine_2,2025-12-29T18:00:00Z,2025-12-30T23:00:00Z,29.0,0.01,0.0355495720139648,0.03842723182038954
turbine_2,2025-12-29T18:00:00Z,2025-12-31T00:00:00Z,30.0,0.01,0.029320243714167443,0.022983486479581205
turbine_2,2025-12-29T18:00:00Z,2025-12-31T01:00:00Z,31.0,0.01,0.023778644404010063,0.017809457400981693
turbine_2,2025-12-29T18:00:00Z,2025-12-31T02:00:00Z,32.0,0.01,0.011914041172503942,0.013189203971580798
turbine_2,2025-12-29T18:00:00Z,2025-12-31T03:00:00Z,33.0,0.01,0.017445594509626072,0.0126381462371081
turbine_2,2025-12-29T18:00:00Z,2025-12-31T04:00:00Z,34.0,0.0616666666666666,0.009200285817594578,0.010008377023539461
turbine_2,2025-12-29T18:00:00Z,2025-12-31T05:00:00Z,35.0,0.115,0.022680332567110717,0.019441151812401997
turbine_2,2025-12-29T18:00:00Z,2025-12-31T06:00:00Z,36.0,0.0866666666666666,0.02737818185445079,0.02553989381396246
turbine_2,2025-12-29T18:00:00Z,2025-12-31T07:00:00Z,37.0,0.19,0.03834336453363729,0.028314974270399945
turbine_2,2025-12-29T18:00:00Z,2025-12-31T08:00:00Z,38.0,0.3616666666666666,0.06925167227599541,0.04213867167142826
turbine_2,2025-12-29T18:00:00Z,2025-12-31T09:00:00Z,39.0,0.1016666666666666,0.0729282430615301,0.04640925344550825
turbine_2,2025-12-29T18:00:00Z,2025-12-31T10:00:00Z,40.0,0.0083333333333333,0.0969788141241873,0.08825202545457762
turbine_2,2025-12-29T18:00:00Z,2025-12-31T11:00:00Z,41.0,0.005,0.11208348795421108,0.12862405673763255
turbine_2,2025-12-29T18:00:00Z,2025-12-31T12:00:00Z,42.0,0.0366666666666666,0.12697609138280921,0.14874521546699906
turbine_2,2025-12-29T18:00:00Z,2025-12-31T13:00:00Z,43.0,0.0766666666666666,0.16394070595940768,0.1528362726823979
turbine_2,2025-12-29T18:00:00Z,2025-12-31T14:00:00Z,44.0,0.0133333333333333,0.17835706040529883,0.18052280932920994
turbine_2,2025-12-29T18:00:00Z,2025-12-31T15:00:00Z,45.0,0.0183333333333333,0.17071265115221332,0.15911749097572409
turbine_2,2025-12-29T18:00:00Z,2025-12-31T16:00:00Z,46.0,0.0216666666666666,0.16145500253646713,0.15263256286207463
turbine_2,2025-12-30T18:00:00Z,2025-12-30T19:00:00Z,1.0,0.375,0.11059158128673778,0.1359818123492882
turbine_2,2025-12-30T18:00:00Z,2025-12-30T20:00:00Z,2.0,0.235,0.08715967430961846,0.10216110784201926
turbine_2,2025-12-30T18:00:00Z,2025-12-30T21:00:00Z,3.0,0.125,0.03198452755078038,0.06269849012989878
turbine_2,2025-12-30T18:00:00Z,2025-12-30T22:00:00Z,4.0,0.0133333333333333,0.025260417158312565,0.01995112197459986
turbine_2,2025-12-30T18:00:00Z,2025-12-30T23:00:00Z,5.0,0.01,0.01150194173625843,0.017008326666869023
turbine_2,2025-12-30T18:00:00Z,2025-12-31T00:00:00Z,6.0,0.01,0.016407791620982298,0.011853624505220373
turbine_2,2025-12-30T18:00:00Z,2025-12-31T01:00:00Z,7.0,0.01,0.008158237657912598,0.006807143540298793
turbine_2,2025-12-30T18:00:00Z,2025-12-31T02:00:00Z,8.0,0.01,0.01252499338314006,0.007829417311629866
turbine_2,2025-12-30T18:00:00Z,2025-12-31T03:00:00Z,9.0,0.01,0.010108802353163887,0.007006003175917569
turbine_2,2025-12-30T18:00:00Z,2025-12-31T04:00:00Z,10.0,0.0616666666666666,0.010146606809223524,0.00783316440366355
turbine_2,2025-12-30T18:00:00Z,2025-12-31T05:00:00Z,11.0,0.115,0.020675981658246745,0.02160233806944531
turbine_2,2025-12-30T18:00:00Z,2025-12-31T06:00:00Z,12.0,0.0866666666666666,0.03447188243495272,0.02655523601101914
turbine_2,2025-12-30T18:00:00Z,2025-12-31T07:00:00Z,13.0,0.19,0.08347688514646114,0.0554351352330011
turbine_2,2025-12-30T18:00:00Z,2025-12-31T08:00:00Z,14.0,0.3616666666666666,0.17389447740648167,0.19042030095226128
turbine_2,2025-12-30T18:00:00Z,2025-12-31T09:00:00Z,15.0,0.1016666666666666,0.31252567332357195,0.28277109377258236
turbine_2,2025-12-30T18:00:00Z,2025-12-31T10:00:00Z,16.0,0.0083333333333333,0.21005971693138126,0.1880771890450224
turbine_2,2025-12-30T18:00:00Z,2025-12-31T11:00:00Z,17.0,0.005,0.29112367234551184,0.2640209795749708
turbine_2,2025-12-30T18:00:00Z,2025-12-31T12:00:00Z,18.0,0.0366666666666666,0.2930715548724535,0.23632571800565616
turbine_2,2025-12-30T18:00:00Z,2025-12-31T13:00:00Z,19.0,0.0766666666666666,0.43041570994655676,0.3713097998960712
turbine_2,2025-12-30T18:00:00Z,2025-12-31T14:00:00Z,20.0,0.0133333333333333,0.5506942643674347,0.4257158433366373
turbine_2,2025-12-30T18:00:00Z,2025-12-31T15:00:00Z,21.0,0.0183333333333333,0.4514357794717344,0.40554935038334483
turbine_2,2025-12-30T18:00:00Z,2025-12-31T16:00:00Z,22.0,0.0216666666666666,0.25521018869870576,0.22514934913835286
