site_id,forecast_origin,target_time,lead_hours,actual,incumbent_prediction,candidate_prediction
turbine_2,2025-11-30T18:00:00Z,2025-11-30T19:00:00Z,1.0,0.01,0.023540508594176696,0.04328225819709314
turbine_2,2025-11-30T18:00:00Z,2025-11-30T20:00:00Z,2.0,0.01,0.022358392555625273,0.016476572363283343
turbine_2,2025-11-30T18:00:00Z,2025-11-30T21:00:00Z,3.0,0.0083333333333333,0.025878691386394065,0.017660043236094325
turbine_2,2025-11-30T18:00:00Z,2025-11-30T22:00:00Z,4.0,0.0083333333333333,0.02447491934942031,0.016577790280444732
turbine_2,2025-11-30T18:00:00Z,2025-11-30T23:00:00Z,5.0,0.0083333333333333,0.028566728495031946,0.013087645323501651
turbine_2,2025-11-30T18:00:00Z,2025-12-01T00:00:00Z,6.0,0.0116666666666666,0.031580820291483624,0.022179252620076306
turbine_2,2025-11-30T18:00:00Z,2025-12-01T01:00:00Z,7.0,0.0116666666666666,0.04069790220543362,0.02819937502371342
turbine_2,2025-11-30T18:00:00Z,2025-12-01T02:00:00Z,8.0,0.055,0.08520356045023217,0.05640634001313807
turbine_2,2025-11-30T18:00:00Z,2025-12-01T03:00:00Z,9.0,0.0633333333333333,0.2869689102589009,0.19369149242012265
turbine_2,2025-11-30T18:00:00Z,2025-12-01T04:00:00Z,10.0,0.1533333333333333,0.45222348594270445,0.41615009112099255
turbine_2,2025-11-30T18:00:00Z,2025-12-01T05:00:00Z,11.0,0.1566666666666666,0.7296226771580293,0.7237000595749778
turbine_2,2025-11-30T18:00:00Z,2025-12-01T06:00:00Z,12.0,0.1316666666666666,0.8871572887384491,0.9265378050423951
turbine_2,2025-11-30T18:00:00Z,2025-12-01T07:00:00Z,13.0,0.6416666666666667,0.95540509412124,0.9526182781256176
turbine_2,2025-11-30T18:00:00Z,2025-12-01T08:00:00Z,14.0,0.96,0.9672437041160185,0.9578576169428827
turbine_2,2025-11-30T18:00:00Z,2025-12-01T09:00:00Z,15.0,0.9633333333333332,0.9512061242337324,0.944562914760435
turbine_2,2025-11-30T18:00:00Z,2025-12-01T10:00:00Z,16.0,0.8733333333333334,0.8991067629492454,0.8809165236470169
turbine_2,2025-11-30T18:00:00Z,2025-12-01T11:00:00Z,17.0,0.7066666666666667,0.8337861586003076,0.8115615432689034
turbine_2,2025-11-30T18:00:00Z,2025-12-01T12:00:00Z,18.0,0.5833333333333334,0.7096697873848826,0.7080056957257836
turbine_2,2025-11-30T18:00:00Z,2025-12-01T13:00:00Z,19.0,0.7000000000000001,0.630337427649664,0.6256748198484516
turbine_2,2025-11-30T18:00:00Z,2025-12-01T14:00:00Z,20.0,0.8983333333333333,0.5489650360989013,0.5235292785841684
turbine_2,2025-11-30T18:00:00Z,2025-12-01T15:00:00Z,21.0,0.975,0.557345564640964,0.5564248455333973
turbine_2,2025-11-30T18:00:00Z,2025-12-01T16:00:00Z,22.0,0.9466666666666668,0.5848466460741273,0.528727414499772
turbine_2,2025-11-30T18:00:00Z,2025-12-01T17:00:00Z,23.0,0.9616666666666666,0.5848466460741273,0.4820160980215604
turbine_2,2025-11-30T18:00:00Z,2025-12-01T18:00:00Z,24.0,0.8816666666666667,0.5076931027755693,0.47961458994120737
turbine_2,2025-11-30T18:00:00Z,2025-12-01T19:00:00Z,25.0,0.62,0.5529854890249086,0.4746994066965685
turbine_2,2025-11-30T18:00:00Z,2025-12-01T20:00:00Z,26.0,0.5316666666666666,0.5214239616554375,0.41714383148123924
turbine_2,2025-11-30T18:00:00Z,2025-12-01T21:00:00Z,27.0,0.145,0.5236438262050351,0.4264025906875306
turbine_2,2025-11-30T18:00:00Z,2025-12-01T22:00:00Z,28.0,0.0233333333333333,0.47123697715552865,0.3916118397085834
turbine_2,2025-11-30T18:00:00Z,2025-12-01T23:00:00Z,29.0,0.0266666666666666,0.38522902309065343,0.33254649743340636
turbine_2,2025-11-30T18:00:00Z,2025-12-02T00:00:00Z,30.0,0.0249999999999999,0.24446572693659332,0.19029515475409992
turbine_2,2025-11-30T18:00:00Z,2025-12-02T01:00:00Z,31.0,0.0333333333333333,0.08353015165951405,0.18540662659349672
turbine_2,2025-11-30T18:00:00Z,2025-12-02T02:00:00Z,32.0,0.0999999999999999,0.056758957832161436,0.10718044931983499
turbine_2,2025-11-30T18:00:00Z,2025-12-02T03:00:00Z,33.0,0.1483333333333333,0.03889195887620764,0.05726837528750853
turbine_2,2025-11-30T18:00:00Z,2025-12-02T04:00:00Z,34.0,0.1283333333333333,0.01560103532044907,0.04975502143984753
turbine_2,2025-11-30T18:00:00Z,2025-12-02T05:00:00Z,35.0,0.075,0.012132395137584878,0.03582815241495951
turbine_2,2025-11-30T18:00:00Z,2025-12-02T06:00:00Z,36.0,0.0966666666666666,0.015600547319054248,0.022306392766439226
turbine_2,2025-11-30T18:00:00Z,2025-12-02T07:00:00Z,37.0,0.0783333333333333,0.02656037501559294,0.027205299732215388
turbine_2,2025-11-30T18:00:00Z,2025-12-02T08:00:00Z,38.0,0.0466666666666666,0.032604942685766025,0.0318101155107319
turbine_2,2025-11-30T18:00:00Z,2025-12-02T09:00:00Z,39.0,0.0716666666666666,0.037752946583272856,0.029418243953986317
turbine_2,2025-11-30T18:00:00Z,2025-12-02T10:00:00Z,40.0,0.045,0.04196315521193786,0.029974711229147993
turbine_2,2025-11-30T18:00:00Z,2025-12-02T11:00:00Z,41.0,0.0083333333333333,0.08743369006141075,0.07010328531850307
turbine_2,2025-11-30T18:00:00Z,2025-12-02T12:00:00Z,42.0,0.01,0.10818037589433308,0.10150064400386963
turbine_2,2025-11-30T18:00:00Z,2025-12-02T13:00:00Z,43.0,0.01,0.11888559356920447,0.10465460493945235
turbine_2,2025-11-30T18:00:00Z,2025-12-02T14:00:00Z,44.0,0.0083333333333333,0.08824161126605845,0.0839966492392446
turbine_2,2025-11-30T18:00:00Z,2025-12-02T15:00:00Z,45.0,0.0066666666666666,0.07046883148062238,0.06903948339723986
turbine_2,2025-11-30T18:00:00Z,2025-12-02T16:00:00Z,46.0,0.0116666666666666,0.04509763954506532,0.03854968269822018
turbine_2,2025-11-30T18:00:00Z,2025-12-02T17:00:00Z,47.0,0.0083333333333333,0.04029550323973294,0.03694672130687238
turbine_2,2025-11-30T18:00:00Z,2025-12-02T18:00:00Z,48.0,0.01,0.0352774435932188,0.046294008783162505
turbine_2,2025-12-01T18:00:00Z,2025-12-01T19:00:00Z,1.0,0.62,0.428767012921061,0.4175265080285723
turbine_2,2025-12-01T18:00:00Z,2025-12-01T20:00:00Z,2.0,0.5316666666666666,0.3614950840129547,0.3744016692562284
turbine_2,2025-12-01T18:00:00Z,2025-12-01T21:00:00Z,3.0,0.145,0.3970056360408404,0.30856945360080523
turbine_2,2025-12-01T18:00:00Z,2025-12-01T22:00:00Z,4.0,0.0233333333333333,0.28536774879979526,0.24611328456311685
turbine_2,2025-12-01T18:00:00Z,2025-12-01T23:00:00Z,5.0,0.0266666666666666,0.09605014163667505,0.09469195986021398
turbine_2,2025-12-01T18:00:00Z,2025-12-02T00:00:00Z,6.0,0.0249999999999999,0.053724237315317044,0.032618443656784596
turbine_2,2025-12-01T18:00:00Z,2025-12-02T01:00:00Z,7.0,0.0333333333333333,0.034320060468299024,0.022627391545481712
turbine_2,2025-12-01T18:00:00Z,2025-12-02T02:00:00Z,8.0,0.0999999999999999,0.018403963730543982,0.009329340936958336
turbine_2,2025-12-01T18:00:00Z,2025-12-02T03:00:00Z,9.0,0.1483333333333333,0.012818886620693859,0.0037276292874994787
turbine_2,2025-12-01T18:00:00Z,2025-12-02T04:00:00Z,10.0,0.1283333333333333,0.0126881676431852,0.0030941924757514616
turbine_2,2025-12-01T18:00:00Z,2025-12-02T05:00:00Z,11.0,0.075,0.012586699785234384,0.009532900259916877
turbine_2,2025-12-01T18:00:00Z,2025-12-02T06:00:00Z,12.0,0.0966666666666666,0.015753005414687937,0.010536411797146789
turbine_2,2025-12-01T18:00:00Z,2025-12-02T07:00:00Z,13.0,0.0783333333333333,0.02944597640217883,0.021241276106400225
turbine_2,2025-12-01T18:00:00Z,2025-12-02T08:00:00Z,14.0,0.0466666666666666,0.03290288621615334,0.023192069246351227
turbine_2,2025-12-01T18:00:00Z,2025-12-02T09:00:00Z,15.0,0.0716666666666666,0.05125937340017486,0.028745492179893167
turbine_2,2025-12-01T18:00:00Z,2025-12-02T10:00:00Z,16.0,0.045,0.050284458628112594,0.040313303551478025
turbine_2,2025-12-01T18:00:00Z,2025-12-02T11:00:00Z,17.0,0.0083333333333333,0.07878946299993644,0.05085628614110624
turbine_2,2025-12-01T18:00:00Z,2025-12-02T12:00:00Z,18.0,0.01,0.06524978898525932,0.06138543463085569
turbine_2,2025-12-01T18:00:00Z,2025-12-02T13:00:00Z,19.0,0.01,0.06164809759521894,0.05725010565961944
turbine_2,2025-12-01T18:00:00Z,2025-12-02T14:00:00Z,20.0,0.0083333333333333,0.04747220997810947,0.0554322213618179
turbine_2,2025-12-01T18:00:00Z,2025-12-02T15:00:00Z,21.0,0.0066666666666666,0.03835075250618425,0.037906803929250166
turbine_2,2025-12-01T18:00:00Z,2025-12-02T16:00:00Z,22.0,0.0116666666666666,0.03439466917488304,0.028299323467423698
turbine_2,2025-12-01T18:00:00Z,2025-12-02T17:00:00Z,23.0,0.0083333333333333,0.03453164840387846,0.02818781938040013
turbine_2,2025-12-01T18:00:00Z,2025-12-02T18:00:00Z,24.0,0.01,0.029905411665222925,0.02563220893546589
turbine_2,2025-12-01T18:00:00Z,2025-12-02T19:00:00Z,25.0,0.015,0.03546810003615952,0.032975737460988
turbine_2,2025-12-01T18:00:00Z,2025-12-02T20:00:00Z,26.0,0.1033333333333333,0.034737386329750514,0.027164527680028167
turbine_2,2025-12-01T18:00:00Z,2025-12-02T21:00:00Z,27.0,0.1733333333333333,0.045889037521207154,0.03912725513076232
turbine_2,2025-12-01T18:00:00Z,2025-12-02T22:00:00Z,28.0,0.2016666666666666,0.06807317948321852,0.07960539887501482
turbine_2,2025-12-01T18:00:00Z,2025-12-02T23:00:00Z,29.0,0.3083333333333333,0.08666654513337116,0.09578543542767787
turbine_2,2025-12-01T18:00:00Z,2025-12-03T00:00:00Z,30.0,0.3216666666666666,0.09529196618408053,0.10169675688336621
turbine_2,2025-12-01T18:00:00Z,2025-12-03T01:00:00Z,31.0,0.345,0.07697277608394182,0.05608776628606617
turbine_2,2025-12-01T18:00:00Z,2025-12-03T02:00:00Z,32.0,0.5516666666666666,0.07909922003721664,0.06519432677588546
turbine_2,2025-12-01T18:00:00Z,2025-12-03T03:00:00Z,33.0,0.6316666666666667,0.09123967894724164,0.07351982027568668
turbine_2,2025-12-01T18:00:00Z,2025-12-03T04:00:00Z,34.0,0.6066666666666667,0.17881797302099955,0.1921152596385462
turbine_2,2025-12-01T18:00:00Z,2025-12-03T05:00:00Z,35.0,0.3383333333333334,0.3081868312069703,0.3303105695824148
turbine_2,2025-12-01T18:00:00Z,2025-12-03T06:00:00Z,36.0,0.1716666666666666,0.39279221365148076,0.3974625211465501
turbine_2,2025-12-01T18:00:00Z,2025-12-03T07:00:00Z,37.0,0.29,0.4644780461314246,0.41255871818314716
turbine_2,2025-12-01T18:00:00Z,2025-12-03T08:00:00Z,38.0,0.3133333333333333,0.4495927741018917,0.38988064760740127
turbine_2,2025-12-01T18:00:00Z,2025-12-03T09:00:00Z,39.0,0.175,0.37714512509966525,0.2857143059752285
turbine_2,2025-12-01T18:00:00Z,2025-12-03T10:00:00Z,40.0,0.1166666666666666,0.25620398026859803,0.20636436612407505
turbine_2,2025-12-01T18:00:00Z,2025-12-03T11:00:00Z,41.0,0.1216666666666666,0.2121337697348009,0.15219739316214373
turbine_2,2025-12-01T18:00:00Z,2025-12-03T12:00:00Z,42.0,0.1866666666666666,0.21594912513563108,0.16013558600118982
turbine_2,2025-12-01T18:00:00Z,2025-12-03T13:00:00Z,43.0,0.3016666666666667,0.1613746103864578,0.12799640380695884
turbine_2,2025-12-01T18:00:00Z,2025-12-03T14:00:00Z,44.0,0.3933333333333333,0.1755544983484063,0.17161561414206575
turbine_2,2025-12-01T18:00:00Z,2025-12-03T15:00:00Z,45.0,0.295,0.16995288849891815,0.15099718945139864
turbine_2,2025-12-01T18:00:00Z,2025-12-03T16:00:00Z,46.0,0.1933333333333333,0.2357907012401167,0.21873572539728825
turbine_2,2025-12-01T18:00:00Z,2025-12-03T17:00:00Z,47.0,0.1633333333333333,0.2665088049585853,0.2318546316477993
turbine_2,2025-12-01T18:00:00Z,2025-12-03T18:00:00Z,48.0,0.355,0.2553420808116198,0.24530608068568222
turbine_2,2025-12-02T18:00:00Z,2025-12-02T19:00:00Z,1.0,0.015,0.04157723847253858,0.03809563049938261
turbine_2,2025-12-02T18:00:00Z,2025-12-02T20:00:00Z,2.0,0.1033333333333333,0.04338322138952308,0.04147469283933938
turbine_2,2025-12-02T18:00:00Z,2025-12-02T21:00:00Z,3.0,0.1733333333333333,0.055089958875727776,0.058010925958498286
turbine_2,2025-12-02T18:00:00Z,2025-12-02T22:00:00Z,4.0,0.2016666666666666,0.06993541055343687,0.07141734756248506
turbine_2,2025-12-02T18:00:00Z,2025-12-02T23:00:00Z,5.0,0.3083333333333333,0.08343244731034033,0.055938531036615446
turbine_2,2025-12-02T18:00:00Z,2025-12-03T00:00:00Z,6.0,0.3216666666666666,0.09414909174293745,0.08180151764391352
turbine_2,2025-12-02T18:00:00Z,2025-12-03T01:00:00Z,7.0,0.345,0.08401719584026815,0.07922562982003291
turbine_2,2025-12-02T18:00:00Z,2025-12-03T02:00:00Z,8.0,0.5516666666666666,0.09586724443221045,0.09310376423926076
turbine_2,2025-12-02T18:00:00Z,2025-12-03T03:00:00Z,9.0,0.6316666666666667,0.13040445121106764,0.1018073834651501
turbine_2,2025-12-02T18:00:00Z,2025-12-03T04:00:00Z,10.0,0.6066666666666667,0.18646392513728222,0.1987422626356089
turbine_2,2025-12-02T18:00:00Z,2025-12-03T05:00:00Z,11.0,0.3383333333333334,0.3087093769391366,0.3244441775250959
turbine_2,2025-12-02T18:00:00Z,2025-12-03T06:00:00Z,12.0,0.1716666666666666,0.3737520810530663,0.3527250555264051
turbine_2,2025-12-02T18:00:00Z,2025-12-03T07:00:00Z,13.0,0.29,0.4361911682425911,0.3975188779778541
turbine_2,2025-12-02T18:00:00Z,2025-12-03T08:00:00Z,14.0,0.3133333333333333,0.4508732734805363,0.38806379317412154
turbine_2,2025-12-02T18:00:00Z,2025-12-03T09:00:00Z,15.0,0.175,0.3806574763836238,0.29002350094262097
turbine_2,2025-12-02T18:00:00Z,2025-12-03T10:00:00Z,16.0,0.1166666666666666,0.32432923163067284,0.24060177441150693
turbine_2,2025-12-02T18:00:00Z,2025-12-03T11:00:00Z,17.0,0.1216666666666666,0.23565909833779103,0.2288156628098352
turbine_2,2025-12-02T18:00:00Z,2025-12-03T12:00:00Z,18.0,0.1866666666666666,0.20899731561874652,0.14319232978108043
turbine_2,2025-12-02T18:00:00Z,2025-12-03T13:00:00Z,19.0,0.3016666666666667,0.22810765893835766,0.20134253236043737
turbine_2,2025-12-02T18:00:00Z,2025-12-03T14:00:00Z,20.0,0.3933333333333333,0.17733784859490126,0.16630044299639565
turbine_2,2025-12-02T18:00:00Z,2025-12-03T15:00:00Z,21.0,0.295,0.2569364869681683,0.2517934956438286
turbine_2,2025-12-02T18:00:00Z,2025-12-03T16:00:00Z,22.0,0.1933333333333333,0.20043264092206192,0.17270724805767346
turbine_2,2025-12-02T18:00:00Z,2025-12-03T17:00:00Z,23.0,0.1633333333333333,0.262460099749948,0.22369138354545617
turbine_2,2025-12-02T18:00:00Z,2025-12-03T18:00:00Z,24.0,0.355,0.19781387906837428,0.2046405073384453
turbine_2,2025-12-02T18:00:00Z,2025-12-03T19:00:00Z,25.0,0.1399999999999999,0.18474387448678867,0.17234159998207832
turbine_2,2025-12-02T18:00:00Z,2025-12-03T20:00:00Z,26.0,0.0816666666666666,0.12798629475864606,0.11094596272297085
turbine_2,2025-12-02T18:00:00Z,2025-12-03T21:00:00Z,27.0,0.1399999999999999,0.18738438993048134,0.1680901955690935
turbine_2,2025-12-02T18:00:00Z,2025-12-03T22:00:00Z,28.0,0.14,0.2305261787011762,0.20130325758393425
turbine_2,2025-12-02T18:00:00Z,2025-12-03T23:00:00Z,29.0,0.075,0.22888661760102763,0.1793134975931414
turbine_2,2025-12-02T18:00:00Z,2025-12-04T00:00:00Z,30.0,0.08,0.4538886564175137,0.43426741488329523
turbine_2,2025-12-02T18:00:00Z,2025-12-04T01:00:00Z,31.0,0.075,0.3364222114495641,0.21794244925635167
turbine_2,2025-12-02T18:00:00Z,2025-12-04T02:00:00Z,32.0,0.115,0.357046851997462,0.3948785151993979
turbine_2,2025-12-02T18:00:00Z,2025-12-04T03:00:00Z,33.0,0.17,0.363947050991809,0.3065707814910874
turbine_2,2025-12-02T18:00:00Z,2025-12-04T04:00:00Z,34.0,0.0966666666666666,0.14626576995450596,0.13379859966946853
turbine_2,2025-12-02T18:00:00Z,2025-12-04T05:00:00Z,35.0,0.0416666666666666,0.14230944095194747,0.1356097083349595
turbine_2,2025-12-02T18:00:00Z,2025-12-04T06:00:00Z,36.0,0.0216666666666666,0.10239026522516043,0.0786771536222813
turbine_2,2025-12-02T18:00:00Z,2025-12-04T07:00:00Z,37.0,0.0433333333333333,0.07295735931975628,0.08735546605730854
turbine_2,2025-12-02T18:00:00Z,2025-12-04T08:00:00Z,38.0,0.0416666666666666,0.06462988836525846,0.07415453104142063
turbine_2,2025-12-02T18:00:00Z,2025-12-04T09:00:00Z,39.0,0.065,0.04243307441410607,0.0528859881770172
turbine_2,2025-12-02T18:00:00Z,2025-12-04T10:00:00Z,40.0,0.0166666666666666,0.03359018792081045,0.04326598612009566
turbine_2,2025-12-02T18:00:00Z,2025-12-04T11:00:00Z,41.0,0.15,0.038391747423139194,0.02966453486023432
turbine_2,2025-12-02T18:00:00Z,2025-12-04T12:00:00Z,42.0,0.2183333333333333,0.04246647395879441,0.04469344017709567
turbine_2,2025-12-02T18:00:00Z,2025-12-04T13:00:00Z,43.0,0.15,0.04537243072768643,0.05544029169623557
turbine_2,2025-12-02T18:00:00Z,2025-12-04T14:00:00Z,44.0,0.0566666666666666,0.18410047088261539,0.14516989094539343
turbine_2,2025-12-02T18:00:00Z,2025-12-04T15:00:00Z,45.0,0.01,0.21093012589521967,0.20405613674213433
turbine_2,2025-12-02T18:00:00Z,2025-12-04T16:00:00Z,46.0,0.1216666666666666,0.20515144885082168,0.21465909804823705
turbine_2,2025-12-02T18:00:00Z,2025-12-04T17:00:00Z,47.0,0.0966666666666666,0.16094802650908868,0.20158618979927137
turbine_2,2025-12-02T18:00:00Z,2025-12-04T18:00:00Z,48.0,0.055,0.14143829898993818,0.1937245128350267
turbine_2,2025-12-03T18:00:00Z,2025-12-03T19:00:00Z,1.0,0.1399999999999999,0.13002608112994288,0.15184688102856828
turbine_2,2025-12-03T18:00:00Z,2025-12-03T20:00:00Z,2.0,0.0816666666666666,0.0998177344321304,0.10585833401615069
turbine_2,2025-12-03T18:00:00Z,2025-12-03T21:00:00Z,3.0,0.1399999999999999,0.08251624552405393,0.060943385070156064
turbine_2,2025-12-03T18:00:00Z,2025-12-03T22:00:00Z,4.0,0.14,0.0802791786320672,0.13562406636213847
turbine_2,2025-12-03T18:00:00Z,2025-12-03T23:00:00Z,5.0,0.075,0.0705531157201337,0.08379211678313417
turbine_2,2025-12-03T18:00:00Z,2025-12-04T00:00:00Z,6.0,0.08,0.08364009047193549,0.04936044702089204
turbine_2,2025-12-03T18:00:00Z,2025-12-04T01:00:00Z,7.0,0.075,0.09713086012631034,0.11236918657089262
turbine_2,2025-12-03T18:00:00Z,2025-12-04T02:00:00Z,8.0,0.115,0.07705036144231017,0.04127866592032667
turbine_2,2025-12-03T18:00:00Z,2025-12-04T03:00:00Z,9.0,0.17,0.069692009872237,0.07108646954334395
turbine_2,2025-12-03T18:00:00Z,2025-12-04T04:00:00Z,10.0,0.0966666666666666,0.14326921609671742,0.155696989266571
turbine_2,2025-12-03T18:00:00Z,2025-12-04T05:00:00Z,11.0,0.0416666666666666,0.1843199356077714,0.20361191197057268
turbine_2,2025-12-03T18:00:00Z,2025-12-04T06:00:00Z,12.0,0.0216666666666666,0.17624169218917296,0.1355249502188701
turbine_2,2025-12-03T18:00:00Z,2025-12-04T07:00:00Z,13.0,0.0433333333333333,0.2331346542598554,0.20546104921563185
turbine_2,2025-12-03T18:00:00Z,2025-12-04T08:00:00Z,14.0,0.0416666666666666,0.2474257612062447,0.18738237332458377
turbine_2,2025-12-03T18:00:00Z,2025-12-04T09:00:00Z,15.0,0.065,0.15537001324751393,0.1011398639814124
turbine_2,2025-12-03T18:00:00Z,2025-12-04T10:00:00Z,16.0,0.0166666666666666,0.051911550034755505,0.04957564355719821
turbine_2,2025-12-03T18:00:00Z,2025-12-04T11:00:00Z,17.0,0.15,0.04036082705010105,0.04268328360535015
turbine_2,2025-12-03T18:00:00Z,2025-12-04T12:00:00Z,18.0,0.2183333333333333,0.0329372061287482,0.034190512086159
turbine_2,2025-12-03T18:00:00Z,2025-12-04T13:00:00Z,19.0,0.15,0.038378905101645044,0.035342507709376275
turbine_2,2025-12-03T18:00:00Z,2025-12-04T14:00:00Z,20.0,0.0566666666666666,0.06793572742829328,0.05936498695410265
turbine_2,2025-12-03T18:00:00Z,2025-12-04T15:00:00Z,21.0,0.01,0.07792480048928185,0.0678671348728181
turbine_2,2025-12-03T18:00:00Z,2025-12-04T16:00:00Z,22.0,0.1216666666666666,0.09158106971829935,0.0884601735730957
turbine_2,2025-12-03T18:00:00Z,2025-12-04T17:00:00Z,23.0,0.0966666666666666,0.10922194103519603,0.10263150926956323
turbine_2,2025-12-03T18:00:00Z,2025-12-04T18:00:00Z,24.0,0.055,0.06284862064847604,0.07246632205484158
turbine_2,2025-12-03T18:00:00Z,2025-12-04T19:00:00Z,25.0,0.0183333333333333,0.05118510636092399,0.053893711894820645
turbine_2,2025-12-03T18:00:00Z,2025-12-04T20:00:00Z,26.0,0.015,0.04202182015893047,0.04306392938354284
turbine_2,2025-12-03T18:00:00Z,2025-12-04T21:00:00Z,27.0,0.0083333333333333,0.022506891581473065,0.029608507624721947
turbine_2,2025-12-03T18:00:00Z,2025-12-04T22:00:00Z,28.0,0.015,0.038922334567791095,0.042385378618757824
turbine_2,2025-12-03T18:00:00Z,2025-12-04T23:00:00Z,29.0,0.0466666666666666,0.04730942341019545,0.05566073714336742
turbine_2,2025-12-03T18:00:00Z,2025-12-05T00:00:00Z,30.0,0.0116666666666666,0.05965041630650633,0.06830001340895059
turbine_2,2025-12-03T18:00:00Z,2025-12-05T01:00:00Z,31.0,0.0383333333333333,0.05209111714396503,0.06365748540223169
turbine_2,2025-12-03T18:00:00Z,2025-12-05T02:00:00Z,32.0,0.01,0.0677801234762955,0.07105461254243824
turbine_2,2025-12-03T18:00:00Z,2025-12-05T03:00:00Z,33.0,0.01,0.0286146528769613,0.055863591301603774
turbine_2,2025-12-03T18:00:00Z,2025-12-05T04:00:00Z,34.0,0.0083333333333333,0.01959266771807669,0.055257835742954564
turbine_2,2025-12-03T18:00:00Z,2025-12-05T05:00:00Z,35.0,0.0083333333333333,0.013631420741792327,0.02370162204542592
turbine_2,2025-12-03T18:00:00Z,2025-12-05T06:00:00Z,36.0,0.01,0.026685307336613284,0.024180068955262535
turbine_2,2025-12-03T18:00:00Z,2025-12-05T07:00:00Z,37.0,0.01,0.03219177295613959,0.027142035631973677
turbine_2,2025-12-03T18:00:00Z,2025-12-05T08:00:00Z,38.0,0.01,0.06097428627869993,0.039605584642157105
turbine_2,2025-12-03T18:00:00Z,2025-12-05T09:00:00Z,39.0,0.0083333333333333,0.09372852902981198,0.08685863871256728
turbine_2,2025-12-03T18:00:00Z,2025-12-05T10:00:00Z,40.0,0.01,0.10359626850503599,0.09917054770233395
turbine_2,2025-12-03T18:00:00Z,2025-12-05T11:00:00Z,41.0,0.01,0.16189568116630584,0.174691608499568
turbine_2,2025-12-03T18:00:00Z,2025-12-05T12:00:00Z,42.0,0.0249999999999999,0.25530110676211165,0.25829854008091724
turbine_2,2025-12-03T18:00:00Z,2025-12-05T13:00:00Z,43.0,0.1583333333333333,0.33453140060222075,0.38941336978015806
turbine_2,2025-12-03T18:00:00Z,2025-12-05T14:00:00Z,44.0,0.1883333333333333,0.3860099841296306,0.5239506079162102
turbine_2,2025-12-03T18:00:00Z,2025-12-05T15:00:00Z,45.0,0.1616666666666666,0.3770505280799319,0.5220642528901143
turbine_2,2025-12-03T18:00:00Z,2025-12-05T16:00:00Z,46.0,0.0666666666666666,0.34757943767045796,0.5047401534632017
turbine_2,2025-12-03T18:00:00Z,2025-12-05T17:00:00Z,47.0,0.12,0.30212107994532034,0.38920416533555124
turbine_2,2025-12-03T18:00:00Z,2025-12-05T18:00:00Z,48.0,0.145,0.29508003649458414,0.3638078567910254
turbine_2,2025-12-04T18:00:00Z,2025-12-04T19:00:00Z,1.0,0.0183333333333333,0.03175644140434805,0.027620956325256213
turbine_2,2025-12-04T18:00:00Z,2025-12-04T20:00:00Z,2.0,0.015,0.023922809066172473,0.022497716226846903
turbine_2,2025-12-04T18:00:00Z,2025-12-04T21:00:00Z,3.0,0.0083333333333333,0.01485272917481556,0.014605862198980385
turbine_2,2025-12-04T18:00:00Z,2025-12-04T22:00:00Z,4.0,0.015,0.015461749828223903,0.009732348429702414
turbine_2,2025-12-04T18:00:00Z,2025-12-04T23:00:00Z,5.0,0.0466666666666666,0.014902857554933563,0.008443531545808042
turbine_2,2025-12-04T18:00:00Z,2025-12-05T00:00:00Z,6.0,0.0116666666666666,0.011991939275545843,0.005924315548358761
turbine_2,2025-12-04T18:00:00Z,2025-12-05T01:00:00Z,7.0,0.0383333333333333,0.02864794173395996,0.014378368461025942
turbine_2,2025-12-04T18:00:00Z,2025-12-05T02:00:00Z,8.0,0.01,0.03014276597898921,0.01467877688216282
turbine_2,2025-12-04T18:00:00Z,2025-12-05T03:00:00Z,9.0,0.01,0.018025501116699344,0.012207912257676895
turbine_2,2025-12-04T18:00:00Z,2025-12-05T04:00:00Z,10.0,0.0083333333333333,0.016588180220743348,0.028848847709405073
turbine_2,2025-12-04T18:00:00Z,2025-12-05T05:00:00Z,11.0,0.0083333333333333,0.023573159588334502,0.023372131859786816
turbine_2,2025-12-04T18:00:00Z,2025-12-05T06:00:00Z,12.0,0.01,0.04693279697450406,0.02673617563797595
turbine_2,2025-12-04T18:00:00Z,2025-12-05T07:00:00Z,13.0,0.01,0.08804204312532536,0.09444627793402857
turbine_2,2025-12-04T18:00:00Z,2025-12-05T08:00:00Z,14.0,0.01,0.17592951294991466,0.16612855924019707
turbine_2,2025-12-04T18:00:00Z,2025-12-05T09:00:00Z,15.0,0.0083333333333333,0.3220361820589561,0.20740406854540983
turbine_2,2025-12-04T18:00:00Z,2025-12-05T10:00:00Z,16.0,0.01,0.38456850633932915,0.3243867133023489
turbine_2,2025-12-04T18:00:00Z,2025-12-05T11:00:00Z,17.0,0.01,0.530360611913419,0.5500901459465669
turbine_2,2025-12-04T18:00:00Z,2025-12-05T12:00:00Z,18.0,0.0249999999999999,0.5963271187156297,0.7257787259264015
turbine_2,2025-12-04T18:00:00Z,2025-12-05T13:00:00Z,19.0,0.1583333333333333,0.5645102362533236,0.6316814078451338
turbine_2,2025-12-04T18:00:00Z,2025-12-05T14:00:00Z,20.0,0.1883333333333333,0.6935588408434693,0.7349098766969598
turbine_2,2025-12-04T18:00:00Z,2025-12-05T15:00:00Z,21.0,0.1616666666666666,0.598906850323929,0.6521158038806203
turbine_2,2025-12-04T18:00:00Z,2025-12-05T16:00:00Z,22.0,0.0666666666666666,0.5973590890626854,0.6828665137151394
turbine_2,2025-12-04T18:00:00Z,2025-12-05T17:00:00Z,23.0,0.12,0.5563006227754157,0.6470243614972945
turbine_2,2025-12-04T18:00:00Z,2025-12-05T18:00:00Z,24.0,0.145,0.460961472234488,0.5669549408797685
turbine_2,2025-12-04T18:00:00Z,2025-12-05T19:00:00Z,25.0,0.01,0.2866782047166508,0.4104785743797505
turbine_2,2025-12-04T18:00:00Z,2025-12-05T20:00:00Z,26.0,0.01,0.2486620150392344,0.3073374163024589
turbine_2,2025-12-04T18:00:00Z,2025-12-05T21:00:00Z,27.0,0.0116666666666666,0.18232638518803096,0.2192838865671707
turbine_2,2025-12-04T18:00:00Z,2025-12-05T22:00:00Z,28.0,0.01,0.059407201627889664,0.0960412507226559
turbine_2,2025-12-04T18:00:00Z,2025-12-05T23:00:00Z,29.0,0.01,0.02199762816760953,0.04986244870589579
turbine_2,2025-12-04T18:00:00Z,2025-12-06T00:00:00Z,30.0,0.01,0.010728701971992882,0.03538451036466553
turbine_2,2025-12-04T18:00:00Z,2025-12-06T01:00:00Z,31.0,0.015,0.010400793195528502,0.006428232910812459
turbine_2,2025-12-04T18:00:00Z,2025-12-06T02:00:00Z,32.0,0.015,0.012489685354741015,0.006759232947036925
turbine_2,2025-12-04T18:00:00Z,2025-12-06T03:00:00Z,33.0,0.125,0.011819925163425143,0.017611216037323685
turbine_2,2025-12-04T18:00:00Z,2025-12-06T04:00:00Z,34.0,0.155,0.016779135234064407,0.021867382371097338
turbine_2,2025-12-04T18:00:00Z,2025-12-06T05:00:00Z,35.0,0.0699999999999999,0.036681238785200326,0.04008992412837284
turbine_2,2025-12-04T18:00:00Z,2025-12-06T06:00:00Z,36.0,0.135,0.1053101105982671,0.10709827248217024
turbine_2,2025-12-04T18:00:00Z,2025-12-06T07:00:00Z,37.0,0.7866666666666666,0.19669382467545984,0.24054705725220027
turbine_2,2025-12-04T18:00:00Z,2025-12-06T08:00:00Z,38.0,0.6699999999999999,0.35449941630930776,0.33746924059820804
turbine_2,2025-12-04T18:00:00Z,2025-12-06T09:00:00Z,39.0,0.6166666666666667,0.4158641801511195,0.40943135695260346
turbine_2,2025-12-04T18:00:00Z,2025-12-06T10:00:00Z,40.0,0.4416666666666666,0.3951824718861098,0.39351176982733427
turbine_2,2025-12-04T18:00:00Z,2025-12-06T11:00:00Z,41.0,0.43,0.4089554318074953,0.33570144906107346
turbine_2,2025-12-04T18:00:00Z,2025-12-06T12:00:00Z,42.0,0.0916666666666666,0.5293488722445749,0.4648552330450534
turbine_2,2025-12-04T18:00:00Z,2025-12-06T13:00:00Z,43.0,0.01,0.5981130419917959,0.5573955175875549
turbine_2,2025-12-04T18:00:00Z,2025-12-06T14:00:00Z,44.0,0.01,0.5875608175738005,0.5763368291235319
turbine_2,2025-12-04T18:00:00Z,2025-12-06T15:00:00Z,45.0,0.01,0.6291911084448998,0.662220310853434
turbine_2,2025-12-04T18:00:00Z,2025-12-06T16:00:00Z,46.0,0.01,0.6256753468140555,0.6172905465557585
turbine_2,2025-12-04T18:00:00Z,2025-12-06T17:00:00Z,47.0,0.0483333333333333,0.6324715074418998,0.5989745039177877
turbine_2,2025-12-04T18:00:00Z,2025-12-06T18:00:00Z,48.0,0.07,0.6264788340849916,0.6268794967212344
turbine_2,2025-12-05T18:00:00Z,2025-12-05T19:00:00Z,1.0,0.01,0.1343113530270126,0.18064944043465478
turbine_2,2025-12-05T18:00:00Z,2025-12-05T20:00:00Z,2.0,0.01,0.0756612936684224,0.11407885113006919
turbine_2,2025-12-05T18:00:00Z,2025-12-05T21:00:00Z,3.0,0.0116666666666666,0.053682089002630023,0.08725333641316792
turbine_2,2025-12-05T18:00:00Z,2025-12-05T22:00:00Z,4.0,0.01,0.026237175803580898,0.05466104368764449
turbine_2,2025-12-05T18:00:00Z,2025-12-05T23:00:00Z,5.0,0.01,0.010182069966861829,0.031005425815749943
turbine_2,2025-12-05T18:00:00Z,2025-12-06T00:00:00Z,6.0,0.01,0.010411711986631295,0.010858546043233996
turbine_2,2025-12-05T18:00:00Z,2025-12-06T01:00:00Z,7.0,0.015,0.021756674594718528,0.0127991317470528
turbine_2,2025-12-05T18:00:00Z,2025-12-06T02:00:00Z,8.0,0.015,0.026931776091278697,0.016338187950400623
turbine_2,2025-12-05T18:00:00Z,2025-12-06T03:00:00Z,9.0,0.125,0.030807205588385483,0.029903569699045257
turbine_2,2025-12-05T18:00:00Z,2025-12-06T04:00:00Z,10.0,0.155,0.029559867329298134,0.023657290281854704
turbine_2,2025-12-05T18:00:00Z,2025-12-06T05:00:00Z,11.0,0.0699999999999999,0.054979034478807906,0.05690153747859339
turbine_2,2025-12-05T18:00:00Z,2025-12-06T06:00:00Z,12.0,0.135,0.1256429501706448,0.11071664154747114
turbine_2,2025-12-05T18:00:00Z,2025-12-06T07:00:00Z,13.0,0.7866666666666666,0.16801311216376894,0.17871231071093727
turbine_2,2025-12-05T18:00:00Z,2025-12-06T08:00:00Z,14.0,0.6699999999999999,0.28742589663684726,0.21960909199282996
turbine_2,2025-12-05T18:00:00Z,2025-12-06T09:00:00Z,15.0,0.6166666666666667,0.3663162541174605,0.30210561459377355
turbine_2,2025-12-05T18:00:00Z,2025-12-06T10:00:00Z,16.0,0.4416666666666666,0.3232595810718115,0.25552857512661886
turbine_2,2025-12-05T18:00:00Z,2025-12-06T11:00:00Z,17.0,0.43,0.3213906442985123,0.311485846592363
turbine_2,2025-12-05T18:00:00Z,2025-12-06T12:00:00Z,18.0,0.0916666666666666,0.5296271235576397,0.5071149649188937
turbine_2,2025-12-05T18:00:00Z,2025-12-06T13:00:00Z,19.0,0.01,0.5150371549932415,0.49280775596228765
turbine_2,2025-12-05T18:00:00Z,2025-12-06T14:00:00Z,20.0,0.01,0.4197063313842943,0.39702028702499836
turbine_2,2025-12-05T18:00:00Z,2025-12-06T15:00:00Z,21.0,0.01,0.2726098647062921,0.27246186330356575
turbine_2,2025-12-05T18:00:00Z,2025-12-06T16:00:00Z,22.0,0.01,0.27403914324752593,0.25772583178545616
turbine_2,2025-12-05T18:00:00Z,2025-12-06T17:00:00Z,23.0,0.0483333333333333,0.3216552910207343,0.3305056777458733
turbine_2,2025-12-05T18:00:00Z,2025-12-06T18:00:00Z,24.0,0.07,0.4108808439992954,0.337846754091744
turbine_2,2025-12-05T18:00:00Z,2025-12-06T19:00:00Z,25.0,0.0733333333333333,0.39776135908677357,0.37149586885057817
turbine_2,2025-12-05T18:00:00Z,2025-12-06T20:00:00Z,26.0,0.1016666666666666,0.39981168993461774,0.38292508090381927
turbine_2,2025-12-05T18:00:00Z,2025-12-06T21:00:00Z,27.0,0.1333333333333333,0.407991367532214,0.37622347621710617
turbine_2,2025-12-05T18:00:00Z,2025-12-06T22:00:00Z,28.0,0.2299999999999999,0.37084713024644744,0.2849359874273083
turbine_2,2025-12-05T18:00:00Z,2025-12-06T23:00:00Z,29.0,0.2433333333333333,0.3700389750237163,0.2689297019106695
turbine_2,2025-12-05T18:00:00Z,2025-12-07T00:00:00Z,30.0,0.3433333333333333,0.33028712048616804,0.19140807252097172
turbine_2,2025-12-05T18:00:00Z,2025-12-07T01:00:00Z,31.0,0.3733333333333333,0.228164062217193,0.18108092190395858
turbine_2,2025-12-05T18:00:00Z,2025-12-07T02:00:00Z,32.0,0.4666666666666666,0.138575945260344,0.13104067068665318
turbine_2,2025-12-05T18:00:00Z,2025-12-07T03:00:00Z,33.0,0.05,0.09726961799009204,0.09584963323411182
turbine_2,2025-12-05T18:00:00Z,2025-12-07T04:00:00Z,34.0,0.0133333333333333,0.07612893594547764,0.07169944912683998
turbine_2,2025-12-05T18:00:00Z,2025-12-07T05:00:00Z,35.0,0.055,0.1155180989964892,0.13465746854380853
turbine_2,2025-12-05T18:00:00Z,2025-12-07T06:00:00Z,36.0,0.0083333333333333,0.10622160907742474,0.08400858991459899
turbine_2,2025-12-05T18:00:00Z,2025-12-07T07:00:00Z,37.0,0.01,0.15144170717339087,0.17989264138807942
turbine_2,2025-12-05T18:00:00Z,2025-12-07T08:00:00Z,38.0,0.01,0.1472244325405841,0.14731897956066367
turbine_2,2025-12-05T18:00:00Z,2025-12-07T09:00:00Z,39.0,0.02,0.09976570074716767,0.11651449479681465
turbine_2,2025-12-05T18:00:00Z,2025-12-07T10:00:00Z,40.0,0.01,0.06194216840106573,0.08304447039442596
turbine_2,2025-12-05T18:00:00Z,2025-12-07T11:00:00Z,41.0,0.03,0.0500462113797108,0.048846345621058135
turbine_2,2025-12-05T18:00:00Z,2025-12-07T12:00:00Z,42.0,0.0066666666666666,0.038060719303900675,0.039820950752070344
turbine_2,2025-12-05T18:00:00Z,2025-12-07T13:00:00Z,43.0,0.075,0.03811109796532275,0.04904533309757339
turbine_2,2025-12-05T18:00:00Z,2025-12-07T14:00:00Z,44.0,0.0133333333333333,0.04031767210502507,0.043305072084040774
turbine_2,2025-12-05T18:00:00Z,2025-12-07T15:00:00Z,45.0,0.01,0.051787113998080225,0.05084118102963872
turbine_2,2025-12-05T18:00:00Z,2025-12-07T16:00:00Z,46.0,0.085,0.056549685705868324,0.051145642339534364
turbine_2,2025-12-05T18:00:00Z,2025-12-07T17:00:00Z,47.0,0.015,0.05991216798335827,0.056988485752408335
turbine_2,2025-12-05T18:00:00Z,2025-12-07T18:00:00Z,48.0,0.01,0.061370419527941866,0.05607410473684345
turbine_2,2025-12-06T18:00:00Z,2025-12-06T19:00:00Z,1.0,0.0733333333333333,0.39505907862732625,0.3316164159843299
turbine_2,2025-12-06T18:00:00Z,2025-12-06T20:00:00Z,2.0,0.1016666666666666,0.33350934275875926,0.32211016143594245
turbine_2,2025-12-06T18:00:00Z,2025-12-06T21:00:00Z,3.0,0.1333333333333333,0.36438283486879175,0.2858511862824855
turbine_2,2025-12-06T18:00:00Z,2025-12-06T22:00:00Z,4.0,0.2299999999999999,0.3861692478250618,0.33103109146412285
turbine_2,2025-12-06T18:00:00Z,2025-12-06T23:00:00Z,5.0,0.2433333333333333,0.39194756227065153,0.35362460644533333
turbine_2,2025-12-06T18:00:00Z,2025-12-07T00:00:00Z,6.0,0.3433333333333333,0.4954634165448109,0.4408856838076111
turbine_2,2025-12-06T18:00:00Z,2025-12-07T01:00:00Z,7.0,0.3733333333333333,0.5155039188002655,0.4938487685851108
turbine_2,2025-12-06T18:00:00Z,2025-12-07T02:00:00Z,8.0,0.4666666666666666,0.5259371745108412,0.4884292067368679
turbine_2,2025-12-06T18:00:00Z,2025-12-07T03:00:00Z,9.0,0.05,0.5976037272511439,0.6017028818420569
turbine_2,2025-12-06T18:00:00Z,2025-12-07T04:00:00Z,10.0,0.0133333333333333,0.5971744054890913,0.5669201451573734
turbine_2,2025-12-06T18:00:00Z,2025-12-07T05:00:00Z,11.0,0.055,0.6345671112362816,0.6951782819465474
turbine_2,2025-12-06T18:00:00Z,2025-12-07T06:00:00Z,12.0,0.0083333333333333,0.608505846853159,0.6243239279697206
turbine_2,2025-12-06T18:00:00Z,2025-12-07T07:00:00Z,13.0,0.01,0.6099090780187189,0.6282255946227617
turbine_2,2025-12-06T18:00:00Z,2025-12-07T08:00:00Z,14.0,0.01,0.6647951828386565,0.6489359795617355
turbine_2,2025-12-06T18:00:00Z,2025-12-07T09:00:00Z,15.0,0.02,0.3595287774557525,0.26009984849847234
turbine_2,2025-12-06T18:00:00Z,2025-12-07T10:00:00Z,16.0,0.01,0.2046771130135314,0.14603436259676292
turbine_2,2025-12-06T18:00:00Z,2025-12-07T11:00:00Z,17.0,0.03,0.12121971954860264,0.15934969902678484
turbine_2,2025-12-06T18:00:00Z,2025-12-07T12:00:00Z,18.0,0.0066666666666666,0.06167832382116836,0.07386996257815177
turbine_2,2025-12-06T18:00:00Z,2025-12-07T13:00:00Z,19.0,0.075,0.05192967031851928,0.04669403152147908
turbine_2,2025-12-06T18:00:00Z,2025-12-07T14:00:00Z,20.0,0.0133333333333333,0.05632552476982515,0.054173832559903976
turbine_2,2025-12-06T18:00:00Z,2025-12-07T15:00:00Z,21.0,0.01,0.039734943212158924,0.037461924487385306
turbine_2,2025-12-06T18:00:00Z,2025-12-07T16:00:00Z,22.0,0.085,0.03417422129976411,0.0319360239320397
turbine_2,2025-12-06T18:00:00Z,2025-12-07T17:00:00Z,23.0,0.015,0.04851456132986012,0.0474433417536439
turbine_2,2025-12-06T18:00:00Z,2025-12-07T18:00:00Z,24.0,0.01,0.06557561964269673,0.06920176483178894
turbine_2,2025-12-06T18:00:00Z,2025-12-07T19:00:00Z,25.0,0.01,0.055402160006159995,0.04983632041575092
turbine_2,2025-12-06T18:00:00Z,2025-12-07T20:00:00Z,26.0,0.01,0.05481383999453132,0.06017323803030089
turbine_2,2025-12-06T18:00:00Z,2025-12-07T21:00:00Z,27.0,0.01,0.06205007007410927,0.05938958010738986
turbine_2,2025-12-06T18:00:00Z,2025-12-07T22:00:00Z,28.0,0.0466666666666666,0.06658951161041203,0.06268357734259392
turbine_2,2025-12-06T18:00:00Z,2025-12-07T23:00:00Z,29.0,0.2183333333333333,0.05908765369446209,0.07065036815520769
turbine_2,2025-12-06T18:00:00Z,2025-12-08T00:00:00Z,30.0,0.1516666666666666,0.35126877544658597,0.4066645953289143
turbine_2,2025-12-06T18:00:00Z,2025-12-08T01:00:00Z,31.0,0.6483333333333333,0.21983602340620909,0.25592218731617283
turbine_2,2025-12-06T18:00:00Z,2025-12-08T02:00:00Z,32.0,0.5316666666666666,0.49046720859658793,0.4020331530579655
turbine_2,2025-12-06T18:00:00Z,2025-12-08T03:00:00Z,33.0,0.3833333333333333,0.6802456625454535,0.7079320819176513
turbine_2,2025-12-06T18:00:00Z,2025-12-08T04:00:00Z,34.0,0.3533333333333333,0.6208945409406683,0.666362163020538
turbine_2,2025-12-06T18:00:00Z,2025-12-08T05:00:00Z,35.0,0.1566666666666666,0.6721044211840574,0.7047201745425862
turbine_2,2025-12-06T18:00:00Z,2025-12-08T06:00:00Z,36.0,0.01,0.5911159504901791,0.6559064472193692
turbine_2,2025-12-06T18:00:00Z,2025-12-08T07:00:00Z,37.0,0.01,0.4064156785091516,0.47678201917021124
turbine_2,2025-12-06T18:00:00Z,2025-12-08T08:00:00Z,38.0,0.0083333333333333,0.24981447103194174,0.21230733459652928
turbine_2,2025-12-06T18:00:00Z,2025-12-08T09:00:00Z,39.0,0.04,0.10338442439753708,0.11928493916105701
turbine_2,2025-12-06T18:00:00Z,2025-12-08T10:00:00Z,40.0,0.4216666666666667,0.03166311676917652,0.03796879471069689
turbine_2,2025-12-06T18:00:00Z,2025-12-08T11:00:00Z,41.0,0.5333333333333333,0.1302307640659558,0.10216608021938509
turbine_2,2025-12-06T18:00:00Z,2025-12-08T12:00:00Z,42.0,0.33,0.30534077324052633,0.2989339465871164
turbine_2,2025-12-06T18:00:00Z,2025-12-08T13:00:00Z,43.0,0.6816666666666666,0.686931583943131,0.7329043754904669
turbine_2,2025-12-06T18:00:00Z,2025-12-08T14:00:00Z,44.0,0.92,0.9392236626350593,0.9209705719121777
turbine_2,2025-12-06T18:00:00Z,2025-12-08T15:00:00Z,45.0,0.9466666666666668,0.9519460351814396,0.91642541880727
turbine_2,2025-12-06T18:00:00Z,2025-12-08T16:00:00Z,46.0,0.96,0.9550092909618272,0.9340167037388707
turbine_2,2025-12-06T18:00:00Z,2025-12-08T17:00:00Z,47.0,0.8533333333333334,0.944141915780885,0.9263583284639247
turbine_2,2025-12-06T18:00:00Z,2025-12-08T18:00:00Z,48.0,0.945,0.8544720702624916,0.8770342862694631
turbine_2,2025-12-07T18:00:00Z,2025-12-07T19:00:00Z,1.0,0.01,0.1416997325560977,0.26330974971154986
turbine_2,2025-12-07T18:00:00Z,2025-12-07T20:00:00Z,2.0,0.01,0.11890693604358755,0.15949915559122435
turbine_2,2025-12-07T18:00:00Z,2025-12-07T21:00:00Z,3.0,0.01,0.19636882765505767,0.20570296914120975
turbine_2,2025-12-07T18:00:00Z,2025-12-07T22:00:00Z,4.0,0.0466666666666666,0.4068240943251805,0.36017437238194105
turbine_2,2025-12-07T18:00:00Z,2025-12-07T23:00:00Z,5.0,0.2183333333333333,0.34439674252786656,0.27181049497040793
turbine_2,2025-12-07T18:00:00Z,2025-12-08T00:00:00Z,6.0,0.1516666666666666,0.42216712854183835,0.2937202179419567
turbine_2,2025-12-07T18:00:00Z,2025-12-08T01:00:00Z,7.0,0.6483333333333333,0.5933048002040563,0.5762107183869436
turbine_2,2025-12-07T18:00:00Z,2025-12-08T02:00:00Z,8.0,0.5316666666666666,0.5398008577087855,0.5541733727566194
turbine_2,2025-12-07T18:00:00Z,2025-12-08T03:00:00Z,9.0,0.3833333333333333,0.5888946978268187,0.5939402525717807
turbine_2,2025-12-07T18:00:00Z,2025-12-08T04:00:00Z,10.0,0.3533333333333333,0.7254544109680999,0.7996362538748243
turbine_2,2025-12-07T18:00:00Z,2025-12-08T05:00:00Z,11.0,0.1566666666666666,0.6748642170590262,0.7150481511918036
turbine_2,2025-12-07T18:00:00Z,2025-12-08T06:00:00Z,12.0,0.01,0.3702175009783003,0.3776665315350862
turbine_2,2025-12-07T18:00:00Z,2025-12-08T07:00:00Z,13.0,0.01,0.17376936300680215,0.17075162401939908
turbine_2,2025-12-07T18:00:00Z,2025-12-08T08:00:00Z,14.0,0.0083333333333333,0.05507443349025373,0.0499188430715464
turbine_2,2025-12-07T18:00:00Z,2025-12-08T09:00:00Z,15.0,0.04,0.041513817488096544,0.03751851212079951
turbine_2,2025-12-07T18:00:00Z,2025-12-08T10:00:00Z,16.0,0.4216666666666667,0.185395877634161,0.150657235224197
turbine_2,2025-12-07T18:00:00Z,2025-12-08T11:00:00Z,17.0,0.5333333333333333,0.6240884908366173,0.573667115845394
turbine_2,2025-12-07T18:00:00Z,2025-12-08T12:00:00Z,18.0,0.33,0.9383944118497526,0.9487285487074939
turbine_2,2025-12-07T18:00:00Z,2025-12-08T13:00:00Z,19.0,0.6816666666666666,0.9380682390236685,0.9345171491780083
turbine_2,2025-12-07T18:00:00Z,2025-12-08T14:00:00Z,20.0,0.92,0.9361072521068774,0.9369618865477185
turbine_2,2025-12-07T18:00:00Z,2025-12-08T15:00:00Z,21.0,0.9466666666666668,0.9517441198109244,0.9371591238033812
turbine_2,2025-12-07T18:00:00Z,2025-12-08T16:00:00Z,22.0,0.96,0.9037417865651839,0.9047793189439055
turbine_2,2025-12-07T18:00:00Z,2025-12-08T17:00:00Z,23.0,0.8533333333333334,0.9461742046153524,0.9533330421006924
turbine_2,2025-12-07T18:00:00Z,2025-12-08T18:00:00Z,24.0,0.945,0.9235167697169065,0.9558803578446835
turbine_2,2025-12-07T18:00:00Z,2025-12-08T19:00:00Z,25.0,0.785,0.8996048066034704,0.8977763643693268
turbine_2,2025-12-07T18:00:00Z,2025-12-08T20:00:00Z,26.0,0.2966666666666667,0.6797541623462736,0.7207670761774517
turbine_2,2025-12-07T18:00:00Z,2025-12-08T21:00:00Z,27.0,0.15,0.5800686938902944,0.6103175753400258
turbine_2,2025-12-07T18:00:00Z,2025-12-08T22:00:00Z,28.0,0.125,0.42718326340140356,0.46739169995627505
turbine_2,2025-12-07T18:00:00Z,2025-12-08T23:00:00Z,29.0,0.075,0.2608036573634104,0.22299455605217483
turbine_2,2025-12-07T18:00:00Z,2025-12-09T00:00:00Z,30.0,0.0249999999999999,0.1289934544689451,0.10935661009886569
turbine_2,2025-12-07T18:00:00Z,2025-12-09T01:00:00Z,31.0,0.0116666666666666,0.06345237116272441,0.039245094519321344
turbine_2,2025-12-07T18:00:00Z,2025-12-09T02:00:00Z,32.0,0.01,0.029209552031479374,0.020375813201833626
turbine_2,2025-12-07T18:00:00Z,2025-12-09T03:00:00Z,33.0,0.01,0.016508550771547198,0.014085860837079356
turbine_2,2025-12-07T18:00:00Z,2025-12-09T04:00:00Z,34.0,0.155,0.01150416767873566,0.013094515933117584
turbine_2,2025-12-07T18:00:00Z,2025-12-09T05:00:00Z,35.0,0.7999999999999999,0.02751982793511637,0.037242324609131655
turbine_2,2025-12-07T18:00:00Z,2025-12-09T06:00:00Z,36.0,0.9083333333333332,0.16059042857858366,0.19816124355351733
turbine_2,2025-12-07T18:00:00Z,2025-12-09T07:00:00Z,37.0,0.9716666666666668,0.8499418487092201,0.8512873583368334
turbine_2,2025-12-07T18:00:00Z,2025-12-09T08:00:00Z,38.0,0.97,0.9690410987020545,0.9633241237007245
turbine_2,2025-12-07T18:00:00Z,2025-12-09T09:00:00Z,39.0,0.9633333333333332,0.9675228083990656,0.9663597150704003
turbine_2,2025-12-07T18:00:00Z,2025-12-09T10:00:00Z,40.0,0.9683333333333332,0.9539521005387733,0.9746545171988235
turbine_2,2025-12-07T18:00:00Z,2025-12-09T11:00:00Z,41.0,0.9533333333333333,0.7626795108949511,0.8082319736402891
turbine_2,2025-12-07T18:00:00Z,2025-12-09T12:00:00Z,42.0,0.9533333333333333,0.6508351286035151,0.7091250522466684
turbine_2,2025-12-07T18:00:00Z,2025-12-09T13:00:00Z,43.0,0.9,0.45148849404227603,0.4756181533603904
turbine_2,2025-12-07T18:00:00Z,2025-12-09T14:00:00Z,44.0,0.9366666666666666,0.2016189289023668,0.23971565946419268
turbine_2,2025-12-07T18:00:00Z,2025-12-09T15:00:00Z,45.0,0.8649999999999999,0.08161432423161344,0.10953272896363593
turbine_2,2025-12-07T18:00:00Z,2025-12-09T16:00:00Z,46.0,0.5466666666666666,0.06050454083804363,0.059797524890148585
turbine_2,2025-12-07T18:00:00Z,2025-12-09T17:00:00Z,47.0,0.145,0.04157564261053784,0.05033159558043118
turbine_2,2025-12-07T18:00:00Z,2025-12-09T18:00:00Z,48.0,0.04,0.04294872618869919,0.04215772604082546
turbine_2,2025-12-08T18:00:00Z,2025-12-08T19:00:00Z,1.0,0.785,0.7821016005743541,0.7695107193905948
turbine_2,2025-12-08T18:00:00Z,2025-12-08T20:00:00Z,2.0,0.2966666666666667,0.6886688521580447,0.7193304743469352
turbine_2,2025-12-08T18:00:00Z,2025-12-08T21:00:00Z,3.0,0.15,0.3661547670785241,0.3322289062509379
turbine_2,2025-12-08T18:00:00Z,2025-12-08T22:00:00Z,4.0,0.125,0.18213139636046544,0.1547762446836936
turbine_2,2025-12-08T18:00:00Z,2025-12-08T23:00:00Z,5.0,0.075,0.07259390558642646,0.041555611457277014
turbine_2,2025-12-08T18:00:00Z,2025-12-09T00:00:00Z,6.0,0.0249999999999999,0.02665952527728227,0.0319998932828246
turbine_2,2025-12-08T18:00:00Z,2025-12-09T01:00:00Z,7.0,0.0116666666666666,0.016231147479358332,0.010607776131626806
turbine_2,2025-12-08T18:00:00Z,2025-12-09T02:00:00Z,8.0,0.01,0.016471238507833885,0.011106306727866694
turbine_2,2025-12-08T18:00:00Z,2025-12-09T03:00:00Z,9.0,0.01,0.02885316451038364,0.01772731831571464
turbine_2,2025-12-08T18:00:00Z,2025-12-09T04:00:00Z,10.0,0.155,0.08916352465732927,0.06046471299853182
turbine_2,2025-12-08T18:00:00Z,2025-12-09T05:00:00Z,11.0,0.7999999999999999,0.4909218559993262,0.5558668514239732
turbine_2,2025-12-08T18:00:00Z,2025-12-09T06:00:00Z,12.0,0.9083333333333332,0.9598482280543279,0.9452883950101523
turbine_2,2025-12-08T18:00:00Z,2025-12-09T07:00:00Z,13.0,0.9716666666666668,0.9619964414169951,0.9625843021527097
turbine_2,2025-12-08T18:00:00Z,2025-12-09T08:00:00Z,14.0,0.97,0.9692808150128867,0.9763103693065562
turbine_2,2025-12-08T18:00:00Z,2025-12-09T09:00:00Z,15.0,0.9633333333333332,0.9632134717382175,0.9740887589636629
turbine_2,2025-12-08T18:00:00Z,2025-12-09T10:00:00Z,16.0,0.9683333333333332,0.8159631938685481,0.8487110087941364
turbine_2,2025-12-08T18:00:00Z,2025-12-09T11:00:00Z,17.0,0.9533333333333333,0.643549054470057,0.6915796946197701
turbine_2,2025-12-08T18:00:00Z,2025-12-09T12:00:00Z,18.0,0.9533333333333333,0.5234745681427536,0.5863404043593359
turbine_2,2025-12-08T18:00:00Z,2025-12-09T13:00:00Z,19.0,0.9,0.2369148364455969,0.25115719811613413
turbine_2,2025-12-08T18:00:00Z,2025-12-09T14:00:00Z,20.0,0.9366666666666666,0.12265121806602836,0.15567586537505465
turbine_2,2025-12-08T18:00:00Z,2025-12-09T15:00:00Z,21.0,0.8649999999999999,0.09674858962616714,0.10703833999931396
turbine_2,2025-12-08T18:00:00Z,2025-12-09T16:00:00Z,22.0,0.5466666666666666,0.049374380765148385,0.06500784537643904
turbine_2,2025-12-08T18:00:00Z,2025-12-09T17:00:00Z,23.0,0.145,0.039700673701578426,0.038362725419852084
turbine_2,2025-12-08T18:00:00Z,2025-12-09T18:00:00Z,24.0,0.04,0.029309510454165633,0.025720618023821917
turbine_2,2025-12-08T18:00:00Z,2025-12-09T19:00:00Z,25.0,0.3316666666666666,0.06767535885279675,0.04499217717686618
turbine_2,2025-12-08T18:00:00Z,2025-12-09T20:00:00Z,26.0,0.6516666666666667,0.14581831064866274,0.15611115346973342
turbine_2,2025-12-08T18:00:00Z,2025-12-09T21:00:00Z,27.0,0.7916666666666666,0.2467683489852998,0.29035776803956836
turbine_2,2025-12-08T18:00:00Z,2025-12-09T22:00:00Z,28.0,0.9433333333333334,0.5085228149810139,0.48704897698369737
turbine_2,2025-12-08T18:00:00Z,2025-12-09T23:00:00Z,29.0,0.9783333333333334,0.6639430479985217,0.6060392957787535
turbine_2,2025-12-08T18:00:00Z,2025-12-10T00:00:00Z,30.0,0.975,0.6171754885912138,0.6073247292586337
turbine_2,2025-12-08T18:00:00Z,2025-12-10T05:00:00Z,35.0,0.6416666666666667,0.9477268110823626,0.9760149946323504
turbine_2,2025-12-08T18:00:00Z,2025-12-10T06:00:00Z,36.0,0.93,0.9616992283461969,0.9759943160112571
turbine_2,2025-12-08T18:00:00Z,2025-12-10T07:00:00Z,37.0,0.9466666666666668,0.9548291568168594,0.9436876529670811
turbine_2,2025-12-08T18:00:00Z,2025-12-10T08:00:00Z,38.0,0.9466666666666668,0.9720894913189879,0.9727086636680077
turbine_2,2025-12-08T18:00:00Z,2025-12-10T09:00:00Z,39.0,0.9616666666666666,0.9718764717194007,0.9728769448267354
turbine_2,2025-12-08T18:00:00Z,2025-12-10T10:00:00Z,40.0,0.97,0.8489664027864234,0.8426304642218634
turbine_2,2025-12-08T18:00:00Z,2025-12-10T11:00:00Z,41.0,0.9733333333333332,0.5624878488448041,0.5308772311197232
turbine_2,2025-12-08T18:00:00Z,2025-12-10T12:00:00Z,42.0,0.9733333333333332,0.4067317765304904,0.3211630167549677
turbine_2,2025-12-08T18:00:00Z,2025-12-10T13:00:00Z,43.0,0.955,0.5113750012101613,0.45582906513670746
turbine_2,2025-12-08T18:00:00Z,2025-12-10T14:00:00Z,44.0,0.98,0.7636553449988238,0.749993627877544
turbine_2,2025-12-08T18:00:00Z,2025-12-10T15:00:00Z,45.0,0.98,0.8489213793463005,0.8182167375480578
turbine_2,2025-12-08T18:00:00Z,2025-12-10T16:00:00Z,46.0,0.98,0.9121719566093779,0.8912062523781908
turbine_2,2025-12-08T18:00:00Z,2025-12-10T17:00:00Z,47.0,0.98,0.9216069137140753,0.8952959977245879
turbine_2,2025-12-08T18:00:00Z,2025-12-10T18:00:00Z,48.0,0.97,0.8367418557668761,0.8615607306262801
turbine_2,2025-12-09T18:00:00Z,2025-12-09T19:00:00Z,1.0,0.3316666666666666,0.10118589673365945,0.09322364481044736
turbine_2,2025-12-09T18:00:00Z,2025-12-09T20:00:00Z,2.0,0.6516666666666667,0.16992826356715804,0.190768831719949
turbine_2,2025-12-09T18:00:00Z,2025-12-09T21:00:00Z,3.0,0.7916666666666666,0.3828992881168163,0.46574057127733237
turbine_2,2025-12-09T18:00:00Z,2025-12-09T22:00:00Z,4.0,0.9433333333333334,0.7414848306793443,0.7138765499242471
turbine_2,2025-12-09T18:00:00Z,2025-12-09T23:00:00Z,5.0,0.9783333333333334,0.9212982495431067,0.947487553778234
turbine_2,2025-12-09T18:00:00Z,2025-12-10T00:00:00Z,6.0,0.975,0.9620066686661513,0.9653897691975692
turbine_2,2025-12-09T18:00:00Z,2025-12-10T05:00:00Z,11.0,0.6416666666666667,0.9423711699953665,0.9649375472084163
turbine_2,2025-12-09T18:00:00Z,2025-12-10T06:00:00Z,12.0,0.93,0.9581677047557512,0.9722741172153377
turbine_2,2025-12-09T18:00:00Z,2025-12-10T07:00:00Z,13.0,0.9466666666666668,0.9673531257773753,0.9711544360070222
turbine_2,2025-12-09T18:00:00Z,2025-12-10T08:00:00Z,14.0,0.9466666666666668,0.9704430232511262,0.9769992464197692
turbine_2,2025-12-09T18:00:00Z,2025-12-10T09:00:00Z,15.0,0.9616666666666666,0.9702480398776185,0.9755380041771645
turbine_2,2025-12-09T18:00:00Z,2025-12-10T10:00:00Z,16.0,0.97,0.9701555060517401,0.9585220282317048
turbine_2,2025-12-09T18:00:00Z,2025-12-10T11:00:00Z,17.0,0.9733333333333332,0.9524444240478436,0.94202855848595
turbine_2,2025-12-09T18:00:00Z,2025-12-10T12:00:00Z,18.0,0.9733333333333332,0.8040724720566628,0.8120207713479597
turbine_2,2025-12-09T18:00:00Z,2025-12-10T13:00:00Z,19.0,0.955,0.9385713005217642,0.939943077988389
turbine_2,2025-12-09T18:00:00Z,2025-12-10T14:00:00Z,20.0,0.98,0.9361163479155042,0.9387749505664569
turbine_2,2025-12-09T18:00:00Z,2025-12-10T15:00:00Z,21.0,0.98,0.9450564527116286,0.9399827707941295
turbine_2,2025-12-09T18:00:00Z,2025-12-10T16:00:00Z,22.0,0.98,0.943950191978229,0.9668365895300859
turbine_2,2025-12-09T18:00:00Z,2025-12-10T17:00:00Z,23.0,0.98,0.9255132740525182,0.9472855909706572
turbine_2,2025-12-09T18:00:00Z,2025-12-10T18:00:00Z,24.0,0.97,0.8845763662712395,0.9410958058166983
turbine_2,2025-12-09T18:00:00Z,2025-12-10T19:00:00Z,25.0,0.9433333333333334,0.8670410836237096,0.9343050157013055
turbine_2,2025-12-09T18:00:00Z,2025-12-10T20:00:00Z,26.0,0.4883333333333333,0.8749129672796191,0.9080859650328883
turbine_2,2025-12-09T18:00:00Z,2025-12-10T21:00:00Z,27.0,0.3533333333333333,0.8139013681461894,0.858194126125839
turbine_2,2025-12-09T18:00:00Z,2025-12-10T22:00:00Z,28.0,0.0883333333333333,0.7511691021133854,0.7386152197603608
turbine_2,2025-12-09T18:00:00Z,2025-12-10T23:00:00Z,29.0,0.005,0.6394432866694928,0.5905015727215397
turbine_2,2025-12-09T18:00:00Z,2025-12-11T00:00:00Z,30.0,0.0083333333333333,0.21805654107993974,0.19591517037992578
turbine_2,2025-12-09T18:00:00Z,2025-12-11T01:00:00Z,31.0,0.0349999999999999,0.07683326741189983,0.09139427208171969
turbine_2,2025-12-09T18:00:00Z,2025-12-11T02:00:00Z,32.0,0.01,0.010557294657283972,0.01289707357052608
turbine_2,2025-12-09T18:00:00Z,2025-12-11T03:00:00Z,33.0,0.3283333333333333,0.03498607898380429,0.03227835805707299
turbine_2,2025-12-09T18:00:00Z,2025-12-11T04:00:00Z,34.0,0.98,0.10986265701336397,0.08657888148871176
turbine_2,2025-12-09T18:00:00Z,2025-12-11T05:00:00Z,35.0,0.9,0.6180046594341173,0.6939065053214422
turbine_2,2025-12-09T18:00:00Z,2025-12-11T06:00:00Z,36.0,0.3066666666666666,0.9365360637486233,0.9406234380037355
turbine_2,2025-12-09T18:00:00Z,2025-12-11T07:00:00Z,37.0,0.9783333333333334,0.966760819512255,0.9600378599616579
turbine_2,2025-12-09T18:00:00Z,2025-12-11T08:00:00Z,38.0,0.975,0.9737978759011406,0.9636861592975074
turbine_2,2025-12-09T18:00:00Z,2025-12-11T09:00:00Z,39.0,0.22,0.9721478285277407,0.9611592388691887
turbine_2,2025-12-09T18:00:00Z,2025-12-11T12:00:00Z,42.0,0.98,0.9727255585233303,0.9784623556600284
turbine_2,2025-12-09T18:00:00Z,2025-12-11T13:00:00Z,43.0,0.9733333333333332,0.9743499114050056,0.9744159508654784
turbine_2,2025-12-09T18:00:00Z,2025-12-11T14:00:00Z,44.0,0.975,0.9740243522273753,0.9744582421543725
turbine_2,2025-12-09T18:00:00Z,2025-12-11T15:00:00Z,45.0,0.9766666666666666,0.9669255717354452,0.9747984501049974
turbine_2,2025-12-09T18:00:00Z,2025-12-11T16:00:00Z,46.0,0.98,0.9672366683114668,0.9701974674832721
turbine_2,2025-12-09T18:00:00Z,2025-12-11T17:00:00Z,47.0,0.9783333333333334,0.9672366683114668,0.9718439154811321
turbine_2,2025-12-09T18:00:00Z,2025-12-11T18:00:00Z,48.0,0.98,0.9524920059708161,0.9711563586028168
turbine_2,2025-12-10T18:00:00Z,2025-12-10T19:00:00Z,1.0,0.9433333333333334,0.8506548205282333,0.9127283109398476
turbine_2,2025-12-10T18:00:00Z,2025-12-10T20:00:00Z,2.0,0.4883333333333333,0.695970834433098,0.7197209093578548
turbine_2,2025-12-10T18:00:00Z,2025-12-10T21:00:00Z,3.0,0.3533333333333333,0.42126271062383114,0.4092657204255192
turbine_2,2025-12-10T18:00:00Z,2025-12-10T22:00:00Z,4.0,0.0883333333333333,0.1544725642359926,0.18004219787397396
turbine_2,2025-12-10T18:00:00Z,2025-12-10T23:00:00Z,5.0,0.005,0.017745619481970315,0.04147543840454446
turbine_2,2025-12-10T18:00:00Z,2025-12-11T00:00:00Z,6.0,0.0083333333333333,0.02345031181101176,0.01946412582498902
turbine_2,2025-12-10T18:00:00Z,2025-12-11T01:00:00Z,7.0,0.0349999999999999,0.035743117477782665,0.038156812591597894
turbine_2,2025-12-10T18:00:00Z,2025-12-11T02:00:00Z,8.0,0.01,0.13309493786837073,0.13292577297618327
turbine_2,2025-12-10T18:00:00Z,2025-12-11T03:00:00Z,9.0,0.3283333333333333,0.7587365190612301,0.8320603504480886
turbine_2,2025-12-10T18:00:00Z,2025-12-11T04:00:00Z,10.0,0.98,0.9298340636761817,0.9340172753286511
turbine_2,2025-12-10T18:00:00Z,2025-12-11T05:00:00Z,11.0,0.9,0.9419224371597261,0.9552275505773817
turbine_2,2025-12-10T18:00:00Z,2025-12-11T06:00:00Z,12.0,0.3066666666666666,0.9629020637395639,0.9520748123389821
turbine_2,2025-12-10T18:00:00Z,2025-12-11T07:00:00Z,13.0,0.9783333333333334,0.9667532186160815,0.9651574692289706
turbine_2,2025-12-10T18:00:00Z,2025-12-11T08:00:00Z,14.0,0.975,0.9739593876805163,0.976681616865355
turbine_2,2025-12-10T18:00:00Z,2025-12-11T09:00:00Z,15.0,0.22,0.9725855239043185,0.9755354677717546
turbine_2,2025-12-10T18:00:00Z,2025-12-11T12:00:00Z,18.0,0.98,0.971833559704001,0.9813219519311582
turbine_2,2025-12-10T18:00:00Z,2025-12-11T13:00:00Z,19.0,0.9733333333333332,0.9738154588059499,0.9758727668184926
turbine_2,2025-12-10T18:00:00Z,2025-12-11T14:00:00Z,20.0,0.975,0.973188408084833,0.9768793889570244
turbine_2,2025-12-10T18:00:00Z,2025-12-11T15:00:00Z,21.0,0.9766666666666666,0.9741984503425896,0.9768793889570244
turbine_2,2025-12-10T18:00:00Z,2025-12-11T16:00:00Z,22.0,0.98,0.9743957890309235,0.9723873107750153
turbine_2,2025-12-10T18:00:00Z,2025-12-11T17:00:00Z,23.0,0.9783333333333334,0.9743957890309235,0.9736453952744131
turbine_2,2025-12-10T18:00:00Z,2025-12-11T18:00:00Z,24.0,0.98,0.9595067001634814,0.9740632651213886
turbine_2,2025-12-10T18:00:00Z,2025-12-11T19:00:00Z,25.0,0.98,0.9520504277706683,0.9701008958748419
turbine_2,2025-12-10T18:00:00Z,2025-12-11T20:00:00Z,26.0,0.98,0.9524152156527099,0.9689689351854733
turbine_2,2025-12-10T18:00:00Z,2025-12-11T21:00:00Z,27.0,0.98,0.9425609641500061,0.9481858793079004
turbine_2,2025-12-10T18:00:00Z,2025-12-11T22:00:00Z,28.0,0.98,0.9316701609672728,0.962233458099766
turbine_2,2025-12-10T18:00:00Z,2025-12-11T23:00:00Z,29.0,0.98,0.9318048609472146,0.9467614112330097
turbine_2,2025-12-10T18:00:00Z,2025-12-12T00:00:00Z,30.0,0.9783333333333334,0.9318521949521135,0.9368522932814433
turbine_2,2025-12-10T18:00:00Z,2025-12-12T01:00:00Z,31.0,0.98,0.9318798383760528,0.9409109188211501
turbine_2,2025-12-10T18:00:00Z,2025-12-12T04:00:00Z,34.0,0.9783333333333334,0.9302502113912755,0.9507921503667136
turbine_2,2025-12-10T18:00:00Z,2025-12-12T05:00:00Z,35.0,0.98,0.9405429435151978,0.9525722212932244
turbine_2,2025-12-10T18:00:00Z,2025-12-12T06:00:00Z,36.0,0.9766666666666666,0.9615225700950356,0.9366173934508962
turbine_2,2025-12-10T18:00:00Z,2025-12-12T07:00:00Z,37.0,0.9766666666666666,0.966760819512255,0.952187063378008
turbine_2,2025-12-10T18:00:00Z,2025-12-12T08:00:00Z,38.0,0.9716666666666668,0.9737978759011406,0.9596262011814228
turbine_2,2025-12-10T18:00:00Z,2025-12-12T09:00:00Z,39.0,0.9783333333333334,0.9721478285277407,0.9569319638566803
turbine_2,2025-12-10T18:00:00Z,2025-12-12T10:00:00Z,40.0,0.975,0.972684096274521,0.9432774859509919
turbine_2,2025-12-10T18:00:00Z,2025-12-12T11:00:00Z,41.0,0.975,0.9734655265436496,0.9549282510667711
turbine_2,2025-12-10T18:00:00Z,2025-12-12T12:00:00Z,42.0,0.9733333333333332,0.9727255585233303,0.9561562749351963
turbine_2,2025-12-10T18:00:00Z,2025-12-12T13:00:00Z,43.0,0.9716666666666668,0.9743499114050056,0.9641111196067564
turbine_2,2025-12-10T18:00:00Z,2025-12-12T15:00:00Z,45.0,0.9766666666666666,0.9669255717354452,0.9267311458833619
turbine_2,2025-12-10T18:00:00Z,2025-12-12T16:00:00Z,46.0,0.98,0.9686586325012042,0.9140296357022012
turbine_2,2025-12-10T18:00:00Z,2025-12-12T17:00:00Z,47.0,0.98,0.9672366683114668,0.910733417381949
turbine_2,2025-12-10T18:00:00Z,2025-12-12T18:00:00Z,48.0,0.98,0.9524920059708161,0.9205417061300298
turbine_2,2025-12-11T18:00:00Z,2025-12-11T19:00:00Z,1.0,0.98,0.9299061962404751,0.949588118188533
turbine_2,2025-12-11T18:00:00Z,2025-12-11T20:00:00Z,2.0,0.98,0.9302709841225167,0.957801205098063
turbine_2,2025-12-11T18:00:00Z,2025-12-11T21:00:00Z,3.0,0.98,0.9399936097083132,0.9592954028307455
turbine_2,2025-12-11T18:00:00Z,2025-12-11T22:00:00Z,4.0,0.98,0.92910280652558,0.952359079340769
turbine_2,2025-12-11T18:00:00Z,2025-12-11T23:00:00Z,5.0,0.98,0.9285192849607758,0.9485623363567501
turbine_2,2025-12-11T18:00:00Z,2025-12-12T00:00:00Z,6.0,0.9783333333333334,0.9359299167725531,0.9366190260521184
turbine_2,2025-12-11T18:00:00Z,2025-12-12T01:00:00Z,7.0,0.98,0.9358442675044377,0.9437627471430272
turbine_2,2025-12-11T18:00:00Z,2025-12-12T04:00:00Z,10.0,0.9783333333333334,0.9315366003441029,0.9541953899967734
turbine_2,2025-12-11T18:00:00Z,2025-12-12T05:00:00Z,11.0,0.98,0.9419224371597261,0.9580430202829548
turbine_2,2025-12-11T18:00:00Z,2025-12-12T06:00:00Z,12.0,0.9766666666666666,0.9629020637395639,0.9417826825603131
turbine_2,2025-12-11T18:00:00Z,2025-12-12T07:00:00Z,13.0,0.9766666666666666,0.9667532186160815,0.9579427089413944
turbine_2,2025-12-11T18:00:00Z,2025-12-12T08:00:00Z,14.0,0.9716666666666668,0.9739593876805163,0.955587111016311
turbine_2,2025-12-11T18:00:00Z,2025-12-12T09:00:00Z,15.0,0.9783333333333334,0.9724537668339075,0.9533987275683603
turbine_2,2025-12-11T18:00:00Z,2025-12-12T10:00:00Z,16.0,0.975,0.9729587332010176,0.9530065705135984
turbine_2,2025-12-11T18:00:00Z,2025-12-12T11:00:00Z,17.0,0.975,0.973356614420522,0.966536349796208
turbine_2,2025-12-11T18:00:00Z,2025-12-12T12:00:00Z,18.0,0.9733333333333332,0.9721207956323241,0.9585904671778886
turbine_2,2025-12-11T18:00:00Z,2025-12-12T13:00:00Z,19.0,0.9716666666666668,0.9736837017355389,0.953509168457517
turbine_2,2025-12-11T18:00:00Z,2025-12-12T15:00:00Z,21.0,0.9766666666666666,0.9738744655657949,0.9345014570559602
turbine_2,2025-12-11T18:00:00Z,2025-12-12T16:00:00Z,22.0,0.98,0.9757934852823112,0.9223994689400238
turbine_2,2025-12-11T18:00:00Z,2025-12-12T17:00:00Z,23.0,0.98,0.9752463851362397,0.9221253909525993
turbine_2,2025-12-11T18:00:00Z,2025-12-12T18:00:00Z,24.0,0.98,0.9595067001634814,0.9263478502160556
turbine_2,2025-12-11T18:00:00Z,2025-12-12T19:00:00Z,25.0,0.9783333333333334,0.9520504277706683,0.9194793009625926
turbine_2,2025-12-11T18:00:00Z,2025-12-12T20:00:00Z,26.0,0.9583333333333334,0.9538129119040979,0.8818635797610321
turbine_2,2025-12-11T18:00:00Z,2025-12-12T21:00:00Z,27.0,0.5116666666666666,0.8056742032239854,0.857457716430106
turbine_2,2025-12-11T18:00:00Z,2025-12-12T22:00:00Z,28.0,0.18,0.46190373670579116,0.38614776211908525
turbine_2,2025-12-11T18:00:00Z,2025-12-12T23:00:00Z,29.0,0.0533333333333333,0.03674237377432063,0.05106656882021088
turbine_2,2025-12-11T18:00:00Z,2025-12-13T00:00:00Z,30.0,0.0116666666666666,0.017139093987295684,0.01971100593392791
turbine_2,2025-12-11T18:00:00Z,2025-12-13T01:00:00Z,31.0,0.0116666666666666,0.022924411513089632,0.020708960832294815
turbine_2,2025-12-11T18:00:00Z,2025-12-13T02:00:00Z,32.0,0.0233333333333333,0.01516215931204648,0.01830088851166886
turbine_2,2025-12-11T18:00:00Z,2025-12-13T03:00:00Z,33.0,0.0083333333333333,0.014245428621841333,0.009159217942428799
turbine_2,2025-12-11T18:00:00Z,2025-12-13T04:00:00Z,34.0,0.0633333333333333,0.038961887878869644,0.047216659779740655
turbine_2,2025-12-11T18:00:00Z,2025-12-13T06:00:00Z,36.0,0.0499999999999999,0.044205145186449524,0.06972507199147557
turbine_2,2025-12-11T18:00:00Z,2025-12-13T07:00:00Z,37.0,0.2916666666666667,0.10923309073172761,0.1535425382195275
turbine_2,2025-12-11T18:00:00Z,2025-12-13T08:00:00Z,38.0,0.395,0.23281575966668588,0.23323733529921892
turbine_2,2025-12-11T18:00:00Z,2025-12-13T09:00:00Z,39.0,0.4416666666666666,0.5851817250515413,0.5294443152435504
turbine_2,2025-12-11T18:00:00Z,2025-12-13T10:00:00Z,40.0,0.5033333333333333,0.8127219746997131,0.7471321002856552
turbine_2,2025-12-11T18:00:00Z,2025-12-13T11:00:00Z,41.0,0.7583333333333333,0.8825972607703476,0.9028249789666503
turbine_2,2025-12-11T18:00:00Z,2025-12-13T12:00:00Z,42.0,0.93,0.920899334829105,0.9349735388022749
turbine_2,2025-12-11T18:00:00Z,2025-12-13T13:00:00Z,43.0,0.9216666666666667,0.954787166455756,0.939165857413776
turbine_2,2025-12-11T18:00:00Z,2025-12-13T14:00:00Z,44.0,0.875,0.9206043645693648,0.891345766114299
turbine_2,2025-12-11T18:00:00Z,2025-12-13T15:00:00Z,45.0,0.975,0.9135055840774348,0.8711065352879626
turbine_2,2025-12-11T18:00:00Z,2025-12-13T16:00:00Z,46.0,0.9383333333333334,0.9109817463938228,0.8582690550094869
turbine_2,2025-12-11T18:00:00Z,2025-12-13T17:00:00Z,47.0,0.8450000000000001,0.8393773228236824,0.7728156866280025
turbine_2,2025-12-11T18:00:00Z,2025-12-13T18:00:00Z,48.0,0.315,0.828612148329331,0.7844245820646227
turbine_2,2025-12-12T18:00:00Z,2025-12-12T19:00:00Z,1.0,0.9783333333333334,0.9015327560039468,0.8688146367531131
turbine_2,2025-12-12T18:00:00Z,2025-12-12T20:00:00Z,2.0,0.9583333333333334,0.7578424356334473,0.7594777329401532
turbine_2,2025-12-12T18:00:00Z,2025-12-12T21:00:00Z,3.0,0.5116666666666666,0.07008287482750186,0.055677437531985174
turbine_2,2025-12-12T18:00:00Z,2025-12-12T22:00:00Z,4.0,0.18,0.03855554191492447,0.04128156902745797
turbine_2,2025-12-12T18:00:00Z,2025-12-12T23:00:00Z,5.0,0.0533333333333333,0.013595465339420604,0.021319862076302376
turbine_2,2025-12-12T18:00:00Z,2025-12-13T00:00:00Z,6.0,0.0116666666666666,0.022855208191167736,0.010464837424684903
turbine_2,2025-12-12T18:00:00Z,2025-12-13T01:00:00Z,7.0,0.0116666666666666,0.01882780235413989,0.0119327630120796
turbine_2,2025-12-12T18:00:00Z,2025-12-13T02:00:00Z,8.0,0.0233333333333333,0.010368114983467958,0.025507019615977178
turbine_2,2025-12-12T18:00:00Z,2025-12-13T03:00:00Z,9.0,0.0083333333333333,0.019547531023306114,0.022585616778281525
turbine_2,2025-12-12T18:00:00Z,2025-12-13T04:00:00Z,10.0,0.0633333333333333,0.012125361684622693,0.021953854797277378
turbine_2,2025-12-12T18:00:00Z,2025-12-13T06:00:00Z,12.0,0.0499999999999999,0.17950978464364992,0.228163142723129
turbine_2,2025-12-12T18:00:00Z,2025-12-13T07:00:00Z,13.0,0.2916666666666667,0.5964816084631142,0.557310328414626
turbine_2,2025-12-12T18:00:00Z,2025-12-13T08:00:00Z,14.0,0.395,0.8713596746915999,0.819579028759975
turbine_2,2025-12-12T18:00:00Z,2025-12-13T09:00:00Z,15.0,0.4416666666666666,0.9471872408482211,0.9012533864707674
turbine_2,2025-12-12T18:00:00Z,2025-12-13T10:00:00Z,16.0,0.5033333333333333,0.9277703284260124,0.9210709603461484
turbine_2,2025-12-12T18:00:00Z,2025-12-13T11:00:00Z,17.0,0.7583333333333333,0.9530972615256501,0.955242358118322
turbine_2,2025-12-12T18:00:00Z,2025-12-13T12:00:00Z,18.0,0.93,0.9180386503955702,0.9080817224292161
turbine_2,2025-12-12T18:00:00Z,2025-12-13T13:00:00Z,19.0,0.9216666666666667,0.7865799964404654,0.7409405040163071
turbine_2,2025-12-12T18:00:00Z,2025-12-13T14:00:00Z,20.0,0.875,0.7727014600092941,0.6946522411353295
turbine_2,2025-12-12T18:00:00Z,2025-12-13T15:00:00Z,21.0,0.975,0.8668527303582644,0.8094922486678946
turbine_2,2025-12-12T18:00:00Z,2025-12-13T16:00:00Z,22.0,0.9383333333333334,0.899619961398224,0.8687736088324138
turbine_2,2025-12-12T18:00:00Z,2025-12-13T17:00:00Z,23.0,0.8450000000000001,0.9076736633897738,0.8718694638894517
turbine_2,2025-12-12T18:00:00Z,2025-12-13T18:00:00Z,24.0,0.315,0.9355277049903236,0.8668711159998443
turbine_2,2025-12-12T18:00:00Z,2025-12-13T19:00:00Z,25.0,0.2633333333333333,0.7613377452732739,0.6898798198762611
turbine_2,2025-12-12T18:00:00Z,2025-12-13T20:00:00Z,26.0,0.0483333333333333,0.41183443309206774,0.31816414254842285
turbine_2,2025-12-12T18:00:00Z,2025-12-13T21:00:00Z,27.0,0.3866666666666666,0.11554975295015311,0.21285702059542003
turbine_2,2025-12-12T18:00:00Z,2025-12-13T22:00:00Z,28.0,0.7016666666666667,0.04484584532412994,0.04056111840793497
turbine_2,2025-12-12T18:00:00Z,2025-12-13T23:00:00Z,29.0,0.6316666666666667,0.01484750884977265,0.019889286398426048
turbine_2,2025-12-12T18:00:00Z,2025-12-14T00:00:00Z,30.0,0.375,0.046971149874794504,0.015774576468967128
turbine_2,2025-12-12T18:00:00Z,2025-12-14T01:00:00Z,31.0,0.3083333333333333,0.032172594829613654,0.02326265805673372
turbine_2,2025-12-12T18:00:00Z,2025-12-14T02:00:00Z,32.0,0.36,0.059109437150090705,0.04078434461173955
turbine_2,2025-12-12T18:00:00Z,2025-12-14T03:00:00Z,33.0,0.68,0.13674190301403522,0.14734011177514805
turbine_2,2025-12-12T18:00:00Z,2025-12-14T04:00:00Z,34.0,0.755,0.7733674835677655,0.8322868123031711
turbine_2,2025-12-12T18:00:00Z,2025-12-14T05:00:00Z,35.0,0.7716666666666666,0.8594278065304343,0.8851746172084596
turbine_2,2025-12-12T18:00:00Z,2025-12-14T06:00:00Z,36.0,0.8916666666666666,0.6893707457318857,0.7278750257017915
turbine_2,2025-12-12T18:00:00Z,2025-12-14T07:00:00Z,37.0,0.97,0.4651455274054702,0.5300646973049427
turbine_2,2025-12-12T18:00:00Z,2025-12-14T08:00:00Z,38.0,0.9733333333333332,0.5206671912826838,0.5056649324460382
turbine_2,2025-12-12T18:00:00Z,2025-12-14T09:00:00Z,39.0,0.7383333333333333,0.37308680289754614,0.2613583402323597
turbine_2,2025-12-12T18:00:00Z,2025-12-14T10:00:00Z,40.0,0.2966666666666667,0.1337431900601758,0.14915981098202316
turbine_2,2025-12-12T18:00:00Z,2025-12-14T11:00:00Z,41.0,0.0249999999999999,0.06583229743988958,0.0927507929571215
turbine_2,2025-12-12T18:00:00Z,2025-12-14T12:00:00Z,42.0,0.03,0.04215506626864138,0.05950723875752108
turbine_2,2025-12-12T18:00:00Z,2025-12-14T13:00:00Z,43.0,0.2416666666666666,0.10861612586608044,0.09100886871497989
turbine_2,2025-12-12T18:00:00Z,2025-12-14T14:00:00Z,44.0,0.8683333333333333,0.809280866752513,0.772292693326939
turbine_2,2025-12-12T18:00:00Z,2025-12-14T15:00:00Z,45.0,0.9783333333333334,0.9135055840774348,0.9049977074988894
turbine_2,2025-12-12T18:00:00Z,2025-12-14T16:00:00Z,46.0,0.9733333333333332,0.9657002469504762,0.9415812339584928
turbine_2,2025-12-12T18:00:00Z,2025-12-14T17:00:00Z,47.0,0.9783333333333334,0.9672366683114668,0.9621234891921642
turbine_2,2025-12-12T18:00:00Z,2025-12-14T18:00:00Z,48.0,0.98,0.9527914053679567,0.9268003207475581
turbine_2,2025-12-13T18:00:00Z,2025-12-13T19:00:00Z,1.0,0.2633333333333333,0.843435506229632,0.825431498376238
turbine_2,2025-12-13T18:00:00Z,2025-12-13T20:00:00Z,2.0,0.0483333333333333,0.373366811757489,0.41496234090456097
turbine_2,2025-12-13T18:00:00Z,2025-12-13T21:00:00Z,3.0,0.3866666666666666,0.5684765186270759,0.5086701235393973
turbine_2,2025-12-13T18:00:00Z,2025-12-13T22:00:00Z,4.0,0.7016666666666667,0.08749843661402779,0.061352542435789026
turbine_2,2025-12-13T18:00:00Z,2025-12-13T23:00:00Z,5.0,0.6316666666666667,0.021890855752308425,0.023092948172893812
turbine_2,2025-12-13T18:00:00Z,2025-12-14T00:00:00Z,6.0,0.375,0.062216114658730726,0.03930245390920567
turbine_2,2025-12-13T18:00:00Z,2025-12-14T01:00:00Z,7.0,0.3083333333333333,0.09545157428260519,0.0887351955032572
turbine_2,2025-12-13T18:00:00Z,2025-12-14T02:00:00Z,8.0,0.36,0.6063002811270002,0.6269693981507198
turbine_2,2025-12-13T18:00:00Z,2025-12-14T03:00:00Z,9.0,0.68,0.892946561784817,0.920739547846067
turbine_2,2025-12-13T18:00:00Z,2025-12-14T04:00:00Z,10.0,0.755,0.7275217520897843,0.725026909784548
turbine_2,2025-12-13T18:00:00Z,2025-12-14T05:00:00Z,11.0,0.7716666666666666,0.9100860377630123,0.9224377578380795
turbine_2,2025-12-13T18:00:00Z,2025-12-14T06:00:00Z,12.0,0.8916666666666666,0.8390186137205556,0.8728098098500466
turbine_2,2025-12-13T18:00:00Z,2025-12-14T07:00:00Z,13.0,0.97,0.7053464611258885,0.7708178263623715
turbine_2,2025-12-13T18:00:00Z,2025-12-14T08:00:00Z,14.0,0.9733333333333332,0.747073104482675,0.7543062729418345
turbine_2,2025-12-13T18:00:00Z,2025-12-14T09:00:00Z,15.0,0.7383333333333333,0.537902162174541,0.5390709786100243
turbine_2,2025-12-13T18:00:00Z,2025-12-14T10:00:00Z,16.0,0.2966666666666667,0.23842716246050352,0.20738237271282123
turbine_2,2025-12-13T18:00:00Z,2025-12-14T11:00:00Z,17.0,0.0249999999999999,0.03919204582224936,0.07927762638960761
turbine_2,2025-12-13T18:00:00Z,2025-12-14T12:00:00Z,18.0,0.03,0.06361374715453899,0.05730107054495527
turbine_2,2025-12-13T18:00:00Z,2025-12-14T13:00:00Z,19.0,0.2416666666666666,0.4526498993924052,0.42821808240887116
turbine_2,2025-12-13T18:00:00Z,2025-12-14T14:00:00Z,20.0,0.8683333333333333,0.9558852357064042,0.9586935505720301
turbine_2,2025-12-13T18:00:00Z,2025-12-14T15:00:00Z,21.0,0.9783333333333334,0.9741984503425896,0.963267754294383
turbine_2,2025-12-13T18:00:00Z,2025-12-14T16:00:00Z,22.0,0.9733333333333332,0.9743957890309235,0.9484928772423497
turbine_2,2025-12-13T18:00:00Z,2025-12-14T17:00:00Z,23.0,0.9783333333333334,0.9743957890309235,0.9719224296089557
turbine_2,2025-12-13T18:00:00Z,2025-12-14T18:00:00Z,24.0,0.98,0.9595067001634814,0.971823005240475
turbine_2,2025-12-13T18:00:00Z,2025-12-14T19:00:00Z,25.0,0.9783333333333334,0.9517264429938734,0.9619328473462502
turbine_2,2025-12-13T18:00:00Z,2025-12-14T20:00:00Z,26.0,0.955,0.947345874602147,0.9045606397929911
turbine_2,2025-12-13T18:00:00Z,2025-12-14T21:00:00Z,27.0,0.9133333333333332,0.9013424907470522,0.9097869504287879
turbine_2,2025-12-13T18:00:00Z,2025-12-14T22:00:00Z,28.0,0.5216666666666666,0.6388459499287116,0.6468313496827751
turbine_2,2025-12-13T18:00:00Z,2025-12-14T23:00:00Z,29.0,0.1983333333333333,0.43414998027736473,0.4183714581369423
turbine_2,2025-12-13T18:00:00Z,2025-12-15T00:00:00Z,30.0,0.0166666666666666,0.04856203197651732,0.06303042938276211
turbine_2,2025-12-13T18:00:00Z,2025-12-15T01:00:00Z,31.0,0.0216666666666666,0.01792604217977961,0.023747106922421907
turbine_2,2025-12-13T18:00:00Z,2025-12-15T02:00:00Z,32.0,0.6566666666666666,0.030974767576900347,0.02559673090358705
turbine_2,2025-12-13T18:00:00Z,2025-12-15T03:00:00Z,33.0,0.5833333333333334,0.12388887204939758,0.11343418399544689
turbine_2,2025-12-13T18:00:00Z,2025-12-15T04:00:00Z,34.0,0.7566666666666667,0.38508335505337166,0.41327540285608344
turbine_2,2025-12-13T18:00:00Z,2025-12-15T05:00:00Z,35.0,0.98,0.7642919415043521,0.8033556819343627
turbine_2,2025-12-13T18:00:00Z,2025-12-15T06:00:00Z,36.0,0.97,0.936993698054971,0.9337077106997071
turbine_2,2025-12-13T18:00:00Z,2025-12-15T07:00:00Z,37.0,0.9716666666666668,0.9562093971725558,0.9528757772689341
turbine_2,2025-12-13T18:00:00Z,2025-12-15T08:00:00Z,38.0,0.975,0.9609617360607143,0.9494366544416517
turbine_2,2025-12-13T18:00:00Z,2025-12-15T09:00:00Z,39.0,0.9766666666666666,0.9607487164611274,0.9526925752454966
turbine_2,2025-12-13T18:00:00Z,2025-12-15T10:00:00Z,40.0,0.9716666666666668,0.960560532208177,0.9444845510637653
turbine_2,2025-12-13T18:00:00Z,2025-12-15T11:00:00Z,41.0,0.9733333333333332,0.9539641147224013,0.9481062929196414
turbine_2,2025-12-13T18:00:00Z,2025-12-15T12:00:00Z,42.0,0.9716666666666668,0.9106218257724306,0.9351777144810712
turbine_2,2025-12-13T18:00:00Z,2025-12-15T13:00:00Z,43.0,0.9733333333333332,0.8701144049232651,0.9056366810430716
turbine_2,2025-12-13T18:00:00Z,2025-12-15T14:00:00Z,44.0,0.9783333333333334,0.8481489221141986,0.9066122749450242
turbine_2,2025-12-13T18:00:00Z,2025-12-15T15:00:00Z,45.0,0.97,0.7242094494893699,0.7103278955082558
turbine_2,2025-12-13T18:00:00Z,2025-12-15T16:00:00Z,46.0,0.4833333333333333,0.6842829948653734,0.6840039443421949
turbine_2,2025-12-13T18:00:00Z,2025-12-15T17:00:00Z,47.0,0.0416666666666666,0.3962577111255603,0.3707063585045247
turbine_2,2025-12-13T18:00:00Z,2025-12-15T18:00:00Z,48.0,0.0249999999999999,0.0955145197861205,0.141536393684785
turbine_2,2025-12-14T18:00:00Z,2025-12-14T19:00:00Z,1.0,0.9783333333333334,0.9296300074511493,0.9639390878387972
turbine_2,2025-12-14T18:00:00Z,2025-12-14T20:00:00Z,2.0,0.955,0.9263869362360254,0.9395278103629555
turbine_2,2025-12-14T18:00:00Z,2025-12-14T21:00:00Z,3.0,0.9133333333333332,0.890488235037564,0.9077507390833115
turbine_2,2025-12-14T18:00:00Z,2025-12-14T22:00:00Z,4.0,0.5216666666666666,0.5731771027781216,0.579346920419439
turbine_2,2025-12-14T18:00:00Z,2025-12-14T23:00:00Z,5.0,0.1983333333333333,0.3742503353375358,0.41296561234648727
turbine_2,2025-12-14T18:00:00Z,2025-12-15T00:00:00Z,6.0,0.0166666666666666,0.05191469233390378,0.06590713032818968
turbine_2,2025-12-14T18:00:00Z,2025-12-15T01:00:00Z,7.0,0.0216666666666666,0.06477235631991858,0.07104400490766728
turbine_2,2025-12-14T18:00:00Z,2025-12-15T02:00:00Z,8.0,0.6566666666666666,0.020030162377174365,0.023955694638662345
turbine_2,2025-12-14T18:00:00Z,2025-12-15T03:00:00Z,9.0,0.5833333333333334,0.03371681708830401,0.014503500323731627
turbine_2,2025-12-14T18:00:00Z,2025-12-15T04:00:00Z,10.0,0.7566666666666667,0.13467671073878015,0.14444116308140514
turbine_2,2025-12-14T18:00:00Z,2025-12-15T05:00:00Z,11.0,0.98,0.702813879650305,0.7106117419367667
turbine_2,2025-12-14T18:00:00Z,2025-12-15T06:00:00Z,12.0,0.97,0.9592625665430455,0.9616585185187282
turbine_2,2025-12-14T18:00:00Z,2025-12-15T07:00:00Z,13.0,0.9716666666666668,0.9541403372892139,0.958757644559278
turbine_2,2025-12-14T18:00:00Z,2025-12-15T08:00:00Z,14.0,0.975,0.9584530072583801,0.9632860784795857
turbine_2,2025-12-14T18:00:00Z,2025-12-15T09:00:00Z,15.0,0.9766666666666666,0.9589931957801257,0.9727668515915705
turbine_2,2025-12-14T18:00:00Z,2025-12-15T10:00:00Z,16.0,0.9716666666666668,0.9587737101475051,0.9523910107940033
turbine_2,2025-12-14T18:00:00Z,2025-12-15T11:00:00Z,17.0,0.9733333333333332,0.9580262271455205,0.9446059146628557
turbine_2,2025-12-14T18:00:00Z,2025-12-15T12:00:00Z,18.0,0.9716666666666668,0.9184820440643127,0.964669187924401
turbine_2,2025-12-14T18:00:00Z,2025-12-15T13:00:00Z,19.0,0.9733333333333332,0.9084447177772091,0.9473999533834753
turbine_2,2025-12-14T18:00:00Z,2025-12-15T14:00:00Z,20.0,0.9783333333333334,0.8400616434287623,0.8889076037147172
turbine_2,2025-12-14T18:00:00Z,2025-12-15T15:00:00Z,21.0,0.97,0.7139407208314651,0.7046693518949474
turbine_2,2025-12-14T18:00:00Z,2025-12-15T16:00:00Z,22.0,0.4833333333333333,0.5728500969531037,0.5771242354168622
turbine_2,2025-12-14T18:00:00Z,2025-12-15T17:00:00Z,23.0,0.0416666666666666,0.278476217816137,0.29181546858969803
turbine_2,2025-12-14T18:00:00Z,2025-12-15T18:00:00Z,24.0,0.0249999999999999,0.11391646351019315,0.17347660133929008
turbine_2,2025-12-14T18:00:00Z,2025-12-15T19:00:00Z,25.0,0.01,0.040821275149743264,0.04884170814402117
turbine_2,2025-12-14T18:00:00Z,2025-12-15T20:00:00Z,26.0,0.01,0.017146302197120822,0.014599123828304528
turbine_2,2025-12-14T18:00:00Z,2025-12-15T21:00:00Z,27.0,0.0083333333333333,0.028349996614503437,0.022259906064279356
turbine_2,2025-12-14T18:00:00Z,2025-12-15T22:00:00Z,28.0,0.0566666666666666,0.038304734913395005,0.021663418317897448
turbine_2,2025-12-14T18:00:00Z,2025-12-15T23:00:00Z,29.0,0.05,0.05955853774683194,0.04465643509558634
turbine_2,2025-12-14T18:00:00Z,2025-12-16T00:00:00Z,30.0,0.31,0.10392741837651301,0.108014069282829
turbine_2,2025-12-14T18:00:00Z,2025-12-16T01:00:00Z,31.0,0.4066666666666667,0.20640730339868937,0.16284652400049515
turbine_2,2025-12-14T18:00:00Z,2025-12-16T02:00:00Z,32.0,0.6733333333333333,0.3210742114907137,0.24596983561217733
turbine_2,2025-12-14T18:00:00Z,2025-12-16T03:00:00Z,33.0,0.9683333333333332,0.35542803484486585,0.2404170108438509
turbine_2,2025-12-14T18:00:00Z,2025-12-16T04:00:00Z,34.0,0.97,0.3392404674736883,0.31713119937016726
turbine_2,2025-12-14T18:00:00Z,2025-12-16T05:00:00Z,35.0,0.9266666666666666,0.5631686355710601,0.5605087762232379
turbine_2,2025-12-14T18:00:00Z,2025-12-16T06:00:00Z,36.0,0.9716666666666668,0.6219483858841819,0.6366482067265811
turbine_2,2025-12-14T18:00:00Z,2025-12-16T07:00:00Z,37.0,0.965,0.6465496373006678,0.6668778671318225
turbine_2,2025-12-14T18:00:00Z,2025-12-16T08:00:00Z,38.0,0.945,0.6721954219234434,0.6642717596907448
turbine_2,2025-12-14T18:00:00Z,2025-12-16T09:00:00Z,39.0,0.9566666666666668,0.7017483506755663,0.6660132030524715
turbine_2,2025-12-14T18:00:00Z,2025-12-16T10:00:00Z,40.0,0.9016666666666668,0.691661680473003,0.6162792781470581
turbine_2,2025-12-14T18:00:00Z,2025-12-16T11:00:00Z,41.0,0.7583333333333333,0.5632553798868198,0.48405532960253617
turbine_2,2025-12-14T18:00:00Z,2025-12-16T12:00:00Z,42.0,0.4666666666666666,0.4250420039960396,0.43325863909474716
turbine_2,2025-12-14T18:00:00Z,2025-12-16T13:00:00Z,43.0,0.0616666666666666,0.2700979013049203,0.2784043654380617
turbine_2,2025-12-14T18:00:00Z,2025-12-16T14:00:00Z,44.0,0.0116666666666666,0.29831279606526295,0.2390299909253716
turbine_2,2025-12-14T18:00:00Z,2025-12-16T15:00:00Z,45.0,0.015,0.2661847563629102,0.23615277992584888
turbine_2,2025-12-14T18:00:00Z,2025-12-16T16:00:00Z,46.0,0.0833333333333333,0.47734114689203816,0.3620105028317543
turbine_2,2025-12-14T18:00:00Z,2025-12-16T17:00:00Z,47.0,0.0083333333333333,0.5495391789025419,0.4402796144085291
turbine_2,2025-12-14T18:00:00Z,2025-12-16T18:00:00Z,48.0,0.0083333333333333,0.5887971754697205,0.49865362135252456
turbine_2,2025-12-15T18:00:00Z,2025-12-15T19:00:00Z,1.0,0.01,0.045964904561023534,0.07465080866281762
turbine_2,2025-12-15T18:00:00Z,2025-12-15T20:00:00Z,2.0,0.01,0.02358393825031249,0.01687028982343991
turbine_2,2025-12-15T18:00:00Z,2025-12-15T21:00:00Z,3.0,0.0083333333333333,0.024102259067387305,0.019807381279083325
turbine_2,2025-12-15T18:00:00Z,2025-12-15T22:00:00Z,4.0,0.0566666666666666,0.01046109089653774,0.023854147336712123
turbine_2,2025-12-15T18:00:00Z,2025-12-15T23:00:00Z,5.0,0.05,0.01957367018664205,0.014896599705240293
turbine_2,2025-12-15T18:00:00Z,2025-12-16T00:00:00Z,6.0,0.31,0.03862116546491923,0.02185134841291339
turbine_2,2025-12-15T18:00:00Z,2025-12-16T01:00:00Z,7.0,0.4066666666666667,0.09613042520611209,0.09519472443520575
turbine_2,2025-12-15T18:00:00Z,2025-12-16T02:00:00Z,8.0,0.6733333333333333,0.4207123747072927,0.3339595538434547
turbine_2,2025-12-15T18:00:00Z,2025-12-16T03:00:00Z,9.0,0.9683333333333332,0.5683285136329367,0.5183170129762185
turbine_2,2025-12-15T18:00:00Z,2025-12-16T04:00:00Z,10.0,0.97,0.7346635020764519,0.7663512083626014
turbine_2,2025-12-15T18:00:00Z,2025-12-16T05:00:00Z,11.0,0.9266666666666666,0.9045422388304267,0.9027196379948955
turbine_2,2025-12-15T18:00:00Z,2025-12-16T06:00:00Z,12.0,0.9716666666666668,0.95557624306378,0.9510189545454205
turbine_2,2025-12-15T18:00:00Z,2025-12-16T07:00:00Z,13.0,0.965,0.9612657623732486,0.948910416802681
turbine_2,2025-12-15T18:00:00Z,2025-12-16T08:00:00Z,14.0,0.945,0.8794234717427061,0.8209356717965244
turbine_2,2025-12-15T18:00:00Z,2025-12-16T09:00:00Z,15.0,0.9566666666666668,0.7316395142251638,0.7285285119309095
turbine_2,2025-12-15T18:00:00Z,2025-12-16T10:00:00Z,16.0,0.9016666666666668,0.48924112516569673,0.48414401851331207
turbine_2,2025-12-15T18:00:00Z,2025-12-16T11:00:00Z,17.0,0.7583333333333333,0.37307714100703937,0.3718477590498187
turbine_2,2025-12-15T18:00:00Z,2025-12-16T12:00:00Z,18.0,0.4666666666666666,0.24840858716206335,0.2445767175898394
turbine_2,2025-12-15T18:00:00Z,2025-12-16T13:00:00Z,19.0,0.0616666666666666,0.23936696192900736,0.22110673533969308
turbine_2,2025-12-15T18:00:00Z,2025-12-16T14:00:00Z,20.0,0.0116666666666666,0.1821120590119739,0.15670361246157188
turbine_2,2025-12-15T18:00:00Z,2025-12-16T15:00:00Z,21.0,0.015,0.23836583799889582,0.22477440554800912
turbine_2,2025-12-15T18:00:00Z,2025-12-16T16:00:00Z,22.0,0.0833333333333333,0.3022604820034813,0.238497734013906
turbine_2,2025-12-15T18:00:00Z,2025-12-16T17:00:00Z,23.0,0.0083333333333333,0.5049216684648916,0.3880795728230314
turbine_2,2025-12-15T18:00:00Z,2025-12-16T18:00:00Z,24.0,0.0083333333333333,0.24451152295391435,0.21441762179164356
turbine_2,2025-12-15T18:00:00Z,2025-12-16T19:00:00Z,25.0,0.01,0.22879071563391104,0.2054434620442008
turbine_2,2025-12-15T18:00:00Z,2025-12-16T20:00:00Z,26.0,0.01,0.2761322882636903,0.26356396331284704
turbine_2,2025-12-15T18:00:00Z,2025-12-16T21:00:00Z,27.0,0.085,0.1647855537445293,0.18929039443201348
turbine_2,2025-12-15T18:00:00Z,2025-12-16T22:00:00Z,28.0,0.1616666666666666,0.08035983192420273,0.055591206293481105
turbine_2,2025-12-15T18:00:00Z,2025-12-16T23:00:00Z,29.0,0.0083333333333333,0.03812601657157491,0.040629283791932314
turbine_2,2025-12-15T18:00:00Z,2025-12-17T00:00:00Z,30.0,0.01,0.03028402503691166,0.024739574023536492
turbine_2,2025-12-15T18:00:00Z,2025-12-17T01:00:00Z,31.0,0.07,0.008393237122513997,0.018143652200738825
turbine_2,2025-12-15T18:00:00Z,2025-12-17T02:00:00Z,32.0,0.1083333333333333,0.02659294929787334,0.023057299934536035
turbine_2,2025-12-15T18:00:00Z,2025-12-17T03:00:00Z,33.0,0.1283333333333333,0.03424860581371794,0.014752202869449726
turbine_2,2025-12-15T18:00:00Z,2025-12-17T04:00:00Z,34.0,0.055,0.08832044038318833,0.08709203518545687
turbine_2,2025-12-15T18:00:00Z,2025-12-17T05:00:00Z,35.0,0.01,0.09115256858532501,0.0978829510105104
turbine_2,2025-12-15T18:00:00Z,2025-12-17T06:00:00Z,36.0,0.0083333333333333,0.3726924960082799,0.3322084742359257
turbine_2,2025-12-15T18:00:00Z,2025-12-17T07:00:00Z,37.0,0.01,0.7172671958857572,0.7587529914970028
turbine_2,2025-12-15T18:00:00Z,2025-12-17T08:00:00Z,38.0,0.01,0.7742191721886932,0.8151736908173697
turbine_2,2025-12-15T18:00:00Z,2025-12-17T09:00:00Z,39.0,0.01,0.9355685275078256,0.9355092000848825
turbine_2,2025-12-15T18:00:00Z,2025-12-17T10:00:00Z,40.0,0.01,0.9358012360119915,0.9204560028219216
turbine_2,2025-12-15T18:00:00Z,2025-12-17T11:00:00Z,41.0,0.01,0.9264409137025522,0.9159088400509254
turbine_2,2025-12-15T18:00:00Z,2025-12-17T12:00:00Z,42.0,0.0633333333333333,0.9227016254070929,0.934749897480208
turbine_2,2025-12-15T18:00:00Z,2025-12-17T13:00:00Z,43.0,0.2516666666666666,0.9246014472006576,0.928583776467064
turbine_2,2025-12-15T18:00:00Z,2025-12-17T14:00:00Z,44.0,0.2566666666666666,0.8307784074699552,0.8670718127034659
turbine_2,2025-12-15T18:00:00Z,2025-12-17T15:00:00Z,45.0,0.405,0.8263020460249234,0.8426641830668632
turbine_2,2025-12-15T18:00:00Z,2025-12-17T16:00:00Z,46.0,0.4283333333333333,0.7950542453723203,0.8131169596609457
turbine_2,2025-12-15T18:00:00Z,2025-12-17T17:00:00Z,47.0,0.5133333333333333,0.7583075400426252,0.7614794586929289
turbine_2,2025-12-15T18:00:00Z,2025-12-17T18:00:00Z,48.0,0.7116666666666666,0.6195524167532469,0.6568264601974216
turbine_2,2025-12-16T18:00:00Z,2025-12-16T19:00:00Z,1.0,0.01,0.25207909354743085,0.266269274822049
turbine_2,2025-12-16T18:00:00Z,2025-12-16T20:00:00Z,2.0,0.01,0.16677070894233267,0.15953851442759465
turbine_2,2025-12-16T18:00:00Z,2025-12-16T21:00:00Z,3.0,0.085,0.15327825481061277,0.13937395401669464
turbine_2,2025-12-16T18:00:00Z,2025-12-16T22:00:00Z,4.0,0.1616666666666666,0.11461863855955214,0.12956720135134625
turbine_2,2025-12-16T18:00:00Z,2025-12-16T23:00:00Z,5.0,0.0083333333333333,0.058013456506035205,0.05092911890296192
turbine_2,2025-12-16T18:00:00Z,2025-12-17T00:00:00Z,6.0,0.01,0.03211787759609225,0.04402749217580709
turbine_2,2025-12-16T18:00:00Z,2025-12-17T01:00:00Z,7.0,0.07,0.03264576047680609,0.020878313320500358
turbine_2,2025-12-16T18:00:00Z,2025-12-17T02:00:00Z,8.0,0.1083333333333333,0.038602179580837837,0.06104172840921654
turbine_2,2025-12-16T18:00:00Z,2025-12-17T03:00:00Z,9.0,0.1283333333333333,0.020715073656143612,0.028407497173974422
turbine_2,2025-12-16T18:00:00Z,2025-12-17T04:00:00Z,10.0,0.055,0.03034260958748175,0.013749809899534199
turbine_2,2025-12-16T18:00:00Z,2025-12-17T05:00:00Z,11.0,0.01,0.07368506193217991,0.05178360010108285
turbine_2,2025-12-16T18:00:00Z,2025-12-17T06:00:00Z,12.0,0.0083333333333333,0.22853395052813597,0.15953893375618128
turbine_2,2025-12-16T18:00:00Z,2025-12-17T07:00:00Z,13.0,0.01,0.4075715674500525,0.3676007522939392
turbine_2,2025-12-16T18:00:00Z,2025-12-17T08:00:00Z,14.0,0.01,0.6321315381019427,0.6104385905982745
turbine_2,2025-12-16T18:00:00Z,2025-12-17T09:00:00Z,15.0,0.01,0.9126009041601932,0.9196391487529927
turbine_2,2025-12-16T18:00:00Z,2025-12-17T10:00:00Z,16.0,0.01,0.9598855532401421,0.9516558022613926
turbine_2,2025-12-16T18:00:00Z,2025-12-17T11:00:00Z,17.0,0.01,0.9434462596818719,0.9332003764470989
turbine_2,2025-12-16T18:00:00Z,2025-12-17T12:00:00Z,18.0,0.0633333333333333,0.9393847754125547,0.9494946460409581
turbine_2,2025-12-16T18:00:00Z,2025-12-17T13:00:00Z,19.0,0.2516666666666666,0.9389386268166533,0.9448293459076509
turbine_2,2025-12-16T18:00:00Z,2025-12-17T14:00:00Z,20.0,0.2566666666666666,0.9155719673105535,0.9333337901192056
turbine_2,2025-12-16T18:00:00Z,2025-12-17T15:00:00Z,21.0,0.405,0.9338621896700424,0.9322419627671685
turbine_2,2025-12-16T18:00:00Z,2025-12-17T16:00:00Z,22.0,0.4283333333333333,0.8373893404040768,0.8578136734582487
turbine_2,2025-12-16T18:00:00Z,2025-12-17T17:00:00Z,23.0,0.5133333333333333,0.7918625828672218,0.7962991402462058
turbine_2,2025-12-16T18:00:00Z,2025-12-17T18:00:00Z,24.0,0.7116666666666666,0.6276495905898459,0.6723550811908681
turbine_2,2025-12-16T18:00:00Z,2025-12-17T19:00:00Z,25.0,0.835,0.426241612263505,0.4183539407666844
turbine_2,2025-12-16T18:00:00Z,2025-12-17T20:00:00Z,26.0,0.6533333333333333,0.25402563295658764,0.20186419725424767
turbine_2,2025-12-16T18:00:00Z,2025-12-17T21:00:00Z,27.0,0.5883333333333334,0.13147815068978927,0.11920016034705064
turbine_2,2025-12-16T18:00:00Z,2025-12-17T22:00:00Z,28.0,0.38,0.08459454618293193,0.09313803502895462
turbine_2,2025-12-16T18:00:00Z,2025-12-17T23:00:00Z,29.0,0.4533333333333333,0.0908878361872455,0.07496410517195035
turbine_2,2025-12-16T18:00:00Z,2025-12-18T00:00:00Z,30.0,0.61,0.08122884504502856,0.06777060670476577
turbine_2,2025-12-16T18:00:00Z,2025-12-18T01:00:00Z,31.0,0.4633333333333334,0.04932054641379929,0.05958398184520268
turbine_2,2025-12-16T18:00:00Z,2025-12-18T02:00:00Z,32.0,0.2133333333333333,0.08847348861138021,0.06913400040981464
turbine_2,2025-12-16T18:00:00Z,2025-12-18T03:00:00Z,33.0,0.18,0.06306138951855997,0.06765722582519305
turbine_2,2025-12-16T18:00:00Z,2025-12-18T04:00:00Z,34.0,0.1733333333333333,0.07187705027445558,0.05457901259832673
turbine_2,2025-12-16T18:00:00Z,2025-12-18T05:00:00Z,35.0,0.1816666666666666,0.06084058020622475,0.06699561334360314
turbine_2,2025-12-16T18:00:00Z,2025-12-18T06:00:00Z,36.0,0.145,0.043988789822181185,0.03350872824505807
turbine_2,2025-12-16T18:00:00Z,2025-12-18T07:00:00Z,37.0,0.27,0.03682552728998406,0.025712595872979
turbine_2,2025-12-16T18:00:00Z,2025-12-18T08:00:00Z,38.0,0.695,0.08229148330941291,0.07374993904530984
turbine_2,2025-12-16T18:00:00Z,2025-12-18T09:00:00Z,39.0,0.68,0.256607147221095,0.21028961007719355
turbine_2,2025-12-16T18:00:00Z,2025-12-18T10:00:00Z,40.0,0.8833333333333333,0.47366619727137493,0.41115549237232873
turbine_2,2025-12-16T18:00:00Z,2025-12-18T11:00:00Z,41.0,0.8966666666666666,0.535652434329586,0.5705517188177414
turbine_2,2025-12-16T18:00:00Z,2025-12-18T12:00:00Z,42.0,0.9333333333333332,0.8685719837027625,0.9054973486412917
turbine_2,2025-12-16T18:00:00Z,2025-12-18T13:00:00Z,43.0,0.945,0.9183388780710033,0.9248235288644346
turbine_2,2025-12-16T18:00:00Z,2025-12-18T14:00:00Z,44.0,0.975,0.9321717990668489,0.9141520928471784
turbine_2,2025-12-16T18:00:00Z,2025-12-18T15:00:00Z,45.0,0.9683333333333332,0.912934412147013,0.914540123927505
turbine_2,2025-12-16T18:00:00Z,2025-12-18T16:00:00Z,46.0,0.9766666666666666,0.8589405919212852,0.9193084980136709
turbine_2,2025-12-16T18:00:00Z,2025-12-18T17:00:00Z,47.0,0.9333333333333332,0.883346950186139,0.9181550723919126
turbine_2,2025-12-16T18:00:00Z,2025-12-18T18:00:00Z,48.0,0.9633333333333334,0.7834921773476765,0.8012842314921823
turbine_2,2025-12-17T18:00:00Z,2025-12-17T19:00:00Z,1.0,0.835,0.6030058690938118,0.6283967008903546
turbine_2,2025-12-17T18:00:00Z,2025-12-17T20:00:00Z,2.0,0.6533333333333333,0.5062369494854979,0.5304445553645327
turbine_2,2025-12-17T18:00:00Z,2025-12-17T21:00:00Z,3.0,0.5883333333333334,0.3180326444089744,0.30070586880113787
turbine_2,2025-12-17T18:00:00Z,2025-12-17T22:00:00Z,4.0,0.38,0.15585751837619682,0.1274905120937319
turbine_2,2025-12-17T18:00:00Z,2025-12-17T23:00:00Z,5.0,0.4533333333333333,0.11065003532990945,0.1092530543793805
turbine_2,2025-12-17T18:00:00Z,2025-12-18T00:00:00Z,6.0,0.61,0.12292382255632613,0.08868457173300928
turbine_2,2025-12-17T18:00:00Z,2025-12-18T01:00:00Z,7.0,0.4633333333333334,0.11098171363455085,0.07988372590096827
turbine_2,2025-12-17T18:00:00Z,2025-12-18T02:00:00Z,8.0,0.2133333333333333,0.10973899658650606,0.08572041702592631
turbine_2,2025-12-17T18:00:00Z,2025-12-18T03:00:00Z,9.0,0.18,0.11102479373039446,0.08102047849098198
turbine_2,2025-12-17T18:00:00Z,2025-12-18T04:00:00Z,10.0,0.1733333333333333,0.09018824749711227,0.06810794424641335
turbine_2,2025-12-17T18:00:00Z,2025-12-18T05:00:00Z,11.0,0.1816666666666666,0.053794890439481574,0.06797293945973171
turbine_2,2025-12-17T18:00:00Z,2025-12-18T06:00:00Z,12.0,0.145,0.04729582437745672,0.027696021876719962
turbine_2,2025-12-17T18:00:00Z,2025-12-18T07:00:00Z,13.0,0.27,0.13091427755195578,0.13020700762306847
turbine_2,2025-12-17T18:00:00Z,2025-12-18T08:00:00Z,14.0,0.695,0.3179435986641313,0.2473884104374357
turbine_2,2025-12-17T18:00:00Z,2025-12-18T09:00:00Z,15.0,0.68,0.5940440450516582,0.6302906607787484
turbine_2,2025-12-17T18:00:00Z,2025-12-18T10:00:00Z,16.0,0.8833333333333333,0.7710526753703535,0.7657859292725397
turbine_2,2025-12-17T18:00:00Z,2025-12-18T11:00:00Z,17.0,0.8966666666666666,0.9036805194504919,0.9022887437957878
turbine_2,2025-12-17T18:00:00Z,2025-12-18T12:00:00Z,18.0,0.9333333333333332,0.913573049929756,0.941680801391584
turbine_2,2025-12-17T18:00:00Z,2025-12-18T13:00:00Z,19.0,0.945,0.9172901457043298,0.9350949285322401
turbine_2,2025-12-17T18:00:00Z,2025-12-18T14:00:00Z,20.0,0.975,0.9357490216206151,0.9301112770993436
turbine_2,2025-12-17T18:00:00Z,2025-12-18T15:00:00Z,21.0,0.9683333333333332,0.9557638419804831,0.9254422259595374
turbine_2,2025-12-17T18:00:00Z,2025-12-18T16:00:00Z,22.0,0.9766666666666666,0.9570308487947506,0.9485009693460689
turbine_2,2025-12-17T18:00:00Z,2025-12-18T17:00:00Z,23.0,0.9333333333333332,0.9573696522177799,0.9435565337173106
turbine_2,2025-12-17T18:00:00Z,2025-12-18T18:00:00Z,24.0,0.9633333333333334,0.9387785472600785,0.9476879081356753
turbine_2,2025-12-17T18:00:00Z,2025-12-18T19:00:00Z,25.0,0.7583333333333333,0.9344939904273992,0.9330268872771583
turbine_2,2025-12-17T18:00:00Z,2025-12-18T20:00:00Z,26.0,0.975,0.9436631870062664,0.9404167921496616
turbine_2,2025-12-17T18:00:00Z,2025-12-18T21:00:00Z,27.0,0.98,0.9312565306229565,0.9259108448898526
turbine_2,2025-12-17T18:00:00Z,2025-12-18T22:00:00Z,28.0,0.9533333333333333,0.7765180541120954,0.8181202374688403
turbine_2,2025-12-17T18:00:00Z,2025-12-18T23:00:00Z,29.0,0.9133333333333332,0.6753457907563971,0.6816156826114471
turbine_2,2025-12-17T18:00:00Z,2025-12-19T00:00:00Z,30.0,0.615,0.49328081555148257,0.484773069075065
turbine_2,2025-12-17T18:00:00Z,2025-12-19T01:00:00Z,31.0,0.1566666666666666,0.21337293073708907,0.22004809730373237
turbine_2,2025-12-17T18:00:00Z,2025-12-19T02:00:00Z,32.0,0.0083333333333333,0.1667444933632507,0.1688690770862389
turbine_2,2025-12-17T18:00:00Z,2025-12-19T03:00:00Z,33.0,0.0116666666666666,0.07834844232441476,0.09054658072499083
turbine_2,2025-12-17T18:00:00Z,2025-12-19T04:00:00Z,34.0,0.0266666666666666,0.012241719784232191,0.020667720631891123
turbine_2,2025-12-17T18:00:00Z,2025-12-19T05:00:00Z,35.0,0.01,0.011585939193168443,0.013552583519973266
turbine_2,2025-12-17T18:00:00Z,2025-12-19T06:00:00Z,36.0,0.0999999999999999,0.015284551037432315,0.01993475534907832
turbine_2,2025-12-17T18:00:00Z,2025-12-19T07:00:00Z,37.0,0.2683333333333333,0.038419770908185435,0.027475772401688553
turbine_2,2025-12-17T18:00:00Z,2025-12-19T08:00:00Z,38.0,0.51,0.07214673403743517,0.0734164834140994
turbine_2,2025-12-17T18:00:00Z,2025-12-19T09:00:00Z,39.0,0.7616666666666667,0.11599561388961101,0.09607586666836825
turbine_2,2025-12-17T18:00:00Z,2025-12-19T10:00:00Z,40.0,0.8983333333333333,0.22450317814476006,0.19540871814146782
turbine_2,2025-12-17T18:00:00Z,2025-12-19T11:00:00Z,41.0,0.9666666666666668,0.5131252003371755,0.5946610833047978
turbine_2,2025-12-17T18:00:00Z,2025-12-19T12:00:00Z,42.0,0.975,0.6695995616123489,0.6313025356778152
turbine_2,2025-12-17T18:00:00Z,2025-12-19T13:00:00Z,43.0,0.9783333333333334,0.5908538694845631,0.5335530262119421
turbine_2,2025-12-17T18:00:00Z,2025-12-19T14:00:00Z,44.0,0.98,0.7971103730266135,0.7922193214598261
turbine_2,2025-12-17T18:00:00Z,2025-12-19T15:00:00Z,45.0,0.975,0.928212081470335,0.9084685621886082
turbine_2,2025-12-17T18:00:00Z,2025-12-19T16:00:00Z,46.0,0.895,0.9376249461596831,0.9270040413319336
turbine_2,2025-12-17T18:00:00Z,2025-12-19T17:00:00Z,47.0,0.9716666666666668,0.9366564186307632,0.9138445835649689
turbine_2,2025-12-17T18:00:00Z,2025-12-19T18:00:00Z,48.0,0.9733333333333332,0.9232940065796531,0.9195885303676814
turbine_2,2025-12-18T18:00:00Z,2025-12-18T19:00:00Z,1.0,0.7583333333333333,0.7938902123064212,0.8492314627779507
turbine_2,2025-12-18T18:00:00Z,2025-12-18T20:00:00Z,2.0,0.975,0.7347207469958766,0.778323118886889
turbine_2,2025-12-18T18:00:00Z,2025-12-18T21:00:00Z,3.0,0.98,0.6795971502519843,0.691677003301635
turbine_2,2025-12-18T18:00:00Z,2025-12-18T22:00:00Z,4.0,0.9533333333333333,0.5748517865742016,0.6346535935651761
turbine_2,2025-12-18T18:00:00Z,2025-12-18T23:00:00Z,5.0,0.9133333333333332,0.5410458690067264,0.5461106446710319
turbine_2,2025-12-18T18:00:00Z,2025-12-19T00:00:00Z,6.0,0.615,0.3874987733533547,0.3990254126363677
turbine_2,2025-12-18T18:00:00Z,2025-12-19T01:00:00Z,7.0,0.1566666666666666,0.14348611518384763,0.15816786479407957
turbine_2,2025-12-18T18:00:00Z,2025-12-19T02:00:00Z,8.0,0.0083333333333333,0.0759292825814517,0.08414987478761941
turbine_2,2025-12-18T18:00:00Z,2025-12-19T03:00:00Z,9.0,0.0116666666666666,0.017873149139453898,0.04494085882695939
turbine_2,2025-12-18T18:00:00Z,2025-12-19T04:00:00Z,10.0,0.0266666666666666,0.010340581339178645,0.010538477151233488
turbine_2,2025-12-18T18:00:00Z,2025-12-19T05:00:00Z,11.0,0.01,0.027621531248879866,0.01718574379532739
turbine_2,2025-12-18T18:00:00Z,2025-12-19T06:00:00Z,12.0,0.0999999999999999,0.0810892219767413,0.08485401078398223
turbine_2,2025-12-18T18:00:00Z,2025-12-19T07:00:00Z,13.0,0.2683333333333333,0.5137617592049019,0.639898262475493
turbine_2,2025-12-18T18:00:00Z,2025-12-19T08:00:00Z,14.0,0.51,0.866262823768757,0.8774954150036641
turbine_2,2025-12-18T18:00:00Z,2025-12-19T09:00:00Z,15.0,0.7616666666666667,0.9042512620470209,0.9159604086173805
turbine_2,2025-12-18T18:00:00Z,2025-12-19T10:00:00Z,16.0,0.8983333333333333,0.8265896356979414,0.8439138520640475
turbine_2,2025-12-18T18:00:00Z,2025-12-19T11:00:00Z,17.0,0.9666666666666668,0.8361732658810365,0.7803148949020847
turbine_2,2025-12-18T18:00:00Z,2025-12-19T12:00:00Z,18.0,0.975,0.8102688621300468,0.7772029098907866
turbine_2,2025-12-18T18:00:00Z,2025-12-19T13:00:00Z,19.0,0.9783333333333334,0.8448976961737333,0.8116639483702534
turbine_2,2025-12-18T18:00:00Z,2025-12-19T14:00:00Z,20.0,0.98,0.8489184201204345,0.8198445584196665
turbine_2,2025-12-18T18:00:00Z,2025-12-19T15:00:00Z,21.0,0.975,0.8998300287517716,0.9101762952684098
turbine_2,2025-12-18T18:00:00Z,2025-12-19T16:00:00Z,22.0,0.895,0.9048918641571785,0.8956929818112298
turbine_2,2025-12-18T18:00:00Z,2025-12-19T17:00:00Z,23.0,0.9716666666666668,0.927952072746245,0.9188082445906955
turbine_2,2025-12-18T18:00:00Z,2025-12-19T18:00:00Z,24.0,0.9733333333333332,0.8878920769404376,0.9092059821001397
turbine_2,2025-12-18T18:00:00Z,2025-12-19T19:00:00Z,25.0,0.9783333333333334,0.8497255427159628,0.87953930202106
turbine_2,2025-12-18T18:00:00Z,2025-12-19T20:00:00Z,26.0,0.9566666666666668,0.8508812615587961,0.8911635006659648
turbine_2,2025-12-18T18:00:00Z,2025-12-19T21:00:00Z,27.0,0.9666666666666668,0.8295519217746444,0.8785686141220492
turbine_2,2025-12-18T18:00:00Z,2025-12-19T22:00:00Z,28.0,0.9716666666666668,0.6681647322844415,0.6489484384191577
turbine_2,2025-12-18T18:00:00Z,2025-12-19T23:00:00Z,29.0,0.8416666666666667,0.5119493670073543,0.4853535708402005
turbine_2,2025-12-18T18:00:00Z,2025-12-20T00:00:00Z,30.0,0.535,0.3840862668750922,0.2643969001339876
turbine_2,2025-12-18T18:00:00Z,2025-12-20T01:00:00Z,31.0,0.1116666666666666,0.3808141509222236,0.2673573951944072
turbine_2,2025-12-18T18:00:00Z,2025-12-20T02:00:00Z,32.0,0.0866666666666666,0.40860684594225394,0.2779771207960472
turbine_2,2025-12-18T18:00:00Z,2025-12-20T03:00:00Z,33.0,0.1849999999999999,0.4169038204999401,0.3540658603975183
turbine_2,2025-12-18T18:00:00Z,2025-12-20T04:00:00Z,34.0,0.125,0.2586256467201502,0.24706739754885587
turbine_2,2025-12-18T18:00:00Z,2025-12-20T05:00:00Z,35.0,0.13,0.2323291237202746,0.22688092014594752
turbine_2,2025-12-18T18:00:00Z,2025-12-20T06:00:00Z,36.0,0.1666666666666666,0.23062852723013585,0.18863354363415272
turbine_2,2025-12-18T18:00:00Z,2025-12-20T07:00:00Z,37.0,0.2866666666666667,0.20123043828564724,0.19428435092534094
turbine_2,2025-12-18T18:00:00Z,2025-12-20T08:00:00Z,38.0,0.395,0.2050693247434776,0.13859754930540719
turbine_2,2025-12-18T18:00:00Z,2025-12-20T09:00:00Z,39.0,0.295,0.11798589697869043,0.11482129670348751
turbine_2,2025-12-18T18:00:00Z,2025-12-20T10:00:00Z,40.0,0.2666666666666666,0.06309881262712351,0.06983163075700935
turbine_2,2025-12-18T18:00:00Z,2025-12-20T11:00:00Z,41.0,0.09,0.04434699637927372,0.07036948449304335
turbine_2,2025-12-18T18:00:00Z,2025-12-20T12:00:00Z,42.0,0.01,0.037700488662681136,0.04662526698564645
turbine_2,2025-12-18T18:00:00Z,2025-12-20T13:00:00Z,43.0,0.0083333333333333,0.045349865456576155,0.03889492414257331
turbine_2,2025-12-18T18:00:00Z,2025-12-20T14:00:00Z,44.0,0.01,0.04355888440608319,0.043139312973803384
turbine_2,2025-12-18T18:00:00Z,2025-12-20T15:00:00Z,45.0,0.01,0.061006676339551466,0.04763078965698084
turbine_2,2025-12-18T18:00:00Z,2025-12-20T16:00:00Z,46.0,0.01,0.08167985988294571,0.06561406621862381
turbine_2,2025-12-18T18:00:00Z,2025-12-20T17:00:00Z,47.0,0.0083333333333333,0.10683408801536654,0.10386649395360938
turbine_2,2025-12-18T18:00:00Z,2025-12-20T18:00:00Z,48.0,0.06,0.10282696122129653,0.12047821603272091
turbine_2,2025-12-19T18:00:00Z,2025-12-19T19:00:00Z,1.0,0.9783333333333334,0.8958295108156025,0.9152149139927602
turbine_2,2025-12-19T18:00:00Z,2025-12-19T20:00:00Z,2.0,0.9566666666666668,0.888071467657149,0.8884196428222255
turbine_2,2025-12-19T18:00:00Z,2025-12-19T21:00:00Z,3.0,0.9666666666666668,0.8598111285236113,0.9011739809377151
turbine_2,2025-12-19T18:00:00Z,2025-12-19T22:00:00Z,4.0,0.9716666666666668,0.8098197801844956,0.8812299468105647
turbine_2,2025-12-19T18:00:00Z,2025-12-19T23:00:00Z,5.0,0.8416666666666667,0.6424400475762997,0.6848392659254173
turbine_2,2025-12-19T18:00:00Z,2025-12-20T00:00:00Z,6.0,0.535,0.454062301671299,0.45296443559376653
turbine_2,2025-12-19T18:00:00Z,2025-12-20T01:00:00Z,7.0,0.1116666666666666,0.3501409200075424,0.33246161249446354
turbine_2,2025-12-19T18:00:00Z,2025-12-20T02:00:00Z,8.0,0.0866666666666666,0.36153105705806876,0.2755382283603365
turbine_2,2025-12-19T18:00:00Z,2025-12-20T03:00:00Z,9.0,0.1849999999999999,0.30332078468689183,0.341681064474208
turbine_2,2025-12-19T18:00:00Z,2025-12-20T04:00:00Z,10.0,0.125,0.3424235742492221,0.4071598992903801
turbine_2,2025-12-19T18:00:00Z,2025-12-20T05:00:00Z,11.0,0.13,0.5859628023268534,0.595324313142886
turbine_2,2025-12-19T18:00:00Z,2025-12-20T06:00:00Z,12.0,0.1666666666666666,0.8704989159650942,0.8770191083779099
turbine_2,2025-12-19T18:00:00Z,2025-12-20T07:00:00Z,13.0,0.2866666666666667,0.9542637831553544,0.9413043982150171
turbine_2,2025-12-19T18:00:00Z,2025-12-20T08:00:00Z,14.0,0.395,0.7687571586654367,0.7898006963615123
turbine_2,2025-12-19T18:00:00Z,2025-12-20T09:00:00Z,15.0,0.295,0.6790695213698611,0.5735248048880754
turbine_2,2025-12-19T18:00:00Z,2025-12-20T10:00:00Z,16.0,0.2666666666666666,0.35624603214283096,0.2777920477186083
turbine_2,2025-12-19T18:00:00Z,2025-12-20T11:00:00Z,17.0,0.09,0.17370976465775237,0.21488661961309186
turbine_2,2025-12-19T18:00:00Z,2025-12-20T12:00:00Z,18.0,0.01,0.07663421858755595,0.0932192140614225
turbine_2,2025-12-19T18:00:00Z,2025-12-20T13:00:00Z,19.0,0.0083333333333333,0.060117708620181454,0.055627086769495265
turbine_2,2025-12-19T18:00:00Z,2025-12-20T14:00:00Z,20.0,0.01,0.03538662095701939,0.0350411806018065
turbine_2,2025-12-19T18:00:00Z,2025-12-20T15:00:00Z,21.0,0.01,0.05365706655910599,0.040827993986655514
turbine_2,2025-12-19T18:00:00Z,2025-12-20T16:00:00Z,22.0,0.01,0.10603667385246376,0.09077804821270363
turbine_2,2025-12-19T18:00:00Z,2025-12-20T17:00:00Z,23.0,0.0083333333333333,0.158627289822034,0.1511936649448466
turbine_2,2025-12-19T18:00:00Z,2025-12-20T18:00:00Z,24.0,0.06,0.23581279701986863,0.2564946791882714
turbine_2,2025-12-19T18:00:00Z,2025-12-20T19:00:00Z,25.0,0.03,0.32152263075440457,0.3387849537634094
turbine_2,2025-12-19T18:00:00Z,2025-12-20T20:00:00Z,26.0,0.0833333333333333,0.32732609404145574,0.33593876683643553
turbine_2,2025-12-19T18:00:00Z,2025-12-20T21:00:00Z,27.0,0.3033333333333333,0.5258376859876945,0.5197743304187978
turbine_2,2025-12-19T18:00:00Z,2025-12-20T22:00:00Z,28.0,0.23,0.5717072935209424,0.5953144440738489
turbine_2,2025-12-19T18:00:00Z,2025-12-20T23:00:00Z,29.0,0.7383333333333333,0.6468166623181011,0.6432639193552008
turbine_2,2025-12-19T18:00:00Z,2025-12-21T00:00:00Z,30.0,0.98,0.6967980631773661,0.7192743663562957
turbine_2,2025-12-19T18:00:00Z,2025-12-21T01:00:00Z,31.0,0.8416666666666667,0.7516019037739313,0.8002971515749224
turbine_2,2025-12-19T18:00:00Z,2025-12-21T02:00:00Z,32.0,0.32,0.7460585520057004,0.8045489616712991
turbine_2,2025-12-19T18:00:00Z,2025-12-21T03:00:00Z,33.0,0.31,0.7059631078037181,0.7182530458802179
turbine_2,2025-12-19T18:00:00Z,2025-12-21T04:00:00Z,34.0,0.3266666666666666,0.762715497742557,0.803405421473476
turbine_2,2025-12-19T18:00:00Z,2025-12-21T05:00:00Z,35.0,0.3783333333333333,0.8045630090951188,0.7986496641708494
turbine_2,2025-12-19T18:00:00Z,2025-12-21T06:00:00Z,36.0,0.3883333333333333,0.8463718219859638,0.8591042661443989
turbine_2,2025-12-19T18:00:00Z,2025-12-21T07:00:00Z,37.0,0.3233333333333333,0.9345454240095592,0.9258559043673749
turbine_2,2025-12-19T18:00:00Z,2025-12-21T08:00:00Z,38.0,0.35,0.9465397846687471,0.935271637704919
turbine_2,2025-12-19T18:00:00Z,2025-12-21T09:00:00Z,39.0,0.3116666666666667,0.9564529000896937,0.9337950917337992
turbine_2,2025-12-19T18:00:00Z,2025-12-21T10:00:00Z,40.0,0.5216666666666666,0.855067294943358,0.8616367516195411
turbine_2,2025-12-19T18:00:00Z,2025-12-21T11:00:00Z,41.0,0.3999999999999999,0.80598826952508,0.8322166236150289
turbine_2,2025-12-19T18:00:00Z,2025-12-21T12:00:00Z,42.0,0.4683333333333333,0.754042919252615,0.7942654469248879
turbine_2,2025-12-19T18:00:00Z,2025-12-21T13:00:00Z,43.0,0.58,0.7420375428749263,0.7541345784014188
turbine_2,2025-12-19T18:00:00Z,2025-12-21T14:00:00Z,44.0,0.7666666666666666,0.6920381961627976,0.7146563573091956
turbine_2,2025-12-19T18:00:00Z,2025-12-21T15:00:00Z,45.0,0.6833333333333332,0.5961140411004662,0.6353972793321365
turbine_2,2025-12-19T18:00:00Z,2025-12-21T16:00:00Z,46.0,0.62,0.5469109844798004,0.5883698285241021
turbine_2,2025-12-19T18:00:00Z,2025-12-21T17:00:00Z,47.0,0.5083333333333333,0.4819355397730782,0.46073120987238364
turbine_2,2025-12-19T18:00:00Z,2025-12-21T18:00:00Z,48.0,0.58,0.272037045063212,0.29909614409567586
turbine_2,2025-12-20T18:00:00Z,2025-12-20T19:00:00Z,1.0,0.03,0.17601298489059186,0.2041155512961264
turbine_2,2025-12-20T18:00:00Z,2025-12-20T20:00:00Z,2.0,0.0833333333333333,0.1498653105990922,0.18462843388544814
turbine_2,2025-12-20T18:00:00Z,2025-12-20T21:00:00Z,3.0,0.3033333333333333,0.2663504103857626,0.2973811957178113
turbine_2,2025-12-20T18:00:00Z,2025-12-20T22:00:00Z,4.0,0.23,0.36000020393004317,0.3929926537262527
turbine_2,2025-12-20T18:00:00Z,2025-12-20T23:00:00Z,5.0,0.7383333333333333,0.6159322759165706,0.6175094000771828
turbine_2,2025-12-20T18:00:00Z,2025-12-21T00:00:00Z,6.0,0.98,0.8367810151648795,0.884162112154702
turbine_2,2025-12-20T18:00:00Z,2025-12-21T01:00:00Z,7.0,0.8416666666666667,0.8920754281130341,0.9178370810688768
turbine_2,2025-12-20T18:00:00Z,2025-12-21T02:00:00Z,8.0,0.32,0.9192412837057596,0.9555996209356766
turbine_2,2025-12-20T18:00:00Z,2025-12-21T03:00:00Z,9.0,0.31,0.8184367891337734,0.9169052689248441
turbine_2,2025-12-20T18:00:00Z,2025-12-21T04:00:00Z,10.0,0.3266666666666666,0.9665295198314103,0.9691850422609588
turbine_2,2025-12-20T18:00:00Z,2025-12-21T05:00:00Z,11.0,0.3783333333333333,0.9633063725401204,0.9531842262600009
turbine_2,2025-12-20T18:00:00Z,2025-12-21T06:00:00Z,12.0,0.3883333333333333,0.9432183931005607,0.9480377334195694
turbine_2,2025-12-20T18:00:00Z,2025-12-21T07:00:00Z,13.0,0.3233333333333333,0.9521611145755542,0.9407514797744101
turbine_2,2025-12-20T18:00:00Z,2025-12-21T08:00:00Z,14.0,0.35,0.9570825661392617,0.9467039690529127
turbine_2,2025-12-20T18:00:00Z,2025-12-21T09:00:00Z,15.0,0.3116666666666667,0.858128822800202,0.8581127089665539
turbine_2,2025-12-20T18:00:00Z,2025-12-21T10:00:00Z,16.0,0.5216666666666666,0.741994142497244,0.738123646585507
turbine_2,2025-12-20T18:00:00Z,2025-12-21T11:00:00Z,17.0,0.3999999999999999,0.6794172557057598,0.6906848208112482
turbine_2,2025-12-20T18:00:00Z,2025-12-21T12:00:00Z,18.0,0.4683333333333333,0.6988658055579324,0.7134945780184949
turbine_2,2025-12-20T18:00:00Z,2025-12-21T13:00:00Z,19.0,0.58,0.6944011275838772,0.6949570326079506
turbine_2,2025-12-20T18:00:00Z,2025-12-21T14:00:00Z,20.0,0.7666666666666666,0.6319883174108937,0.7023004530476653
turbine_2,2025-12-20T18:00:00Z,2025-12-21T15:00:00Z,21.0,0.6833333333333332,0.5725596310117794,0.6160190836721329
turbine_2,2025-12-20T18:00:00Z,2025-12-21T16:00:00Z,22.0,0.62,0.5055356405479564,0.5271182437326166
turbine_2,2025-12-20T18:00:00Z,2025-12-21T17:00:00Z,23.0,0.5083333333333333,0.4489453022121691,0.47622881468842293
turbine_2,2025-12-20T18:00:00Z,2025-12-21T18:00:00Z,24.0,0.58,0.35515758122589636,0.3802162424323191
turbine_2,2025-12-20T18:00:00Z,2025-12-21T19:00:00Z,25.0,0.64,0.27844178256506036,0.34004037758476635
turbine_2,2025-12-20T18:00:00Z,2025-12-21T20:00:00Z,26.0,0.4666666666666667,0.20808223595467076,0.18917002015871914
turbine_2,2025-12-20T18:00:00Z,2025-12-21T21:00:00Z,27.0,0.1716666666666666,0.11255712614866427,0.13031832627430584
turbine_2,2025-12-20T18:00:00Z,2025-12-21T22:00:00Z,28.0,0.01,0.03712266130313602,0.07274830528010964
turbine_2,2025-12-20T18:00:00Z,2025-12-21T23:00:00Z,29.0,0.0116666666666666,0.013492410263306887,0.03233066483869698
turbine_2,2025-12-20T18:00:00Z,2025-12-22T00:00:00Z,30.0,0.0866666666666666,0.01738550114079268,0.01197664472565138
turbine_2,2025-12-20T18:00:00Z,2025-12-22T01:00:00Z,31.0,0.17,0.03483213693039952,0.028653173517908664
turbine_2,2025-12-20T18:00:00Z,2025-12-22T02:00:00Z,32.0,0.125,0.09508084593178408,0.11348772127599047
turbine_2,2025-12-20T18:00:00Z,2025-12-22T03:00:00Z,33.0,0.145,0.2797061249599897,0.3168607900777874
turbine_2,2025-12-20T18:00:00Z,2025-12-22T04:00:00Z,34.0,0.5333333333333333,0.5987323715786275,0.6361510742289005
turbine_2,2025-12-20T18:00:00Z,2025-12-22T05:00:00Z,35.0,0.96,0.8824773104605614,0.9313045855974129
turbine_2,2025-12-20T18:00:00Z,2025-12-22T06:00:00Z,36.0,0.97,0.9615225700950356,0.9495212016706548
turbine_2,2025-12-20T18:00:00Z,2025-12-22T07:00:00Z,37.0,0.9783333333333334,0.9656627446154639,0.9712782392456508
turbine_2,2025-12-20T18:00:00Z,2025-12-22T08:00:00Z,38.0,0.9716666666666668,0.9711538633425832,0.9815940598315206
turbine_2,2025-12-20T18:00:00Z,2025-12-22T09:00:00Z,39.0,0.98,0.9698655582400962,0.9792507236821748
turbine_2,2025-12-20T18:00:00Z,2025-12-22T10:00:00Z,40.0,0.9783333333333334,0.9422882452474556,0.9674805729058533
turbine_2,2025-12-20T18:00:00Z,2025-12-22T11:00:00Z,41.0,0.9766666666666666,0.9162368484949136,0.942769284805856
turbine_2,2025-12-20T18:00:00Z,2025-12-22T12:00:00Z,42.0,0.9733333333333332,0.735475290673091,0.7731019528421466
turbine_2,2025-12-20T18:00:00Z,2025-12-22T13:00:00Z,43.0,0.9566666666666668,0.6042405010452483,0.6320772994176196
turbine_2,2025-12-20T18:00:00Z,2025-12-22T14:00:00Z,44.0,0.5833333333333334,0.5753903733593381,0.5546038112304806
turbine_2,2025-12-20T18:00:00Z,2025-12-22T15:00:00Z,45.0,0.0983333333333333,0.5378429435795525,0.5075668406590425
turbine_2,2025-12-20T18:00:00Z,2025-12-22T16:00:00Z,46.0,0.1383333333333333,0.44499332785284523,0.35759332947289246
turbine_2,2025-12-20T18:00:00Z,2025-12-22T17:00:00Z,47.0,0.0983333333333333,0.2222303776441485,0.2084954529350943
turbine_2,2025-12-20T18:00:00Z,2025-12-22T18:00:00Z,48.0,0.0666666666666666,0.15931681657277036,0.12878079368103043
turbine_2,2025-12-21T18:00:00Z,2025-12-21T19:00:00Z,1.0,0.64,0.35823596995060913,0.3890310438161169
turbine_2,2025-12-21T18:00:00Z,2025-12-21T20:00:00Z,2.0,0.4666666666666667,0.21612077784802136,0.24076257897652292
turbine_2,2025-12-21T18:00:00Z,2025-12-21T21:00:00Z,3.0,0.1716666666666666,0.11504286662078154,0.13483018266854574
turbine_2,2025-12-21T18:00:00Z,2025-12-21T22:00:00Z,4.0,0.01,0.051395005569998986,0.07759266778725646
turbine_2,2025-12-21T18:00:00Z,2025-12-21T23:00:00Z,5.0,0.0116666666666666,0.01350129446962059,0.039545789904230966
turbine_2,2025-12-21T18:00:00Z,2025-12-22T00:00:00Z,6.0,0.0866666666666666,0.010318292472971113,0.0091045861359271
turbine_2,2025-12-21T18:00:00Z,2025-12-22T01:00:00Z,7.0,0.17,0.02180987795755157,0.017350758156721935
turbine_2,2025-12-21T18:00:00Z,2025-12-22T02:00:00Z,8.0,0.125,0.033365753170105455,0.018899428471757934
turbine_2,2025-12-21T18:00:00Z,2025-12-22T03:00:00Z,9.0,0.145,0.08773100939538864,0.06514790097494706
turbine_2,2025-12-21T18:00:00Z,2025-12-22T04:00:00Z,10.0,0.5333333333333333,0.4562068031313745,0.42895745281985825
turbine_2,2025-12-21T18:00:00Z,2025-12-22T05:00:00Z,11.0,0.96,0.8787215671035886,0.9409279391321742
turbine_2,2025-12-21T18:00:00Z,2025-12-22T06:00:00Z,12.0,0.97,0.9612532516840868,0.9519165254677961
turbine_2,2025-12-21T18:00:00Z,2025-12-22T07:00:00Z,13.0,0.9783333333333334,0.9650857875594151,0.9905663508088849
turbine_2,2025-12-21T18:00:00Z,2025-12-22T08:00:00Z,14.0,0.9716666666666668,0.9459724449910777,0.9808590703809071
turbine_2,2025-12-21T18:00:00Z,2025-12-22T09:00:00Z,15.0,0.98,0.9743796792805431,0.9797101082972777
turbine_2,2025-12-21T18:00:00Z,2025-12-22T10:00:00Z,16.0,0.9783333333333334,0.9719203206802491,0.9765258001468914
turbine_2,2025-12-21T18:00:00Z,2025-12-22T11:00:00Z,17.0,0.9766666666666666,0.953021603963567,0.9181286057355368
turbine_2,2025-12-21T18:00:00Z,2025-12-22T12:00:00Z,18.0,0.9733333333333332,0.7887133834036377,0.7745336246888924
turbine_2,2025-12-21T18:00:00Z,2025-12-22T13:00:00Z,19.0,0.9566666666666668,0.6310864935275199,0.6128647693303233
turbine_2,2025-12-21T18:00:00Z,2025-12-22T14:00:00Z,20.0,0.5833333333333334,0.5919269748711503,0.5543414551034409
turbine_2,2025-12-21T18:00:00Z,2025-12-22T15:00:00Z,21.0,0.0983333333333333,0.33871261920106716,0.3373744553188893
turbine_2,2025-12-21T18:00:00Z,2025-12-22T16:00:00Z,22.0,0.1383333333333333,0.19681327249378142,0.18138142224445222
turbine_2,2025-12-21T18:00:00Z,2025-12-22T17:00:00Z,23.0,0.0983333333333333,0.16723049092950057,0.12454941963768593
turbine_2,2025-12-21T18:00:00Z,2025-12-22T18:00:00Z,24.0,0.0666666666666666,0.09679317241100735,0.1047054327770314
turbine_2,2025-12-21T18:00:00Z,2025-12-22T19:00:00Z,25.0,0.01,0.06287459749974714,0.11857589043294672
turbine_2,2025-12-21T18:00:00Z,2025-12-22T20:00:00Z,26.0,0.01,0.05234872083806463,0.048827407170536935
turbine_2,2025-12-21T18:00:00Z,2025-12-22T21:00:00Z,27.0,0.01,0.04268572082358635,0.04666334968815386
turbine_2,2025-12-21T18:00:00Z,2025-12-22T22:00:00Z,28.0,0.01,0.040171267833226415,0.04497033875646997
turbine_2,2025-12-21T18:00:00Z,2025-12-22T23:00:00Z,29.0,0.0083333333333333,0.03925750967443073,0.04002822129004269
turbine_2,2025-12-21T18:00:00Z,2025-12-23T00:00:00Z,30.0,0.0066666666666666,0.039457317648192713,0.04464826526317442
turbine_2,2025-12-21T18:00:00Z,2025-12-23T01:00:00Z,31.0,0.01,0.03801135737316921,0.034047172869031056
turbine_2,2025-12-21T18:00:00Z,2025-12-23T02:00:00Z,32.0,0.0116666666666666,0.02544302799854356,0.026918457842841498
turbine_2,2025-12-21T18:00:00Z,2025-12-23T03:00:00Z,33.0,0.0216666666666666,0.022331682584674772,0.02970534327110963
turbine_2,2025-12-21T18:00:00Z,2025-12-23T04:00:00Z,34.0,0.01,0.022475769493042613,0.01831100064994437
turbine_2,2025-12-21T18:00:00Z,2025-12-23T05:00:00Z,35.0,0.01,0.019993321793427637,0.019588037919221063
turbine_2,2025-12-21T18:00:00Z,2025-12-23T06:00:00Z,36.0,0.01,0.021603287336000643,0.016850702652165955
turbine_2,2025-12-21T18:00:00Z,2025-12-23T07:00:00Z,37.0,0.01,0.03405991474083575,0.03249262715556109
turbine_2,2025-12-21T18:00:00Z,2025-12-23T08:00:00Z,38.0,0.01,0.039288524101970035,0.034465284011366476
turbine_2,2025-12-21T18:00:00Z,2025-12-23T09:00:00Z,39.0,0.01,0.03977255663067267,0.03113608136727994
turbine_2,2025-12-21T18:00:00Z,2025-12-23T10:00:00Z,40.0,0.01,0.04370664510848668,0.02628197528826995
turbine_2,2025-12-21T18:00:00Z,2025-12-23T11:00:00Z,41.0,0.01,0.06156345663514558,0.04103109556456172
turbine_2,2025-12-21T18:00:00Z,2025-12-23T12:00:00Z,42.0,0.01,0.0697878337588684,0.058303292609900054
turbine_2,2025-12-21T18:00:00Z,2025-12-23T13:00:00Z,43.0,0.01,0.057420053062142526,0.04667414375478948
turbine_2,2025-12-21T18:00:00Z,2025-12-23T14:00:00Z,44.0,0.01,0.06156355157184194,0.04605613831513816
turbine_2,2025-12-21T18:00:00Z,2025-12-23T15:00:00Z,45.0,0.01,0.03857051150526747,0.04543343223135876
turbine_2,2025-12-21T18:00:00Z,2025-12-23T16:00:00Z,46.0,0.01,0.056702689952351004,0.048659304155630134
turbine_2,2025-12-21T18:00:00Z,2025-12-23T17:00:00Z,47.0,0.01,0.06408446640428367,0.045189748739502794
turbine_2,2025-12-21T18:00:00Z,2025-12-23T18:00:00Z,48.0,0.0916666666666666,0.07315313424179419,0.08043518341148276
turbine_2,2025-12-22T18:00:00Z,2025-12-22T19:00:00Z,1.0,0.01,0.11251839082912897,0.11152894684988558
turbine_2,2025-12-22T18:00:00Z,2025-12-22T20:00:00Z,2.0,0.01,0.08892885657258454,0.07046205291610087
turbine_2,2025-12-22T18:00:00Z,2025-12-22T21:00:00Z,3.0,0.01,0.07541633072195655,0.0554119292490573
turbine_2,2025-12-22T18:00:00Z,2025-12-22T22:00:00Z,4.0,0.01,0.10282971596801185,0.11482143447665732
turbine_2,2025-12-22T18:00:00Z,2025-12-22T23:00:00Z,5.0,0.0083333333333333,0.18886329905990962,0.15231033812017175
turbine_2,2025-12-22T18:00:00Z,2025-12-23T00:00:00Z,6.0,0.0066666666666666,0.25143878159737454,0.2591783025263319
turbine_2,2025-12-22T18:00:00Z,2025-12-23T01:00:00Z,7.0,0.01,0.1031293027487126,0.10063962988192555
turbine_2,2025-12-22T18:00:00Z,2025-12-23T02:00:00Z,8.0,0.0116666666666666,0.08616961741315522,0.06217171617026171
turbine_2,2025-12-22T18:00:00Z,2025-12-23T03:00:00Z,9.0,0.0216666666666666,0.05697774519912295,0.06687220263575423
turbine_2,2025-12-22T18:00:00Z,2025-12-23T04:00:00Z,10.0,0.01,0.06407260292538555,0.03994931249244463
turbine_2,2025-12-22T18:00:00Z,2025-12-23T05:00:00Z,11.0,0.01,0.0669973751579668,0.04328894110896406
turbine_2,2025-12-22T18:00:00Z,2025-12-23T06:00:00Z,12.0,0.01,0.05585286232204789,0.05228308678013169
turbine_2,2025-12-22T18:00:00Z,2025-12-23T07:00:00Z,13.0,0.01,0.05110009010695127,0.042073324760985714
turbine_2,2025-12-22T18:00:00Z,2025-12-23T08:00:00Z,14.0,0.01,0.05822243857845649,0.05073059879045158
turbine_2,2025-12-22T18:00:00Z,2025-12-23T09:00:00Z,15.0,0.01,0.05006608988992711,0.03748527775490326
turbine_2,2025-12-22T18:00:00Z,2025-12-23T10:00:00Z,16.0,0.01,0.04512132462681456,0.04298689356734722
turbine_2,2025-12-22T18:00:00Z,2025-12-23T11:00:00Z,17.0,0.01,0.036487470717821685,0.04432382051197406
turbine_2,2025-12-22T18:00:00Z,2025-12-23T12:00:00Z,18.0,0.01,0.04706154151902123,0.049622150195482134
turbine_2,2025-12-22T18:00:00Z,2025-12-23T13:00:00Z,19.0,0.01,0.043409627790055194,0.04908170381161206
turbine_2,2025-12-22T18:00:00Z,2025-12-23T14:00:00Z,20.0,0.01,0.04289284769486307,0.04891770483340052
turbine_2,2025-12-22T18:00:00Z,2025-12-23T15:00:00Z,21.0,0.01,0.03907298736443615,0.04901217704426558
turbine_2,2025-12-22T18:00:00Z,2025-12-23T16:00:00Z,22.0,0.01,0.04015434432227194,0.04625741386776272
turbine_2,2025-12-22T18:00:00Z,2025-12-23T17:00:00Z,23.0,0.01,0.04169574161179618,0.03955855322192087
turbine_2,2025-12-22T18:00:00Z,2025-12-23T18:00:00Z,24.0,0.0916666666666666,0.04953792396281623,0.045450607312916946
turbine_2,2025-12-22T18:00:00Z,2025-12-23T19:00:00Z,25.0,0.165,0.056554335933430205,0.08656093882562794
turbine_2,2025-12-22T18:00:00Z,2025-12-23T20:00:00Z,26.0,0.2933333333333333,0.10199385397467058,0.11289387104973109
turbine_2,2025-12-22T18:00:00Z,2025-12-23T21:00:00Z,27.0,0.7616666666666667,0.12729027914146568,0.1403895954687992
turbine_2,2025-12-22T18:00:00Z,2025-12-23T22:00:00Z,28.0,0.6716666666666667,0.23765698578203454,0.19129006158788506
turbine_2,2025-12-22T18:00:00Z,2025-12-23T23:00:00Z,29.0,0.6866666666666666,0.23070621587217927,0.23323062211076917
turbine_2,2025-12-22T18:00:00Z,2025-12-24T00:00:00Z,30.0,0.8383333333333334,0.21272292537707727,0.15853692938366246
turbine_2,2025-12-22T18:00:00Z,2025-12-24T01:00:00Z,31.0,0.935,0.1484523653154738,0.10826508128519485
turbine_2,2025-12-22T18:00:00Z,2025-12-24T02:00:00Z,32.0,0.6616666666666666,0.1522603101766466,0.11050571791410775
turbine_2,2025-12-22T18:00:00Z,2025-12-24T03:00:00Z,33.0,0.7783333333333333,0.21312920859389065,0.14792347084307816
turbine_2,2025-12-22T18:00:00Z,2025-12-24T04:00:00Z,34.0,0.5366666666666666,0.21585726392984345,0.20580561480282047
turbine_2,2025-12-22T18:00:00Z,2025-12-24T05:00:00Z,35.0,0.435,0.341115700499913,0.32688099748573995
turbine_2,2025-12-22T18:00:00Z,2025-12-24T06:00:00Z,36.0,0.265,0.3594879368727749,0.35162575642316973
turbine_2,2025-12-22T18:00:00Z,2025-12-24T07:00:00Z,37.0,0.23,0.34915100836975443,0.3502060693899206
turbine_2,2025-12-22T18:00:00Z,2025-12-24T08:00:00Z,38.0,0.2516666666666666,0.3723955316690069,0.2891206375278879
turbine_2,2025-12-22T18:00:00Z,2025-12-24T09:00:00Z,39.0,0.2316666666666667,0.41461494739562266,0.34609128565692104
turbine_2,2025-12-22T18:00:00Z,2025-12-24T10:00:00Z,40.0,0.225,0.48166594209340957,0.45869319197645336
turbine_2,2025-12-22T18:00:00Z,2025-12-24T11:00:00Z,41.0,0.2916666666666667,0.580828782411908,0.45704393924168313
turbine_2,2025-12-22T18:00:00Z,2025-12-24T12:00:00Z,42.0,0.3533333333333333,0.6025034951387968,0.48520483982480667
turbine_2,2025-12-22T18:00:00Z,2025-12-24T13:00:00Z,43.0,0.2333333333333333,0.592196402416372,0.4822766966497437
turbine_2,2025-12-22T18:00:00Z,2025-12-24T14:00:00Z,44.0,0.2933333333333333,0.6582170651323385,0.5516572819401728
turbine_2,2025-12-22T18:00:00Z,2025-12-24T15:00:00Z,45.0,0.4883333333333333,0.6617486465695588,0.6010355484598556
turbine_2,2025-12-22T18:00:00Z,2025-12-24T16:00:00Z,46.0,0.5316666666666666,0.6530377927308488,0.55653709764781
turbine_2,2025-12-22T18:00:00Z,2025-12-24T17:00:00Z,47.0,0.3883333333333333,0.6543298588399111,0.567792825439472
turbine_2,2025-12-22T18:00:00Z,2025-12-24T18:00:00Z,48.0,0.5016666666666666,0.6545923747658999,0.6081916558974467
turbine_2,2025-12-23T18:00:00Z,2025-12-23T19:00:00Z,1.0,0.165,0.2508725034455579,0.2575148902284985
turbine_2,2025-12-23T18:00:00Z,2025-12-23T20:00:00Z,2.0,0.2933333333333333,0.42861126622786944,0.35844855061131176
turbine_2,2025-12-23T18:00:00Z,2025-12-23T21:00:00Z,3.0,0.7616666666666667,0.44641914410413097,0.41256613658920627
turbine_2,2025-12-23T18:00:00Z,2025-12-23T22:00:00Z,4.0,0.6716666666666667,0.4828930173464775,0.4569660926604253
turbine_2,2025-12-23T18:00:00Z,2025-12-23T23:00:00Z,5.0,0.6866666666666666,0.4366519962694626,0.3419325130282165
turbine_2,2025-12-23T18:00:00Z,2025-12-24T00:00:00Z,6.0,0.8383333333333334,0.41564695466452584,0.3442303637257652
turbine_2,2025-12-23T18:00:00Z,2025-12-24T01:00:00Z,7.0,0.935,0.3840355445148895,0.30694919289237615
turbine_2,2025-12-23T18:00:00Z,2025-12-24T02:00:00Z,8.0,0.6616666666666666,0.2833801387229601,0.2264007645953102
turbine_2,2025-12-23T18:00:00Z,2025-12-24T03:00:00Z,9.0,0.7783333333333333,0.26075540080272447,0.22737312633858134
turbine_2,2025-12-23T18:00:00Z,2025-12-24T04:00:00Z,10.0,0.5366666666666666,0.26664074899855444,0.2590431249612566
turbine_2,2025-12-23T18:00:00Z,2025-12-24T05:00:00Z,11.0,0.435,0.4441012218797594,0.4094294856097467
turbine_2,2025-12-23T18:00:00Z,2025-12-24T06:00:00Z,12.0,0.265,0.571302531898974,0.4801084803470689
turbine_2,2025-12-23T18:00:00Z,2025-12-24T07:00:00Z,13.0,0.23,0.6204936954777978,0.5777357575969226
turbine_2,2025-12-23T18:00:00Z,2025-12-24T08:00:00Z,14.0,0.2516666666666666,0.7008299836624872,0.6532631275808247
turbine_2,2025-12-23T18:00:00Z,2025-12-24T09:00:00Z,15.0,0.2316666666666667,0.7832580767250604,0.7053571210653364
turbine_2,2025-12-23T18:00:00Z,2025-12-24T10:00:00Z,16.0,0.225,0.711798466250435,0.6209983069462456
turbine_2,2025-12-23T18:00:00Z,2025-12-24T11:00:00Z,17.0,0.2916666666666667,0.6209578549197832,0.5313219427983755
turbine_2,2025-12-23T18:00:00Z,2025-12-24T12:00:00Z,18.0,0.3533333333333333,0.6272951398522982,0.4808976898759265
turbine_2,2025-12-23T18:00:00Z,2025-12-24T13:00:00Z,19.0,0.2333333333333333,0.5807283145666797,0.4155565705625569
turbine_2,2025-12-23T18:00:00Z,2025-12-24T14:00:00Z,20.0,0.2933333333333333,0.43550463676936324,0.33143520046688046
turbine_2,2025-12-23T18:00:00Z,2025-12-24T15:00:00Z,21.0,0.4883333333333333,0.37324797291572853,0.3092267328026911
turbine_2,2025-12-23T18:00:00Z,2025-12-24T16:00:00Z,22.0,0.5316666666666666,0.5724659624093444,0.44138012484631184
turbine_2,2025-12-23T18:00:00Z,2025-12-24T17:00:00Z,23.0,0.3883333333333333,0.46423023035615046,0.3982058072797138
turbine_2,2025-12-23T18:00:00Z,2025-12-24T18:00:00Z,24.0,0.5016666666666666,0.6426667495314382,0.5794841816703766
turbine_2,2025-12-23T18:00:00Z,2025-12-24T19:00:00Z,25.0,0.4266666666666667,0.6718292856660095,0.6100362824568992
turbine_2,2025-12-23T18:00:00Z,2025-12-24T20:00:00Z,26.0,0.4133333333333333,0.7297984101918583,0.7183783747351132
turbine_2,2025-12-23T18:00:00Z,2025-12-24T21:00:00Z,27.0,0.6533333333333333,0.8011623560774878,0.778400784355007
turbine_2,2025-12-23T18:00:00Z,2025-12-24T22:00:00Z,28.0,0.58,0.8576402338703223,0.851823570843451
turbine_2,2025-12-23T18:00:00Z,2025-12-24T23:00:00Z,29.0,0.63,0.8874459661926128,0.8871420253463886
turbine_2,2025-12-23T18:00:00Z,2025-12-25T00:00:00Z,30.0,0.5766666666666667,0.891996227495689,0.8819567283005645
turbine_2,2025-12-23T18:00:00Z,2025-12-25T01:00:00Z,31.0,0.47,0.8994509612620956,0.8934214578410204
turbine_2,2025-12-23T18:00:00Z,2025-12-25T02:00:00Z,32.0,0.46,0.8945626607778512,0.915446466296312
turbine_2,2025-12-23T18:00:00Z,2025-12-25T03:00:00Z,33.0,0.2733333333333334,0.9006040968583581,0.9106515038699254
turbine_2,2025-12-23T18:00:00Z,2025-12-25T04:00:00Z,34.0,0.1983333333333333,0.9312139551817192,0.9323480616412424
turbine_2,2025-12-23T18:00:00Z,2025-12-25T05:00:00Z,35.0,0.2666666666666666,0.9405429435151978,0.9545344808041255
turbine_2,2025-12-23T18:00:00Z,2025-12-25T06:00:00Z,36.0,0.2133333333333333,0.9615225700950356,0.9661583821170175
turbine_2,2025-12-23T18:00:00Z,2025-12-25T07:00:00Z,37.0,0.17,0.966760819512255,0.9604455508369119
turbine_2,2025-12-23T18:00:00Z,2025-12-25T08:00:00Z,38.0,0.2083333333333333,0.9737978759011406,0.9653717771518323
turbine_2,2025-12-23T18:00:00Z,2025-12-25T09:00:00Z,39.0,0.185,0.971871639738415,0.9402671661325319
turbine_2,2025-12-23T18:00:00Z,2025-12-25T10:00:00Z,40.0,0.24,0.9624160188672193,0.9528741032405914
turbine_2,2025-12-23T18:00:00Z,2025-12-25T11:00:00Z,41.0,0.2266666666666666,0.9354091619206102,0.9267831237355355
turbine_2,2025-12-23T18:00:00Z,2025-12-25T12:00:00Z,42.0,0.125,0.8973592940002209,0.8498141019182408
turbine_2,2025-12-23T18:00:00Z,2025-12-25T13:00:00Z,43.0,0.1966666666666666,0.8948816079725571,0.8749083900590169
turbine_2,2025-12-23T18:00:00Z,2025-12-25T14:00:00Z,44.0,0.3883333333333333,0.8748243616429068,0.8475150994278531
turbine_2,2025-12-23T18:00:00Z,2025-12-25T15:00:00Z,45.0,0.6666666666666666,0.8677255811509768,0.8409336682380191
turbine_2,2025-12-23T18:00:00Z,2025-12-25T16:00:00Z,46.0,0.7966666666666667,0.8763744325143206,0.8202366245911676
turbine_2,2025-12-23T18:00:00Z,2025-12-25T17:00:00Z,47.0,0.4316666666666666,0.8666112533478817,0.8028860306635164
turbine_2,2025-12-23T18:00:00Z,2025-12-25T18:00:00Z,48.0,0.215,0.8391086897846677,0.7978188224580964
turbine_2,2025-12-24T18:00:00Z,2025-12-24T19:00:00Z,1.0,0.4266666666666667,0.7785219775009627,0.7557773268854598
turbine_2,2025-12-24T18:00:00Z,2025-12-24T20:00:00Z,2.0,0.4133333333333333,0.8519566682267649,0.8157817001737729
turbine_2,2025-12-24T18:00:00Z,2025-12-24T21:00:00Z,3.0,0.6533333333333333,0.8985229906316554,0.8681660485335694
turbine_2,2025-12-24T18:00:00Z,2025-12-24T22:00:00Z,4.0,0.58,0.9038433806348075,0.8811991485495464
turbine_2,2025-12-24T18:00:00Z,2025-12-24T23:00:00Z,5.0,0.63,0.8849672688985031,0.9155969972919694
turbine_2,2025-12-24T18:00:00Z,2025-12-25T00:00:00Z,6.0,0.5766666666666667,0.8968608345628475,0.8885538352313562
turbine_2,2025-12-24T18:00:00Z,2025-12-25T01:00:00Z,7.0,0.47,0.8962267859769326,0.8952109093498675
turbine_2,2025-12-24T18:00:00Z,2025-12-25T02:00:00Z,8.0,0.46,0.8908268188765548,0.8972677010371666
turbine_2,2025-12-24T18:00:00Z,2025-12-25T03:00:00Z,9.0,0.2733333333333334,0.8964449974671199,0.9059941246570615
turbine_2,2025-12-24T18:00:00Z,2025-12-25T04:00:00Z,10.0,0.1983333333333333,0.9073033339469726,0.9334811706164379
turbine_2,2025-12-24T18:00:00Z,2025-12-25T05:00:00Z,11.0,0.2666666666666666,0.9432599385397599,0.933549938888475
turbine_2,2025-12-24T18:00:00Z,2025-12-25T06:00:00Z,12.0,0.2133333333333333,0.9629020637395639,0.9617082438799099
turbine_2,2025-12-24T18:00:00Z,2025-12-25T07:00:00Z,13.0,0.17,0.9667532186160815,0.9662014081597718
turbine_2,2025-12-24T18:00:00Z,2025-12-25T08:00:00Z,14.0,0.2083333333333333,0.9728326027858742,0.9773371079256881
turbine_2,2025-12-24T18:00:00Z,2025-12-25T09:00:00Z,15.0,0.185,0.9749304573475734,0.95813039970324
turbine_2,2025-12-24T18:00:00Z,2025-12-25T10:00:00Z,16.0,0.24,0.9765379406709759,0.9773071678369625
turbine_2,2025-12-24T18:00:00Z,2025-12-25T11:00:00Z,17.0,0.2266666666666666,0.9646734314855892,0.9680111863159849
turbine_2,2025-12-24T18:00:00Z,2025-12-25T12:00:00Z,18.0,0.125,0.9193950252490488,0.917152310659725
turbine_2,2025-12-24T18:00:00Z,2025-12-25T13:00:00Z,19.0,0.1966666666666666,0.9025850903764189,0.8426893427254916
turbine_2,2025-12-24T18:00:00Z,2025-12-25T14:00:00Z,20.0,0.3883333333333333,0.867337147977216,0.8160861162331693
turbine_2,2025-12-24T18:00:00Z,2025-12-25T15:00:00Z,21.0,0.6666666666666666,0.8535377524234106,0.7844011595852853
turbine_2,2025-12-24T18:00:00Z,2025-12-25T16:00:00Z,22.0,0.7966666666666667,0.8662743513239629,0.744658487533393
turbine_2,2025-12-24T18:00:00Z,2025-12-25T17:00:00Z,23.0,0.4316666666666666,0.7422544529749455,0.6137623524974084
turbine_2,2025-12-24T18:00:00Z,2025-12-25T18:00:00Z,24.0,0.215,0.6644244700103636,0.5415841995850186
turbine_2,2025-12-24T18:00:00Z,2025-12-25T19:00:00Z,25.0,0.295,0.674599519560078,0.6123760422991287
turbine_2,2025-12-24T18:00:00Z,2025-12-25T20:00:00Z,26.0,0.465,0.6503282708955784,0.5671061560475552
turbine_2,2025-12-24T18:00:00Z,2025-12-25T21:00:00Z,27.0,0.5316666666666666,0.7575679341212552,0.6793699950206868
turbine_2,2025-12-24T18:00:00Z,2025-12-25T22:00:00Z,28.0,0.2566666666666666,0.5383592225366085,0.44798635199875086
turbine_2,2025-12-24T18:00:00Z,2025-12-25T23:00:00Z,29.0,0.3183333333333333,0.32605792508866527,0.23200956051970484
turbine_2,2025-12-24T18:00:00Z,2025-12-26T00:00:00Z,30.0,0.2033333333333333,0.06495377136595658,0.10102642578984837
turbine_2,2025-12-24T18:00:00Z,2025-12-26T01:00:00Z,31.0,0.0966666666666666,0.03612761658704158,0.04483233791752653
turbine_2,2025-12-24T18:00:00Z,2025-12-26T02:00:00Z,32.0,0.04,0.019170870274198004,0.032623020488850574
turbine_2,2025-12-24T18:00:00Z,2025-12-26T03:00:00Z,33.0,0.0216666666666666,0.010845416005633296,0.014351497468037738
turbine_2,2025-12-24T18:00:00Z,2025-12-26T04:00:00Z,34.0,0.0083333333333333,0.10299674095664983,0.0871087473909576
turbine_2,2025-12-24T18:00:00Z,2025-12-26T05:00:00Z,35.0,0.01,0.2926871621165963,0.30632765121649086
turbine_2,2025-12-24T18:00:00Z,2025-12-26T06:00:00Z,36.0,0.01,0.6885427220688639,0.7177647430257165
turbine_2,2025-12-24T18:00:00Z,2025-12-26T07:00:00Z,37.0,0.01,0.9567269534028897,0.9581460948295311
turbine_2,2025-12-24T18:00:00Z,2025-12-26T08:00:00Z,38.0,0.235,0.9609617360607143,0.9574800782872659
turbine_2,2025-12-24T18:00:00Z,2025-12-26T09:00:00Z,39.0,0.7566666666666667,0.9429559586769398,0.9329479397059814
turbine_2,2025-12-24T18:00:00Z,2025-12-26T10:00:00Z,40.0,0.01,0.9455497463354343,0.9262172585750829
turbine_2,2025-12-24T18:00:00Z,2025-12-26T11:00:00Z,41.0,0.01,0.7774533601113636,0.7779660152696719
turbine_2,2025-12-24T18:00:00Z,2025-12-26T12:00:00Z,42.0,0.9333333333333332,0.4749980495105214,0.4943063693376514
turbine_2,2025-12-24T18:00:00Z,2025-12-26T13:00:00Z,43.0,0.9583333333333334,0.3284696408742248,0.35218464949608796
turbine_2,2025-12-24T18:00:00Z,2025-12-26T14:00:00Z,44.0,0.7066666666666667,0.2925218937296895,0.36346175571336775
turbine_2,2025-12-24T18:00:00Z,2025-12-26T15:00:00Z,45.0,0.7916666666666666,0.4418388846945696,0.519514955003527
turbine_2,2025-12-24T18:00:00Z,2025-12-26T16:00:00Z,46.0,0.3916666666666666,0.46127923633518503,0.47473006558807135
turbine_2,2025-12-24T18:00:00Z,2025-12-26T17:00:00Z,47.0,0.3266666666666666,0.4588178386739327,0.4725262388674673
turbine_2,2025-12-24T18:00:00Z,2025-12-26T18:00:00Z,48.0,0.215,0.5073574188939478,0.5712318608381184
turbine_2,2025-12-25T18:00:00Z,2025-12-25T19:00:00Z,1.0,0.295,0.5385361525986326,0.47703316033683374
turbine_2,2025-12-25T18:00:00Z,2025-12-25T20:00:00Z,2.0,0.465,0.5751208908093315,0.5162919592995402
turbine_2,2025-12-25T18:00:00Z,2025-12-25T21:00:00Z,3.0,0.5316666666666666,0.6585218792339155,0.6383188692827269
turbine_2,2025-12-25T18:00:00Z,2025-12-25T22:00:00Z,4.0,0.2566666666666666,0.6294947222462833,0.6217192420506931
turbine_2,2025-12-25T18:00:00Z,2025-12-25T23:00:00Z,5.0,0.3183333333333333,0.5174246515799097,0.44352386226461504
turbine_2,2025-12-25T18:00:00Z,2025-12-26T00:00:00Z,6.0,0.2033333333333333,0.12968942653005977,0.13620597892165204
turbine_2,2025-12-25T18:00:00Z,2025-12-26T01:00:00Z,7.0,0.0966666666666666,0.05237662059690504,0.0815441213771822
turbine_2,2025-12-25T18:00:00Z,2025-12-26T02:00:00Z,8.0,0.04,0.02012270777473607,0.028678543362220393
turbine_2,2025-12-25T18:00:00Z,2025-12-26T03:00:00Z,9.0,0.0216666666666666,0.010108802353163887,0.02487391721015661
turbine_2,2025-12-25T18:00:00Z,2025-12-26T04:00:00Z,10.0,0.0083333333333333,0.0206136301697408,0.028238131052807175
turbine_2,2025-12-25T18:00:00Z,2025-12-26T05:00:00Z,11.0,0.01,0.028824516422201935,0.032784249351204914
turbine_2,2025-12-25T18:00:00Z,2025-12-26T06:00:00Z,12.0,0.01,0.10409603316191342,0.11336755399482576
turbine_2,2025-12-25T18:00:00Z,2025-12-26T07:00:00Z,13.0,0.01,0.3535588466843169,0.3278078807758219
turbine_2,2025-12-25T18:00:00Z,2025-12-26T08:00:00Z,14.0,0.235,0.42836795869566324,0.3876840369596136
turbine_2,2025-12-25T18:00:00Z,2025-12-26T09:00:00Z,15.0,0.7566666666666667,0.6890018435795144,0.6527406021645876
turbine_2,2025-12-25T18:00:00Z,2025-12-26T10:00:00Z,16.0,0.01,0.8416453671005801,0.8287792964744676
turbine_2,2025-12-25T18:00:00Z,2025-12-26T11:00:00Z,17.0,0.01,0.8768591404207021,0.8833112071791593
turbine_2,2025-12-25T18:00:00Z,2025-12-26T12:00:00Z,18.0,0.9333333333333332,0.8446398570303698,0.8771363909919938
turbine_2,2025-12-25T18:00:00Z,2025-12-26T13:00:00Z,19.0,0.9583333333333334,0.8701404000692045,0.8800489972179031
turbine_2,2025-12-25T18:00:00Z,2025-12-26T14:00:00Z,20.0,0.7066666666666667,0.7126614043307337,0.7172533659213962
turbine_2,2025-12-25T18:00:00Z,2025-12-26T15:00:00Z,21.0,0.7916666666666666,0.6481510551979931,0.6313293278285255
turbine_2,2025-12-25T18:00:00Z,2025-12-26T16:00:00Z,22.0,0.3916666666666666,0.7123929595702215,0.6994595096189324
turbine_2,2025-12-25T18:00:00Z,2025-12-26T17:00:00Z,23.0,0.3266666666666666,0.5810704695177529,0.5861318353299378
turbine_2,2025-12-25T18:00:00Z,2025-12-26T18:00:00Z,24.0,0.215,0.2798617007380239,0.24725211456202395
turbine_2,2025-12-25T18:00:00Z,2025-12-26T19:00:00Z,25.0,0.2516666666666666,0.09556136124360612,0.1089380372044718
turbine_2,2025-12-25T18:00:00Z,2025-12-26T20:00:00Z,26.0,0.1666666666666666,0.031060733779913363,0.02979941632352537
turbine_2,2025-12-25T18:00:00Z,2025-12-26T21:00:00Z,27.0,0.1983333333333333,0.011398788201884724,0.010778617135854152
turbine_2,2025-12-25T18:00:00Z,2025-12-26T22:00:00Z,28.0,0.125,0.010357255622387762,0.010291032002331835
turbine_2,2025-12-25T18:00:00Z,2025-12-26T23:00:00Z,29.0,0.0133333333333333,0.02730728681997152,0.017306155168002296
turbine_2,2025-12-25T18:00:00Z,2025-12-27T00:00:00Z,30.0,0.0383333333333333,0.28400855051383267,0.25712297356410385
turbine_2,2025-12-25T18:00:00Z,2025-12-27T01:00:00Z,31.0,0.1233333333333333,0.5114498603100992,0.4829544512173887
turbine_2,2025-12-25T18:00:00Z,2025-12-27T02:00:00Z,32.0,0.215,0.5592357182721466,0.5042053797186519
turbine_2,2025-12-25T18:00:00Z,2025-12-27T03:00:00Z,33.0,0.1983333333333333,0.764209549211027,0.8635632975801776
turbine_2,2025-12-25T18:00:00Z,2025-12-27T04:00:00Z,34.0,0.2566666666666666,0.9289832792341549,0.9446795927649875
turbine_2,2025-12-25T18:00:00Z,2025-12-27T05:00:00Z,35.0,0.61,0.9405429435151978,0.9437721954521601
turbine_2,2025-12-25T18:00:00Z,2025-12-27T06:00:00Z,36.0,0.96,0.9615225700950356,0.9456099584777288
turbine_2,2025-12-25T18:00:00Z,2025-12-27T07:00:00Z,37.0,0.945,0.966760819512255,0.9604574650663424
turbine_2,2025-12-25T18:00:00Z,2025-12-27T08:00:00Z,38.0,0.895,0.9728028480769096,0.9645006024320063
turbine_2,2025-12-25T18:00:00Z,2025-12-27T09:00:00Z,39.0,0.89,0.9722857878806284,0.9785194350819733
turbine_2,2025-12-25T18:00:00Z,2025-12-27T10:00:00Z,40.0,0.8983333333333333,0.95956128982327,0.974264417552075
turbine_2,2025-12-25T18:00:00Z,2025-12-27T11:00:00Z,41.0,0.8966666666666666,0.9551577755929204,0.9327856641642304
turbine_2,2025-12-25T18:00:00Z,2025-12-27T12:00:00Z,42.0,0.955,0.8108388627134934,0.7858515112245743
turbine_2,2025-12-25T18:00:00Z,2025-12-27T13:00:00Z,43.0,0.8733333333333334,0.6227300190695851,0.5630614143659556
turbine_2,2025-12-25T18:00:00Z,2025-12-27T14:00:00Z,44.0,0.6816666666666666,0.575552507902487,0.4626193275880045
turbine_2,2025-12-25T18:00:00Z,2025-12-27T15:00:00Z,45.0,0.2933333333333333,0.5539681855683604,0.4791129409407918
turbine_2,2025-12-25T18:00:00Z,2025-12-27T16:00:00Z,46.0,0.1183333333333333,0.5401572351475865,0.4387266292111849
turbine_2,2025-12-25T18:00:00Z,2025-12-27T17:00:00Z,47.0,0.3583333333333333,0.5573830361382843,0.4751877645071061
turbine_2,2025-12-25T18:00:00Z,2025-12-27T18:00:00Z,48.0,0.2566666666666666,0.5009141984500716,0.45184270759888145
turbine_2,2025-12-26T18:00:00Z,2025-12-26T19:00:00Z,1.0,0.2516666666666666,0.051403035613800774,0.08054946638102854
turbine_2,2025-12-26T18:00:00Z,2025-12-26T20:00:00Z,2.0,0.1666666666666666,0.02755084942251737,0.04052301214805937
turbine_2,2025-12-26T18:00:00Z,2025-12-26T21:00:00Z,3.0,0.1983333333333333,0.011631007307671887,0.02481238369500388
turbine_2,2025-12-26T18:00:00Z,2025-12-26T22:00:00Z,4.0,0.125,0.010284784749343384,0.007570151056097457
turbine_2,2025-12-26T18:00:00Z,2025-12-26T23:00:00Z,5.0,0.0133333333333333,0.007316167077477592,0.009064371558025558
turbine_2,2025-12-26T18:00:00Z,2025-12-27T00:00:00Z,6.0,0.0383333333333333,0.04612305379437251,0.03461891584412721
turbine_2,2025-12-26T18:00:00Z,2025-12-27T01:00:00Z,7.0,0.1233333333333333,0.2723010268800412,0.273157658160913
turbine_2,2025-12-26T18:00:00Z,2025-12-27T02:00:00Z,8.0,0.215,0.4438481390641559,0.3948924045704984
turbine_2,2025-12-26T18:00:00Z,2025-12-27T03:00:00Z,9.0,0.1983333333333333,0.6341906198656484,0.6340007601328022
turbine_2,2025-12-26T18:00:00Z,2025-12-27T04:00:00Z,10.0,0.2566666666666666,0.9282926289125649,0.9619726327305487
turbine_2,2025-12-26T18:00:00Z,2025-12-27T05:00:00Z,11.0,0.61,0.9419224371597261,0.955712688638384
turbine_2,2025-12-26T18:00:00Z,2025-12-27T06:00:00Z,12.0,0.96,0.9629020637395639,0.9479838579845252
turbine_2,2025-12-26T18:00:00Z,2025-12-27T07:00:00Z,13.0,0.945,0.9667532186160815,0.9738968849095693
turbine_2,2025-12-26T18:00:00Z,2025-12-27T08:00:00Z,14.0,0.895,0.9725453668575511,0.9784929393224941
turbine_2,2025-12-26T18:00:00Z,2025-12-27T09:00:00Z,15.0,0.89,0.9670479782455771,0.9783759099110115
turbine_2,2025-12-26T18:00:00Z,2025-12-27T10:00:00Z,16.0,0.8983333333333333,0.8808842330619675,0.881574048420116
turbine_2,2025-12-26T18:00:00Z,2025-12-27T11:00:00Z,17.0,0.8966666666666666,0.7768399559779169,0.7764481424327614
turbine_2,2025-12-26T18:00:00Z,2025-12-27T12:00:00Z,18.0,0.955,0.7325593703524854,0.7243122291668458
turbine_2,2025-12-26T18:00:00Z,2025-12-27T13:00:00Z,19.0,0.8733333333333334,0.5872569863551587,0.4928122018001935
turbine_2,2025-12-26T18:00:00Z,2025-12-27T14:00:00Z,20.0,0.6816666666666666,0.4525548194237021,0.4363572308301146
turbine_2,2025-12-26T18:00:00Z,2025-12-27T15:00:00Z,21.0,0.2933333333333333,0.41959400201157987,0.3486418052517525
turbine_2,2025-12-26T18:00:00Z,2025-12-27T16:00:00Z,22.0,0.1183333333333333,0.35676515467149383,0.35156468536279684
turbine_2,2025-12-26T18:00:00Z,2025-12-27T17:00:00Z,23.0,0.3583333333333333,0.41533827024165704,0.3846441686096844
turbine_2,2025-12-26T18:00:00Z,2025-12-27T18:00:00Z,24.0,0.2566666666666666,0.4557919382243795,0.3954731670601201
turbine_2,2025-12-26T18:00:00Z,2025-12-27T19:00:00Z,25.0,0.6833333333333332,0.5046522385047798,0.44123009039256805
turbine_2,2025-12-26T18:00:00Z,2025-12-27T20:00:00Z,26.0,0.5966666666666667,0.5304658491140097,0.48307795411830695
turbine_2,2025-12-26T18:00:00Z,2025-12-27T21:00:00Z,27.0,0.8816666666666667,0.5997404691118557,0.5563170200672798
turbine_2,2025-12-26T18:00:00Z,2025-12-27T22:00:00Z,28.0,0.875,0.6575644162073386,0.5660448319142677
turbine_2,2025-12-26T18:00:00Z,2025-12-27T23:00:00Z,29.0,0.945,0.662371820009203,0.5903995884182924
turbine_2,2025-12-26T18:00:00Z,2025-12-28T00:00:00Z,30.0,0.8983333333333333,0.6965043234908963,0.6889165180631411
turbine_2,2025-12-26T18:00:00Z,2025-12-28T01:00:00Z,31.0,0.8566666666666666,0.7349162891745785,0.7422053558330508
turbine_2,2025-12-26T18:00:00Z,2025-12-28T02:00:00Z,32.0,0.6983333333333334,0.7957253692192665,0.8427628935092778
turbine_2,2025-12-26T18:00:00Z,2025-12-28T03:00:00Z,33.0,0.7050000000000001,0.8251208884584689,0.8306125755834064
turbine_2,2025-12-26T18:00:00Z,2025-12-28T04:00:00Z,34.0,0.625,0.8893291196270531,0.8910007086447198
turbine_2,2025-12-26T18:00:00Z,2025-12-28T05:00:00Z,35.0,0.7566666666666667,0.9415980538234295,0.9309815140027885
turbine_2,2025-12-26T18:00:00Z,2025-12-28T06:00:00Z,36.0,0.9233333333333332,0.9615225700950356,0.9578965965938074
turbine_2,2025-12-26T18:00:00Z,2025-12-28T07:00:00Z,37.0,0.8566666666666666,0.966760819512255,0.9521964339784573
turbine_2,2025-12-26T18:00:00Z,2025-12-28T08:00:00Z,38.0,0.8666666666666667,0.9737978759011406,0.9637638938020948
turbine_2,2025-12-26T18:00:00Z,2025-12-28T09:00:00Z,39.0,0.8166666666666668,0.9748290332443221,0.9255052192479045
turbine_2,2025-12-26T18:00:00Z,2025-12-28T10:00:00Z,40.0,0.9083333333333332,0.9572136299273171,0.8799837495286045
turbine_2,2025-12-26T18:00:00Z,2025-12-28T11:00:00Z,41.0,0.9,0.8980048474236184,0.8705439300876255
turbine_2,2025-12-26T18:00:00Z,2025-12-28T12:00:00Z,42.0,0.9516666666666668,0.8846731709504232,0.8131104871144745
turbine_2,2025-12-26T18:00:00Z,2025-12-28T13:00:00Z,43.0,0.5816666666666667,0.8430442541643124,0.8096286445964558
turbine_2,2025-12-26T18:00:00Z,2025-12-28T14:00:00Z,44.0,0.8333333333333334,0.845574114641255,0.7819059204158444
turbine_2,2025-12-26T18:00:00Z,2025-12-28T15:00:00Z,45.0,0.4216666666666667,0.838475334149325,0.7586331425107486
turbine_2,2025-12-26T18:00:00Z,2025-12-28T16:00:00Z,46.0,0.4533333333333333,0.8367112996897484,0.7532116520214818
turbine_2,2025-12-26T18:00:00Z,2025-12-28T17:00:00Z,47.0,0.2649999999999999,0.849873864279019,0.7704436719100333
turbine_2,2025-12-26T18:00:00Z,2025-12-28T18:00:00Z,48.0,0.4166666666666667,0.828612148329331,0.8004877797500392
turbine_2,2025-12-27T18:00:00Z,2025-12-27T19:00:00Z,1.0,0.6833333333333332,0.5874329955908911,0.5801829713519402
turbine_2,2025-12-27T18:00:00Z,2025-12-27T20:00:00Z,2.0,0.5966666666666667,0.6178673866689766,0.56675968740161
turbine_2,2025-12-27T18:00:00Z,2025-12-27T21:00:00Z,3.0,0.8816666666666667,0.634225227510357,0.5970818570640033
turbine_2,2025-12-27T18:00:00Z,2025-12-27T22:00:00Z,4.0,0.875,0.6612144655507183,0.7013273756586547
turbine_2,2025-12-27T18:00:00Z,2025-12-27T23:00:00Z,5.0,0.945,0.6449916698374308,0.660446443671867
turbine_2,2025-12-27T18:00:00Z,2025-12-28T00:00:00Z,6.0,0.8983333333333333,0.6605315298630731,0.6603611495279684
turbine_2,2025-12-27T18:00:00Z,2025-12-28T01:00:00Z,7.0,0.8566666666666666,0.6587760242927804,0.6864083504634296
turbine_2,2025-12-27T18:00:00Z,2025-12-28T02:00:00Z,8.0,0.6983333333333334,0.7667893840091411,0.7759917970099378
turbine_2,2025-12-27T18:00:00Z,2025-12-28T03:00:00Z,9.0,0.7050000000000001,0.8565833197997845,0.850641556992088
turbine_2,2025-12-27T18:00:00Z,2025-12-28T04:00:00Z,10.0,0.625,0.9183205368367758,0.9167477382766854
turbine_2,2025-12-27T18:00:00Z,2025-12-28T05:00:00Z,11.0,0.7566666666666667,0.9419224371597261,0.9438154978299675
turbine_2,2025-12-27T18:00:00Z,2025-12-28T06:00:00Z,12.0,0.9233333333333332,0.9629020637395639,0.9514009246598315
turbine_2,2025-12-27T18:00:00Z,2025-12-28T07:00:00Z,13.0,0.8566666666666666,0.9667532186160815,0.9481767530883171
turbine_2,2025-12-27T18:00:00Z,2025-12-28T08:00:00Z,14.0,0.8666666666666667,0.9730371169887897,0.9598164190740154
turbine_2,2025-12-27T18:00:00Z,2025-12-28T09:00:00Z,15.0,0.8166666666666668,0.9751349715504889,0.9398305774334897
turbine_2,2025-12-27T18:00:00Z,2025-12-28T10:00:00Z,16.0,0.9083333333333332,0.9524922147325947,0.8855047314499459
turbine_2,2025-12-27T18:00:00Z,2025-12-28T11:00:00Z,17.0,0.9,0.9043338277460637,0.8762532659321582
turbine_2,2025-12-27T18:00:00Z,2025-12-28T12:00:00Z,18.0,0.9516666666666668,0.8399005484562626,0.7799882075530122
turbine_2,2025-12-27T18:00:00Z,2025-12-28T13:00:00Z,19.0,0.5816666666666667,0.8473073308091017,0.7778833595903156
turbine_2,2025-12-27T18:00:00Z,2025-12-28T14:00:00Z,20.0,0.8333333333333334,0.8383956942045596,0.7815049495489326
turbine_2,2025-12-27T18:00:00Z,2025-12-28T15:00:00Z,21.0,0.4216666666666667,0.8120965268247886,0.7045445998779807
turbine_2,2025-12-27T18:00:00Z,2025-12-28T16:00:00Z,22.0,0.4533333333333333,0.7065172401141795,0.5919809305105316
turbine_2,2025-12-27T18:00:00Z,2025-12-28T17:00:00Z,23.0,0.2649999999999999,0.6640801287336755,0.5274012227047133
turbine_2,2025-12-27T18:00:00Z,2025-12-28T18:00:00Z,24.0,0.4166666666666667,0.26123053514217776,0.22249353581819786
turbine_2,2025-12-27T18:00:00Z,2025-12-28T19:00:00Z,25.0,0.3483333333333333,0.14191571224156854,0.16919350810697947
turbine_2,2025-12-27T18:00:00Z,2025-12-28T20:00:00Z,26.0,0.3066666666666666,0.09308839491434873,0.10877978876416688
turbine_2,2025-12-27T18:00:00Z,2025-12-28T21:00:00Z,27.0,0.3583333333333333,0.08134312091032923,0.12206626241432247
turbine_2,2025-12-27T18:00:00Z,2025-12-28T22:00:00Z,28.0,0.36,0.10538990614229862,0.12981959572892693
turbine_2,2025-12-27T18:00:00Z,2025-12-28T23:00:00Z,29.0,0.2433333333333333,0.09942603884916626,0.07496516075043447
turbine_2,2025-12-27T18:00:00Z,2025-12-29T00:00:00Z,30.0,0.2766666666666666,0.23193024898838815,0.21339063233095884
turbine_2,2025-12-27T18:00:00Z,2025-12-29T01:00:00Z,31.0,0.4566666666666667,0.4234943800714084,0.3590615104842383
turbine_2,2025-12-27T18:00:00Z,2025-12-29T02:00:00Z,32.0,0.5733333333333334,0.45558501223574727,0.4297966616249675
turbine_2,2025-12-27T18:00:00Z,2025-12-29T03:00:00Z,33.0,0.7916666666666666,0.44802589768462603,0.44644261517668044
turbine_2,2025-12-27T18:00:00Z,2025-12-29T04:00:00Z,34.0,0.5316666666666666,0.6003283567467863,0.5726014104435959
turbine_2,2025-12-27T18:00:00Z,2025-12-29T05:00:00Z,35.0,0.2966666666666667,0.8295229916055858,0.8271400925561774
turbine_2,2025-12-27T18:00:00Z,2025-12-29T06:00:00Z,36.0,0.215,0.919817188674328,0.8620393770537914
turbine_2,2025-12-27T18:00:00Z,2025-12-29T07:00:00Z,37.0,0.6583333333333333,0.962796755904703,0.9435970567702173
turbine_2,2025-12-27T18:00:00Z,2025-12-29T08:00:00Z,38.0,0.5433333333333333,0.8900665302355446,0.8315967195374937
turbine_2,2025-12-27T18:00:00Z,2025-12-29T09:00:00Z,39.0,0.7433333333333333,0.7020159307379791,0.645678772335824
turbine_2,2025-12-27T18:00:00Z,2025-12-29T10:00:00Z,40.0,0.9216666666666667,0.5731333362502365,0.47727715606404614
turbine_2,2025-12-27T18:00:00Z,2025-12-29T11:00:00Z,41.0,0.9516666666666668,0.5714276803734188,0.44670373635177785
turbine_2,2025-12-27T18:00:00Z,2025-12-29T12:00:00Z,42.0,0.9733333333333332,0.6271624502318447,0.5140022203497052
turbine_2,2025-12-27T18:00:00Z,2025-12-29T13:00:00Z,43.0,0.9716666666666668,0.7386404877201637,0.6686159413525947
turbine_2,2025-12-27T18:00:00Z,2025-12-29T14:00:00Z,44.0,0.975,0.7493488122580864,0.6449746498771085
turbine_2,2025-12-27T18:00:00Z,2025-12-29T15:00:00Z,45.0,0.975,0.8167095556287123,0.7757837528310221
turbine_2,2025-12-27T18:00:00Z,2025-12-29T16:00:00Z,46.0,0.97,0.8664379882308731,0.7957885945241016
turbine_2,2025-12-27T18:00:00Z,2025-12-29T17:00:00Z,47.0,0.9733333333333332,0.9136121664505409,0.8582390647224736
turbine_2,2025-12-27T18:00:00Z,2025-12-29T18:00:00Z,48.0,0.97,0.9197952200724968,0.8347303767055494
turbine_2,2025-12-28T18:00:00Z,2025-12-28T19:00:00Z,1.0,0.3483333333333333,0.07824886959660934,0.13743043373781863
turbine_2,2025-12-28T18:00:00Z,2025-12-28T20:00:00Z,2.0,0.3066666666666666,0.0647459030156527,0.06285375188742026
turbine_2,2025-12-28T18:00:00Z,2025-12-28T21:00:00Z,3.0,0.3583333333333333,0.09742865110096445,0.16487219078502346
turbine_2,2025-12-28T18:00:00Z,2025-12-28T22:00:00Z,4.0,0.36,0.10019667369833107,0.10049936468563103
turbine_2,2025-12-28T18:00:00Z,2025-12-28T23:00:00Z,5.0,0.2433333333333333,0.21437178572163043,0.26250181600826195
turbine_2,2025-12-28T18:00:00Z,2025-12-29T00:00:00Z,6.0,0.2766666666666666,0.43440045068654143,0.382100987405386
turbine_2,2025-12-28T18:00:00Z,2025-12-29T01:00:00Z,7.0,0.4566666666666667,0.4491557713622919,0.420151500685763
turbine_2,2025-12-28T18:00:00Z,2025-12-29T02:00:00Z,8.0,0.5733333333333334,0.5735492676431039,0.5345267996729102
turbine_2,2025-12-28T18:00:00Z,2025-12-29T03:00:00Z,9.0,0.7916666666666666,0.6688926944448288,0.6870345747543475
turbine_2,2025-12-28T18:00:00Z,2025-12-29T04:00:00Z,10.0,0.5316666666666666,0.7282520673174547,0.7956329969611227
turbine_2,2025-12-28T18:00:00Z,2025-12-29T05:00:00Z,11.0,0.2966666666666667,0.8866127516852735,0.8719383162126247
turbine_2,2025-12-28T18:00:00Z,2025-12-29T06:00:00Z,12.0,0.215,0.9639571740477955,0.9221690389216636
turbine_2,2025-12-28T18:00:00Z,2025-12-29T07:00:00Z,13.0,0.6583333333333333,0.9669639351014734,0.9402498032046631
turbine_2,2025-12-28T18:00:00Z,2025-12-29T08:00:00Z,14.0,0.5433333333333333,0.9721128441979698,0.943830507659267
turbine_2,2025-12-28T18:00:00Z,2025-12-29T09:00:00Z,15.0,0.7433333333333333,0.9310258107078849,0.8926032426965154
turbine_2,2025-12-28T18:00:00Z,2025-12-29T10:00:00Z,16.0,0.9216666666666667,0.9003697423521113,0.8698019331039224
turbine_2,2025-12-28T18:00:00Z,2025-12-29T11:00:00Z,17.0,0.9516666666666668,0.845891046563746,0.8239051429244063
turbine_2,2025-12-28T18:00:00Z,2025-12-29T12:00:00Z,18.0,0.9733333333333332,0.8522220617394635,0.7795299292712919
turbine_2,2025-12-28T18:00:00Z,2025-12-29T13:00:00Z,19.0,0.9716666666666668,0.9024118252594105,0.8118600691513038
turbine_2,2025-12-28T18:00:00Z,2025-12-29T14:00:00Z,20.0,0.975,0.8959274533548937,0.8663216639499157
turbine_2,2025-12-28T18:00:00Z,2025-12-29T15:00:00Z,21.0,0.975,0.9305365332905063,0.9266037998812384
turbine_2,2025-12-28T18:00:00Z,2025-12-29T16:00:00Z,22.0,0.97,0.9534448970882397,0.9159984628810791
turbine_2,2025-12-28T18:00:00Z,2025-12-29T17:00:00Z,23.0,0.9733333333333332,0.9758177532206609,0.9298574135923938
turbine_2,2025-12-28T18:00:00Z,2025-12-29T18:00:00Z,24.0,0.97,0.9595067001634814,0.9507129972468213
turbine_2,2025-12-28T18:00:00Z,2025-12-29T19:00:00Z,25.0,0.9783333333333334,0.9520504277706683,0.938447920395357
turbine_2,2025-12-28T18:00:00Z,2025-12-29T20:00:00Z,26.0,0.98,0.9524152156527099,0.9463934443744441
turbine_2,2025-12-28T18:00:00Z,2025-12-29T21:00:00Z,27.0,0.98,0.9425609641500061,0.9238208982610119
turbine_2,2025-12-28T18:00:00Z,2025-12-29T22:00:00Z,28.0,0.98,0.9316701609672728,0.9183999788587565
turbine_2,2025-12-28T18:00:00Z,2025-12-29T23:00:00Z,29.0,0.98,0.9318048609472146,0.9189886930126534
turbine_2,2025-12-28T18:00:00Z,2025-12-30T00:00:00Z,30.0,0.9766666666666666,0.9318521949521135,0.9194134317362479
turbine_2,2025-12-28T18:00:00Z,2025-12-30T01:00:00Z,31.0,0.98,0.9318798383760528,0.9203620015110403
turbine_2,2025-12-28T18:00:00Z,2025-12-30T02:00:00Z,32.0,0.9716666666666668,0.9308016433981031,0.9287663053276243
turbine_2,2025-12-28T18:00:00Z,2025-12-30T03:00:00Z,33.0,0.8450000000000001,0.9311398342902659,0.9260898684239025
turbine_2,2025-12-28T18:00:00Z,2025-12-30T04:00:00Z,34.0,0.9566666666666668,0.9210373489030149,0.9481668698486249
turbine_2,2025-12-28T18:00:00Z,2025-12-30T05:00:00Z,35.0,0.9416666666666668,0.4472250526981094,0.49193577547525463
turbine_2,2025-12-28T18:00:00Z,2025-12-30T06:00:00Z,36.0,0.9316666666666666,0.24549405304237096,0.3768090599025615
turbine_2,2025-12-28T18:00:00Z,2025-12-30T07:00:00Z,37.0,0.9716666666666668,0.1631515470821299,0.2821653121758272
turbine_2,2025-12-28T18:00:00Z,2025-12-30T08:00:00Z,38.0,0.96,0.2805522631194787,0.2855733666403507
turbine_2,2025-12-28T18:00:00Z,2025-12-30T09:00:00Z,39.0,0.97,0.25296723257086845,0.26109844419698436
turbine_2,2025-12-28T18:00:00Z,2025-12-30T10:00:00Z,40.0,0.97,0.11701427985693258,0.14792833090780572
turbine_2,2025-12-28T18:00:00Z,2025-12-30T11:00:00Z,41.0,0.97,0.1012847258927826,0.15125109752140672
turbine_2,2025-12-28T18:00:00Z,2025-12-30T12:00:00Z,42.0,0.97,0.19925479235567847,0.21263757694653074
turbine_2,2025-12-28T18:00:00Z,2025-12-30T13:00:00Z,43.0,0.9516666666666668,0.4251182231223605,0.40518388402333855
turbine_2,2025-12-28T18:00:00Z,2025-12-30T14:00:00Z,44.0,0.9516666666666668,0.6431846821448819,0.6274281393063148
turbine_2,2025-12-28T18:00:00Z,2025-12-30T15:00:00Z,45.0,0.625,0.5470755707354842,0.5690078038831364
turbine_2,2025-12-28T18:00:00Z,2025-12-30T16:00:00Z,46.0,0.8266666666666667,0.6128326932801622,0.4959560920825562
turbine_2,2025-12-28T18:00:00Z,2025-12-30T17:00:00Z,47.0,0.68,0.5870560682397781,0.5410091850030446
turbine_2,2025-12-28T18:00:00Z,2025-12-30T18:00:00Z,48.0,0.89,0.3380669396307523,0.3385768557424067
turbine_2,2025-12-29T18:00:00Z,2025-12-29T19:00:00Z,1.0,0.9783333333333334,0.9299061962404751,0.9694632614863228
turbine_2,2025-12-29T18:00:00Z,2025-12-29T20:00:00Z,2.0,0.98,0.9302709841225167,0.9315449712286895
turbine_2,2025-12-29T18:00:00Z,2025-12-29T21:00:00Z,3.0,0.98,0.9399936097083132,0.9421198394981385
turbine_2,2025-12-29T18:00:00Z,2025-12-29T22:00:00Z,4.0,0.98,0.92910280652558,0.9395546926402262
turbine_2,2025-12-29T18:00:00Z,2025-12-29T23:00:00Z,5.0,0.98,0.9285192849607758,0.9461343607898343
turbine_2,2025-12-29T18:00:00Z,2025-12-30T00:00:00Z,6.0,0.9766666666666666,0.9359299167725531,0.9315557417183116
turbine_2,2025-12-29T18:00:00Z,2025-12-30T01:00:00Z,7.0,0.98,0.9358442675044377,0.9339127414235889
turbine_2,2025-12-29T18:00:00Z,2025-12-30T02:00:00Z,8.0,0.9716666666666668,0.9347660725264881,0.9413191456594572
turbine_2,2025-12-29T18:00:00Z,2025-12-30T03:00:00Z,9.0,0.8450000000000001,0.9326132756597018,0.9415201436306567
turbine_2,2025-12-29T18:00:00Z,2025-12-30T04:00:00Z,10.0,0.9566666666666668,0.8014518005441968,0.8867987361659115
turbine_2,2025-12-29T18:00:00Z,2025-12-30T05:00:00Z,11.0,0.9416666666666668,0.33466135992390456,0.5329259219994388
turbine_2,2025-12-29T18:00:00Z,2025-12-30T06:00:00Z,12.0,0.9316666666666666,0.1612601820578286,0.28309152844916935
turbine_2,2025-12-29T18:00:00Z,2025-12-30T07:00:00Z,13.0,0.9716666666666668,0.13641736273896868,0.1984142346353012
turbine_2,2025-12-29T18:00:00Z,2025-12-30T08:00:00Z,14.0,0.96,0.202661927394532,0.14488321519596595
turbine_2,2025-12-29T18:00:00Z,2025-12-30T09:00:00Z,15.0,0.97,0.11783642722876035,0.09944527175346758
turbine_2,2025-12-29T18:00:00Z,2025-12-30T10:00:00Z,16.0,0.97,0.07788249605636993,0.08742403843291495
turbine_2,2025-12-29T18:00:00Z,2025-12-30T11:00:00Z,17.0,0.97,0.08077239631233657,0.07799447135465185
turbine_2,2025-12-29T18:00:00Z,2025-12-30T12:00:00Z,18.0,0.97,0.058345294562331895,0.06941683617796653
turbine_2,2025-12-29T18:00:00Z,2025-12-30T13:00:00Z,19.0,0.9516666666666668,0.07170138749581922,0.06715156100397658
turbine_2,2025-12-29T18:00:00Z,2025-12-30T14:00:00Z,20.0,0.9516666666666668,0.14086636594195168,0.13659859274503267
turbine_2,2025-12-29T18:00:00Z,2025-12-30T15:00:00Z,21.0,0.625,0.24396726688076348,0.21802703381829389
turbine_2,2025-12-29T18:00:00Z,2025-12-30T16:00:00Z,22.0,0.8266666666666667,0.23467264602718116,0.19845240316864382
turbine_2,2025-12-29T18:00:00Z,2025-12-30T17:00:00Z,23.0,0.68,0.24972914837210985,0.20936482115539878
turbine_2,2025-12-29T18:00:00Z,2025-12-30T18:00:00Z,24.0,0.89,0.42964423291401677,0.375676757211166
turbine_2,2025-12-29T18:00:00Z,2025-12-30T19:00:00Z,25.0,0.375,0.3275978759745466,0.3605910436429385
turbine_2,2025-12-29T18:00:00Z,2025-12-30T20:00:00Z,26.0,0.235,0.3096772967742464,0.323367106796847
turbine_2,2025-12-29T18:00:00Z,2025-12-30T21:00:00Z,27.0,0.125,0.1106583423897943,0.14369211291161446
turbine_2,2025-12-29T18:00:00Z,2025-12-30T22:00:00Z,28.0,0.0133333333333333,0.06414581388629399,0.11434986223801268
turbine_2,2025-12-29T18:00:00Z,2025-12-30T23:00:00Z,29.0,0.01,0.0355495720139648,0.02468193406822053
turbine_2,2025-12-29T18:00:00Z,2025-12-31T00:00:00Z,30.0,0.01,0.029320243714167443,0.02175647085553306
turbine_2,2025-12-29T18:00:00Z,2025-12-31T01:00:00Z,31.0,0.01,0.023778644404010063,0.019777215386966557
turbine_2,2025-12-29T18:00:00Z,2025-12-31T02:00:00Z,32.0,0.01,0.011914041172503942,0.012447012150098302
turbine_2,2025-12-29T18:00:00Z,2025-12-31T03:00:00Z,33.0,0.01,0.017445594509626072,0.014391902614049629
turbine_2,2025-12-29T18:00:00Z,2025-12-31T04:00:00Z,34.0,0.0616666666666666,0.009200285817594578,0.013292216107174792
turbine_2,2025-12-29T18:00:00Z,2025-12-31T05:00:00Z,35.0,0.115,0.022680332567110717,0.03128716816534444
turbine_2,2025-12-29T18:00:00Z,2025-12-31T06:00:00Z,36.0,0.0866666666666666,0.02737818185445079,0.03914464762084771
turbine_2,2025-12-29T18:00:00Z,2025-12-31T07:00:00Z,37.0,0.19,0.03834336453363729,0.0452068610470083
turbine_2,2025-12-29T18:00:00Z,2025-12-31T08:00:00Z,38.0,0.3616666666666666,0.06925167227599541,0.08370137765517377
turbine_2,2025-12-29T18:00:00Z,2025-12-31T09:00:00Z,39.0,0.1016666666666666,0.0729282430615301,0.06666497461847891
turbine_2,2025-12-29T18:00:00Z,2025-12-31T10:00:00Z,40.0,0.0083333333333333,0.0969788141241873,0.09312267902268331
turbine_2,2025-12-29T18:00:00Z,2025-12-31T11:00:00Z,41.0,0.005,0.11208348795421108,0.12092014123420639
turbine_2,2025-12-29T18:00:00Z,2025-12-31T12:00:00Z,42.0,0.0366666666666666,0.12697609138280921,0.1426426182021051
turbine_2,2025-12-29T18:00:00Z,2025-12-31T13:00:00Z,43.0,0.0766666666666666,0.16394070595940768,0.1374885787128581
turbine_2,2025-12-29T18:00:00Z,2025-12-31T14:00:00Z,44.0,0.0133333333333333,0.17835706040529883,0.17690223184739495
turbine_2,2025-12-29T18:00:00Z,2025-12-31T15:00:00Z,45.0,0.0183333333333333,0.17071265115221332,0.13670122597130407
turbine_2,2025-12-29T18:00:00Z,2025-12-31T16:00:00Z,46.0,0.0216666666666666,0.16145500253646713,0.1458681522010686
turbine_2,2025-12-30T18:00:00Z,2025-12-30T19:00:00Z,1.0,0.375,0.11059158128673778,0.14947983758906783
turbine_2,2025-12-30T18:00:00Z,2025-12-30T20:00:00Z,2.0,0.235,0.08715967430961846,0.13133067380285157
turbine_2,2025-12-30T18:00:00Z,2025-12-30T21:00:00Z,3.0,0.125,0.03198452755078038,0.062389800584392086
turbine_2,2025-12-30T18:00:00Z,2025-12-30T22:00:00Z,4.0,0.0133333333333333,0.025260417158312565,0.023085359336619926
turbine_2,2025-12-30T18:00:00Z,2025-12-30T23:00:00Z,5.0,0.01,0.01150194173625843,0.023321706966338007
turbine_2,2025-12-30T18:00:00Z,2025-12-31T00:00:00Z,6.0,0.01,0.016407791620982298,0.0240579395507082
turbine_2,2025-12-30T18:00:00Z,2025-12-31T01:00:00Z,7.0,0.01,0.008158237657912598,0.011907669640336987
turbine_2,2025-12-30T18:00:00Z,2025-12-31T02:00:00Z,8.0,0.01,0.01252499338314006,0.0052690042187331365
turbine_2,2025-12-30T18:00:00Z,2025-12-31T03:00:00Z,9.0,0.01,0.010108802353163887,0.009268056306262568
turbine_2,2025-12-30T18:00:00Z,2025-12-31T04:00:00Z,10.0,0.0616666666666666,0.010146606809223524,0.01114816174888078
turbine_2,2025-12-30T18:00:00Z,2025-12-31T05:00:00Z,11.0,0.115,0.020675981658246745,0.024151855038757636
turbine_2,2025-12-30T18:00:00Z,2025-12-31T06:00:00Z,12.0,0.0866666666666666,0.03447188243495272,0.04068743363313232
turbine_2,2025-12-30T18:00:00Z,2025-12-31T07:00:00Z,13.0,0.19,0.08347688514646114,0.08390189179701256
turbine_2,2025-12-30T18:00:00Z,2025-12-31T08:00:00Z,14.0,0.3616666666666666,0.17389447740648167,0.14219155906379177
turbine_2,2025-12-30T18:00:00Z,2025-12-31T09:00:00Z,15.0,0.1016666666666666,0.31252567332357195,0.21911692006850175
turbine_2,2025-12-30T18:00:00Z,2025-12-31T10:00:00Z,16.0,0.0083333333333333,0.21005971693138126,0.15478500387304658
turbine_2,2025-12-30T18:00:00Z,2025-12-31T11:00:00Z,17.0,0.005,0.29112367234551184,0.23414560661914224
turbine_2,2025-12-30T18:00:00Z,2025-12-31T12:00:00Z,18.0,0.0366666666666666,0.2930715548724535,0.25876982596988024
turbine_2,2025-12-30T18:00:00Z,2025-12-31T13:00:00Z,19.0,0.0766666666666666,0.43041570994655676,0.33383081334437004
turbine_2,2025-12-30T18:00:00Z,2025-12-31T14:00:00Z,20.0,0.0133333333333333,0.5506942643674347,0.4158743322301738
turbine_2,2025-12-30T18:00:00Z,2025-12-31T15:00:00Z,21.0,0.0183333333333333,0.4514357794717344,0.3981265219025547
turbine_2,2025-12-30T18:00:00Z,2025-12-31T16:00:00Z,22.0,0.0216666666666666,0.25521018869870576,0.21734154216673618
