site_id,forecast_origin,target_time,lead_hours,actual,incumbent_prediction,candidate_prediction
turbine_2,2025-11-30T18:00:00Z,2025-11-30T19:00:00Z,1.0,0.01,0.023540508594176696,0.02496914650770568
turbine_2,2025-11-30T18:00:00Z,2025-11-30T20:00:00Z,2.0,0.01,0.022358392555625273,0.016181779966512072
turbine_2,2025-11-30T18:00:00Z,2025-11-30T21:00:00Z,3.0,0.0083333333333333,0.025878691386394065,0.016946636852502778
turbine_2,2025-11-30T18:00:00Z,2025-11-30T22:00:00Z,4.0,0.0083333333333333,0.02447491934942031,0.017209724526159792
turbine_2,2025-11-30T18:00:00Z,2025-11-30T23:00:00Z,5.0,0.0083333333333333,0.028566728495031946,0.013246732661359478
turbine_2,2025-11-30T18:00:00Z,2025-12-01T00:00:00Z,6.0,0.0116666666666666,0.031580820291483624,0.02173285813245593
turbine_2,2025-11-30T18:00:00Z,2025-12-01T01:00:00Z,7.0,0.0116666666666666,0.04069790220543362,0.01787500290214164
turbine_2,2025-11-30T18:00:00Z,2025-12-01T02:00:00Z,8.0,0.055,0.08520356045023217,0.07025270905177497
turbine_2,2025-11-30T18:00:00Z,2025-12-01T03:00:00Z,9.0,0.0633333333333333,0.2869689102589009,0.18101617658898198
turbine_2,2025-11-30T18:00:00Z,2025-12-01T04:00:00Z,10.0,0.1533333333333333,0.45222348594270445,0.47743959574558237
turbine_2,2025-11-30T18:00:00Z,2025-12-01T05:00:00Z,11.0,0.1566666666666666,0.7296226771580293,0.6327923630752051
turbine_2,2025-11-30T18:00:00Z,2025-12-01T06:00:00Z,12.0,0.1316666666666666,0.8871572887384491,0.8343746021242296
turbine_2,2025-11-30T18:00:00Z,2025-12-01T07:00:00Z,13.0,0.6416666666666667,0.95540509412124,0.9344897126473825
turbine_2,2025-11-30T18:00:00Z,2025-12-01T08:00:00Z,14.0,0.96,0.9672437041160185,0.9349170480147686
turbine_2,2025-11-30T18:00:00Z,2025-12-01T09:00:00Z,15.0,0.9633333333333332,0.9512061242337324,0.9284741576257974
turbine_2,2025-11-30T18:00:00Z,2025-12-01T10:00:00Z,16.0,0.8733333333333334,0.8991067629492454,0.9156334919592242
turbine_2,2025-11-30T18:00:00Z,2025-12-01T11:00:00Z,17.0,0.7066666666666667,0.8337861586003076,0.7919745311310915
turbine_2,2025-11-30T18:00:00Z,2025-12-01T12:00:00Z,18.0,0.5833333333333334,0.7096697873848826,0.8108709955765161
turbine_2,2025-11-30T18:00:00Z,2025-12-01T13:00:00Z,19.0,0.7000000000000001,0.630337427649664,0.6142703732766459
turbine_2,2025-11-30T18:00:00Z,2025-12-01T14:00:00Z,20.0,0.8983333333333333,0.5489650360989013,0.5291811959071084
turbine_2,2025-11-30T18:00:00Z,2025-12-01T15:00:00Z,21.0,0.975,0.557345564640964,0.5991335092985297
turbine_2,2025-11-30T18:00:00Z,2025-12-01T16:00:00Z,22.0,0.9466666666666668,0.5848466460741273,0.5587173073874463
turbine_2,2025-11-30T18:00:00Z,2025-12-01T17:00:00Z,23.0,0.9616666666666666,0.5848466460741273,0.5272543716330855
turbine_2,2025-11-30T18:00:00Z,2025-12-01T18:00:00Z,24.0,0.8816666666666667,0.5076931027755693,0.4844160013123129
turbine_2,2025-11-30T18:00:00Z,2025-12-01T19:00:00Z,25.0,0.62,0.5529854890249086,0.4763218752521679
turbine_2,2025-11-30T18:00:00Z,2025-12-01T20:00:00Z,26.0,0.5316666666666666,0.5214239616554375,0.4278185823709917
turbine_2,2025-11-30T18:00:00Z,2025-12-01T21:00:00Z,27.0,0.145,0.5236438262050351,0.44097452335181214
turbine_2,2025-11-30T18:00:00Z,2025-12-01T22:00:00Z,28.0,0.0233333333333333,0.47123697715552865,0.43178695547446083
turbine_2,2025-11-30T18:00:00Z,2025-12-01T23:00:00Z,29.0,0.0266666666666666,0.38522902309065343,0.36542382249433486
turbine_2,2025-11-30T18:00:00Z,2025-12-02T00:00:00Z,30.0,0.0249999999999999,0.24446572693659332,0.2351354414155407
turbine_2,2025-11-30T18:00:00Z,2025-12-02T01:00:00Z,31.0,0.0333333333333333,0.08353015165951405,0.21430535648155397
turbine_2,2025-11-30T18:00:00Z,2025-12-02T02:00:00Z,32.0,0.0999999999999999,0.056758957832161436,0.13334822976080232
turbine_2,2025-11-30T18:00:00Z,2025-12-02T03:00:00Z,33.0,0.1483333333333333,0.03889195887620764,0.06691450230582416
turbine_2,2025-11-30T18:00:00Z,2025-12-02T04:00:00Z,34.0,0.1283333333333333,0.01560103532044907,0.05428307093638457
turbine_2,2025-11-30T18:00:00Z,2025-12-02T05:00:00Z,35.0,0.075,0.012132395137584878,0.02671865369696111
turbine_2,2025-11-30T18:00:00Z,2025-12-02T06:00:00Z,36.0,0.0966666666666666,0.015600547319054248,0.020762217266691224
turbine_2,2025-11-30T18:00:00Z,2025-12-02T07:00:00Z,37.0,0.0783333333333333,0.02656037501559294,0.021379800651318115
turbine_2,2025-11-30T18:00:00Z,2025-12-02T08:00:00Z,38.0,0.0466666666666666,0.032604942685766025,0.022514072241611838
turbine_2,2025-11-30T18:00:00Z,2025-12-02T09:00:00Z,39.0,0.0716666666666666,0.037752946583272856,0.03527879000628503
turbine_2,2025-11-30T18:00:00Z,2025-12-02T10:00:00Z,40.0,0.045,0.04196315521193786,0.042569715916427
turbine_2,2025-11-30T18:00:00Z,2025-12-02T11:00:00Z,41.0,0.0083333333333333,0.08743369006141075,0.08162196947620465
turbine_2,2025-11-30T18:00:00Z,2025-12-02T12:00:00Z,42.0,0.01,0.10818037589433308,0.11639551595689641
turbine_2,2025-11-30T18:00:00Z,2025-12-02T13:00:00Z,43.0,0.01,0.11888559356920447,0.1274738849943811
turbine_2,2025-11-30T18:00:00Z,2025-12-02T14:00:00Z,44.0,0.0083333333333333,0.08824161126605845,0.09928550429546172
turbine_2,2025-11-30T18:00:00Z,2025-12-02T15:00:00Z,45.0,0.0066666666666666,0.07046883148062238,0.0836793020698425
turbine_2,2025-11-30T18:00:00Z,2025-12-02T16:00:00Z,46.0,0.0116666666666666,0.04509763954506532,0.06201230847053023
turbine_2,2025-11-30T18:00:00Z,2025-12-02T17:00:00Z,47.0,0.0083333333333333,0.04029550323973294,0.039257073370170814
turbine_2,2025-11-30T18:00:00Z,2025-12-02T18:00:00Z,48.0,0.01,0.0352774435932188,0.053548144366053055
turbine_2,2025-12-01T18:00:00Z,2025-12-01T19:00:00Z,1.0,0.62,0.428767012921061,0.40527892958622047
turbine_2,2025-12-01T18:00:00Z,2025-12-01T20:00:00Z,2.0,0.5316666666666666,0.3614950840129547,0.3471130594862831
turbine_2,2025-12-01T18:00:00Z,2025-12-01T21:00:00Z,3.0,0.145,0.3970056360408404,0.3240872079935935
turbine_2,2025-12-01T18:00:00Z,2025-12-01T22:00:00Z,4.0,0.0233333333333333,0.28536774879979526,0.18153263061212876
turbine_2,2025-12-01T18:00:00Z,2025-12-01T23:00:00Z,5.0,0.0266666666666666,0.09605014163667505,0.12918204943224654
turbine_2,2025-12-01T18:00:00Z,2025-12-02T00:00:00Z,6.0,0.0249999999999999,0.053724237315317044,0.03717723274683726
turbine_2,2025-12-01T18:00:00Z,2025-12-02T01:00:00Z,7.0,0.0333333333333333,0.034320060468299024,0.03260246717211815
turbine_2,2025-12-01T18:00:00Z,2025-12-02T02:00:00Z,8.0,0.0999999999999999,0.018403963730543982,0.01084087537727757
turbine_2,2025-12-01T18:00:00Z,2025-12-02T03:00:00Z,9.0,0.1483333333333333,0.012818886620693859,0.010412415370926686
turbine_2,2025-12-01T18:00:00Z,2025-12-02T04:00:00Z,10.0,0.1283333333333333,0.0126881676431852,0.02410324993641383
turbine_2,2025-12-01T18:00:00Z,2025-12-02T05:00:00Z,11.0,0.075,0.012586699785234384,0.021843941762255403
turbine_2,2025-12-01T18:00:00Z,2025-12-02T06:00:00Z,12.0,0.0966666666666666,0.015753005414687937,0.01605735181406459
turbine_2,2025-12-01T18:00:00Z,2025-12-02T07:00:00Z,13.0,0.0783333333333333,0.02944597640217883,0.02009125391427513
turbine_2,2025-12-01T18:00:00Z,2025-12-02T08:00:00Z,14.0,0.0466666666666666,0.03290288621615334,0.03143899412795412
turbine_2,2025-12-01T18:00:00Z,2025-12-02T09:00:00Z,15.0,0.0716666666666666,0.05125937340017486,0.03646920555809799
turbine_2,2025-12-01T18:00:00Z,2025-12-02T10:00:00Z,16.0,0.045,0.050284458628112594,0.054205302435611974
turbine_2,2025-12-01T18:00:00Z,2025-12-02T11:00:00Z,17.0,0.0083333333333333,0.07878946299993644,0.0866192199360191
turbine_2,2025-12-01T18:00:00Z,2025-12-02T12:00:00Z,18.0,0.01,0.06524978898525932,0.1074238424944293
turbine_2,2025-12-01T18:00:00Z,2025-12-02T13:00:00Z,19.0,0.01,0.06164809759521894,0.10031907937536583
turbine_2,2025-12-01T18:00:00Z,2025-12-02T14:00:00Z,20.0,0.0083333333333333,0.04747220997810947,0.09670395689333242
turbine_2,2025-12-01T18:00:00Z,2025-12-02T15:00:00Z,21.0,0.0066666666666666,0.03835075250618425,0.07326718577258362
turbine_2,2025-12-01T18:00:00Z,2025-12-02T16:00:00Z,22.0,0.0116666666666666,0.03439466917488304,0.05648000296818176
turbine_2,2025-12-01T18:00:00Z,2025-12-02T17:00:00Z,23.0,0.0083333333333333,0.03453164840387846,0.051364749559189044
turbine_2,2025-12-01T18:00:00Z,2025-12-02T18:00:00Z,24.0,0.01,0.029905411665222925,0.03714167898024209
turbine_2,2025-12-01T18:00:00Z,2025-12-02T19:00:00Z,25.0,0.015,0.03546810003615952,0.02139593627500419
turbine_2,2025-12-01T18:00:00Z,2025-12-02T20:00:00Z,26.0,0.1033333333333333,0.034737386329750514,0.028519195578545764
turbine_2,2025-12-01T18:00:00Z,2025-12-02T21:00:00Z,27.0,0.1733333333333333,0.045889037521207154,0.027724356337790856
turbine_2,2025-12-01T18:00:00Z,2025-12-02T22:00:00Z,28.0,0.2016666666666666,0.06807317948321852,0.081774272777293
turbine_2,2025-12-01T18:00:00Z,2025-12-02T23:00:00Z,29.0,0.3083333333333333,0.08666654513337116,0.12237545125387425
turbine_2,2025-12-01T18:00:00Z,2025-12-03T00:00:00Z,30.0,0.3216666666666666,0.09529196618408053,0.13135856356961917
turbine_2,2025-12-01T18:00:00Z,2025-12-03T01:00:00Z,31.0,0.345,0.07697277608394182,0.0883740063913957
turbine_2,2025-12-01T18:00:00Z,2025-12-03T02:00:00Z,32.0,0.5516666666666666,0.07909922003721664,0.07842400580981967
turbine_2,2025-12-01T18:00:00Z,2025-12-03T03:00:00Z,33.0,0.6316666666666667,0.09123967894724164,0.10248442658091814
turbine_2,2025-12-01T18:00:00Z,2025-12-03T04:00:00Z,34.0,0.6066666666666667,0.17881797302099955,0.17749155815599088
turbine_2,2025-12-01T18:00:00Z,2025-12-03T05:00:00Z,35.0,0.3383333333333334,0.3081868312069703,0.20692832245957474
turbine_2,2025-12-01T18:00:00Z,2025-12-03T06:00:00Z,36.0,0.1716666666666666,0.39279221365148076,0.33233748640340116
turbine_2,2025-12-01T18:00:00Z,2025-12-03T07:00:00Z,37.0,0.29,0.4644780461314246,0.4473026933326562
turbine_2,2025-12-01T18:00:00Z,2025-12-03T08:00:00Z,38.0,0.3133333333333333,0.4495927741018917,0.4202059153216615
turbine_2,2025-12-01T18:00:00Z,2025-12-03T09:00:00Z,39.0,0.175,0.37714512509966525,0.36372634313507923
turbine_2,2025-12-01T18:00:00Z,2025-12-03T10:00:00Z,40.0,0.1166666666666666,0.25620398026859803,0.26698671920283307
turbine_2,2025-12-01T18:00:00Z,2025-12-03T11:00:00Z,41.0,0.1216666666666666,0.2121337697348009,0.18995823103473056
turbine_2,2025-12-01T18:00:00Z,2025-12-03T12:00:00Z,42.0,0.1866666666666666,0.21594912513563108,0.1861210631843077
turbine_2,2025-12-01T18:00:00Z,2025-12-03T13:00:00Z,43.0,0.3016666666666667,0.1613746103864578,0.1551310237633853
turbine_2,2025-12-01T18:00:00Z,2025-12-03T14:00:00Z,44.0,0.3933333333333333,0.1755544983484063,0.2941107211860803
turbine_2,2025-12-01T18:00:00Z,2025-12-03T15:00:00Z,45.0,0.295,0.16995288849891815,0.1469801730067898
turbine_2,2025-12-01T18:00:00Z,2025-12-03T16:00:00Z,46.0,0.1933333333333333,0.2357907012401167,0.2123646287851011
turbine_2,2025-12-01T18:00:00Z,2025-12-03T17:00:00Z,47.0,0.1633333333333333,0.2665088049585853,0.26916387514807083
turbine_2,2025-12-01T18:00:00Z,2025-12-03T18:00:00Z,48.0,0.355,0.2553420808116198,0.21159068413041693
turbine_2,2025-12-02T18:00:00Z,2025-12-02T19:00:00Z,1.0,0.015,0.04157723847253858,0.026192529581120533
turbine_2,2025-12-02T18:00:00Z,2025-12-02T20:00:00Z,2.0,0.1033333333333333,0.04338322138952308,0.02982104694998136
turbine_2,2025-12-02T18:00:00Z,2025-12-02T21:00:00Z,3.0,0.1733333333333333,0.055089958875727776,0.04477378604692067
turbine_2,2025-12-02T18:00:00Z,2025-12-02T22:00:00Z,4.0,0.2016666666666666,0.06993541055343687,0.08391225075337276
turbine_2,2025-12-02T18:00:00Z,2025-12-02T23:00:00Z,5.0,0.3083333333333333,0.08343244731034033,0.0953434797530262
turbine_2,2025-12-02T18:00:00Z,2025-12-03T00:00:00Z,6.0,0.3216666666666666,0.09414909174293745,0.1201719558949369
turbine_2,2025-12-02T18:00:00Z,2025-12-03T01:00:00Z,7.0,0.345,0.08401719584026815,0.07810557251746295
turbine_2,2025-12-02T18:00:00Z,2025-12-03T02:00:00Z,8.0,0.5516666666666666,0.09586724443221045,0.09670069259892858
turbine_2,2025-12-02T18:00:00Z,2025-12-03T03:00:00Z,9.0,0.6316666666666667,0.13040445121106764,0.1039556488108972
turbine_2,2025-12-02T18:00:00Z,2025-12-03T04:00:00Z,10.0,0.6066666666666667,0.18646392513728222,0.1740555891085907
turbine_2,2025-12-02T18:00:00Z,2025-12-03T05:00:00Z,11.0,0.3383333333333334,0.3087093769391366,0.2518042714529034
turbine_2,2025-12-02T18:00:00Z,2025-12-03T06:00:00Z,12.0,0.1716666666666666,0.3737520810530663,0.26189178891455
turbine_2,2025-12-02T18:00:00Z,2025-12-03T07:00:00Z,13.0,0.29,0.4361911682425911,0.3293447261215574
turbine_2,2025-12-02T18:00:00Z,2025-12-03T08:00:00Z,14.0,0.3133333333333333,0.4508732734805363,0.34658649007891984
turbine_2,2025-12-02T18:00:00Z,2025-12-03T09:00:00Z,15.0,0.175,0.3806574763836238,0.32026766566617515
turbine_2,2025-12-02T18:00:00Z,2025-12-03T10:00:00Z,16.0,0.1166666666666666,0.32432923163067284,0.25901684731679997
turbine_2,2025-12-02T18:00:00Z,2025-12-03T11:00:00Z,17.0,0.1216666666666666,0.23565909833779103,0.22042798651242493
turbine_2,2025-12-02T18:00:00Z,2025-12-03T12:00:00Z,18.0,0.1866666666666666,0.20899731561874652,0.18763747554078036
turbine_2,2025-12-02T18:00:00Z,2025-12-03T13:00:00Z,19.0,0.3016666666666667,0.22810765893835766,0.23520952231978592
turbine_2,2025-12-02T18:00:00Z,2025-12-03T14:00:00Z,20.0,0.3933333333333333,0.17733784859490126,0.18888510596886043
turbine_2,2025-12-02T18:00:00Z,2025-12-03T15:00:00Z,21.0,0.295,0.2569364869681683,0.30043124291736223
turbine_2,2025-12-02T18:00:00Z,2025-12-03T16:00:00Z,22.0,0.1933333333333333,0.20043264092206192,0.16492958097767466
turbine_2,2025-12-02T18:00:00Z,2025-12-03T17:00:00Z,23.0,0.1633333333333333,0.262460099749948,0.24253188143976578
turbine_2,2025-12-02T18:00:00Z,2025-12-03T18:00:00Z,24.0,0.355,0.19781387906837428,0.191526790718622
turbine_2,2025-12-02T18:00:00Z,2025-12-03T19:00:00Z,25.0,0.1399999999999999,0.18474387448678867,0.1896839961470987
turbine_2,2025-12-02T18:00:00Z,2025-12-03T20:00:00Z,26.0,0.0816666666666666,0.12798629475864606,0.1488390043450169
turbine_2,2025-12-02T18:00:00Z,2025-12-03T21:00:00Z,27.0,0.1399999999999999,0.18738438993048134,0.18101634112166914
turbine_2,2025-12-02T18:00:00Z,2025-12-03T22:00:00Z,28.0,0.14,0.2305261787011762,0.19781742858686915
turbine_2,2025-12-02T18:00:00Z,2025-12-03T23:00:00Z,29.0,0.075,0.22888661760102763,0.19928529203394704
turbine_2,2025-12-02T18:00:00Z,2025-12-04T00:00:00Z,30.0,0.08,0.4538886564175137,0.5151431596967776
turbine_2,2025-12-02T18:00:00Z,2025-12-04T01:00:00Z,31.0,0.075,0.3364222114495641,0.2625804852602314
turbine_2,2025-12-02T18:00:00Z,2025-12-04T02:00:00Z,32.0,0.115,0.357046851997462,0.3802161300224101
turbine_2,2025-12-02T18:00:00Z,2025-12-04T03:00:00Z,33.0,0.17,0.363947050991809,0.3360079024679397
turbine_2,2025-12-02T18:00:00Z,2025-12-04T04:00:00Z,34.0,0.0966666666666666,0.14626576995450596,0.14349848424067166
turbine_2,2025-12-02T18:00:00Z,2025-12-04T05:00:00Z,35.0,0.0416666666666666,0.14230944095194747,0.09214598447933005
turbine_2,2025-12-02T18:00:00Z,2025-12-04T06:00:00Z,36.0,0.0216666666666666,0.10239026522516043,0.12418400106034924
turbine_2,2025-12-02T18:00:00Z,2025-12-04T07:00:00Z,37.0,0.0433333333333333,0.07295735931975628,0.10006971824269634
turbine_2,2025-12-02T18:00:00Z,2025-12-04T08:00:00Z,38.0,0.0416666666666666,0.06462988836525846,0.08906082492734912
turbine_2,2025-12-02T18:00:00Z,2025-12-04T09:00:00Z,39.0,0.065,0.04243307441410607,0.04474820680054564
turbine_2,2025-12-02T18:00:00Z,2025-12-04T10:00:00Z,40.0,0.0166666666666666,0.03359018792081045,0.03596298179198848
turbine_2,2025-12-02T18:00:00Z,2025-12-04T11:00:00Z,41.0,0.15,0.038391747423139194,0.04037155509469631
turbine_2,2025-12-02T18:00:00Z,2025-12-04T12:00:00Z,42.0,0.2183333333333333,0.04246647395879441,0.05012233678296507
turbine_2,2025-12-02T18:00:00Z,2025-12-04T13:00:00Z,43.0,0.15,0.04537243072768643,0.09393545582971366
turbine_2,2025-12-02T18:00:00Z,2025-12-04T14:00:00Z,44.0,0.0566666666666666,0.18410047088261539,0.14075284930737791
turbine_2,2025-12-02T18:00:00Z,2025-12-04T15:00:00Z,45.0,0.01,0.21093012589521967,0.2394955305095802
turbine_2,2025-12-02T18:00:00Z,2025-12-04T16:00:00Z,46.0,0.1216666666666666,0.20515144885082168,0.27955949629037896
turbine_2,2025-12-02T18:00:00Z,2025-12-04T17:00:00Z,47.0,0.0966666666666666,0.16094802650908868,0.23438465730280644
turbine_2,2025-12-02T18:00:00Z,2025-12-04T18:00:00Z,48.0,0.055,0.14143829898993818,0.21553556881690855
turbine_2,2025-12-03T18:00:00Z,2025-12-03T19:00:00Z,1.0,0.1399999999999999,0.13002608112994288,0.15726607365397083
turbine_2,2025-12-03T18:00:00Z,2025-12-03T20:00:00Z,2.0,0.0816666666666666,0.0998177344321304,0.11085288746833988
turbine_2,2025-12-03T18:00:00Z,2025-12-03T21:00:00Z,3.0,0.1399999999999999,0.08251624552405393,0.09690369785843414
turbine_2,2025-12-03T18:00:00Z,2025-12-03T22:00:00Z,4.0,0.14,0.0802791786320672,0.19901185921005954
turbine_2,2025-12-03T18:00:00Z,2025-12-03T23:00:00Z,5.0,0.075,0.0705531157201337,0.09492953096477855
turbine_2,2025-12-03T18:00:00Z,2025-12-04T00:00:00Z,6.0,0.08,0.08364009047193549,0.07824404063005275
turbine_2,2025-12-03T18:00:00Z,2025-12-04T01:00:00Z,7.0,0.075,0.09713086012631034,0.12328736908722082
turbine_2,2025-12-03T18:00:00Z,2025-12-04T02:00:00Z,8.0,0.115,0.07705036144231017,0.06327312588513209
turbine_2,2025-12-03T18:00:00Z,2025-12-04T03:00:00Z,9.0,0.17,0.069692009872237,0.08179725179428407
turbine_2,2025-12-03T18:00:00Z,2025-12-04T04:00:00Z,10.0,0.0966666666666666,0.14326921609671742,0.1985827957241335
turbine_2,2025-12-03T18:00:00Z,2025-12-04T05:00:00Z,11.0,0.0416666666666666,0.1843199356077714,0.18593989968922844
turbine_2,2025-12-03T18:00:00Z,2025-12-04T06:00:00Z,12.0,0.0216666666666666,0.17624169218917296,0.10773276508122219
turbine_2,2025-12-03T18:00:00Z,2025-12-04T07:00:00Z,13.0,0.0433333333333333,0.2331346542598554,0.1960956742155776
turbine_2,2025-12-03T18:00:00Z,2025-12-04T08:00:00Z,14.0,0.0416666666666666,0.2474257612062447,0.15582874923645126
turbine_2,2025-12-03T18:00:00Z,2025-12-04T09:00:00Z,15.0,0.065,0.15537001324751393,0.11895367182142527
turbine_2,2025-12-03T18:00:00Z,2025-12-04T10:00:00Z,16.0,0.0166666666666666,0.051911550034755505,0.05886394340286395
turbine_2,2025-12-03T18:00:00Z,2025-12-04T11:00:00Z,17.0,0.15,0.04036082705010105,0.08437683134670845
turbine_2,2025-12-03T18:00:00Z,2025-12-04T12:00:00Z,18.0,0.2183333333333333,0.0329372061287482,0.062349764421113854
turbine_2,2025-12-03T18:00:00Z,2025-12-04T13:00:00Z,19.0,0.15,0.038378905101645044,0.048932288084940434
turbine_2,2025-12-03T18:00:00Z,2025-12-04T14:00:00Z,20.0,0.0566666666666666,0.06793572742829328,0.04924793417471718
turbine_2,2025-12-03T18:00:00Z,2025-12-04T15:00:00Z,21.0,0.01,0.07792480048928185,0.06350032911301225
turbine_2,2025-12-03T18:00:00Z,2025-12-04T16:00:00Z,22.0,0.1216666666666666,0.09158106971829935,0.08438914986036457
turbine_2,2025-12-03T18:00:00Z,2025-12-04T17:00:00Z,23.0,0.0966666666666666,0.10922194103519603,0.09651991850946867
turbine_2,2025-12-03T18:00:00Z,2025-12-04T18:00:00Z,24.0,0.055,0.06284862064847604,0.08368998883938474
turbine_2,2025-12-03T18:00:00Z,2025-12-04T19:00:00Z,25.0,0.0183333333333333,0.05118510636092399,0.05266776483793281
turbine_2,2025-12-03T18:00:00Z,2025-12-04T20:00:00Z,26.0,0.015,0.04202182015893047,0.0325324997523993
turbine_2,2025-12-03T18:00:00Z,2025-12-04T21:00:00Z,27.0,0.0083333333333333,0.022506891581473065,0.025084011866007866
turbine_2,2025-12-03T18:00:00Z,2025-12-04T22:00:00Z,28.0,0.015,0.038922334567791095,0.029508433435727593
turbine_2,2025-12-03T18:00:00Z,2025-12-04T23:00:00Z,29.0,0.0466666666666666,0.04730942341019545,0.04730547061737819
turbine_2,2025-12-03T18:00:00Z,2025-12-05T00:00:00Z,30.0,0.0116666666666666,0.05965041630650633,0.07337949398099233
turbine_2,2025-12-03T18:00:00Z,2025-12-05T01:00:00Z,31.0,0.0383333333333333,0.05209111714396503,0.0684986835509816
turbine_2,2025-12-03T18:00:00Z,2025-12-05T02:00:00Z,32.0,0.01,0.0677801234762955,0.07037294436882871
turbine_2,2025-12-03T18:00:00Z,2025-12-05T03:00:00Z,33.0,0.01,0.0286146528769613,0.04810829340492698
turbine_2,2025-12-03T18:00:00Z,2025-12-05T04:00:00Z,34.0,0.0083333333333333,0.01959266771807669,0.054844497149263344
turbine_2,2025-12-03T18:00:00Z,2025-12-05T05:00:00Z,35.0,0.0083333333333333,0.013631420741792327,0.022336097126503807
turbine_2,2025-12-03T18:00:00Z,2025-12-05T06:00:00Z,36.0,0.01,0.026685307336613284,0.030135798597543978
turbine_2,2025-12-03T18:00:00Z,2025-12-05T07:00:00Z,37.0,0.01,0.03219177295613959,0.03777174758817878
turbine_2,2025-12-03T18:00:00Z,2025-12-05T08:00:00Z,38.0,0.01,0.06097428627869993,0.041653971138866014
turbine_2,2025-12-03T18:00:00Z,2025-12-05T09:00:00Z,39.0,0.0083333333333333,0.09372852902981198,0.0849334367108166
turbine_2,2025-12-03T18:00:00Z,2025-12-05T10:00:00Z,40.0,0.01,0.10359626850503599,0.10977482548907677
turbine_2,2025-12-03T18:00:00Z,2025-12-05T11:00:00Z,41.0,0.01,0.16189568116630584,0.19757322185178972
turbine_2,2025-12-03T18:00:00Z,2025-12-05T12:00:00Z,42.0,0.0249999999999999,0.25530110676211165,0.2926456020570877
turbine_2,2025-12-03T18:00:00Z,2025-12-05T13:00:00Z,43.0,0.1583333333333333,0.33453140060222075,0.40714454001429345
turbine_2,2025-12-03T18:00:00Z,2025-12-05T14:00:00Z,44.0,0.1883333333333333,0.3860099841296306,0.5196060098483892
turbine_2,2025-12-03T18:00:00Z,2025-12-05T15:00:00Z,45.0,0.1616666666666666,0.3770505280799319,0.5147123429582434
turbine_2,2025-12-03T18:00:00Z,2025-12-05T16:00:00Z,46.0,0.0666666666666666,0.34757943767045796,0.4715991695048169
turbine_2,2025-12-03T18:00:00Z,2025-12-05T17:00:00Z,47.0,0.12,0.30212107994532034,0.39276573988576663
turbine_2,2025-12-03T18:00:00Z,2025-12-05T18:00:00Z,48.0,0.145,0.29508003649458414,0.3401918148467967
turbine_2,2025-12-04T18:00:00Z,2025-12-04T19:00:00Z,1.0,0.0183333333333333,0.03175644140434805,0.03733609177023478
turbine_2,2025-12-04T18:00:00Z,2025-12-04T20:00:00Z,2.0,0.015,0.023922809066172473,0.01972828818525038
turbine_2,2025-12-04T18:00:00Z,2025-12-04T21:00:00Z,3.0,0.0083333333333333,0.01485272917481556,0.014854617255285474
turbine_2,2025-12-04T18:00:00Z,2025-12-04T22:00:00Z,4.0,0.015,0.015461749828223903,0.023860688538392405
turbine_2,2025-12-04T18:00:00Z,2025-12-04T23:00:00Z,5.0,0.0466666666666666,0.014902857554933563,0.019934592614280267
turbine_2,2025-12-04T18:00:00Z,2025-12-05T00:00:00Z,6.0,0.0116666666666666,0.011991939275545843,0.019162366664501496
turbine_2,2025-12-04T18:00:00Z,2025-12-05T01:00:00Z,7.0,0.0383333333333333,0.02864794173395996,0.025332989410913914
turbine_2,2025-12-04T18:00:00Z,2025-12-05T02:00:00Z,8.0,0.01,0.03014276597898921,0.026306395399637444
turbine_2,2025-12-04T18:00:00Z,2025-12-05T03:00:00Z,9.0,0.01,0.018025501116699344,0.020360468744689997
turbine_2,2025-12-04T18:00:00Z,2025-12-05T04:00:00Z,10.0,0.0083333333333333,0.016588180220743348,0.02257124078021444
turbine_2,2025-12-04T18:00:00Z,2025-12-05T05:00:00Z,11.0,0.0083333333333333,0.023573159588334502,0.03940700646982337
turbine_2,2025-12-04T18:00:00Z,2025-12-05T06:00:00Z,12.0,0.01,0.04693279697450406,0.03636000384021168
turbine_2,2025-12-04T18:00:00Z,2025-12-05T07:00:00Z,13.0,0.01,0.08804204312532536,0.08000974639312528
turbine_2,2025-12-04T18:00:00Z,2025-12-05T08:00:00Z,14.0,0.01,0.17592951294991466,0.13238746716452326
turbine_2,2025-12-04T18:00:00Z,2025-12-05T09:00:00Z,15.0,0.0083333333333333,0.3220361820589561,0.2666631150677666
turbine_2,2025-12-04T18:00:00Z,2025-12-05T10:00:00Z,16.0,0.01,0.38456850633932915,0.3649030445324951
turbine_2,2025-12-04T18:00:00Z,2025-12-05T11:00:00Z,17.0,0.01,0.530360611913419,0.5222425038222276
turbine_2,2025-12-04T18:00:00Z,2025-12-05T12:00:00Z,18.0,0.0249999999999999,0.5963271187156297,0.650060063752566
turbine_2,2025-12-04T18:00:00Z,2025-12-05T13:00:00Z,19.0,0.1583333333333333,0.5645102362533236,0.6055561930650608
turbine_2,2025-12-04T18:00:00Z,2025-12-05T14:00:00Z,20.0,0.1883333333333333,0.6935588408434693,0.6852080228873256
turbine_2,2025-12-04T18:00:00Z,2025-12-05T15:00:00Z,21.0,0.1616666666666666,0.598906850323929,0.6660674043163621
turbine_2,2025-12-04T18:00:00Z,2025-12-05T16:00:00Z,22.0,0.0666666666666666,0.5973590890626854,0.6609245142546181
turbine_2,2025-12-04T18:00:00Z,2025-12-05T17:00:00Z,23.0,0.12,0.5563006227754157,0.6252965949168623
turbine_2,2025-12-04T18:00:00Z,2025-12-05T18:00:00Z,24.0,0.145,0.460961472234488,0.5125245430508332
turbine_2,2025-12-04T18:00:00Z,2025-12-05T19:00:00Z,25.0,0.01,0.2866782047166508,0.3945919820492831
turbine_2,2025-12-04T18:00:00Z,2025-12-05T20:00:00Z,26.0,0.01,0.2486620150392344,0.2874215547185351
turbine_2,2025-12-04T18:00:00Z,2025-12-05T21:00:00Z,27.0,0.0116666666666666,0.18232638518803096,0.18097031123323903
turbine_2,2025-12-04T18:00:00Z,2025-12-05T22:00:00Z,28.0,0.01,0.059407201627889664,0.07720223393466935
turbine_2,2025-12-04T18:00:00Z,2025-12-05T23:00:00Z,29.0,0.01,0.02199762816760953,0.04874515269331006
turbine_2,2025-12-04T18:00:00Z,2025-12-06T00:00:00Z,30.0,0.01,0.010728701971992882,0.028858326735449108
turbine_2,2025-12-04T18:00:00Z,2025-12-06T01:00:00Z,31.0,0.015,0.010400793195528502,0.014603378973544884
turbine_2,2025-12-04T18:00:00Z,2025-12-06T02:00:00Z,32.0,0.015,0.012489685354741015,0.01567052415240719
turbine_2,2025-12-04T18:00:00Z,2025-12-06T03:00:00Z,33.0,0.125,0.011819925163425143,0.02024303643286879
turbine_2,2025-12-04T18:00:00Z,2025-12-06T04:00:00Z,34.0,0.155,0.016779135234064407,0.0358682347725659
turbine_2,2025-12-04T18:00:00Z,2025-12-06T05:00:00Z,35.0,0.0699999999999999,0.036681238785200326,0.05356053102341883
turbine_2,2025-12-04T18:00:00Z,2025-12-06T06:00:00Z,36.0,0.135,0.1053101105982671,0.1241246573494471
turbine_2,2025-12-04T18:00:00Z,2025-12-06T07:00:00Z,37.0,0.7866666666666666,0.19669382467545984,0.2861501153355256
turbine_2,2025-12-04T18:00:00Z,2025-12-06T08:00:00Z,38.0,0.6699999999999999,0.35449941630930776,0.5486291944133983
turbine_2,2025-12-04T18:00:00Z,2025-12-06T09:00:00Z,39.0,0.6166666666666667,0.4158641801511195,0.5764572468131937
turbine_2,2025-12-04T18:00:00Z,2025-12-06T10:00:00Z,40.0,0.4416666666666666,0.3951824718861098,0.5754160046637354
turbine_2,2025-12-04T18:00:00Z,2025-12-06T11:00:00Z,41.0,0.43,0.4089554318074953,0.3848776644910741
turbine_2,2025-12-04T18:00:00Z,2025-12-06T12:00:00Z,42.0,0.0916666666666666,0.5293488722445749,0.40769026144786735
turbine_2,2025-12-04T18:00:00Z,2025-12-06T13:00:00Z,43.0,0.01,0.5981130419917959,0.6155773282565762
turbine_2,2025-12-04T18:00:00Z,2025-12-06T14:00:00Z,44.0,0.01,0.5875608175738005,0.5779375794662878
turbine_2,2025-12-04T18:00:00Z,2025-12-06T15:00:00Z,45.0,0.01,0.6291911084448998,0.6456384003063339
turbine_2,2025-12-04T18:00:00Z,2025-12-06T16:00:00Z,46.0,0.01,0.6256753468140555,0.6914545221812309
turbine_2,2025-12-04T18:00:00Z,2025-12-06T17:00:00Z,47.0,0.0483333333333333,0.6324715074418998,0.6679313363470623
turbine_2,2025-12-04T18:00:00Z,2025-12-06T18:00:00Z,48.0,0.07,0.6264788340849916,0.5957650250704177
turbine_2,2025-12-05T18:00:00Z,2025-12-05T19:00:00Z,1.0,0.01,0.1343113530270126,0.2125864368292119
turbine_2,2025-12-05T18:00:00Z,2025-12-05T20:00:00Z,2.0,0.01,0.0756612936684224,0.11488491325621439
turbine_2,2025-12-05T18:00:00Z,2025-12-05T21:00:00Z,3.0,0.0116666666666666,0.053682089002630023,0.07590860446094397
turbine_2,2025-12-05T18:00:00Z,2025-12-05T22:00:00Z,4.0,0.01,0.026237175803580898,0.055593145908104394
turbine_2,2025-12-05T18:00:00Z,2025-12-05T23:00:00Z,5.0,0.01,0.010182069966861829,0.010752687344158962
turbine_2,2025-12-05T18:00:00Z,2025-12-06T00:00:00Z,6.0,0.01,0.010411711986631295,0.012020285056415336
turbine_2,2025-12-05T18:00:00Z,2025-12-06T01:00:00Z,7.0,0.015,0.021756674594718528,0.012393495525998721
turbine_2,2025-12-05T18:00:00Z,2025-12-06T02:00:00Z,8.0,0.015,0.026931776091278697,0.017858167917764817
turbine_2,2025-12-05T18:00:00Z,2025-12-06T03:00:00Z,9.0,0.125,0.030807205588385483,0.021944300103592385
turbine_2,2025-12-05T18:00:00Z,2025-12-06T04:00:00Z,10.0,0.155,0.029559867329298134,0.029531744512877156
turbine_2,2025-12-05T18:00:00Z,2025-12-06T05:00:00Z,11.0,0.0699999999999999,0.054979034478807906,0.05651363245350671
turbine_2,2025-12-05T18:00:00Z,2025-12-06T06:00:00Z,12.0,0.135,0.1256429501706448,0.08728496793432652
turbine_2,2025-12-05T18:00:00Z,2025-12-06T07:00:00Z,13.0,0.7866666666666666,0.16801311216376894,0.14812204438003576
turbine_2,2025-12-05T18:00:00Z,2025-12-06T08:00:00Z,14.0,0.6699999999999999,0.28742589663684726,0.2894516283876745
turbine_2,2025-12-05T18:00:00Z,2025-12-06T09:00:00Z,15.0,0.6166666666666667,0.3663162541174605,0.4735014457816014
turbine_2,2025-12-05T18:00:00Z,2025-12-06T10:00:00Z,16.0,0.4416666666666666,0.3232595810718115,0.41498765023909806
turbine_2,2025-12-05T18:00:00Z,2025-12-06T11:00:00Z,17.0,0.43,0.3213906442985123,0.420189883426939
turbine_2,2025-12-05T18:00:00Z,2025-12-06T12:00:00Z,18.0,0.0916666666666666,0.5296271235576397,0.5286656758011563
turbine_2,2025-12-05T18:00:00Z,2025-12-06T13:00:00Z,19.0,0.01,0.5150371549932415,0.44458470408921674
turbine_2,2025-12-05T18:00:00Z,2025-12-06T14:00:00Z,20.0,0.01,0.4197063313842943,0.35105494818804317
turbine_2,2025-12-05T18:00:00Z,2025-12-06T15:00:00Z,21.0,0.01,0.2726098647062921,0.2600279894723544
turbine_2,2025-12-05T18:00:00Z,2025-12-06T16:00:00Z,22.0,0.01,0.27403914324752593,0.25401330913730313
turbine_2,2025-12-05T18:00:00Z,2025-12-06T17:00:00Z,23.0,0.0483333333333333,0.3216552910207343,0.262261963288502
turbine_2,2025-12-05T18:00:00Z,2025-12-06T18:00:00Z,24.0,0.07,0.4108808439992954,0.2802313603859884
turbine_2,2025-12-05T18:00:00Z,2025-12-06T19:00:00Z,25.0,0.0733333333333333,0.39776135908677357,0.31426241942085276
turbine_2,2025-12-05T18:00:00Z,2025-12-06T20:00:00Z,26.0,0.1016666666666666,0.39981168993461774,0.3505063704128285
turbine_2,2025-12-05T18:00:00Z,2025-12-06T21:00:00Z,27.0,0.1333333333333333,0.407991367532214,0.37583715332792617
turbine_2,2025-12-05T18:00:00Z,2025-12-06T22:00:00Z,28.0,0.2299999999999999,0.37084713024644744,0.2824023397241493
turbine_2,2025-12-05T18:00:00Z,2025-12-06T23:00:00Z,29.0,0.2433333333333333,0.3700389750237163,0.33510305288700576
turbine_2,2025-12-05T18:00:00Z,2025-12-07T00:00:00Z,30.0,0.3433333333333333,0.33028712048616804,0.27954145826277244
turbine_2,2025-12-05T18:00:00Z,2025-12-07T01:00:00Z,31.0,0.3733333333333333,0.228164062217193,0.20473460834813725
turbine_2,2025-12-05T18:00:00Z,2025-12-07T02:00:00Z,32.0,0.4666666666666666,0.138575945260344,0.14616663172870586
turbine_2,2025-12-05T18:00:00Z,2025-12-07T03:00:00Z,33.0,0.05,0.09726961799009204,0.12299199057931327
turbine_2,2025-12-05T18:00:00Z,2025-12-07T04:00:00Z,34.0,0.0133333333333333,0.07612893594547764,0.10967157576654202
turbine_2,2025-12-05T18:00:00Z,2025-12-07T05:00:00Z,35.0,0.055,0.1155180989964892,0.08011381523570446
turbine_2,2025-12-05T18:00:00Z,2025-12-07T06:00:00Z,36.0,0.0083333333333333,0.10622160907742474,0.1067206968897902
turbine_2,2025-12-05T18:00:00Z,2025-12-07T07:00:00Z,37.0,0.01,0.15144170717339087,0.155450417896891
turbine_2,2025-12-05T18:00:00Z,2025-12-07T08:00:00Z,38.0,0.01,0.1472244325405841,0.145750650908075
turbine_2,2025-12-05T18:00:00Z,2025-12-07T09:00:00Z,39.0,0.02,0.09976570074716767,0.11210850170296555
turbine_2,2025-12-05T18:00:00Z,2025-12-07T10:00:00Z,40.0,0.01,0.06194216840106573,0.08886048812242792
turbine_2,2025-12-05T18:00:00Z,2025-12-07T11:00:00Z,41.0,0.03,0.0500462113797108,0.08765155436617847
turbine_2,2025-12-05T18:00:00Z,2025-12-07T12:00:00Z,42.0,0.0066666666666666,0.038060719303900675,0.051314707119773206
turbine_2,2025-12-05T18:00:00Z,2025-12-07T13:00:00Z,43.0,0.075,0.03811109796532275,0.06979080516687006
turbine_2,2025-12-05T18:00:00Z,2025-12-07T14:00:00Z,44.0,0.0133333333333333,0.04031767210502507,0.0703266671713232
turbine_2,2025-12-05T18:00:00Z,2025-12-07T15:00:00Z,45.0,0.01,0.051787113998080225,0.04838232671215009
turbine_2,2025-12-05T18:00:00Z,2025-12-07T16:00:00Z,46.0,0.085,0.056549685705868324,0.06672687828124577
turbine_2,2025-12-05T18:00:00Z,2025-12-07T17:00:00Z,47.0,0.015,0.05991216798335827,0.05689198819808439
turbine_2,2025-12-05T18:00:00Z,2025-12-07T18:00:00Z,48.0,0.01,0.061370419527941866,0.06483956699930958
turbine_2,2025-12-06T18:00:00Z,2025-12-06T19:00:00Z,1.0,0.0733333333333333,0.39505907862732625,0.2870376573426214
turbine_2,2025-12-06T18:00:00Z,2025-12-06T20:00:00Z,2.0,0.1016666666666666,0.33350934275875926,0.25090970362386994
turbine_2,2025-12-06T18:00:00Z,2025-12-06T21:00:00Z,3.0,0.1333333333333333,0.36438283486879175,0.3048311581810813
turbine_2,2025-12-06T18:00:00Z,2025-12-06T22:00:00Z,4.0,0.2299999999999999,0.3861692478250618,0.3225243999208125
turbine_2,2025-12-06T18:00:00Z,2025-12-06T23:00:00Z,5.0,0.2433333333333333,0.39194756227065153,0.38851838249579984
turbine_2,2025-12-06T18:00:00Z,2025-12-07T00:00:00Z,6.0,0.3433333333333333,0.4954634165448109,0.4679317642694191
turbine_2,2025-12-06T18:00:00Z,2025-12-07T01:00:00Z,7.0,0.3733333333333333,0.5155039188002655,0.5199998425474839
turbine_2,2025-12-06T18:00:00Z,2025-12-07T02:00:00Z,8.0,0.4666666666666666,0.5259371745108412,0.4955072889567979
turbine_2,2025-12-06T18:00:00Z,2025-12-07T03:00:00Z,9.0,0.05,0.5976037272511439,0.556914828922402
turbine_2,2025-12-06T18:00:00Z,2025-12-07T04:00:00Z,10.0,0.0133333333333333,0.5971744054890913,0.5874532662177485
turbine_2,2025-12-06T18:00:00Z,2025-12-07T05:00:00Z,11.0,0.055,0.6345671112362816,0.566938299853507
turbine_2,2025-12-06T18:00:00Z,2025-12-07T06:00:00Z,12.0,0.0083333333333333,0.608505846853159,0.5330420066372704
turbine_2,2025-12-06T18:00:00Z,2025-12-07T07:00:00Z,13.0,0.01,0.6099090780187189,0.5660879273529233
turbine_2,2025-12-06T18:00:00Z,2025-12-07T08:00:00Z,14.0,0.01,0.6647951828386565,0.5643114897093706
turbine_2,2025-12-06T18:00:00Z,2025-12-07T09:00:00Z,15.0,0.02,0.3595287774557525,0.29192659997961146
turbine_2,2025-12-06T18:00:00Z,2025-12-07T10:00:00Z,16.0,0.01,0.2046771130135314,0.17091667488281856
turbine_2,2025-12-06T18:00:00Z,2025-12-07T11:00:00Z,17.0,0.03,0.12121971954860264,0.209115474041317
turbine_2,2025-12-06T18:00:00Z,2025-12-07T12:00:00Z,18.0,0.0066666666666666,0.06167832382116836,0.11098636424628333
turbine_2,2025-12-06T18:00:00Z,2025-12-07T13:00:00Z,19.0,0.075,0.05192967031851928,0.08354366878534154
turbine_2,2025-12-06T18:00:00Z,2025-12-07T14:00:00Z,20.0,0.0133333333333333,0.05632552476982515,0.07714723910589857
turbine_2,2025-12-06T18:00:00Z,2025-12-07T15:00:00Z,21.0,0.01,0.039734943212158924,0.046152562098663086
turbine_2,2025-12-06T18:00:00Z,2025-12-07T16:00:00Z,22.0,0.085,0.03417422129976411,0.04223962221933503
turbine_2,2025-12-06T18:00:00Z,2025-12-07T17:00:00Z,23.0,0.015,0.04851456132986012,0.028345234791212315
turbine_2,2025-12-06T18:00:00Z,2025-12-07T18:00:00Z,24.0,0.01,0.06557561964269673,0.07627149754098593
turbine_2,2025-12-06T18:00:00Z,2025-12-07T19:00:00Z,25.0,0.01,0.055402160006159995,0.0699944969013452
turbine_2,2025-12-06T18:00:00Z,2025-12-07T20:00:00Z,26.0,0.01,0.05481383999453132,0.0822910853378085
turbine_2,2025-12-06T18:00:00Z,2025-12-07T21:00:00Z,27.0,0.01,0.06205007007410927,0.07735103651638364
turbine_2,2025-12-06T18:00:00Z,2025-12-07T22:00:00Z,28.0,0.0466666666666666,0.06658951161041203,0.0722534685275343
turbine_2,2025-12-06T18:00:00Z,2025-12-07T23:00:00Z,29.0,0.2183333333333333,0.05908765369446209,0.11553526630732472
turbine_2,2025-12-06T18:00:00Z,2025-12-08T00:00:00Z,30.0,0.1516666666666666,0.35126877544658597,0.4274875826483612
turbine_2,2025-12-06T18:00:00Z,2025-12-08T01:00:00Z,31.0,0.6483333333333333,0.21983602340620909,0.2054343701493118
turbine_2,2025-12-06T18:00:00Z,2025-12-08T02:00:00Z,32.0,0.5316666666666666,0.49046720859658793,0.45098452586380583
turbine_2,2025-12-06T18:00:00Z,2025-12-08T03:00:00Z,33.0,0.3833333333333333,0.6802456625454535,0.7034777241227399
turbine_2,2025-12-06T18:00:00Z,2025-12-08T04:00:00Z,34.0,0.3533333333333333,0.6208945409406683,0.61931583294012
turbine_2,2025-12-06T18:00:00Z,2025-12-08T05:00:00Z,35.0,0.1566666666666666,0.6721044211840574,0.5901423504589387
turbine_2,2025-12-06T18:00:00Z,2025-12-08T06:00:00Z,36.0,0.01,0.5911159504901791,0.7720549233340697
turbine_2,2025-12-06T18:00:00Z,2025-12-08T07:00:00Z,37.0,0.01,0.4064156785091516,0.31582976315396555
turbine_2,2025-12-06T18:00:00Z,2025-12-08T08:00:00Z,38.0,0.0083333333333333,0.24981447103194174,0.21483682576040972
turbine_2,2025-12-06T18:00:00Z,2025-12-08T09:00:00Z,39.0,0.04,0.10338442439753708,0.14322135589528362
turbine_2,2025-12-06T18:00:00Z,2025-12-08T10:00:00Z,40.0,0.4216666666666667,0.03166311676917652,0.06478367142443496
turbine_2,2025-12-06T18:00:00Z,2025-12-08T11:00:00Z,41.0,0.5333333333333333,0.1302307640659558,0.13145374126607615
turbine_2,2025-12-06T18:00:00Z,2025-12-08T12:00:00Z,42.0,0.33,0.30534077324052633,0.31810639775251337
turbine_2,2025-12-06T18:00:00Z,2025-12-08T13:00:00Z,43.0,0.6816666666666666,0.686931583943131,0.6838338420760043
turbine_2,2025-12-06T18:00:00Z,2025-12-08T14:00:00Z,44.0,0.92,0.9392236626350593,0.9343769645753153
turbine_2,2025-12-06T18:00:00Z,2025-12-08T15:00:00Z,45.0,0.9466666666666668,0.9519460351814396,0.8918945607654414
turbine_2,2025-12-06T18:00:00Z,2025-12-08T16:00:00Z,46.0,0.96,0.9550092909618272,0.8889321596776745
turbine_2,2025-12-06T18:00:00Z,2025-12-08T17:00:00Z,47.0,0.8533333333333334,0.944141915780885,0.8723113391815054
turbine_2,2025-12-06T18:00:00Z,2025-12-08T18:00:00Z,48.0,0.945,0.8544720702624916,0.7654842923692422
turbine_2,2025-12-07T18:00:00Z,2025-12-07T19:00:00Z,1.0,0.01,0.1416997325560977,0.3916787957520098
turbine_2,2025-12-07T18:00:00Z,2025-12-07T20:00:00Z,2.0,0.01,0.11890693604358755,0.20270472025957548
turbine_2,2025-12-07T18:00:00Z,2025-12-07T21:00:00Z,3.0,0.01,0.19636882765505767,0.1909002249211696
turbine_2,2025-12-07T18:00:00Z,2025-12-07T22:00:00Z,4.0,0.0466666666666666,0.4068240943251805,0.3877057930352221
turbine_2,2025-12-07T18:00:00Z,2025-12-07T23:00:00Z,5.0,0.2183333333333333,0.34439674252786656,0.3262385818169271
turbine_2,2025-12-07T18:00:00Z,2025-12-08T00:00:00Z,6.0,0.1516666666666666,0.42216712854183835,0.35128715262549953
turbine_2,2025-12-07T18:00:00Z,2025-12-08T01:00:00Z,7.0,0.6483333333333333,0.5933048002040563,0.5681033666554648
turbine_2,2025-12-07T18:00:00Z,2025-12-08T02:00:00Z,8.0,0.5316666666666666,0.5398008577087855,0.5406238348424733
turbine_2,2025-12-07T18:00:00Z,2025-12-08T03:00:00Z,9.0,0.3833333333333333,0.5888946978268187,0.5975108760938276
turbine_2,2025-12-07T18:00:00Z,2025-12-08T04:00:00Z,10.0,0.3533333333333333,0.7254544109680999,0.6998522648156268
turbine_2,2025-12-07T18:00:00Z,2025-12-08T05:00:00Z,11.0,0.1566666666666666,0.6748642170590262,0.6143829849055885
turbine_2,2025-12-07T18:00:00Z,2025-12-08T06:00:00Z,12.0,0.01,0.3702175009783003,0.2758427928878324
turbine_2,2025-12-07T18:00:00Z,2025-12-08T07:00:00Z,13.0,0.01,0.17376936300680215,0.11456647437155652
turbine_2,2025-12-07T18:00:00Z,2025-12-08T08:00:00Z,14.0,0.0083333333333333,0.05507443349025373,0.05807580830667981
turbine_2,2025-12-07T18:00:00Z,2025-12-08T09:00:00Z,15.0,0.04,0.041513817488096544,0.024784072208633656
turbine_2,2025-12-07T18:00:00Z,2025-12-08T10:00:00Z,16.0,0.4216666666666667,0.185395877634161,0.15833551404824855
turbine_2,2025-12-07T18:00:00Z,2025-12-08T11:00:00Z,17.0,0.5333333333333333,0.6240884908366173,0.5975171778270048
turbine_2,2025-12-07T18:00:00Z,2025-12-08T12:00:00Z,18.0,0.33,0.9383944118497526,0.94672192024924
turbine_2,2025-12-07T18:00:00Z,2025-12-08T13:00:00Z,19.0,0.6816666666666666,0.9380682390236685,0.9447648170058499
turbine_2,2025-12-07T18:00:00Z,2025-12-08T14:00:00Z,20.0,0.92,0.9361072521068774,0.9440715458726469
turbine_2,2025-12-07T18:00:00Z,2025-12-08T15:00:00Z,21.0,0.9466666666666668,0.9517441198109244,0.9208439384402276
turbine_2,2025-12-07T18:00:00Z,2025-12-08T16:00:00Z,22.0,0.96,0.9037417865651839,0.8470732390413273
turbine_2,2025-12-07T18:00:00Z,2025-12-08T17:00:00Z,23.0,0.8533333333333334,0.9461742046153524,0.9080652429728716
turbine_2,2025-12-07T18:00:00Z,2025-12-08T18:00:00Z,24.0,0.945,0.9235167697169065,0.9092131068409053
turbine_2,2025-12-07T18:00:00Z,2025-12-08T19:00:00Z,25.0,0.785,0.8996048066034704,0.8676297418458634
turbine_2,2025-12-07T18:00:00Z,2025-12-08T20:00:00Z,26.0,0.2966666666666667,0.6797541623462736,0.6733927550338534
turbine_2,2025-12-07T18:00:00Z,2025-12-08T21:00:00Z,27.0,0.15,0.5800686938902944,0.551067062488849
turbine_2,2025-12-07T18:00:00Z,2025-12-08T22:00:00Z,28.0,0.125,0.42718326340140356,0.42177802714703067
turbine_2,2025-12-07T18:00:00Z,2025-12-08T23:00:00Z,29.0,0.075,0.2608036573634104,0.1646642085892643
turbine_2,2025-12-07T18:00:00Z,2025-12-09T00:00:00Z,30.0,0.0249999999999999,0.1289934544689451,0.0615277440023792
turbine_2,2025-12-07T18:00:00Z,2025-12-09T01:00:00Z,31.0,0.0116666666666666,0.06345237116272441,0.03346212677717078
turbine_2,2025-12-07T18:00:00Z,2025-12-09T02:00:00Z,32.0,0.01,0.029209552031479374,0.017586180092532572
turbine_2,2025-12-07T18:00:00Z,2025-12-09T03:00:00Z,33.0,0.01,0.016508550771547198,0.0185135544444133
turbine_2,2025-12-07T18:00:00Z,2025-12-09T04:00:00Z,34.0,0.155,0.01150416767873566,0.013688284929994021
turbine_2,2025-12-07T18:00:00Z,2025-12-09T05:00:00Z,35.0,0.7999999999999999,0.02751982793511637,0.040759866098578706
turbine_2,2025-12-07T18:00:00Z,2025-12-09T06:00:00Z,36.0,0.9083333333333332,0.16059042857858366,0.2695141834551493
turbine_2,2025-12-07T18:00:00Z,2025-12-09T07:00:00Z,37.0,0.9716666666666668,0.8499418487092201,0.8447973213952804
turbine_2,2025-12-07T18:00:00Z,2025-12-09T08:00:00Z,38.0,0.97,0.9690410987020545,0.969978113860172
turbine_2,2025-12-07T18:00:00Z,2025-12-09T09:00:00Z,39.0,0.9633333333333332,0.9675228083990656,0.9686891624663746
turbine_2,2025-12-07T18:00:00Z,2025-12-09T10:00:00Z,40.0,0.9683333333333332,0.9539521005387733,0.9443749251662751
turbine_2,2025-12-07T18:00:00Z,2025-12-09T11:00:00Z,41.0,0.9533333333333333,0.7626795108949511,0.8830189643019849
turbine_2,2025-12-07T18:00:00Z,2025-12-09T12:00:00Z,42.0,0.9533333333333333,0.6508351286035151,0.8235350136803098
turbine_2,2025-12-07T18:00:00Z,2025-12-09T13:00:00Z,43.0,0.9,0.45148849404227603,0.6089625130838724
turbine_2,2025-12-07T18:00:00Z,2025-12-09T14:00:00Z,44.0,0.9366666666666666,0.2016189289023668,0.4179721817867417
turbine_2,2025-12-07T18:00:00Z,2025-12-09T15:00:00Z,45.0,0.8649999999999999,0.08161432423161344,0.10535834272701462
turbine_2,2025-12-07T18:00:00Z,2025-12-09T16:00:00Z,46.0,0.5466666666666666,0.06050454083804363,0.08685512643897238
turbine_2,2025-12-07T18:00:00Z,2025-12-09T17:00:00Z,47.0,0.145,0.04157564261053784,0.04760699809027166
turbine_2,2025-12-07T18:00:00Z,2025-12-09T18:00:00Z,48.0,0.04,0.04294872618869919,0.03998252681234965
turbine_2,2025-12-08T18:00:00Z,2025-12-08T19:00:00Z,1.0,0.785,0.7821016005743541,0.7645350341142265
turbine_2,2025-12-08T18:00:00Z,2025-12-08T20:00:00Z,2.0,0.2966666666666667,0.6886688521580447,0.7094092280345026
turbine_2,2025-12-08T18:00:00Z,2025-12-08T21:00:00Z,3.0,0.15,0.3661547670785241,0.3003742510972207
turbine_2,2025-12-08T18:00:00Z,2025-12-08T22:00:00Z,4.0,0.125,0.18213139636046544,0.12083467749064382
turbine_2,2025-12-08T18:00:00Z,2025-12-08T23:00:00Z,5.0,0.075,0.07259390558642646,0.03378855227980426
turbine_2,2025-12-08T18:00:00Z,2025-12-09T00:00:00Z,6.0,0.0249999999999999,0.02665952527728227,0.02881601278922244
turbine_2,2025-12-08T18:00:00Z,2025-12-09T01:00:00Z,7.0,0.0116666666666666,0.016231147479358332,0.0188024142850092
turbine_2,2025-12-08T18:00:00Z,2025-12-09T02:00:00Z,8.0,0.01,0.016471238507833885,0.012152746909560919
turbine_2,2025-12-08T18:00:00Z,2025-12-09T03:00:00Z,9.0,0.01,0.02885316451038364,0.01533883132058858
turbine_2,2025-12-08T18:00:00Z,2025-12-09T04:00:00Z,10.0,0.155,0.08916352465732927,0.08284008067878158
turbine_2,2025-12-08T18:00:00Z,2025-12-09T05:00:00Z,11.0,0.7999999999999999,0.4909218559993262,0.43925742283150954
turbine_2,2025-12-08T18:00:00Z,2025-12-09T06:00:00Z,12.0,0.9083333333333332,0.9598482280543279,0.9763698801804042
turbine_2,2025-12-08T18:00:00Z,2025-12-09T07:00:00Z,13.0,0.9716666666666668,0.9619964414169951,0.9699096972497236
turbine_2,2025-12-08T18:00:00Z,2025-12-09T08:00:00Z,14.0,0.97,0.9692808150128867,0.9666150228702379
turbine_2,2025-12-08T18:00:00Z,2025-12-09T09:00:00Z,15.0,0.9633333333333332,0.9632134717382175,0.9598054070349665
turbine_2,2025-12-08T18:00:00Z,2025-12-09T10:00:00Z,16.0,0.9683333333333332,0.8159631938685481,0.8644036972041794
turbine_2,2025-12-08T18:00:00Z,2025-12-09T11:00:00Z,17.0,0.9533333333333333,0.643549054470057,0.783953102325229
turbine_2,2025-12-08T18:00:00Z,2025-12-09T12:00:00Z,18.0,0.9533333333333333,0.5234745681427536,0.7564179416361384
turbine_2,2025-12-08T18:00:00Z,2025-12-09T13:00:00Z,19.0,0.9,0.2369148364455969,0.4726885420272986
turbine_2,2025-12-08T18:00:00Z,2025-12-09T14:00:00Z,20.0,0.9366666666666666,0.12265121806602836,0.19465494229097838
turbine_2,2025-12-08T18:00:00Z,2025-12-09T15:00:00Z,21.0,0.8649999999999999,0.09674858962616714,0.17504304903893694
turbine_2,2025-12-08T18:00:00Z,2025-12-09T16:00:00Z,22.0,0.5466666666666666,0.049374380765148385,0.10030714981403688
turbine_2,2025-12-08T18:00:00Z,2025-12-09T17:00:00Z,23.0,0.145,0.039700673701578426,0.04409332053819098
turbine_2,2025-12-08T18:00:00Z,2025-12-09T18:00:00Z,24.0,0.04,0.029309510454165633,0.039955060333881215
turbine_2,2025-12-08T18:00:00Z,2025-12-09T19:00:00Z,25.0,0.3316666666666666,0.06767535885279675,0.04895034448506777
turbine_2,2025-12-08T18:00:00Z,2025-12-09T20:00:00Z,26.0,0.6516666666666667,0.14581831064866274,0.08769049763185788
turbine_2,2025-12-08T18:00:00Z,2025-12-09T21:00:00Z,27.0,0.7916666666666666,0.2467683489852998,0.2645577990929136
turbine_2,2025-12-08T18:00:00Z,2025-12-09T22:00:00Z,28.0,0.9433333333333334,0.5085228149810139,0.5071668361477273
turbine_2,2025-12-08T18:00:00Z,2025-12-09T23:00:00Z,29.0,0.9783333333333334,0.6639430479985217,0.6905685072317689
turbine_2,2025-12-08T18:00:00Z,2025-12-10T00:00:00Z,30.0,0.975,0.6171754885912138,0.6479459374369219
turbine_2,2025-12-08T18:00:00Z,2025-12-10T05:00:00Z,35.0,0.6416666666666667,0.9477268110823626,0.9389486982380782
turbine_2,2025-12-08T18:00:00Z,2025-12-10T06:00:00Z,36.0,0.93,0.9616992283461969,0.914770393709631
turbine_2,2025-12-08T18:00:00Z,2025-12-10T07:00:00Z,37.0,0.9466666666666668,0.9548291568168594,0.9375251838444304
turbine_2,2025-12-08T18:00:00Z,2025-12-10T08:00:00Z,38.0,0.9466666666666668,0.9720894913189879,0.9324475430099403
turbine_2,2025-12-08T18:00:00Z,2025-12-10T09:00:00Z,39.0,0.9616666666666666,0.9718764717194007,0.935645156835181
turbine_2,2025-12-08T18:00:00Z,2025-12-10T10:00:00Z,40.0,0.97,0.8489664027864234,0.8207596409170004
turbine_2,2025-12-08T18:00:00Z,2025-12-10T11:00:00Z,41.0,0.9733333333333332,0.5624878488448041,0.4997966201026777
turbine_2,2025-12-08T18:00:00Z,2025-12-10T12:00:00Z,42.0,0.9733333333333332,0.4067317765304904,0.3876026624972404
turbine_2,2025-12-08T18:00:00Z,2025-12-10T13:00:00Z,43.0,0.955,0.5113750012101613,0.5263804417743698
turbine_2,2025-12-08T18:00:00Z,2025-12-10T14:00:00Z,44.0,0.98,0.7636553449988238,0.6898927102248967
turbine_2,2025-12-08T18:00:00Z,2025-12-10T15:00:00Z,45.0,0.98,0.8489213793463005,0.8003897591520909
turbine_2,2025-12-08T18:00:00Z,2025-12-10T16:00:00Z,46.0,0.98,0.9121719566093779,0.8170212686820805
turbine_2,2025-12-08T18:00:00Z,2025-12-10T17:00:00Z,47.0,0.98,0.9216069137140753,0.7998533489711623
turbine_2,2025-12-08T18:00:00Z,2025-12-10T18:00:00Z,48.0,0.97,0.8367418557668761,0.7809541722567916
turbine_2,2025-12-09T18:00:00Z,2025-12-09T19:00:00Z,1.0,0.3316666666666666,0.10118589673365945,0.0863218276576547
turbine_2,2025-12-09T18:00:00Z,2025-12-09T20:00:00Z,2.0,0.6516666666666667,0.16992826356715804,0.19727623262437574
turbine_2,2025-12-09T18:00:00Z,2025-12-09T21:00:00Z,3.0,0.7916666666666666,0.3828992881168163,0.4332923291844344
turbine_2,2025-12-09T18:00:00Z,2025-12-09T22:00:00Z,4.0,0.9433333333333334,0.7414848306793443,0.7422650560717022
turbine_2,2025-12-09T18:00:00Z,2025-12-09T23:00:00Z,5.0,0.9783333333333334,0.9212982495431067,0.9198507790179117
turbine_2,2025-12-09T18:00:00Z,2025-12-10T00:00:00Z,6.0,0.975,0.9620066686661513,0.9480893005766716
turbine_2,2025-12-09T18:00:00Z,2025-12-10T05:00:00Z,11.0,0.6416666666666667,0.9423711699953665,0.9421453416950312
turbine_2,2025-12-09T18:00:00Z,2025-12-10T06:00:00Z,12.0,0.93,0.9581677047557512,0.9518424311896129
turbine_2,2025-12-09T18:00:00Z,2025-12-10T07:00:00Z,13.0,0.9466666666666668,0.9673531257773753,0.9784281301093293
turbine_2,2025-12-09T18:00:00Z,2025-12-10T08:00:00Z,14.0,0.9466666666666668,0.9704430232511262,0.9565062829765965
turbine_2,2025-12-09T18:00:00Z,2025-12-10T09:00:00Z,15.0,0.9616666666666666,0.9702480398776185,0.9545342811096449
turbine_2,2025-12-09T18:00:00Z,2025-12-10T10:00:00Z,16.0,0.97,0.9701555060517401,0.9414629894169592
turbine_2,2025-12-09T18:00:00Z,2025-12-10T11:00:00Z,17.0,0.9733333333333332,0.9524444240478436,0.8806137109514973
turbine_2,2025-12-09T18:00:00Z,2025-12-10T12:00:00Z,18.0,0.9733333333333332,0.8040724720566628,0.771387741651949
turbine_2,2025-12-09T18:00:00Z,2025-12-10T13:00:00Z,19.0,0.955,0.9385713005217642,0.9301109966388218
turbine_2,2025-12-09T18:00:00Z,2025-12-10T14:00:00Z,20.0,0.98,0.9361163479155042,0.931905762299097
turbine_2,2025-12-09T18:00:00Z,2025-12-10T15:00:00Z,21.0,0.98,0.9450564527116286,0.9095898318105264
turbine_2,2025-12-09T18:00:00Z,2025-12-10T16:00:00Z,22.0,0.98,0.943950191978229,0.8728404202611164
turbine_2,2025-12-09T18:00:00Z,2025-12-10T17:00:00Z,23.0,0.98,0.9255132740525182,0.8463110669633634
turbine_2,2025-12-09T18:00:00Z,2025-12-10T18:00:00Z,24.0,0.97,0.8845763662712395,0.8620553402249108
turbine_2,2025-12-09T18:00:00Z,2025-12-10T19:00:00Z,25.0,0.9433333333333334,0.8670410836237096,0.8897619562529416
turbine_2,2025-12-09T18:00:00Z,2025-12-10T20:00:00Z,26.0,0.4883333333333333,0.8749129672796191,0.9302906372352044
turbine_2,2025-12-09T18:00:00Z,2025-12-10T21:00:00Z,27.0,0.3533333333333333,0.8139013681461894,0.8720913673053612
turbine_2,2025-12-09T18:00:00Z,2025-12-10T22:00:00Z,28.0,0.0883333333333333,0.7511691021133854,0.7525519421382171
turbine_2,2025-12-09T18:00:00Z,2025-12-10T23:00:00Z,29.0,0.005,0.6394432866694928,0.6731461215282217
turbine_2,2025-12-09T18:00:00Z,2025-12-11T00:00:00Z,30.0,0.0083333333333333,0.21805654107993974,0.17365152536665573
turbine_2,2025-12-09T18:00:00Z,2025-12-11T01:00:00Z,31.0,0.0349999999999999,0.07683326741189983,0.07907088104627089
turbine_2,2025-12-09T18:00:00Z,2025-12-11T02:00:00Z,32.0,0.01,0.010557294657283972,0.017827830557381852
turbine_2,2025-12-09T18:00:00Z,2025-12-11T03:00:00Z,33.0,0.3283333333333333,0.03498607898380429,0.03300361047995615
turbine_2,2025-12-09T18:00:00Z,2025-12-11T04:00:00Z,34.0,0.98,0.10986265701336397,0.07330382539146765
turbine_2,2025-12-09T18:00:00Z,2025-12-11T05:00:00Z,35.0,0.9,0.6180046594341173,0.6467348509386959
turbine_2,2025-12-09T18:00:00Z,2025-12-11T06:00:00Z,36.0,0.3066666666666666,0.9365360637486233,0.9432862272443999
turbine_2,2025-12-09T18:00:00Z,2025-12-11T07:00:00Z,37.0,0.9783333333333334,0.966760819512255,0.9717185658581072
turbine_2,2025-12-09T18:00:00Z,2025-12-11T08:00:00Z,38.0,0.975,0.9737978759011406,0.9707149286084713
turbine_2,2025-12-09T18:00:00Z,2025-12-11T09:00:00Z,39.0,0.22,0.9721478285277407,0.9666027547906105
turbine_2,2025-12-09T18:00:00Z,2025-12-11T12:00:00Z,42.0,0.98,0.9727255585233303,0.967471629475427
turbine_2,2025-12-09T18:00:00Z,2025-12-11T13:00:00Z,43.0,0.9733333333333332,0.9743499114050056,0.9697571097293539
turbine_2,2025-12-09T18:00:00Z,2025-12-11T14:00:00Z,44.0,0.975,0.9740243522273753,0.9677586193716049
turbine_2,2025-12-09T18:00:00Z,2025-12-11T15:00:00Z,45.0,0.9766666666666666,0.9669255717354452,0.9765230132229804
turbine_2,2025-12-09T18:00:00Z,2025-12-11T16:00:00Z,46.0,0.98,0.9672366683114668,0.9499105215260938
turbine_2,2025-12-09T18:00:00Z,2025-12-11T17:00:00Z,47.0,0.9783333333333334,0.9672366683114668,0.9498903135255871
turbine_2,2025-12-09T18:00:00Z,2025-12-11T18:00:00Z,48.0,0.98,0.9524920059708161,0.9511728262206686
turbine_2,2025-12-10T18:00:00Z,2025-12-10T19:00:00Z,1.0,0.9433333333333334,0.8506548205282333,0.8570839068945434
turbine_2,2025-12-10T18:00:00Z,2025-12-10T20:00:00Z,2.0,0.4883333333333333,0.695970834433098,0.7696773357301608
turbine_2,2025-12-10T18:00:00Z,2025-12-10T21:00:00Z,3.0,0.3533333333333333,0.42126271062383114,0.44163142272178396
turbine_2,2025-12-10T18:00:00Z,2025-12-10T22:00:00Z,4.0,0.0883333333333333,0.1544725642359926,0.17056015226756058
turbine_2,2025-12-10T18:00:00Z,2025-12-10T23:00:00Z,5.0,0.005,0.017745619481970315,0.0495593807679609
turbine_2,2025-12-10T18:00:00Z,2025-12-11T00:00:00Z,6.0,0.0083333333333333,0.02345031181101176,0.012924615023373331
turbine_2,2025-12-10T18:00:00Z,2025-12-11T01:00:00Z,7.0,0.0349999999999999,0.035743117477782665,0.03517387151374271
turbine_2,2025-12-10T18:00:00Z,2025-12-11T02:00:00Z,8.0,0.01,0.13309493786837073,0.15220825319479486
turbine_2,2025-12-10T18:00:00Z,2025-12-11T03:00:00Z,9.0,0.3283333333333333,0.7587365190612301,0.8201318530744274
turbine_2,2025-12-10T18:00:00Z,2025-12-11T04:00:00Z,10.0,0.98,0.9298340636761817,0.9381528315084018
turbine_2,2025-12-10T18:00:00Z,2025-12-11T05:00:00Z,11.0,0.9,0.9419224371597261,0.9706463189814164
turbine_2,2025-12-10T18:00:00Z,2025-12-11T06:00:00Z,12.0,0.3066666666666666,0.9629020637395639,0.9776692112110168
turbine_2,2025-12-10T18:00:00Z,2025-12-11T07:00:00Z,13.0,0.9783333333333334,0.9667532186160815,0.9705455471299401
turbine_2,2025-12-10T18:00:00Z,2025-12-11T08:00:00Z,14.0,0.975,0.9739593876805163,0.964380048147153
turbine_2,2025-12-10T18:00:00Z,2025-12-11T09:00:00Z,15.0,0.22,0.9725855239043185,0.9664497015158146
turbine_2,2025-12-10T18:00:00Z,2025-12-11T12:00:00Z,18.0,0.98,0.971833559704001,0.9661093404091898
turbine_2,2025-12-10T18:00:00Z,2025-12-11T13:00:00Z,19.0,0.9733333333333332,0.9738154588059499,0.9687100774804239
turbine_2,2025-12-10T18:00:00Z,2025-12-11T14:00:00Z,20.0,0.975,0.973188408084833,0.9695042357628403
turbine_2,2025-12-10T18:00:00Z,2025-12-11T15:00:00Z,21.0,0.9766666666666666,0.9741984503425896,0.9772051001032183
turbine_2,2025-12-10T18:00:00Z,2025-12-11T16:00:00Z,22.0,0.98,0.9743957890309235,0.9482301432111606
turbine_2,2025-12-10T18:00:00Z,2025-12-11T17:00:00Z,23.0,0.9783333333333334,0.9743957890309235,0.9453585904765763
turbine_2,2025-12-10T18:00:00Z,2025-12-11T18:00:00Z,24.0,0.98,0.9595067001634814,0.9451125461314354
turbine_2,2025-12-10T18:00:00Z,2025-12-11T19:00:00Z,25.0,0.98,0.9520504277706683,0.9513053269288836
turbine_2,2025-12-10T18:00:00Z,2025-12-11T20:00:00Z,26.0,0.98,0.9524152156527099,0.9572378428070396
turbine_2,2025-12-10T18:00:00Z,2025-12-11T21:00:00Z,27.0,0.98,0.9425609641500061,0.9413800037314471
turbine_2,2025-12-10T18:00:00Z,2025-12-11T22:00:00Z,28.0,0.98,0.9316701609672728,0.9639548233197328
turbine_2,2025-12-10T18:00:00Z,2025-12-11T23:00:00Z,29.0,0.98,0.9318048609472146,0.9107441313271937
turbine_2,2025-12-10T18:00:00Z,2025-12-12T00:00:00Z,30.0,0.9783333333333334,0.9318521949521135,0.9040402477712319
turbine_2,2025-12-10T18:00:00Z,2025-12-12T01:00:00Z,31.0,0.98,0.9318798383760528,0.9052395473983915
turbine_2,2025-12-10T18:00:00Z,2025-12-12T04:00:00Z,34.0,0.9783333333333334,0.9302502113912755,0.8930844647446666
turbine_2,2025-12-10T18:00:00Z,2025-12-12T05:00:00Z,35.0,0.98,0.9405429435151978,0.8707167917891588
turbine_2,2025-12-10T18:00:00Z,2025-12-12T06:00:00Z,36.0,0.9766666666666666,0.9615225700950356,0.8987558503651477
turbine_2,2025-12-10T18:00:00Z,2025-12-12T07:00:00Z,37.0,0.9766666666666666,0.966760819512255,0.8748147332283543
turbine_2,2025-12-10T18:00:00Z,2025-12-12T08:00:00Z,38.0,0.9716666666666668,0.9737978759011406,0.935039992288026
turbine_2,2025-12-10T18:00:00Z,2025-12-12T09:00:00Z,39.0,0.9783333333333334,0.9721478285277407,0.8209297673837531
turbine_2,2025-12-10T18:00:00Z,2025-12-12T10:00:00Z,40.0,0.975,0.972684096274521,0.864090432317087
turbine_2,2025-12-10T18:00:00Z,2025-12-12T11:00:00Z,41.0,0.975,0.9734655265436496,0.9214389090795754
turbine_2,2025-12-10T18:00:00Z,2025-12-12T12:00:00Z,42.0,0.9733333333333332,0.9727255585233303,0.9096610669989398
turbine_2,2025-12-10T18:00:00Z,2025-12-12T13:00:00Z,43.0,0.9716666666666668,0.9743499114050056,0.8024578525088508
turbine_2,2025-12-10T18:00:00Z,2025-12-12T15:00:00Z,45.0,0.9766666666666666,0.9669255717354452,0.8722259167137236
turbine_2,2025-12-10T18:00:00Z,2025-12-12T16:00:00Z,46.0,0.98,0.9686586325012042,0.8356727483844519
turbine_2,2025-12-10T18:00:00Z,2025-12-12T17:00:00Z,47.0,0.98,0.9672366683114668,0.7669318522723021
turbine_2,2025-12-10T18:00:00Z,2025-12-12T18:00:00Z,48.0,0.98,0.9524920059708161,0.7568731820505312
turbine_2,2025-12-11T18:00:00Z,2025-12-11T19:00:00Z,1.0,0.98,0.9299061962404751,0.925644613110427
turbine_2,2025-12-11T18:00:00Z,2025-12-11T20:00:00Z,2.0,0.98,0.9302709841225167,0.9429815854265875
turbine_2,2025-12-11T18:00:00Z,2025-12-11T21:00:00Z,3.0,0.98,0.9399936097083132,0.9630363881636717
turbine_2,2025-12-11T18:00:00Z,2025-12-11T22:00:00Z,4.0,0.98,0.92910280652558,0.9035830462621334
turbine_2,2025-12-11T18:00:00Z,2025-12-11T23:00:00Z,5.0,0.98,0.9285192849607758,0.9289912185263917
turbine_2,2025-12-11T18:00:00Z,2025-12-12T00:00:00Z,6.0,0.9783333333333334,0.9359299167725531,0.911548110080343
turbine_2,2025-12-11T18:00:00Z,2025-12-12T01:00:00Z,7.0,0.98,0.9358442675044377,0.9087754165167525
turbine_2,2025-12-11T18:00:00Z,2025-12-12T04:00:00Z,10.0,0.9783333333333334,0.9315366003441029,0.8814224190771669
turbine_2,2025-12-11T18:00:00Z,2025-12-12T05:00:00Z,11.0,0.98,0.9419224371597261,0.8590144744290806
turbine_2,2025-12-11T18:00:00Z,2025-12-12T06:00:00Z,12.0,0.9766666666666666,0.9629020637395639,0.8580966178338942
turbine_2,2025-12-11T18:00:00Z,2025-12-12T07:00:00Z,13.0,0.9766666666666666,0.9667532186160815,0.8862605354765611
turbine_2,2025-12-11T18:00:00Z,2025-12-12T08:00:00Z,14.0,0.9716666666666668,0.9739593876805163,0.866993806412026
turbine_2,2025-12-11T18:00:00Z,2025-12-12T09:00:00Z,15.0,0.9783333333333334,0.9724537668339075,0.8988856111688728
turbine_2,2025-12-11T18:00:00Z,2025-12-12T10:00:00Z,16.0,0.975,0.9729587332010176,0.9210122659875514
turbine_2,2025-12-11T18:00:00Z,2025-12-12T11:00:00Z,17.0,0.975,0.973356614420522,0.8707198541873767
turbine_2,2025-12-11T18:00:00Z,2025-12-12T12:00:00Z,18.0,0.9733333333333332,0.9721207956323241,0.9110602866146854
turbine_2,2025-12-11T18:00:00Z,2025-12-12T13:00:00Z,19.0,0.9716666666666668,0.9736837017355389,0.8586344356041419
turbine_2,2025-12-11T18:00:00Z,2025-12-12T15:00:00Z,21.0,0.9766666666666666,0.9738744655657949,0.8699400343845517
turbine_2,2025-12-11T18:00:00Z,2025-12-12T16:00:00Z,22.0,0.98,0.9757934852823112,0.8260061550538513
turbine_2,2025-12-11T18:00:00Z,2025-12-12T17:00:00Z,23.0,0.98,0.9752463851362397,0.7923073537168729
turbine_2,2025-12-11T18:00:00Z,2025-12-12T18:00:00Z,24.0,0.98,0.9595067001634814,0.766812130939816
turbine_2,2025-12-11T18:00:00Z,2025-12-12T19:00:00Z,25.0,0.9783333333333334,0.9520504277706683,0.7510533255883528
turbine_2,2025-12-11T18:00:00Z,2025-12-12T20:00:00Z,26.0,0.9583333333333334,0.9538129119040979,0.8240233516143861
turbine_2,2025-12-11T18:00:00Z,2025-12-12T21:00:00Z,27.0,0.5116666666666666,0.8056742032239854,0.740439863281733
turbine_2,2025-12-11T18:00:00Z,2025-12-12T22:00:00Z,28.0,0.18,0.46190373670579116,0.39452085562479616
turbine_2,2025-12-11T18:00:00Z,2025-12-12T23:00:00Z,29.0,0.0533333333333333,0.03674237377432063,0.08429860605548928
turbine_2,2025-12-11T18:00:00Z,2025-12-13T00:00:00Z,30.0,0.0116666666666666,0.017139093987295684,0.027486776577019312
turbine_2,2025-12-11T18:00:00Z,2025-12-13T01:00:00Z,31.0,0.0116666666666666,0.022924411513089632,0.019781620721071286
turbine_2,2025-12-11T18:00:00Z,2025-12-13T02:00:00Z,32.0,0.0233333333333333,0.01516215931204648,0.016439509651095585
turbine_2,2025-12-11T18:00:00Z,2025-12-13T03:00:00Z,33.0,0.0083333333333333,0.014245428621841333,0.011262462885037766
turbine_2,2025-12-11T18:00:00Z,2025-12-13T04:00:00Z,34.0,0.0633333333333333,0.038961887878869644,0.03512602310736404
turbine_2,2025-12-11T18:00:00Z,2025-12-13T06:00:00Z,36.0,0.0499999999999999,0.044205145186449524,0.12277143585238957
turbine_2,2025-12-11T18:00:00Z,2025-12-13T07:00:00Z,37.0,0.2916666666666667,0.10923309073172761,0.2746017586582144
turbine_2,2025-12-11T18:00:00Z,2025-12-13T08:00:00Z,38.0,0.395,0.23281575966668588,0.3306292698100155
turbine_2,2025-12-11T18:00:00Z,2025-12-13T09:00:00Z,39.0,0.4416666666666666,0.5851817250515413,0.7503259462874763
turbine_2,2025-12-11T18:00:00Z,2025-12-13T10:00:00Z,40.0,0.5033333333333333,0.8127219746997131,0.7386040023312113
turbine_2,2025-12-11T18:00:00Z,2025-12-13T11:00:00Z,41.0,0.7583333333333333,0.8825972607703476,0.7814742410615911
turbine_2,2025-12-11T18:00:00Z,2025-12-13T12:00:00Z,42.0,0.93,0.920899334829105,0.7766536955995109
turbine_2,2025-12-11T18:00:00Z,2025-12-13T13:00:00Z,43.0,0.9216666666666667,0.954787166455756,0.8742789641873578
turbine_2,2025-12-11T18:00:00Z,2025-12-13T14:00:00Z,44.0,0.875,0.9206043645693648,0.7985539778878579
turbine_2,2025-12-11T18:00:00Z,2025-12-13T15:00:00Z,45.0,0.975,0.9135055840774348,0.7557015287635147
turbine_2,2025-12-11T18:00:00Z,2025-12-13T16:00:00Z,46.0,0.9383333333333334,0.9109817463938228,0.7858073273215611
turbine_2,2025-12-11T18:00:00Z,2025-12-13T17:00:00Z,47.0,0.8450000000000001,0.8393773228236824,0.717880476968934
turbine_2,2025-12-11T18:00:00Z,2025-12-13T18:00:00Z,48.0,0.315,0.828612148329331,0.7219915575392222
turbine_2,2025-12-12T18:00:00Z,2025-12-12T19:00:00Z,1.0,0.9783333333333334,0.9015327560039468,0.7249467245263962
turbine_2,2025-12-12T18:00:00Z,2025-12-12T20:00:00Z,2.0,0.9583333333333334,0.7578424356334473,0.7250588700851357
turbine_2,2025-12-12T18:00:00Z,2025-12-12T21:00:00Z,3.0,0.5116666666666666,0.07008287482750186,0.13101577207338128
turbine_2,2025-12-12T18:00:00Z,2025-12-12T22:00:00Z,4.0,0.18,0.03855554191492447,0.07961292170380012
turbine_2,2025-12-12T18:00:00Z,2025-12-12T23:00:00Z,5.0,0.0533333333333333,0.013595465339420604,0.01605892909909007
turbine_2,2025-12-12T18:00:00Z,2025-12-13T00:00:00Z,6.0,0.0116666666666666,0.022855208191167736,0.019135958069540687
turbine_2,2025-12-12T18:00:00Z,2025-12-13T01:00:00Z,7.0,0.0116666666666666,0.01882780235413989,0.021136838738017583
turbine_2,2025-12-12T18:00:00Z,2025-12-13T02:00:00Z,8.0,0.0233333333333333,0.010368114983467958,0.011808794484791857
turbine_2,2025-12-12T18:00:00Z,2025-12-13T03:00:00Z,9.0,0.0083333333333333,0.019547531023306114,0.01563185692346708
turbine_2,2025-12-12T18:00:00Z,2025-12-13T04:00:00Z,10.0,0.0633333333333333,0.012125361684622693,0.0205164262558461
turbine_2,2025-12-12T18:00:00Z,2025-12-13T06:00:00Z,12.0,0.0499999999999999,0.17950978464364992,0.29155628193314304
turbine_2,2025-12-12T18:00:00Z,2025-12-13T07:00:00Z,13.0,0.2916666666666667,0.5964816084631142,0.5603329376108972
turbine_2,2025-12-12T18:00:00Z,2025-12-13T08:00:00Z,14.0,0.395,0.8713596746915999,0.7553154237543442
turbine_2,2025-12-12T18:00:00Z,2025-12-13T09:00:00Z,15.0,0.4416666666666666,0.9471872408482211,0.8219333376421911
turbine_2,2025-12-12T18:00:00Z,2025-12-13T10:00:00Z,16.0,0.5033333333333333,0.9277703284260124,0.7918937857915427
turbine_2,2025-12-12T18:00:00Z,2025-12-13T11:00:00Z,17.0,0.7583333333333333,0.9530972615256501,0.8975673835621947
turbine_2,2025-12-12T18:00:00Z,2025-12-13T12:00:00Z,18.0,0.93,0.9180386503955702,0.9004030230076505
turbine_2,2025-12-12T18:00:00Z,2025-12-13T13:00:00Z,19.0,0.9216666666666667,0.7865799964404654,0.6491407360693229
turbine_2,2025-12-12T18:00:00Z,2025-12-13T14:00:00Z,20.0,0.875,0.7727014600092941,0.6520377029326083
turbine_2,2025-12-12T18:00:00Z,2025-12-13T15:00:00Z,21.0,0.975,0.8668527303582644,0.7706306920956044
turbine_2,2025-12-12T18:00:00Z,2025-12-13T16:00:00Z,22.0,0.9383333333333334,0.899619961398224,0.8002366354402032
turbine_2,2025-12-12T18:00:00Z,2025-12-13T17:00:00Z,23.0,0.8450000000000001,0.9076736633897738,0.8231112323796191
turbine_2,2025-12-12T18:00:00Z,2025-12-13T18:00:00Z,24.0,0.315,0.9355277049903236,0.811286150893177
turbine_2,2025-12-12T18:00:00Z,2025-12-13T19:00:00Z,25.0,0.2633333333333333,0.7613377452732739,0.6665158485804257
turbine_2,2025-12-12T18:00:00Z,2025-12-13T20:00:00Z,26.0,0.0483333333333333,0.41183443309206774,0.308778899919347
turbine_2,2025-12-12T18:00:00Z,2025-12-13T21:00:00Z,27.0,0.3866666666666666,0.11554975295015311,0.2568445046809854
turbine_2,2025-12-12T18:00:00Z,2025-12-13T22:00:00Z,28.0,0.7016666666666667,0.04484584532412994,0.06742468632479039
turbine_2,2025-12-12T18:00:00Z,2025-12-13T23:00:00Z,29.0,0.6316666666666667,0.01484750884977265,0.01371035091615408
turbine_2,2025-12-12T18:00:00Z,2025-12-14T00:00:00Z,30.0,0.375,0.046971149874794504,0.03185582404266485
turbine_2,2025-12-12T18:00:00Z,2025-12-14T01:00:00Z,31.0,0.3083333333333333,0.032172594829613654,0.026151562042139226
turbine_2,2025-12-12T18:00:00Z,2025-12-14T02:00:00Z,32.0,0.36,0.059109437150090705,0.03133569396411476
turbine_2,2025-12-12T18:00:00Z,2025-12-14T03:00:00Z,33.0,0.68,0.13674190301403522,0.12329545799934133
turbine_2,2025-12-12T18:00:00Z,2025-12-14T04:00:00Z,34.0,0.755,0.7733674835677655,0.8202259806406373
turbine_2,2025-12-12T18:00:00Z,2025-12-14T05:00:00Z,35.0,0.7716666666666666,0.8594278065304343,0.8793779472684936
turbine_2,2025-12-12T18:00:00Z,2025-12-14T06:00:00Z,36.0,0.8916666666666666,0.6893707457318857,0.7554406975884477
turbine_2,2025-12-12T18:00:00Z,2025-12-14T07:00:00Z,37.0,0.97,0.4651455274054702,0.44722532338556426
turbine_2,2025-12-12T18:00:00Z,2025-12-14T08:00:00Z,38.0,0.9733333333333332,0.5206671912826838,0.47393171070277035
turbine_2,2025-12-12T18:00:00Z,2025-12-14T09:00:00Z,39.0,0.7383333333333333,0.37308680289754614,0.26415584220785576
turbine_2,2025-12-12T18:00:00Z,2025-12-14T10:00:00Z,40.0,0.2966666666666667,0.1337431900601758,0.18427364606878638
turbine_2,2025-12-12T18:00:00Z,2025-12-14T11:00:00Z,41.0,0.0249999999999999,0.06583229743988958,0.11572755240908976
turbine_2,2025-12-12T18:00:00Z,2025-12-14T12:00:00Z,42.0,0.03,0.04215506626864138,0.08002483735517438
turbine_2,2025-12-12T18:00:00Z,2025-12-14T13:00:00Z,43.0,0.2416666666666666,0.10861612586608044,0.12629311769429197
turbine_2,2025-12-12T18:00:00Z,2025-12-14T14:00:00Z,44.0,0.8683333333333333,0.809280866752513,0.8304285638666553
turbine_2,2025-12-12T18:00:00Z,2025-12-14T15:00:00Z,45.0,0.9783333333333334,0.9135055840774348,0.8108055292403227
turbine_2,2025-12-12T18:00:00Z,2025-12-14T16:00:00Z,46.0,0.9733333333333332,0.9657002469504762,0.8609426757115719
turbine_2,2025-12-12T18:00:00Z,2025-12-14T17:00:00Z,47.0,0.9783333333333334,0.9672366683114668,0.8357632830216208
turbine_2,2025-12-12T18:00:00Z,2025-12-14T18:00:00Z,48.0,0.98,0.9527914053679567,0.8670740492361
turbine_2,2025-12-13T18:00:00Z,2025-12-13T19:00:00Z,1.0,0.2633333333333333,0.843435506229632,0.8112378067583362
turbine_2,2025-12-13T18:00:00Z,2025-12-13T20:00:00Z,2.0,0.0483333333333333,0.373366811757489,0.397825370505726
turbine_2,2025-12-13T18:00:00Z,2025-12-13T21:00:00Z,3.0,0.3866666666666666,0.5684765186270759,0.5393729635092832
turbine_2,2025-12-13T18:00:00Z,2025-12-13T22:00:00Z,4.0,0.7016666666666667,0.08749843661402779,0.09130529163204874
turbine_2,2025-12-13T18:00:00Z,2025-12-13T23:00:00Z,5.0,0.6316666666666667,0.021890855752308425,0.017779155197662544
turbine_2,2025-12-13T18:00:00Z,2025-12-14T00:00:00Z,6.0,0.375,0.062216114658730726,0.04725622379811867
turbine_2,2025-12-13T18:00:00Z,2025-12-14T01:00:00Z,7.0,0.3083333333333333,0.09545157428260519,0.06281851686234315
turbine_2,2025-12-13T18:00:00Z,2025-12-14T02:00:00Z,8.0,0.36,0.6063002811270002,0.6298614681431176
turbine_2,2025-12-13T18:00:00Z,2025-12-14T03:00:00Z,9.0,0.68,0.892946561784817,0.8967392632278883
turbine_2,2025-12-13T18:00:00Z,2025-12-14T04:00:00Z,10.0,0.755,0.7275217520897843,0.7650461262032755
turbine_2,2025-12-13T18:00:00Z,2025-12-14T05:00:00Z,11.0,0.7716666666666666,0.9100860377630123,0.9049549704659082
turbine_2,2025-12-13T18:00:00Z,2025-12-14T06:00:00Z,12.0,0.8916666666666666,0.8390186137205556,0.8695501378010524
turbine_2,2025-12-13T18:00:00Z,2025-12-14T07:00:00Z,13.0,0.97,0.7053464611258885,0.7603329578409701
turbine_2,2025-12-13T18:00:00Z,2025-12-14T08:00:00Z,14.0,0.9733333333333332,0.747073104482675,0.7163242681141375
turbine_2,2025-12-13T18:00:00Z,2025-12-14T09:00:00Z,15.0,0.7383333333333333,0.537902162174541,0.5393851632647572
turbine_2,2025-12-13T18:00:00Z,2025-12-14T10:00:00Z,16.0,0.2966666666666667,0.23842716246050352,0.21164617988850426
turbine_2,2025-12-13T18:00:00Z,2025-12-14T11:00:00Z,17.0,0.0249999999999999,0.03919204582224936,0.15643213886319662
turbine_2,2025-12-13T18:00:00Z,2025-12-14T12:00:00Z,18.0,0.03,0.06361374715453899,0.09202809823360326
turbine_2,2025-12-13T18:00:00Z,2025-12-14T13:00:00Z,19.0,0.2416666666666666,0.4526498993924052,0.5300702260018086
turbine_2,2025-12-13T18:00:00Z,2025-12-14T14:00:00Z,20.0,0.8683333333333333,0.9558852357064042,0.9456754833308123
turbine_2,2025-12-13T18:00:00Z,2025-12-14T15:00:00Z,21.0,0.9783333333333334,0.9741984503425896,0.9612581491719752
turbine_2,2025-12-13T18:00:00Z,2025-12-14T16:00:00Z,22.0,0.9733333333333332,0.9743957890309235,0.8772283433538899
turbine_2,2025-12-13T18:00:00Z,2025-12-14T17:00:00Z,23.0,0.9783333333333334,0.9743957890309235,0.9032547591475087
turbine_2,2025-12-13T18:00:00Z,2025-12-14T18:00:00Z,24.0,0.98,0.9595067001634814,0.9304667875954128
turbine_2,2025-12-13T18:00:00Z,2025-12-14T19:00:00Z,25.0,0.9783333333333334,0.9517264429938734,0.9006879503910038
turbine_2,2025-12-13T18:00:00Z,2025-12-14T20:00:00Z,26.0,0.955,0.947345874602147,0.8417440576672607
turbine_2,2025-12-13T18:00:00Z,2025-12-14T21:00:00Z,27.0,0.9133333333333332,0.9013424907470522,0.7892482868334031
turbine_2,2025-12-13T18:00:00Z,2025-12-14T22:00:00Z,28.0,0.5216666666666666,0.6388459499287116,0.6305162517737231
turbine_2,2025-12-13T18:00:00Z,2025-12-14T23:00:00Z,29.0,0.1983333333333333,0.43414998027736473,0.5538109250495913
turbine_2,2025-12-13T18:00:00Z,2025-12-15T00:00:00Z,30.0,0.0166666666666666,0.04856203197651732,0.08185912705098455
turbine_2,2025-12-13T18:00:00Z,2025-12-15T01:00:00Z,31.0,0.0216666666666666,0.01792604217977961,0.020343358403148215
turbine_2,2025-12-13T18:00:00Z,2025-12-15T02:00:00Z,32.0,0.6566666666666666,0.030974767576900347,0.01954062028373657
turbine_2,2025-12-13T18:00:00Z,2025-12-15T03:00:00Z,33.0,0.5833333333333334,0.12388887204939758,0.06203132970994535
turbine_2,2025-12-13T18:00:00Z,2025-12-15T04:00:00Z,34.0,0.7566666666666667,0.38508335505337166,0.3721311116714482
turbine_2,2025-12-13T18:00:00Z,2025-12-15T05:00:00Z,35.0,0.98,0.7642919415043521,0.7940979418831114
turbine_2,2025-12-13T18:00:00Z,2025-12-15T06:00:00Z,36.0,0.97,0.936993698054971,0.9299657406179263
turbine_2,2025-12-13T18:00:00Z,2025-12-15T07:00:00Z,37.0,0.9716666666666668,0.9562093971725558,0.9403267305501536
turbine_2,2025-12-13T18:00:00Z,2025-12-15T08:00:00Z,38.0,0.975,0.9609617360607143,0.8910221510361931
turbine_2,2025-12-13T18:00:00Z,2025-12-15T09:00:00Z,39.0,0.9766666666666666,0.9607487164611274,0.8930987046670451
turbine_2,2025-12-13T18:00:00Z,2025-12-15T10:00:00Z,40.0,0.9716666666666668,0.960560532208177,0.887174205637014
turbine_2,2025-12-13T18:00:00Z,2025-12-15T11:00:00Z,41.0,0.9733333333333332,0.9539641147224013,0.8527196365084175
turbine_2,2025-12-13T18:00:00Z,2025-12-15T12:00:00Z,42.0,0.9716666666666668,0.9106218257724306,0.8297226740719881
turbine_2,2025-12-13T18:00:00Z,2025-12-15T13:00:00Z,43.0,0.9733333333333332,0.8701144049232651,0.7875501613108942
turbine_2,2025-12-13T18:00:00Z,2025-12-15T14:00:00Z,44.0,0.9783333333333334,0.8481489221141986,0.780050251937895
turbine_2,2025-12-13T18:00:00Z,2025-12-15T15:00:00Z,45.0,0.97,0.7242094494893699,0.6355756195497098
turbine_2,2025-12-13T18:00:00Z,2025-12-15T16:00:00Z,46.0,0.4833333333333333,0.6842829948653734,0.5809474043646443
turbine_2,2025-12-13T18:00:00Z,2025-12-15T17:00:00Z,47.0,0.0416666666666666,0.3962577111255603,0.3691545609850424
turbine_2,2025-12-13T18:00:00Z,2025-12-15T18:00:00Z,48.0,0.0249999999999999,0.0955145197861205,0.14566367923318843
turbine_2,2025-12-14T18:00:00Z,2025-12-14T19:00:00Z,1.0,0.9783333333333334,0.9296300074511493,0.9196062714423526
turbine_2,2025-12-14T18:00:00Z,2025-12-14T20:00:00Z,2.0,0.955,0.9263869362360254,0.9044662996363936
turbine_2,2025-12-14T18:00:00Z,2025-12-14T21:00:00Z,3.0,0.9133333333333332,0.890488235037564,0.8738827572704986
turbine_2,2025-12-14T18:00:00Z,2025-12-14T22:00:00Z,4.0,0.5216666666666666,0.5731771027781216,0.5431306962993618
turbine_2,2025-12-14T18:00:00Z,2025-12-14T23:00:00Z,5.0,0.1983333333333333,0.3742503353375358,0.44124224428695313
turbine_2,2025-12-14T18:00:00Z,2025-12-15T00:00:00Z,6.0,0.0166666666666666,0.05191469233390378,0.07302902125473153
turbine_2,2025-12-14T18:00:00Z,2025-12-15T01:00:00Z,7.0,0.0216666666666666,0.06477235631991858,0.08616249897045858
turbine_2,2025-12-14T18:00:00Z,2025-12-15T02:00:00Z,8.0,0.6566666666666666,0.020030162377174365,0.01386879967739954
turbine_2,2025-12-14T18:00:00Z,2025-12-15T03:00:00Z,9.0,0.5833333333333334,0.03371681708830401,0.019689581967363284
turbine_2,2025-12-14T18:00:00Z,2025-12-15T04:00:00Z,10.0,0.7566666666666667,0.13467671073878015,0.11976815656567114
turbine_2,2025-12-14T18:00:00Z,2025-12-15T05:00:00Z,11.0,0.98,0.702813879650305,0.7507822839453979
turbine_2,2025-12-14T18:00:00Z,2025-12-15T06:00:00Z,12.0,0.97,0.9592625665430455,0.9680522039164656
turbine_2,2025-12-14T18:00:00Z,2025-12-15T07:00:00Z,13.0,0.9716666666666668,0.9541403372892139,0.9377469293545948
turbine_2,2025-12-14T18:00:00Z,2025-12-15T08:00:00Z,14.0,0.975,0.9584530072583801,0.9206621284151869
turbine_2,2025-12-14T18:00:00Z,2025-12-15T09:00:00Z,15.0,0.9766666666666666,0.9589931957801257,0.9304164879567126
turbine_2,2025-12-14T18:00:00Z,2025-12-15T10:00:00Z,16.0,0.9716666666666668,0.9587737101475051,0.9214515639141908
turbine_2,2025-12-14T18:00:00Z,2025-12-15T11:00:00Z,17.0,0.9733333333333332,0.9580262271455205,0.9202061463566024
turbine_2,2025-12-14T18:00:00Z,2025-12-15T12:00:00Z,18.0,0.9716666666666668,0.9184820440643127,0.8759589142976264
turbine_2,2025-12-14T18:00:00Z,2025-12-15T13:00:00Z,19.0,0.9733333333333332,0.9084447177772091,0.8674817568402354
turbine_2,2025-12-14T18:00:00Z,2025-12-15T14:00:00Z,20.0,0.9783333333333334,0.8400616434287623,0.8322908849171875
turbine_2,2025-12-14T18:00:00Z,2025-12-15T15:00:00Z,21.0,0.97,0.7139407208314651,0.6560604360942889
turbine_2,2025-12-14T18:00:00Z,2025-12-15T16:00:00Z,22.0,0.4833333333333333,0.5728500969531037,0.5440090561991513
turbine_2,2025-12-14T18:00:00Z,2025-12-15T17:00:00Z,23.0,0.0416666666666666,0.278476217816137,0.30125857088532104
turbine_2,2025-12-14T18:00:00Z,2025-12-15T18:00:00Z,24.0,0.0249999999999999,0.11391646351019315,0.18740185619514016
turbine_2,2025-12-14T18:00:00Z,2025-12-15T19:00:00Z,25.0,0.01,0.040821275149743264,0.04863694054350895
turbine_2,2025-12-14T18:00:00Z,2025-12-15T20:00:00Z,26.0,0.01,0.017146302197120822,0.018265168991480923
turbine_2,2025-12-14T18:00:00Z,2025-12-15T21:00:00Z,27.0,0.0083333333333333,0.028349996614503437,0.024423835327552768
turbine_2,2025-12-14T18:00:00Z,2025-12-15T22:00:00Z,28.0,0.0566666666666666,0.038304734913395005,0.019120605833670645
turbine_2,2025-12-14T18:00:00Z,2025-12-15T23:00:00Z,29.0,0.05,0.05955853774683194,0.07826082706778453
turbine_2,2025-12-14T18:00:00Z,2025-12-16T00:00:00Z,30.0,0.31,0.10392741837651301,0.14411352956606288
turbine_2,2025-12-14T18:00:00Z,2025-12-16T01:00:00Z,31.0,0.4066666666666667,0.20640730339868937,0.15677145451364952
turbine_2,2025-12-14T18:00:00Z,2025-12-16T02:00:00Z,32.0,0.6733333333333333,0.3210742114907137,0.17709694776178986
turbine_2,2025-12-14T18:00:00Z,2025-12-16T03:00:00Z,33.0,0.9683333333333332,0.35542803484486585,0.2833194806954241
turbine_2,2025-12-14T18:00:00Z,2025-12-16T04:00:00Z,34.0,0.97,0.3392404674736883,0.32817982645998983
turbine_2,2025-12-14T18:00:00Z,2025-12-16T05:00:00Z,35.0,0.9266666666666666,0.5631686355710601,0.5381434276560978
turbine_2,2025-12-14T18:00:00Z,2025-12-16T06:00:00Z,36.0,0.9716666666666668,0.6219483858841819,0.6431822929852107
turbine_2,2025-12-14T18:00:00Z,2025-12-16T07:00:00Z,37.0,0.965,0.6465496373006678,0.6930703035161371
turbine_2,2025-12-14T18:00:00Z,2025-12-16T08:00:00Z,38.0,0.945,0.6721954219234434,0.5931320637414009
turbine_2,2025-12-14T18:00:00Z,2025-12-16T09:00:00Z,39.0,0.9566666666666668,0.7017483506755663,0.7161432797862853
turbine_2,2025-12-14T18:00:00Z,2025-12-16T10:00:00Z,40.0,0.9016666666666668,0.691661680473003,0.6538797556809516
turbine_2,2025-12-14T18:00:00Z,2025-12-16T11:00:00Z,41.0,0.7583333333333333,0.5632553798868198,0.45561489484877227
turbine_2,2025-12-14T18:00:00Z,2025-12-16T12:00:00Z,42.0,0.4666666666666666,0.4250420039960396,0.3039685386211121
turbine_2,2025-12-14T18:00:00Z,2025-12-16T13:00:00Z,43.0,0.0616666666666666,0.2700979013049203,0.30530484313229406
turbine_2,2025-12-14T18:00:00Z,2025-12-16T14:00:00Z,44.0,0.0116666666666666,0.29831279606526295,0.29311414823510185
turbine_2,2025-12-14T18:00:00Z,2025-12-16T15:00:00Z,45.0,0.015,0.2661847563629102,0.2599330717284046
turbine_2,2025-12-14T18:00:00Z,2025-12-16T16:00:00Z,46.0,0.0833333333333333,0.47734114689203816,0.3749788415118234
turbine_2,2025-12-14T18:00:00Z,2025-12-16T17:00:00Z,47.0,0.0083333333333333,0.5495391789025419,0.43567056388000935
turbine_2,2025-12-14T18:00:00Z,2025-12-16T18:00:00Z,48.0,0.0083333333333333,0.5887971754697205,0.5226937614923235
turbine_2,2025-12-15T18:00:00Z,2025-12-15T19:00:00Z,1.0,0.01,0.045964904561023534,0.10485555223360622
turbine_2,2025-12-15T18:00:00Z,2025-12-15T20:00:00Z,2.0,0.01,0.02358393825031249,0.031570876065441233
turbine_2,2025-12-15T18:00:00Z,2025-12-15T21:00:00Z,3.0,0.0083333333333333,0.024102259067387305,0.025836518899337496
turbine_2,2025-12-15T18:00:00Z,2025-12-15T22:00:00Z,4.0,0.0566666666666666,0.01046109089653774,0.00954519745369814
turbine_2,2025-12-15T18:00:00Z,2025-12-15T23:00:00Z,5.0,0.05,0.01957367018664205,0.01369856315742049
turbine_2,2025-12-15T18:00:00Z,2025-12-16T00:00:00Z,6.0,0.31,0.03862116546491923,0.02411696556055426
turbine_2,2025-12-15T18:00:00Z,2025-12-16T01:00:00Z,7.0,0.4066666666666667,0.09613042520611209,0.13483218179977563
turbine_2,2025-12-15T18:00:00Z,2025-12-16T02:00:00Z,8.0,0.6733333333333333,0.4207123747072927,0.42601006991200796
turbine_2,2025-12-15T18:00:00Z,2025-12-16T03:00:00Z,9.0,0.9683333333333332,0.5683285136329367,0.5651900996096128
turbine_2,2025-12-15T18:00:00Z,2025-12-16T04:00:00Z,10.0,0.97,0.7346635020764519,0.7461526699312668
turbine_2,2025-12-15T18:00:00Z,2025-12-16T05:00:00Z,11.0,0.9266666666666666,0.9045422388304267,0.8139681855054965
turbine_2,2025-12-15T18:00:00Z,2025-12-16T06:00:00Z,12.0,0.9716666666666668,0.95557624306378,0.8431244101833009
turbine_2,2025-12-15T18:00:00Z,2025-12-16T07:00:00Z,13.0,0.965,0.9612657623732486,0.8631907340792961
turbine_2,2025-12-15T18:00:00Z,2025-12-16T08:00:00Z,14.0,0.945,0.8794234717427061,0.7607673087944768
turbine_2,2025-12-15T18:00:00Z,2025-12-16T09:00:00Z,15.0,0.9566666666666668,0.7316395142251638,0.7369136948922136
turbine_2,2025-12-15T18:00:00Z,2025-12-16T10:00:00Z,16.0,0.9016666666666668,0.48924112516569673,0.4436394606843889
turbine_2,2025-12-15T18:00:00Z,2025-12-16T11:00:00Z,17.0,0.7583333333333333,0.37307714100703937,0.29720302841046287
turbine_2,2025-12-15T18:00:00Z,2025-12-16T12:00:00Z,18.0,0.4666666666666666,0.24840858716206335,0.2547571096897726
turbine_2,2025-12-15T18:00:00Z,2025-12-16T13:00:00Z,19.0,0.0616666666666666,0.23936696192900736,0.23491014425138762
turbine_2,2025-12-15T18:00:00Z,2025-12-16T14:00:00Z,20.0,0.0116666666666666,0.1821120590119739,0.20893770152670704
turbine_2,2025-12-15T18:00:00Z,2025-12-16T15:00:00Z,21.0,0.015,0.23836583799889582,0.2602788407953803
turbine_2,2025-12-15T18:00:00Z,2025-12-16T16:00:00Z,22.0,0.0833333333333333,0.3022604820034813,0.33538780821287606
turbine_2,2025-12-15T18:00:00Z,2025-12-16T17:00:00Z,23.0,0.0083333333333333,0.5049216684648916,0.3849842878612916
turbine_2,2025-12-15T18:00:00Z,2025-12-16T18:00:00Z,24.0,0.0083333333333333,0.24451152295391435,0.21800588256481093
turbine_2,2025-12-15T18:00:00Z,2025-12-16T19:00:00Z,25.0,0.01,0.22879071563391104,0.2471566158284844
turbine_2,2025-12-15T18:00:00Z,2025-12-16T20:00:00Z,26.0,0.01,0.2761322882636903,0.2279607758888958
turbine_2,2025-12-15T18:00:00Z,2025-12-16T21:00:00Z,27.0,0.085,0.1647855537445293,0.24003161635887263
turbine_2,2025-12-15T18:00:00Z,2025-12-16T22:00:00Z,28.0,0.1616666666666666,0.08035983192420273,0.10720338041227537
turbine_2,2025-12-15T18:00:00Z,2025-12-16T23:00:00Z,29.0,0.0083333333333333,0.03812601657157491,0.05853096587701821
turbine_2,2025-12-15T18:00:00Z,2025-12-17T00:00:00Z,30.0,0.01,0.03028402503691166,0.058765651689633935
turbine_2,2025-12-15T18:00:00Z,2025-12-17T01:00:00Z,31.0,0.07,0.008393237122513997,0.015910110332735428
turbine_2,2025-12-15T18:00:00Z,2025-12-17T02:00:00Z,32.0,0.1083333333333333,0.02659294929787334,0.03130302126286463
turbine_2,2025-12-15T18:00:00Z,2025-12-17T03:00:00Z,33.0,0.1283333333333333,0.03424860581371794,0.01991795747572378
turbine_2,2025-12-15T18:00:00Z,2025-12-17T04:00:00Z,34.0,0.055,0.08832044038318833,0.04963820187717172
turbine_2,2025-12-15T18:00:00Z,2025-12-17T05:00:00Z,35.0,0.01,0.09115256858532501,0.08867198882487382
turbine_2,2025-12-15T18:00:00Z,2025-12-17T06:00:00Z,36.0,0.0083333333333333,0.3726924960082799,0.27095816866271794
turbine_2,2025-12-15T18:00:00Z,2025-12-17T07:00:00Z,37.0,0.01,0.7172671958857572,0.7561005965694886
turbine_2,2025-12-15T18:00:00Z,2025-12-17T08:00:00Z,38.0,0.01,0.7742191721886932,0.7305613423156387
turbine_2,2025-12-15T18:00:00Z,2025-12-17T09:00:00Z,39.0,0.01,0.9355685275078256,0.890680677022358
turbine_2,2025-12-15T18:00:00Z,2025-12-17T10:00:00Z,40.0,0.01,0.9358012360119915,0.8605299570272963
turbine_2,2025-12-15T18:00:00Z,2025-12-17T11:00:00Z,41.0,0.01,0.9264409137025522,0.8660972137043311
turbine_2,2025-12-15T18:00:00Z,2025-12-17T12:00:00Z,42.0,0.0633333333333333,0.9227016254070929,0.8921219747472582
turbine_2,2025-12-15T18:00:00Z,2025-12-17T13:00:00Z,43.0,0.2516666666666666,0.9246014472006576,0.8971356340458814
turbine_2,2025-12-15T18:00:00Z,2025-12-17T14:00:00Z,44.0,0.2566666666666666,0.8307784074699552,0.7992454168359541
turbine_2,2025-12-15T18:00:00Z,2025-12-17T15:00:00Z,45.0,0.405,0.8263020460249234,0.7512116640140653
turbine_2,2025-12-15T18:00:00Z,2025-12-17T16:00:00Z,46.0,0.4283333333333333,0.7950542453723203,0.6668701345546384
turbine_2,2025-12-15T18:00:00Z,2025-12-17T17:00:00Z,47.0,0.5133333333333333,0.7583075400426252,0.5916568844643522
turbine_2,2025-12-15T18:00:00Z,2025-12-17T18:00:00Z,48.0,0.7116666666666666,0.6195524167532469,0.5249759100313671
turbine_2,2025-12-16T18:00:00Z,2025-12-16T19:00:00Z,1.0,0.01,0.25207909354743085,0.19567427964002293
turbine_2,2025-12-16T18:00:00Z,2025-12-16T20:00:00Z,2.0,0.01,0.16677070894233267,0.18187745143700393
turbine_2,2025-12-16T18:00:00Z,2025-12-16T21:00:00Z,3.0,0.085,0.15327825481061277,0.17311887478367685
turbine_2,2025-12-16T18:00:00Z,2025-12-16T22:00:00Z,4.0,0.1616666666666666,0.11461863855955214,0.1588556926879956
turbine_2,2025-12-16T18:00:00Z,2025-12-16T23:00:00Z,5.0,0.0083333333333333,0.058013456506035205,0.0828380205306426
turbine_2,2025-12-16T18:00:00Z,2025-12-17T00:00:00Z,6.0,0.01,0.03211787759609225,0.0628684594174113
turbine_2,2025-12-16T18:00:00Z,2025-12-17T01:00:00Z,7.0,0.07,0.03264576047680609,0.017121825767657722
turbine_2,2025-12-16T18:00:00Z,2025-12-17T02:00:00Z,8.0,0.1083333333333333,0.038602179580837837,0.060494607959584834
turbine_2,2025-12-16T18:00:00Z,2025-12-17T03:00:00Z,9.0,0.1283333333333333,0.020715073656143612,0.010436250718665163
turbine_2,2025-12-16T18:00:00Z,2025-12-17T04:00:00Z,10.0,0.055,0.03034260958748175,0.02698352489121006
turbine_2,2025-12-16T18:00:00Z,2025-12-17T05:00:00Z,11.0,0.01,0.07368506193217991,0.06589199111708222
turbine_2,2025-12-16T18:00:00Z,2025-12-17T06:00:00Z,12.0,0.0083333333333333,0.22853395052813597,0.2111810067935585
turbine_2,2025-12-16T18:00:00Z,2025-12-17T07:00:00Z,13.0,0.01,0.4075715674500525,0.3669445214696583
turbine_2,2025-12-16T18:00:00Z,2025-12-17T08:00:00Z,14.0,0.01,0.6321315381019427,0.5958489544621987
turbine_2,2025-12-16T18:00:00Z,2025-12-17T09:00:00Z,15.0,0.01,0.9126009041601932,0.8924625803842695
turbine_2,2025-12-16T18:00:00Z,2025-12-17T10:00:00Z,16.0,0.01,0.9598855532401421,0.963554502128179
turbine_2,2025-12-16T18:00:00Z,2025-12-17T11:00:00Z,17.0,0.01,0.9434462596818719,0.9243456244572816
turbine_2,2025-12-16T18:00:00Z,2025-12-17T12:00:00Z,18.0,0.0633333333333333,0.9393847754125547,0.946169334939085
turbine_2,2025-12-16T18:00:00Z,2025-12-17T13:00:00Z,19.0,0.2516666666666666,0.9389386268166533,0.9422490252625523
turbine_2,2025-12-16T18:00:00Z,2025-12-17T14:00:00Z,20.0,0.2566666666666666,0.9155719673105535,0.9064952260121462
turbine_2,2025-12-16T18:00:00Z,2025-12-17T15:00:00Z,21.0,0.405,0.9338621896700424,0.8889340374568433
turbine_2,2025-12-16T18:00:00Z,2025-12-17T16:00:00Z,22.0,0.4283333333333333,0.8373893404040768,0.7370396614673411
turbine_2,2025-12-16T18:00:00Z,2025-12-17T17:00:00Z,23.0,0.5133333333333333,0.7918625828672218,0.7100614488894434
turbine_2,2025-12-16T18:00:00Z,2025-12-17T18:00:00Z,24.0,0.7116666666666666,0.6276495905898459,0.5738073054404856
turbine_2,2025-12-16T18:00:00Z,2025-12-17T19:00:00Z,25.0,0.835,0.426241612263505,0.37088935254107264
turbine_2,2025-12-16T18:00:00Z,2025-12-17T20:00:00Z,26.0,0.6533333333333333,0.25402563295658764,0.1394216286448267
turbine_2,2025-12-16T18:00:00Z,2025-12-17T21:00:00Z,27.0,0.5883333333333334,0.13147815068978927,0.0836136246071838
turbine_2,2025-12-16T18:00:00Z,2025-12-17T22:00:00Z,28.0,0.38,0.08459454618293193,0.08920996711730048
turbine_2,2025-12-16T18:00:00Z,2025-12-17T23:00:00Z,29.0,0.4533333333333333,0.0908878361872455,0.06656509149686177
turbine_2,2025-12-16T18:00:00Z,2025-12-18T00:00:00Z,30.0,0.61,0.08122884504502856,0.05968542681517325
turbine_2,2025-12-16T18:00:00Z,2025-12-18T01:00:00Z,31.0,0.4633333333333334,0.04932054641379929,0.04418795868454792
turbine_2,2025-12-16T18:00:00Z,2025-12-18T02:00:00Z,32.0,0.2133333333333333,0.08847348861138021,0.05345181115656025
turbine_2,2025-12-16T18:00:00Z,2025-12-18T03:00:00Z,33.0,0.18,0.06306138951855997,0.05165798151041126
turbine_2,2025-12-16T18:00:00Z,2025-12-18T04:00:00Z,34.0,0.1733333333333333,0.07187705027445558,0.05039765844547739
turbine_2,2025-12-16T18:00:00Z,2025-12-18T05:00:00Z,35.0,0.1816666666666666,0.06084058020622475,0.05807037846315827
turbine_2,2025-12-16T18:00:00Z,2025-12-18T06:00:00Z,36.0,0.145,0.043988789822181185,0.05181336699231967
turbine_2,2025-12-16T18:00:00Z,2025-12-18T07:00:00Z,37.0,0.27,0.03682552728998406,0.03462574360662857
turbine_2,2025-12-16T18:00:00Z,2025-12-18T08:00:00Z,38.0,0.695,0.08229148330941291,0.07500395217779009
turbine_2,2025-12-16T18:00:00Z,2025-12-18T09:00:00Z,39.0,0.68,0.256607147221095,0.1725349384048812
turbine_2,2025-12-16T18:00:00Z,2025-12-18T10:00:00Z,40.0,0.8833333333333333,0.47366619727137493,0.4013039734581386
turbine_2,2025-12-16T18:00:00Z,2025-12-18T11:00:00Z,41.0,0.8966666666666666,0.535652434329586,0.537694903736486
turbine_2,2025-12-16T18:00:00Z,2025-12-18T12:00:00Z,42.0,0.9333333333333332,0.8685719837027625,0.8354905584845692
turbine_2,2025-12-16T18:00:00Z,2025-12-18T13:00:00Z,43.0,0.945,0.9183388780710033,0.8502958212992029
turbine_2,2025-12-16T18:00:00Z,2025-12-18T14:00:00Z,44.0,0.975,0.9321717990668489,0.9068106068816228
turbine_2,2025-12-16T18:00:00Z,2025-12-18T15:00:00Z,45.0,0.9683333333333332,0.912934412147013,0.8213391698087359
turbine_2,2025-12-16T18:00:00Z,2025-12-18T16:00:00Z,46.0,0.9766666666666666,0.8589405919212852,0.74954785680344
turbine_2,2025-12-16T18:00:00Z,2025-12-18T17:00:00Z,47.0,0.9333333333333332,0.883346950186139,0.7797617344049167
turbine_2,2025-12-16T18:00:00Z,2025-12-18T18:00:00Z,48.0,0.9633333333333334,0.7834921773476765,0.7136797047306563
turbine_2,2025-12-17T18:00:00Z,2025-12-17T19:00:00Z,1.0,0.835,0.6030058690938118,0.5830772665599473
turbine_2,2025-12-17T18:00:00Z,2025-12-17T20:00:00Z,2.0,0.6533333333333333,0.5062369494854979,0.5213706371355391
turbine_2,2025-12-17T18:00:00Z,2025-12-17T21:00:00Z,3.0,0.5883333333333334,0.3180326444089744,0.2888128228184357
turbine_2,2025-12-17T18:00:00Z,2025-12-17T22:00:00Z,4.0,0.38,0.15585751837619682,0.10290403730700753
turbine_2,2025-12-17T18:00:00Z,2025-12-17T23:00:00Z,5.0,0.4533333333333333,0.11065003532990945,0.08347379093266227
turbine_2,2025-12-17T18:00:00Z,2025-12-18T00:00:00Z,6.0,0.61,0.12292382255632613,0.07267218401760284
turbine_2,2025-12-17T18:00:00Z,2025-12-18T01:00:00Z,7.0,0.4633333333333334,0.11098171363455085,0.07570638799310822
turbine_2,2025-12-17T18:00:00Z,2025-12-18T02:00:00Z,8.0,0.2133333333333333,0.10973899658650606,0.06330106108443487
turbine_2,2025-12-17T18:00:00Z,2025-12-18T03:00:00Z,9.0,0.18,0.11102479373039446,0.05454711365734538
turbine_2,2025-12-17T18:00:00Z,2025-12-18T04:00:00Z,10.0,0.1733333333333333,0.09018824749711227,0.06628438284403612
turbine_2,2025-12-17T18:00:00Z,2025-12-18T05:00:00Z,11.0,0.1816666666666666,0.053794890439481574,0.0747949650885959
turbine_2,2025-12-17T18:00:00Z,2025-12-18T06:00:00Z,12.0,0.145,0.04729582437745672,0.05980873951382533
turbine_2,2025-12-17T18:00:00Z,2025-12-18T07:00:00Z,13.0,0.27,0.13091427755195578,0.13493802122192847
turbine_2,2025-12-17T18:00:00Z,2025-12-18T08:00:00Z,14.0,0.695,0.3179435986641313,0.2952297460215182
turbine_2,2025-12-17T18:00:00Z,2025-12-18T09:00:00Z,15.0,0.68,0.5940440450516582,0.5745619569692219
turbine_2,2025-12-17T18:00:00Z,2025-12-18T10:00:00Z,16.0,0.8833333333333333,0.7710526753703535,0.7113990643099287
turbine_2,2025-12-17T18:00:00Z,2025-12-18T11:00:00Z,17.0,0.8966666666666666,0.9036805194504919,0.8885913601509413
turbine_2,2025-12-17T18:00:00Z,2025-12-18T12:00:00Z,18.0,0.9333333333333332,0.913573049929756,0.8914588900608876
turbine_2,2025-12-17T18:00:00Z,2025-12-18T13:00:00Z,19.0,0.945,0.9172901457043298,0.8919515122825974
turbine_2,2025-12-17T18:00:00Z,2025-12-18T14:00:00Z,20.0,0.975,0.9357490216206151,0.9561676684257883
turbine_2,2025-12-17T18:00:00Z,2025-12-18T15:00:00Z,21.0,0.9683333333333332,0.9557638419804831,0.9234942643647629
turbine_2,2025-12-17T18:00:00Z,2025-12-18T16:00:00Z,22.0,0.9766666666666666,0.9570308487947506,0.8873562735685622
turbine_2,2025-12-17T18:00:00Z,2025-12-18T17:00:00Z,23.0,0.9333333333333332,0.9573696522177799,0.9058607880635402
turbine_2,2025-12-17T18:00:00Z,2025-12-18T18:00:00Z,24.0,0.9633333333333334,0.9387785472600785,0.9040440688481142
turbine_2,2025-12-17T18:00:00Z,2025-12-18T19:00:00Z,25.0,0.7583333333333333,0.9344939904273992,0.9065789653937466
turbine_2,2025-12-17T18:00:00Z,2025-12-18T20:00:00Z,26.0,0.975,0.9436631870062664,0.9417300588119137
turbine_2,2025-12-17T18:00:00Z,2025-12-18T21:00:00Z,27.0,0.98,0.9312565306229565,0.896447194829635
turbine_2,2025-12-17T18:00:00Z,2025-12-18T22:00:00Z,28.0,0.9533333333333333,0.7765180541120954,0.8054433481092511
turbine_2,2025-12-17T18:00:00Z,2025-12-18T23:00:00Z,29.0,0.9133333333333332,0.6753457907563971,0.7284186119866543
turbine_2,2025-12-17T18:00:00Z,2025-12-19T00:00:00Z,30.0,0.615,0.49328081555148257,0.4810523941761244
turbine_2,2025-12-17T18:00:00Z,2025-12-19T01:00:00Z,31.0,0.1566666666666666,0.21337293073708907,0.20473902746217812
turbine_2,2025-12-17T18:00:00Z,2025-12-19T02:00:00Z,32.0,0.0083333333333333,0.1667444933632507,0.11594749381061245
turbine_2,2025-12-17T18:00:00Z,2025-12-19T03:00:00Z,33.0,0.0116666666666666,0.07834844232441476,0.0751533672525358
turbine_2,2025-12-17T18:00:00Z,2025-12-19T04:00:00Z,34.0,0.0266666666666666,0.012241719784232191,0.01957405268082918
turbine_2,2025-12-17T18:00:00Z,2025-12-19T05:00:00Z,35.0,0.01,0.011585939193168443,0.02247748297089991
turbine_2,2025-12-17T18:00:00Z,2025-12-19T06:00:00Z,36.0,0.0999999999999999,0.015284551037432315,0.025048359465074832
turbine_2,2025-12-17T18:00:00Z,2025-12-19T07:00:00Z,37.0,0.2683333333333333,0.038419770908185435,0.043735580064398316
turbine_2,2025-12-17T18:00:00Z,2025-12-19T08:00:00Z,38.0,0.51,0.07214673403743517,0.09134531511697061
turbine_2,2025-12-17T18:00:00Z,2025-12-19T09:00:00Z,39.0,0.7616666666666667,0.11599561388961101,0.14420541997608965
turbine_2,2025-12-17T18:00:00Z,2025-12-19T10:00:00Z,40.0,0.8983333333333333,0.22450317814476006,0.39638931042701453
turbine_2,2025-12-17T18:00:00Z,2025-12-19T11:00:00Z,41.0,0.9666666666666668,0.5131252003371755,0.7138420494936859
turbine_2,2025-12-17T18:00:00Z,2025-12-19T12:00:00Z,42.0,0.975,0.6695995616123489,0.6931164900835858
turbine_2,2025-12-17T18:00:00Z,2025-12-19T13:00:00Z,43.0,0.9783333333333334,0.5908538694845631,0.6830908209299473
turbine_2,2025-12-17T18:00:00Z,2025-12-19T14:00:00Z,44.0,0.98,0.7971103730266135,0.8593704135881991
turbine_2,2025-12-17T18:00:00Z,2025-12-19T15:00:00Z,45.0,0.975,0.928212081470335,0.9388332491849853
turbine_2,2025-12-17T18:00:00Z,2025-12-19T16:00:00Z,46.0,0.895,0.9376249461596831,0.8914410422239056
turbine_2,2025-12-17T18:00:00Z,2025-12-19T17:00:00Z,47.0,0.9716666666666668,0.9366564186307632,0.9081118336717504
turbine_2,2025-12-17T18:00:00Z,2025-12-19T18:00:00Z,48.0,0.9733333333333332,0.9232940065796531,0.9033947357509435
turbine_2,2025-12-18T18:00:00Z,2025-12-18T19:00:00Z,1.0,0.7583333333333333,0.7938902123064212,0.8053313166375292
turbine_2,2025-12-18T18:00:00Z,2025-12-18T20:00:00Z,2.0,0.975,0.7347207469958766,0.7742220231621326
turbine_2,2025-12-18T18:00:00Z,2025-12-18T21:00:00Z,3.0,0.98,0.6795971502519843,0.6759961346630833
turbine_2,2025-12-18T18:00:00Z,2025-12-18T22:00:00Z,4.0,0.9533333333333333,0.5748517865742016,0.6146524967013072
turbine_2,2025-12-18T18:00:00Z,2025-12-18T23:00:00Z,5.0,0.9133333333333332,0.5410458690067264,0.5525453452630911
turbine_2,2025-12-18T18:00:00Z,2025-12-19T00:00:00Z,6.0,0.615,0.3874987733533547,0.38590053674921804
turbine_2,2025-12-18T18:00:00Z,2025-12-19T01:00:00Z,7.0,0.1566666666666666,0.14348611518384763,0.13984811513786727
turbine_2,2025-12-18T18:00:00Z,2025-12-19T02:00:00Z,8.0,0.0083333333333333,0.0759292825814517,0.07290784504502207
turbine_2,2025-12-18T18:00:00Z,2025-12-19T03:00:00Z,9.0,0.0116666666666666,0.017873149139453898,0.04410530255335446
turbine_2,2025-12-18T18:00:00Z,2025-12-19T04:00:00Z,10.0,0.0266666666666666,0.010340581339178645,0.017516916265929133
turbine_2,2025-12-18T18:00:00Z,2025-12-19T05:00:00Z,11.0,0.01,0.027621531248879866,0.03857308917627231
turbine_2,2025-12-18T18:00:00Z,2025-12-19T06:00:00Z,12.0,0.0999999999999999,0.0810892219767413,0.10689055627796305
turbine_2,2025-12-18T18:00:00Z,2025-12-19T07:00:00Z,13.0,0.2683333333333333,0.5137617592049019,0.6826435109165699
turbine_2,2025-12-18T18:00:00Z,2025-12-19T08:00:00Z,14.0,0.51,0.866262823768757,0.9329148517556383
turbine_2,2025-12-18T18:00:00Z,2025-12-19T09:00:00Z,15.0,0.7616666666666667,0.9042512620470209,0.9350811152414641
turbine_2,2025-12-18T18:00:00Z,2025-12-19T10:00:00Z,16.0,0.8983333333333333,0.8265896356979414,0.9262593358183983
turbine_2,2025-12-18T18:00:00Z,2025-12-19T11:00:00Z,17.0,0.9666666666666668,0.8361732658810365,0.900582078026225
turbine_2,2025-12-18T18:00:00Z,2025-12-19T12:00:00Z,18.0,0.975,0.8102688621300468,0.8483822274826388
turbine_2,2025-12-18T18:00:00Z,2025-12-19T13:00:00Z,19.0,0.9783333333333334,0.8448976961737333,0.8905845343243591
turbine_2,2025-12-18T18:00:00Z,2025-12-19T14:00:00Z,20.0,0.98,0.8489184201204345,0.8318779549449198
turbine_2,2025-12-18T18:00:00Z,2025-12-19T15:00:00Z,21.0,0.975,0.8998300287517716,0.8549774805532444
turbine_2,2025-12-18T18:00:00Z,2025-12-19T16:00:00Z,22.0,0.895,0.9048918641571785,0.8376597450747681
turbine_2,2025-12-18T18:00:00Z,2025-12-19T17:00:00Z,23.0,0.9716666666666668,0.927952072746245,0.845275430651202
turbine_2,2025-12-18T18:00:00Z,2025-12-19T18:00:00Z,24.0,0.9733333333333332,0.8878920769404376,0.8728132840762037
turbine_2,2025-12-18T18:00:00Z,2025-12-19T19:00:00Z,25.0,0.9783333333333334,0.8497255427159628,0.800806191371684
turbine_2,2025-12-18T18:00:00Z,2025-12-19T20:00:00Z,26.0,0.9566666666666668,0.8508812615587961,0.8151666064821801
turbine_2,2025-12-18T18:00:00Z,2025-12-19T21:00:00Z,27.0,0.9666666666666668,0.8295519217746444,0.7846930289831847
turbine_2,2025-12-18T18:00:00Z,2025-12-19T22:00:00Z,28.0,0.9716666666666668,0.6681647322844415,0.6161904127797551
turbine_2,2025-12-18T18:00:00Z,2025-12-19T23:00:00Z,29.0,0.8416666666666667,0.5119493670073543,0.46011565570870977
turbine_2,2025-12-18T18:00:00Z,2025-12-20T00:00:00Z,30.0,0.535,0.3840862668750922,0.30585066069000066
turbine_2,2025-12-18T18:00:00Z,2025-12-20T01:00:00Z,31.0,0.1116666666666666,0.3808141509222236,0.3142310318414563
turbine_2,2025-12-18T18:00:00Z,2025-12-20T02:00:00Z,32.0,0.0866666666666666,0.40860684594225394,0.37792762123839263
turbine_2,2025-12-18T18:00:00Z,2025-12-20T03:00:00Z,33.0,0.1849999999999999,0.4169038204999401,0.4139904210389336
turbine_2,2025-12-18T18:00:00Z,2025-12-20T04:00:00Z,34.0,0.125,0.2586256467201502,0.258126500168978
turbine_2,2025-12-18T18:00:00Z,2025-12-20T05:00:00Z,35.0,0.13,0.2323291237202746,0.18468065987251825
turbine_2,2025-12-18T18:00:00Z,2025-12-20T06:00:00Z,36.0,0.1666666666666666,0.23062852723013585,0.2295414292317011
turbine_2,2025-12-18T18:00:00Z,2025-12-20T07:00:00Z,37.0,0.2866666666666667,0.20123043828564724,0.23141839376124096
turbine_2,2025-12-18T18:00:00Z,2025-12-20T08:00:00Z,38.0,0.395,0.2050693247434776,0.21461791403350644
turbine_2,2025-12-18T18:00:00Z,2025-12-20T09:00:00Z,39.0,0.295,0.11798589697869043,0.1402240142833768
turbine_2,2025-12-18T18:00:00Z,2025-12-20T10:00:00Z,40.0,0.2666666666666666,0.06309881262712351,0.11642150111731123
turbine_2,2025-12-18T18:00:00Z,2025-12-20T11:00:00Z,41.0,0.09,0.04434699637927372,0.10455439935830296
turbine_2,2025-12-18T18:00:00Z,2025-12-20T12:00:00Z,42.0,0.01,0.037700488662681136,0.07466104120596079
turbine_2,2025-12-18T18:00:00Z,2025-12-20T13:00:00Z,43.0,0.0083333333333333,0.045349865456576155,0.054838795231489046
turbine_2,2025-12-18T18:00:00Z,2025-12-20T14:00:00Z,44.0,0.01,0.04355888440608319,0.04355216880478935
turbine_2,2025-12-18T18:00:00Z,2025-12-20T15:00:00Z,45.0,0.01,0.061006676339551466,0.04942109433458025
turbine_2,2025-12-18T18:00:00Z,2025-12-20T16:00:00Z,46.0,0.01,0.08167985988294571,0.06931841813446538
turbine_2,2025-12-18T18:00:00Z,2025-12-20T17:00:00Z,47.0,0.0083333333333333,0.10683408801536654,0.09027631422837437
turbine_2,2025-12-18T18:00:00Z,2025-12-20T18:00:00Z,48.0,0.06,0.10282696122129653,0.11643269638316606
turbine_2,2025-12-19T18:00:00Z,2025-12-19T19:00:00Z,1.0,0.9783333333333334,0.8958295108156025,0.8579544937926556
turbine_2,2025-12-19T18:00:00Z,2025-12-19T20:00:00Z,2.0,0.9566666666666668,0.888071467657149,0.8380370054442835
turbine_2,2025-12-19T18:00:00Z,2025-12-19T21:00:00Z,3.0,0.9666666666666668,0.8598111285236113,0.832631340570517
turbine_2,2025-12-19T18:00:00Z,2025-12-19T22:00:00Z,4.0,0.9716666666666668,0.8098197801844956,0.7929268312864985
turbine_2,2025-12-19T18:00:00Z,2025-12-19T23:00:00Z,5.0,0.8416666666666667,0.6424400475762997,0.6329043647053141
turbine_2,2025-12-19T18:00:00Z,2025-12-20T00:00:00Z,6.0,0.535,0.454062301671299,0.4585014295166344
turbine_2,2025-12-19T18:00:00Z,2025-12-20T01:00:00Z,7.0,0.1116666666666666,0.3501409200075424,0.300254048885047
turbine_2,2025-12-19T18:00:00Z,2025-12-20T02:00:00Z,8.0,0.0866666666666666,0.36153105705806876,0.24669282707762763
turbine_2,2025-12-19T18:00:00Z,2025-12-20T03:00:00Z,9.0,0.1849999999999999,0.30332078468689183,0.31693940026935297
turbine_2,2025-12-19T18:00:00Z,2025-12-20T04:00:00Z,10.0,0.125,0.3424235742492221,0.3171511926418822
turbine_2,2025-12-19T18:00:00Z,2025-12-20T05:00:00Z,11.0,0.13,0.5859628023268534,0.5214563063834344
turbine_2,2025-12-19T18:00:00Z,2025-12-20T06:00:00Z,12.0,0.1666666666666666,0.8704989159650942,0.7844856573370482
turbine_2,2025-12-19T18:00:00Z,2025-12-20T07:00:00Z,13.0,0.2866666666666667,0.9542637831553544,0.8292799742043768
turbine_2,2025-12-19T18:00:00Z,2025-12-20T08:00:00Z,14.0,0.395,0.7687571586654367,0.6408865191341238
turbine_2,2025-12-19T18:00:00Z,2025-12-20T09:00:00Z,15.0,0.295,0.6790695213698611,0.5208844521078764
turbine_2,2025-12-19T18:00:00Z,2025-12-20T10:00:00Z,16.0,0.2666666666666666,0.35624603214283096,0.3346022624932575
turbine_2,2025-12-19T18:00:00Z,2025-12-20T11:00:00Z,17.0,0.09,0.17370976465775237,0.28460210897928057
turbine_2,2025-12-19T18:00:00Z,2025-12-20T12:00:00Z,18.0,0.01,0.07663421858755595,0.10595083576742483
turbine_2,2025-12-19T18:00:00Z,2025-12-20T13:00:00Z,19.0,0.0083333333333333,0.060117708620181454,0.09540538667178435
turbine_2,2025-12-19T18:00:00Z,2025-12-20T14:00:00Z,20.0,0.01,0.03538662095701939,0.06438338184546213
turbine_2,2025-12-19T18:00:00Z,2025-12-20T15:00:00Z,21.0,0.01,0.05365706655910599,0.04784110405562303
turbine_2,2025-12-19T18:00:00Z,2025-12-20T16:00:00Z,22.0,0.01,0.10603667385246376,0.10646562937700153
turbine_2,2025-12-19T18:00:00Z,2025-12-20T17:00:00Z,23.0,0.0083333333333333,0.158627289822034,0.14597990295251762
turbine_2,2025-12-19T18:00:00Z,2025-12-20T18:00:00Z,24.0,0.06,0.23581279701986863,0.2083857979737907
turbine_2,2025-12-19T18:00:00Z,2025-12-20T19:00:00Z,25.0,0.03,0.32152263075440457,0.3150774508165335
turbine_2,2025-12-19T18:00:00Z,2025-12-20T20:00:00Z,26.0,0.0833333333333333,0.32732609404145574,0.29466901582966565
turbine_2,2025-12-19T18:00:00Z,2025-12-20T21:00:00Z,27.0,0.3033333333333333,0.5258376859876945,0.4884841115736834
turbine_2,2025-12-19T18:00:00Z,2025-12-20T22:00:00Z,28.0,0.23,0.5717072935209424,0.5860517543318948
turbine_2,2025-12-19T18:00:00Z,2025-12-20T23:00:00Z,29.0,0.7383333333333333,0.6468166623181011,0.7142120085705936
turbine_2,2025-12-19T18:00:00Z,2025-12-21T00:00:00Z,30.0,0.98,0.6967980631773661,0.7374282821563567
turbine_2,2025-12-19T18:00:00Z,2025-12-21T01:00:00Z,31.0,0.8416666666666667,0.7516019037739313,0.7923170602693905
turbine_2,2025-12-19T18:00:00Z,2025-12-21T02:00:00Z,32.0,0.32,0.7460585520057004,0.742539420248737
turbine_2,2025-12-19T18:00:00Z,2025-12-21T03:00:00Z,33.0,0.31,0.7059631078037181,0.7303983994717943
turbine_2,2025-12-19T18:00:00Z,2025-12-21T04:00:00Z,34.0,0.3266666666666666,0.762715497742557,0.7723435997012054
turbine_2,2025-12-19T18:00:00Z,2025-12-21T05:00:00Z,35.0,0.3783333333333333,0.8045630090951188,0.8212116257332142
turbine_2,2025-12-19T18:00:00Z,2025-12-21T06:00:00Z,36.0,0.3883333333333333,0.8463718219859638,0.8084468128339384
turbine_2,2025-12-19T18:00:00Z,2025-12-21T07:00:00Z,37.0,0.3233333333333333,0.9345454240095592,0.9472389052994304
turbine_2,2025-12-19T18:00:00Z,2025-12-21T08:00:00Z,38.0,0.35,0.9465397846687471,0.936045811265599
turbine_2,2025-12-19T18:00:00Z,2025-12-21T09:00:00Z,39.0,0.3116666666666667,0.9564529000896937,0.940325057638671
turbine_2,2025-12-19T18:00:00Z,2025-12-21T10:00:00Z,40.0,0.5216666666666666,0.855067294943358,0.8159617091548055
turbine_2,2025-12-19T18:00:00Z,2025-12-21T11:00:00Z,41.0,0.3999999999999999,0.80598826952508,0.7189121726660486
turbine_2,2025-12-19T18:00:00Z,2025-12-21T12:00:00Z,42.0,0.4683333333333333,0.754042919252615,0.6956915809623584
turbine_2,2025-12-19T18:00:00Z,2025-12-21T13:00:00Z,43.0,0.58,0.7420375428749263,0.6388029963930588
turbine_2,2025-12-19T18:00:00Z,2025-12-21T14:00:00Z,44.0,0.7666666666666666,0.6920381961627976,0.6034722839589995
turbine_2,2025-12-19T18:00:00Z,2025-12-21T15:00:00Z,45.0,0.6833333333333332,0.5961140411004662,0.548128041160362
turbine_2,2025-12-19T18:00:00Z,2025-12-21T16:00:00Z,46.0,0.62,0.5469109844798004,0.4691916567395366
turbine_2,2025-12-19T18:00:00Z,2025-12-21T17:00:00Z,47.0,0.5083333333333333,0.4819355397730782,0.3995819956902067
turbine_2,2025-12-19T18:00:00Z,2025-12-21T18:00:00Z,48.0,0.58,0.272037045063212,0.2569276489620033
turbine_2,2025-12-20T18:00:00Z,2025-12-20T19:00:00Z,1.0,0.03,0.17601298489059186,0.25391961385029327
turbine_2,2025-12-20T18:00:00Z,2025-12-20T20:00:00Z,2.0,0.0833333333333333,0.1498653105990922,0.18607959510891167
turbine_2,2025-12-20T18:00:00Z,2025-12-20T21:00:00Z,3.0,0.3033333333333333,0.2663504103857626,0.24547446045255486
turbine_2,2025-12-20T18:00:00Z,2025-12-20T22:00:00Z,4.0,0.23,0.36000020393004317,0.4659299196776974
turbine_2,2025-12-20T18:00:00Z,2025-12-20T23:00:00Z,5.0,0.7383333333333333,0.6159322759165706,0.6254096070800015
turbine_2,2025-12-20T18:00:00Z,2025-12-21T00:00:00Z,6.0,0.98,0.8367810151648795,0.8474159189665739
turbine_2,2025-12-20T18:00:00Z,2025-12-21T01:00:00Z,7.0,0.8416666666666667,0.8920754281130341,0.9198400907407905
turbine_2,2025-12-20T18:00:00Z,2025-12-21T02:00:00Z,8.0,0.32,0.9192412837057596,0.9092587912232069
turbine_2,2025-12-20T18:00:00Z,2025-12-21T03:00:00Z,9.0,0.31,0.8184367891337734,0.8309651116825104
turbine_2,2025-12-20T18:00:00Z,2025-12-21T04:00:00Z,10.0,0.3266666666666666,0.9665295198314103,0.9523512043378033
turbine_2,2025-12-20T18:00:00Z,2025-12-21T05:00:00Z,11.0,0.3783333333333333,0.9633063725401204,0.9479026787104954
turbine_2,2025-12-20T18:00:00Z,2025-12-21T06:00:00Z,12.0,0.3883333333333333,0.9432183931005607,0.9596034031713425
turbine_2,2025-12-20T18:00:00Z,2025-12-21T07:00:00Z,13.0,0.3233333333333333,0.9521611145755542,0.9522413672017981
turbine_2,2025-12-20T18:00:00Z,2025-12-21T08:00:00Z,14.0,0.35,0.9570825661392617,0.9339659966901934
turbine_2,2025-12-20T18:00:00Z,2025-12-21T09:00:00Z,15.0,0.3116666666666667,0.858128822800202,0.8428435454851925
turbine_2,2025-12-20T18:00:00Z,2025-12-21T10:00:00Z,16.0,0.5216666666666666,0.741994142497244,0.6963305099056469
turbine_2,2025-12-20T18:00:00Z,2025-12-21T11:00:00Z,17.0,0.3999999999999999,0.6794172557057598,0.61663314306669
turbine_2,2025-12-20T18:00:00Z,2025-12-21T12:00:00Z,18.0,0.4683333333333333,0.6988658055579324,0.663875342177838
turbine_2,2025-12-20T18:00:00Z,2025-12-21T13:00:00Z,19.0,0.58,0.6944011275838772,0.6598510225139482
turbine_2,2025-12-20T18:00:00Z,2025-12-21T14:00:00Z,20.0,0.7666666666666666,0.6319883174108937,0.660073636782196
turbine_2,2025-12-20T18:00:00Z,2025-12-21T15:00:00Z,21.0,0.6833333333333332,0.5725596310117794,0.5664345300263751
turbine_2,2025-12-20T18:00:00Z,2025-12-21T16:00:00Z,22.0,0.62,0.5055356405479564,0.5511446836223735
turbine_2,2025-12-20T18:00:00Z,2025-12-21T17:00:00Z,23.0,0.5083333333333333,0.4489453022121691,0.5117298181284708
turbine_2,2025-12-20T18:00:00Z,2025-12-21T18:00:00Z,24.0,0.58,0.35515758122589636,0.33461389034390265
turbine_2,2025-12-20T18:00:00Z,2025-12-21T19:00:00Z,25.0,0.64,0.27844178256506036,0.2960642925806385
turbine_2,2025-12-20T18:00:00Z,2025-12-21T20:00:00Z,26.0,0.4666666666666667,0.20808223595467076,0.1962041986072836
turbine_2,2025-12-20T18:00:00Z,2025-12-21T21:00:00Z,27.0,0.1716666666666666,0.11255712614866427,0.1050053814063891
turbine_2,2025-12-20T18:00:00Z,2025-12-21T22:00:00Z,28.0,0.01,0.03712266130313602,0.06937929460298692
turbine_2,2025-12-20T18:00:00Z,2025-12-21T23:00:00Z,29.0,0.0116666666666666,0.013492410263306887,0.03835869271228087
turbine_2,2025-12-20T18:00:00Z,2025-12-22T00:00:00Z,30.0,0.0866666666666666,0.01738550114079268,0.013548762196436137
turbine_2,2025-12-20T18:00:00Z,2025-12-22T01:00:00Z,31.0,0.17,0.03483213693039952,0.02817178895978667
turbine_2,2025-12-20T18:00:00Z,2025-12-22T02:00:00Z,32.0,0.125,0.09508084593178408,0.1335758359821529
turbine_2,2025-12-20T18:00:00Z,2025-12-22T03:00:00Z,33.0,0.145,0.2797061249599897,0.2598994460120256
turbine_2,2025-12-20T18:00:00Z,2025-12-22T04:00:00Z,34.0,0.5333333333333333,0.5987323715786275,0.6261701403052409
turbine_2,2025-12-20T18:00:00Z,2025-12-22T05:00:00Z,35.0,0.96,0.8824773104605614,0.8674013262091412
turbine_2,2025-12-20T18:00:00Z,2025-12-22T06:00:00Z,36.0,0.97,0.9615225700950356,0.9797109356122329
turbine_2,2025-12-20T18:00:00Z,2025-12-22T07:00:00Z,37.0,0.9783333333333334,0.9656627446154639,0.970013573245954
turbine_2,2025-12-20T18:00:00Z,2025-12-22T08:00:00Z,38.0,0.9716666666666668,0.9711538633425832,0.9637550741589925
turbine_2,2025-12-20T18:00:00Z,2025-12-22T09:00:00Z,39.0,0.98,0.9698655582400962,0.9460089204207001
turbine_2,2025-12-20T18:00:00Z,2025-12-22T10:00:00Z,40.0,0.9783333333333334,0.9422882452474556,0.92725931721651
turbine_2,2025-12-20T18:00:00Z,2025-12-22T11:00:00Z,41.0,0.9766666666666666,0.9162368484949136,0.9441285607022771
turbine_2,2025-12-20T18:00:00Z,2025-12-22T12:00:00Z,42.0,0.9733333333333332,0.735475290673091,0.831617198881019
turbine_2,2025-12-20T18:00:00Z,2025-12-22T13:00:00Z,43.0,0.9566666666666668,0.6042405010452483,0.8383783203620265
turbine_2,2025-12-20T18:00:00Z,2025-12-22T14:00:00Z,44.0,0.5833333333333334,0.5753903733593381,0.5580636287579953
turbine_2,2025-12-20T18:00:00Z,2025-12-22T15:00:00Z,45.0,0.0983333333333333,0.5378429435795525,0.4743111537286352
turbine_2,2025-12-20T18:00:00Z,2025-12-22T16:00:00Z,46.0,0.1383333333333333,0.44499332785284523,0.2838375008088078
turbine_2,2025-12-20T18:00:00Z,2025-12-22T17:00:00Z,47.0,0.0983333333333333,0.2222303776441485,0.19904688229449177
turbine_2,2025-12-20T18:00:00Z,2025-12-22T18:00:00Z,48.0,0.0666666666666666,0.15931681657277036,0.1417666342161055
turbine_2,2025-12-21T18:00:00Z,2025-12-21T19:00:00Z,1.0,0.64,0.35823596995060913,0.4507524423906019
turbine_2,2025-12-21T18:00:00Z,2025-12-21T20:00:00Z,2.0,0.4666666666666667,0.21612077784802136,0.2149503159321433
turbine_2,2025-12-21T18:00:00Z,2025-12-21T21:00:00Z,3.0,0.1716666666666666,0.11504286662078154,0.12320911947684057
turbine_2,2025-12-21T18:00:00Z,2025-12-21T22:00:00Z,4.0,0.01,0.051395005569998986,0.08420624859227754
turbine_2,2025-12-21T18:00:00Z,2025-12-21T23:00:00Z,5.0,0.0116666666666666,0.01350129446962059,0.05367872779537969
turbine_2,2025-12-21T18:00:00Z,2025-12-22T00:00:00Z,6.0,0.0866666666666666,0.010318292472971113,0.011061160703135509
turbine_2,2025-12-21T18:00:00Z,2025-12-22T01:00:00Z,7.0,0.17,0.02180987795755157,0.012848487179762808
turbine_2,2025-12-21T18:00:00Z,2025-12-22T02:00:00Z,8.0,0.125,0.033365753170105455,0.023466900867290114
turbine_2,2025-12-21T18:00:00Z,2025-12-22T03:00:00Z,9.0,0.145,0.08773100939538864,0.11219517048846331
turbine_2,2025-12-21T18:00:00Z,2025-12-22T04:00:00Z,10.0,0.5333333333333333,0.4562068031313745,0.3893718632258598
turbine_2,2025-12-21T18:00:00Z,2025-12-22T05:00:00Z,11.0,0.96,0.8787215671035886,0.8666414336770903
turbine_2,2025-12-21T18:00:00Z,2025-12-22T06:00:00Z,12.0,0.97,0.9612532516840868,0.9626588991137158
turbine_2,2025-12-21T18:00:00Z,2025-12-22T07:00:00Z,13.0,0.9783333333333334,0.9650857875594151,0.9562258234212772
turbine_2,2025-12-21T18:00:00Z,2025-12-22T08:00:00Z,14.0,0.9716666666666668,0.9459724449910777,0.968110803624311
turbine_2,2025-12-21T18:00:00Z,2025-12-22T09:00:00Z,15.0,0.98,0.9743796792805431,0.9515793891594941
turbine_2,2025-12-21T18:00:00Z,2025-12-22T10:00:00Z,16.0,0.9783333333333334,0.9719203206802491,0.962216833511712
turbine_2,2025-12-21T18:00:00Z,2025-12-22T11:00:00Z,17.0,0.9766666666666666,0.953021603963567,0.9476192749592557
turbine_2,2025-12-21T18:00:00Z,2025-12-22T12:00:00Z,18.0,0.9733333333333332,0.7887133834036377,0.8604375194041304
turbine_2,2025-12-21T18:00:00Z,2025-12-22T13:00:00Z,19.0,0.9566666666666668,0.6310864935275199,0.8228493224623291
turbine_2,2025-12-21T18:00:00Z,2025-12-22T14:00:00Z,20.0,0.5833333333333334,0.5919269748711503,0.5833768293663673
turbine_2,2025-12-21T18:00:00Z,2025-12-22T15:00:00Z,21.0,0.0983333333333333,0.33871261920106716,0.3243593502546664
turbine_2,2025-12-21T18:00:00Z,2025-12-22T16:00:00Z,22.0,0.1383333333333333,0.19681327249378142,0.24160167844508787
turbine_2,2025-12-21T18:00:00Z,2025-12-22T17:00:00Z,23.0,0.0983333333333333,0.16723049092950057,0.17768334599435034
turbine_2,2025-12-21T18:00:00Z,2025-12-22T18:00:00Z,24.0,0.0666666666666666,0.09679317241100735,0.14638117590919103
turbine_2,2025-12-21T18:00:00Z,2025-12-22T19:00:00Z,25.0,0.01,0.06287459749974714,0.13068843165835434
turbine_2,2025-12-21T18:00:00Z,2025-12-22T20:00:00Z,26.0,0.01,0.05234872083806463,0.08835546747230766
turbine_2,2025-12-21T18:00:00Z,2025-12-22T21:00:00Z,27.0,0.01,0.04268572082358635,0.06739120503180673
turbine_2,2025-12-21T18:00:00Z,2025-12-22T22:00:00Z,28.0,0.01,0.040171267833226415,0.060339073740365914
turbine_2,2025-12-21T18:00:00Z,2025-12-22T23:00:00Z,29.0,0.0083333333333333,0.03925750967443073,0.07589182710651778
turbine_2,2025-12-21T18:00:00Z,2025-12-23T00:00:00Z,30.0,0.0066666666666666,0.039457317648192713,0.088101711572407
turbine_2,2025-12-21T18:00:00Z,2025-12-23T01:00:00Z,31.0,0.01,0.03801135737316921,0.07907446264228057
turbine_2,2025-12-21T18:00:00Z,2025-12-23T02:00:00Z,32.0,0.0116666666666666,0.02544302799854356,0.04266795452389682
turbine_2,2025-12-21T18:00:00Z,2025-12-23T03:00:00Z,33.0,0.0216666666666666,0.022331682584674772,0.028535730988460045
turbine_2,2025-12-21T18:00:00Z,2025-12-23T04:00:00Z,34.0,0.01,0.022475769493042613,0.01836196781933991
turbine_2,2025-12-21T18:00:00Z,2025-12-23T05:00:00Z,35.0,0.01,0.019993321793427637,0.02418027034649642
turbine_2,2025-12-21T18:00:00Z,2025-12-23T06:00:00Z,36.0,0.01,0.021603287336000643,0.029152878696014517
turbine_2,2025-12-21T18:00:00Z,2025-12-23T07:00:00Z,37.0,0.01,0.03405991474083575,0.03119614063952028
turbine_2,2025-12-21T18:00:00Z,2025-12-23T08:00:00Z,38.0,0.01,0.039288524101970035,0.0526815590118577
turbine_2,2025-12-21T18:00:00Z,2025-12-23T09:00:00Z,39.0,0.01,0.03977255663067267,0.05623522338239886
turbine_2,2025-12-21T18:00:00Z,2025-12-23T10:00:00Z,40.0,0.01,0.04370664510848668,0.06660442810372603
turbine_2,2025-12-21T18:00:00Z,2025-12-23T11:00:00Z,41.0,0.01,0.06156345663514558,0.06789393697849362
turbine_2,2025-12-21T18:00:00Z,2025-12-23T12:00:00Z,42.0,0.01,0.0697878337588684,0.0760786218261661
turbine_2,2025-12-21T18:00:00Z,2025-12-23T13:00:00Z,43.0,0.01,0.057420053062142526,0.06303639381563583
turbine_2,2025-12-21T18:00:00Z,2025-12-23T14:00:00Z,44.0,0.01,0.06156355157184194,0.046921651749775944
turbine_2,2025-12-21T18:00:00Z,2025-12-23T15:00:00Z,45.0,0.01,0.03857051150526747,0.036316480615259605
turbine_2,2025-12-21T18:00:00Z,2025-12-23T16:00:00Z,46.0,0.01,0.056702689952351004,0.08615960969346764
turbine_2,2025-12-21T18:00:00Z,2025-12-23T17:00:00Z,47.0,0.01,0.06408446640428367,0.07037781975890599
turbine_2,2025-12-21T18:00:00Z,2025-12-23T18:00:00Z,48.0,0.0916666666666666,0.07315313424179419,0.08514761164226813
turbine_2,2025-12-22T18:00:00Z,2025-12-22T19:00:00Z,1.0,0.01,0.11251839082912897,0.1337204494326636
turbine_2,2025-12-22T18:00:00Z,2025-12-22T20:00:00Z,2.0,0.01,0.08892885657258454,0.10287946033981597
turbine_2,2025-12-22T18:00:00Z,2025-12-22T21:00:00Z,3.0,0.01,0.07541633072195655,0.09704845423785832
turbine_2,2025-12-22T18:00:00Z,2025-12-22T22:00:00Z,4.0,0.01,0.10282971596801185,0.138569148535032
turbine_2,2025-12-22T18:00:00Z,2025-12-22T23:00:00Z,5.0,0.0083333333333333,0.18886329905990962,0.18190345711852993
turbine_2,2025-12-22T18:00:00Z,2025-12-23T00:00:00Z,6.0,0.0066666666666666,0.25143878159737454,0.21813498584605806
turbine_2,2025-12-22T18:00:00Z,2025-12-23T01:00:00Z,7.0,0.01,0.1031293027487126,0.12505674068006561
turbine_2,2025-12-22T18:00:00Z,2025-12-23T02:00:00Z,8.0,0.0116666666666666,0.08616961741315522,0.08902335260857311
turbine_2,2025-12-22T18:00:00Z,2025-12-23T03:00:00Z,9.0,0.0216666666666666,0.05697774519912295,0.06097131916060293
turbine_2,2025-12-22T18:00:00Z,2025-12-23T04:00:00Z,10.0,0.01,0.06407260292538555,0.05010269834733949
turbine_2,2025-12-22T18:00:00Z,2025-12-23T05:00:00Z,11.0,0.01,0.0669973751579668,0.05940927719960383
turbine_2,2025-12-22T18:00:00Z,2025-12-23T06:00:00Z,12.0,0.01,0.05585286232204789,0.0628846089119832
turbine_2,2025-12-22T18:00:00Z,2025-12-23T07:00:00Z,13.0,0.01,0.05110009010695127,0.07979656242092209
turbine_2,2025-12-22T18:00:00Z,2025-12-23T08:00:00Z,14.0,0.01,0.05822243857845649,0.07042850909790203
turbine_2,2025-12-22T18:00:00Z,2025-12-23T09:00:00Z,15.0,0.01,0.05006608988992711,0.08763377182364099
turbine_2,2025-12-22T18:00:00Z,2025-12-23T10:00:00Z,16.0,0.01,0.04512132462681456,0.09773728334211962
turbine_2,2025-12-22T18:00:00Z,2025-12-23T11:00:00Z,17.0,0.01,0.036487470717821685,0.09688462459010051
turbine_2,2025-12-22T18:00:00Z,2025-12-23T12:00:00Z,18.0,0.01,0.04706154151902123,0.07277162493997887
turbine_2,2025-12-22T18:00:00Z,2025-12-23T13:00:00Z,19.0,0.01,0.043409627790055194,0.06423708201567095
turbine_2,2025-12-22T18:00:00Z,2025-12-23T14:00:00Z,20.0,0.01,0.04289284769486307,0.07121987999583958
turbine_2,2025-12-22T18:00:00Z,2025-12-23T15:00:00Z,21.0,0.01,0.03907298736443615,0.06607064124607116
turbine_2,2025-12-22T18:00:00Z,2025-12-23T16:00:00Z,22.0,0.01,0.04015434432227194,0.055961965159668794
turbine_2,2025-12-22T18:00:00Z,2025-12-23T17:00:00Z,23.0,0.01,0.04169574161179618,0.06325282422995286
turbine_2,2025-12-22T18:00:00Z,2025-12-23T18:00:00Z,24.0,0.0916666666666666,0.04953792396281623,0.047205370727518375
turbine_2,2025-12-22T18:00:00Z,2025-12-23T19:00:00Z,25.0,0.165,0.056554335933430205,0.08844663906427754
turbine_2,2025-12-22T18:00:00Z,2025-12-23T20:00:00Z,26.0,0.2933333333333333,0.10199385397467058,0.18050338670758528
turbine_2,2025-12-22T18:00:00Z,2025-12-23T21:00:00Z,27.0,0.7616666666666667,0.12729027914146568,0.18500469138715495
turbine_2,2025-12-22T18:00:00Z,2025-12-23T22:00:00Z,28.0,0.6716666666666667,0.23765698578203454,0.19086510898824086
turbine_2,2025-12-22T18:00:00Z,2025-12-23T23:00:00Z,29.0,0.6866666666666666,0.23070621587217927,0.209054013333763
turbine_2,2025-12-22T18:00:00Z,2025-12-24T00:00:00Z,30.0,0.8383333333333334,0.21272292537707727,0.1648913656919381
turbine_2,2025-12-22T18:00:00Z,2025-12-24T01:00:00Z,31.0,0.935,0.1484523653154738,0.15314039490769815
turbine_2,2025-12-22T18:00:00Z,2025-12-24T02:00:00Z,32.0,0.6616666666666666,0.1522603101766466,0.14299694724634937
turbine_2,2025-12-22T18:00:00Z,2025-12-24T03:00:00Z,33.0,0.7783333333333333,0.21312920859389065,0.1790225639838137
turbine_2,2025-12-22T18:00:00Z,2025-12-24T04:00:00Z,34.0,0.5366666666666666,0.21585726392984345,0.18688649729094212
turbine_2,2025-12-22T18:00:00Z,2025-12-24T05:00:00Z,35.0,0.435,0.341115700499913,0.2741551162590693
turbine_2,2025-12-22T18:00:00Z,2025-12-24T06:00:00Z,36.0,0.265,0.3594879368727749,0.3243229728598436
turbine_2,2025-12-22T18:00:00Z,2025-12-24T07:00:00Z,37.0,0.23,0.34915100836975443,0.3588960158026774
turbine_2,2025-12-22T18:00:00Z,2025-12-24T08:00:00Z,38.0,0.2516666666666666,0.3723955316690069,0.3885768362042775
turbine_2,2025-12-22T18:00:00Z,2025-12-24T09:00:00Z,39.0,0.2316666666666667,0.41461494739562266,0.3749124698485833
turbine_2,2025-12-22T18:00:00Z,2025-12-24T10:00:00Z,40.0,0.225,0.48166594209340957,0.4270556329558985
turbine_2,2025-12-22T18:00:00Z,2025-12-24T11:00:00Z,41.0,0.2916666666666667,0.580828782411908,0.48487478581224314
turbine_2,2025-12-22T18:00:00Z,2025-12-24T12:00:00Z,42.0,0.3533333333333333,0.6025034951387968,0.49221910817749465
turbine_2,2025-12-22T18:00:00Z,2025-12-24T13:00:00Z,43.0,0.2333333333333333,0.592196402416372,0.4724769115972158
turbine_2,2025-12-22T18:00:00Z,2025-12-24T14:00:00Z,44.0,0.2933333333333333,0.6582170651323385,0.592372986024938
turbine_2,2025-12-22T18:00:00Z,2025-12-24T15:00:00Z,45.0,0.4883333333333333,0.6617486465695588,0.6338579741372992
turbine_2,2025-12-22T18:00:00Z,2025-12-24T16:00:00Z,46.0,0.5316666666666666,0.6530377927308488,0.6022400036407549
turbine_2,2025-12-22T18:00:00Z,2025-12-24T17:00:00Z,47.0,0.3883333333333333,0.6543298588399111,0.5596649006239386
turbine_2,2025-12-22T18:00:00Z,2025-12-24T18:00:00Z,48.0,0.5016666666666666,0.6545923747658999,0.5210438995845412
turbine_2,2025-12-23T18:00:00Z,2025-12-23T19:00:00Z,1.0,0.165,0.2508725034455579,0.28160348487650655
turbine_2,2025-12-23T18:00:00Z,2025-12-23T20:00:00Z,2.0,0.2933333333333333,0.42861126622786944,0.4057895038962903
turbine_2,2025-12-23T18:00:00Z,2025-12-23T21:00:00Z,3.0,0.7616666666666667,0.44641914410413097,0.4208860821523267
turbine_2,2025-12-23T18:00:00Z,2025-12-23T22:00:00Z,4.0,0.6716666666666667,0.4828930173464775,0.46825219780841
turbine_2,2025-12-23T18:00:00Z,2025-12-23T23:00:00Z,5.0,0.6866666666666666,0.4366519962694626,0.3625630810980547
turbine_2,2025-12-23T18:00:00Z,2025-12-24T00:00:00Z,6.0,0.8383333333333334,0.41564695466452584,0.3356721473001225
turbine_2,2025-12-23T18:00:00Z,2025-12-24T01:00:00Z,7.0,0.935,0.3840355445148895,0.3665384003298965
turbine_2,2025-12-23T18:00:00Z,2025-12-24T02:00:00Z,8.0,0.6616666666666666,0.2833801387229601,0.2649873009290989
turbine_2,2025-12-23T18:00:00Z,2025-12-24T03:00:00Z,9.0,0.7783333333333333,0.26075540080272447,0.2726162780155532
turbine_2,2025-12-23T18:00:00Z,2025-12-24T04:00:00Z,10.0,0.5366666666666666,0.26664074899855444,0.2667584673246357
turbine_2,2025-12-23T18:00:00Z,2025-12-24T05:00:00Z,11.0,0.435,0.4441012218797594,0.29042039216839666
turbine_2,2025-12-23T18:00:00Z,2025-12-24T06:00:00Z,12.0,0.265,0.571302531898974,0.5123608523418541
turbine_2,2025-12-23T18:00:00Z,2025-12-24T07:00:00Z,13.0,0.23,0.6204936954777978,0.5284627803867847
turbine_2,2025-12-23T18:00:00Z,2025-12-24T08:00:00Z,14.0,0.2516666666666666,0.7008299836624872,0.6127379537229616
turbine_2,2025-12-23T18:00:00Z,2025-12-24T09:00:00Z,15.0,0.2316666666666667,0.7832580767250604,0.6729965766809493
turbine_2,2025-12-23T18:00:00Z,2025-12-24T10:00:00Z,16.0,0.225,0.711798466250435,0.6220886705967776
turbine_2,2025-12-23T18:00:00Z,2025-12-24T11:00:00Z,17.0,0.2916666666666667,0.6209578549197832,0.5204117104016366
turbine_2,2025-12-23T18:00:00Z,2025-12-24T12:00:00Z,18.0,0.3533333333333333,0.6272951398522982,0.517423293841815
turbine_2,2025-12-23T18:00:00Z,2025-12-24T13:00:00Z,19.0,0.2333333333333333,0.5807283145666797,0.4000619284408322
turbine_2,2025-12-23T18:00:00Z,2025-12-24T14:00:00Z,20.0,0.2933333333333333,0.43550463676936324,0.33275189378653286
turbine_2,2025-12-23T18:00:00Z,2025-12-24T15:00:00Z,21.0,0.4883333333333333,0.37324797291572853,0.3924708481539826
turbine_2,2025-12-23T18:00:00Z,2025-12-24T16:00:00Z,22.0,0.5316666666666666,0.5724659624093444,0.46398775184656693
turbine_2,2025-12-23T18:00:00Z,2025-12-24T17:00:00Z,23.0,0.3883333333333333,0.46423023035615046,0.33518171908525585
turbine_2,2025-12-23T18:00:00Z,2025-12-24T18:00:00Z,24.0,0.5016666666666666,0.6426667495314382,0.526135053193836
turbine_2,2025-12-23T18:00:00Z,2025-12-24T19:00:00Z,25.0,0.4266666666666667,0.6718292856660095,0.5932683822916074
turbine_2,2025-12-23T18:00:00Z,2025-12-24T20:00:00Z,26.0,0.4133333333333333,0.7297984101918583,0.6897559074960838
turbine_2,2025-12-23T18:00:00Z,2025-12-24T21:00:00Z,27.0,0.6533333333333333,0.8011623560774878,0.7211972180941902
turbine_2,2025-12-23T18:00:00Z,2025-12-24T22:00:00Z,28.0,0.58,0.8576402338703223,0.7866322541157872
turbine_2,2025-12-23T18:00:00Z,2025-12-24T23:00:00Z,29.0,0.63,0.8874459661926128,0.8154902675079604
turbine_2,2025-12-23T18:00:00Z,2025-12-25T00:00:00Z,30.0,0.5766666666666667,0.891996227495689,0.7870852748362955
turbine_2,2025-12-23T18:00:00Z,2025-12-25T01:00:00Z,31.0,0.47,0.8994509612620956,0.7995218111390713
turbine_2,2025-12-23T18:00:00Z,2025-12-25T02:00:00Z,32.0,0.46,0.8945626607778512,0.8125762678954017
turbine_2,2025-12-23T18:00:00Z,2025-12-25T03:00:00Z,33.0,0.2733333333333334,0.9006040968583581,0.8108965717276987
turbine_2,2025-12-23T18:00:00Z,2025-12-25T04:00:00Z,34.0,0.1983333333333333,0.9312139551817192,0.8107266558504455
turbine_2,2025-12-23T18:00:00Z,2025-12-25T05:00:00Z,35.0,0.2666666666666666,0.9405429435151978,0.8291165111120934
turbine_2,2025-12-23T18:00:00Z,2025-12-25T06:00:00Z,36.0,0.2133333333333333,0.9615225700950356,0.8782863901455268
turbine_2,2025-12-23T18:00:00Z,2025-12-25T07:00:00Z,37.0,0.17,0.966760819512255,0.880623177799044
turbine_2,2025-12-23T18:00:00Z,2025-12-25T08:00:00Z,38.0,0.2083333333333333,0.9737978759011406,0.8954214159035064
turbine_2,2025-12-23T18:00:00Z,2025-12-25T09:00:00Z,39.0,0.185,0.971871639738415,0.8587937663773552
turbine_2,2025-12-23T18:00:00Z,2025-12-25T10:00:00Z,40.0,0.24,0.9624160188672193,0.7997170271918859
turbine_2,2025-12-23T18:00:00Z,2025-12-25T11:00:00Z,41.0,0.2266666666666666,0.9354091619206102,0.7792159098855735
turbine_2,2025-12-23T18:00:00Z,2025-12-25T12:00:00Z,42.0,0.125,0.8973592940002209,0.8033418288513738
turbine_2,2025-12-23T18:00:00Z,2025-12-25T13:00:00Z,43.0,0.1966666666666666,0.8948816079725571,0.8198199491203018
turbine_2,2025-12-23T18:00:00Z,2025-12-25T14:00:00Z,44.0,0.3883333333333333,0.8748243616429068,0.7732411689821252
turbine_2,2025-12-23T18:00:00Z,2025-12-25T15:00:00Z,45.0,0.6666666666666666,0.8677255811509768,0.7850050409911027
turbine_2,2025-12-23T18:00:00Z,2025-12-25T16:00:00Z,46.0,0.7966666666666667,0.8763744325143206,0.7581242302506122
turbine_2,2025-12-23T18:00:00Z,2025-12-25T17:00:00Z,47.0,0.4316666666666666,0.8666112533478817,0.7413693865899098
turbine_2,2025-12-23T18:00:00Z,2025-12-25T18:00:00Z,48.0,0.215,0.8391086897846677,0.7254430860374032
turbine_2,2025-12-24T18:00:00Z,2025-12-24T19:00:00Z,1.0,0.4266666666666667,0.7785219775009627,0.6366330226984847
turbine_2,2025-12-24T18:00:00Z,2025-12-24T20:00:00Z,2.0,0.4133333333333333,0.8519566682267649,0.7469150972993042
turbine_2,2025-12-24T18:00:00Z,2025-12-24T21:00:00Z,3.0,0.6533333333333333,0.8985229906316554,0.7841931578877767
turbine_2,2025-12-24T18:00:00Z,2025-12-24T22:00:00Z,4.0,0.58,0.9038433806348075,0.843032855666407
turbine_2,2025-12-24T18:00:00Z,2025-12-24T23:00:00Z,5.0,0.63,0.8849672688985031,0.857134531471695
turbine_2,2025-12-24T18:00:00Z,2025-12-25T00:00:00Z,6.0,0.5766666666666667,0.8968608345628475,0.807795354860254
turbine_2,2025-12-24T18:00:00Z,2025-12-25T01:00:00Z,7.0,0.47,0.8962267859769326,0.809115090377156
turbine_2,2025-12-24T18:00:00Z,2025-12-25T02:00:00Z,8.0,0.46,0.8908268188765548,0.7903806113104714
turbine_2,2025-12-24T18:00:00Z,2025-12-25T03:00:00Z,9.0,0.2733333333333334,0.8964449974671199,0.8153331905761567
turbine_2,2025-12-24T18:00:00Z,2025-12-25T04:00:00Z,10.0,0.1983333333333333,0.9073033339469726,0.8193863378901334
turbine_2,2025-12-24T18:00:00Z,2025-12-25T05:00:00Z,11.0,0.2666666666666666,0.9432599385397599,0.8671593998872689
turbine_2,2025-12-24T18:00:00Z,2025-12-25T06:00:00Z,12.0,0.2133333333333333,0.9629020637395639,0.8868421103326829
turbine_2,2025-12-24T18:00:00Z,2025-12-25T07:00:00Z,13.0,0.17,0.9667532186160815,0.9009098218276237
turbine_2,2025-12-24T18:00:00Z,2025-12-25T08:00:00Z,14.0,0.2083333333333333,0.9728326027858742,0.937870897925538
turbine_2,2025-12-24T18:00:00Z,2025-12-25T09:00:00Z,15.0,0.185,0.9749304573475734,0.8959483684453409
turbine_2,2025-12-24T18:00:00Z,2025-12-25T10:00:00Z,16.0,0.24,0.9765379406709759,0.864908073048741
turbine_2,2025-12-24T18:00:00Z,2025-12-25T11:00:00Z,17.0,0.2266666666666666,0.9646734314855892,0.8290787761268775
turbine_2,2025-12-24T18:00:00Z,2025-12-25T12:00:00Z,18.0,0.125,0.9193950252490488,0.8055670062238096
turbine_2,2025-12-24T18:00:00Z,2025-12-25T13:00:00Z,19.0,0.1966666666666666,0.9025850903764189,0.7692127338008063
turbine_2,2025-12-24T18:00:00Z,2025-12-25T14:00:00Z,20.0,0.3883333333333333,0.867337147977216,0.7656946425974739
turbine_2,2025-12-24T18:00:00Z,2025-12-25T15:00:00Z,21.0,0.6666666666666666,0.8535377524234106,0.7623086162753995
turbine_2,2025-12-24T18:00:00Z,2025-12-25T16:00:00Z,22.0,0.7966666666666667,0.8662743513239629,0.7299078867394025
turbine_2,2025-12-24T18:00:00Z,2025-12-25T17:00:00Z,23.0,0.4316666666666666,0.7422544529749455,0.5981260409239142
turbine_2,2025-12-24T18:00:00Z,2025-12-25T18:00:00Z,24.0,0.215,0.6644244700103636,0.5365193163958818
turbine_2,2025-12-24T18:00:00Z,2025-12-25T19:00:00Z,25.0,0.295,0.674599519560078,0.610171984779325
turbine_2,2025-12-24T18:00:00Z,2025-12-25T20:00:00Z,26.0,0.465,0.6503282708955784,0.5498341211643971
turbine_2,2025-12-24T18:00:00Z,2025-12-25T21:00:00Z,27.0,0.5316666666666666,0.7575679341212552,0.6167892968744548
turbine_2,2025-12-24T18:00:00Z,2025-12-25T22:00:00Z,28.0,0.2566666666666666,0.5383592225366085,0.5098047454699657
turbine_2,2025-12-24T18:00:00Z,2025-12-25T23:00:00Z,29.0,0.3183333333333333,0.32605792508866527,0.20698742546433313
turbine_2,2025-12-24T18:00:00Z,2025-12-26T00:00:00Z,30.0,0.2033333333333333,0.06495377136595658,0.16495751245386991
turbine_2,2025-12-24T18:00:00Z,2025-12-26T01:00:00Z,31.0,0.0966666666666666,0.03612761658704158,0.09145067076360483
turbine_2,2025-12-24T18:00:00Z,2025-12-26T02:00:00Z,32.0,0.04,0.019170870274198004,0.03783031457749747
turbine_2,2025-12-24T18:00:00Z,2025-12-26T03:00:00Z,33.0,0.0216666666666666,0.010845416005633296,0.012009689323656064
turbine_2,2025-12-24T18:00:00Z,2025-12-26T04:00:00Z,34.0,0.0083333333333333,0.10299674095664983,0.05526271932284982
turbine_2,2025-12-24T18:00:00Z,2025-12-26T05:00:00Z,35.0,0.01,0.2926871621165963,0.2587717710785793
turbine_2,2025-12-24T18:00:00Z,2025-12-26T06:00:00Z,36.0,0.01,0.6885427220688639,0.6972600549427439
turbine_2,2025-12-24T18:00:00Z,2025-12-26T07:00:00Z,37.0,0.01,0.9567269534028897,0.9463252782010059
turbine_2,2025-12-24T18:00:00Z,2025-12-26T08:00:00Z,38.0,0.235,0.9609617360607143,0.9330136293078484
turbine_2,2025-12-24T18:00:00Z,2025-12-26T09:00:00Z,39.0,0.7566666666666667,0.9429559586769398,0.8917799652229343
turbine_2,2025-12-24T18:00:00Z,2025-12-26T10:00:00Z,40.0,0.01,0.9455497463354343,0.8651230386352348
turbine_2,2025-12-24T18:00:00Z,2025-12-26T11:00:00Z,41.0,0.01,0.7774533601113636,0.6872053173120936
turbine_2,2025-12-24T18:00:00Z,2025-12-26T12:00:00Z,42.0,0.9333333333333332,0.4749980495105214,0.47585619082183056
turbine_2,2025-12-24T18:00:00Z,2025-12-26T13:00:00Z,43.0,0.9583333333333334,0.3284696408742248,0.3480288863177299
turbine_2,2025-12-24T18:00:00Z,2025-12-26T14:00:00Z,44.0,0.7066666666666667,0.2925218937296895,0.3608730422583124
turbine_2,2025-12-24T18:00:00Z,2025-12-26T15:00:00Z,45.0,0.7916666666666666,0.4418388846945696,0.5084626256262905
turbine_2,2025-12-24T18:00:00Z,2025-12-26T16:00:00Z,46.0,0.3916666666666666,0.46127923633518503,0.47982228432845503
turbine_2,2025-12-24T18:00:00Z,2025-12-26T17:00:00Z,47.0,0.3266666666666666,0.4588178386739327,0.47044894657629416
turbine_2,2025-12-24T18:00:00Z,2025-12-26T18:00:00Z,48.0,0.215,0.5073574188939478,0.5113964863798993
turbine_2,2025-12-25T18:00:00Z,2025-12-25T19:00:00Z,1.0,0.295,0.5385361525986326,0.4662130799913989
turbine_2,2025-12-25T18:00:00Z,2025-12-25T20:00:00Z,2.0,0.465,0.5751208908093315,0.526868825161354
turbine_2,2025-12-25T18:00:00Z,2025-12-25T21:00:00Z,3.0,0.5316666666666666,0.6585218792339155,0.5938195224481291
turbine_2,2025-12-25T18:00:00Z,2025-12-25T22:00:00Z,4.0,0.2566666666666666,0.6294947222462833,0.5856057150907276
turbine_2,2025-12-25T18:00:00Z,2025-12-25T23:00:00Z,5.0,0.3183333333333333,0.5174246515799097,0.507943942271526
turbine_2,2025-12-25T18:00:00Z,2025-12-26T00:00:00Z,6.0,0.2033333333333333,0.12968942653005977,0.15265405606337887
turbine_2,2025-12-25T18:00:00Z,2025-12-26T01:00:00Z,7.0,0.0966666666666666,0.05237662059690504,0.10032220688467484
turbine_2,2025-12-25T18:00:00Z,2025-12-26T02:00:00Z,8.0,0.04,0.02012270777473607,0.033619303035256204
turbine_2,2025-12-25T18:00:00Z,2025-12-26T03:00:00Z,9.0,0.0216666666666666,0.010108802353163887,0.009211325776676604
turbine_2,2025-12-25T18:00:00Z,2025-12-26T04:00:00Z,10.0,0.0083333333333333,0.0206136301697408,0.023561658126895674
turbine_2,2025-12-25T18:00:00Z,2025-12-26T05:00:00Z,11.0,0.01,0.028824516422201935,0.04921765830345301
turbine_2,2025-12-25T18:00:00Z,2025-12-26T06:00:00Z,12.0,0.01,0.10409603316191342,0.12587959985956498
turbine_2,2025-12-25T18:00:00Z,2025-12-26T07:00:00Z,13.0,0.01,0.3535588466843169,0.284658582134231
turbine_2,2025-12-25T18:00:00Z,2025-12-26T08:00:00Z,14.0,0.235,0.42836795869566324,0.38577374409968557
turbine_2,2025-12-25T18:00:00Z,2025-12-26T09:00:00Z,15.0,0.7566666666666667,0.6890018435795144,0.6902749247387283
turbine_2,2025-12-25T18:00:00Z,2025-12-26T10:00:00Z,16.0,0.01,0.8416453671005801,0.8110088265043847
turbine_2,2025-12-25T18:00:00Z,2025-12-26T11:00:00Z,17.0,0.01,0.8768591404207021,0.8629182450649963
turbine_2,2025-12-25T18:00:00Z,2025-12-26T12:00:00Z,18.0,0.9333333333333332,0.8446398570303698,0.833194110769203
turbine_2,2025-12-25T18:00:00Z,2025-12-26T13:00:00Z,19.0,0.9583333333333334,0.8701404000692045,0.8135009816063491
turbine_2,2025-12-25T18:00:00Z,2025-12-26T14:00:00Z,20.0,0.7066666666666667,0.7126614043307337,0.7008111758247293
turbine_2,2025-12-25T18:00:00Z,2025-12-26T15:00:00Z,21.0,0.7916666666666666,0.6481510551979931,0.5929898814502997
turbine_2,2025-12-25T18:00:00Z,2025-12-26T16:00:00Z,22.0,0.3916666666666666,0.7123929595702215,0.6815752544574014
turbine_2,2025-12-25T18:00:00Z,2025-12-26T17:00:00Z,23.0,0.3266666666666666,0.5810704695177529,0.565108582890488
turbine_2,2025-12-25T18:00:00Z,2025-12-26T18:00:00Z,24.0,0.215,0.2798617007380239,0.19736969668144913
turbine_2,2025-12-25T18:00:00Z,2025-12-26T19:00:00Z,25.0,0.2516666666666666,0.09556136124360612,0.10583776521035934
turbine_2,2025-12-25T18:00:00Z,2025-12-26T20:00:00Z,26.0,0.1666666666666666,0.031060733779913363,0.03345295155073785
turbine_2,2025-12-25T18:00:00Z,2025-12-26T21:00:00Z,27.0,0.1983333333333333,0.011398788201884724,0.015803494720143862
turbine_2,2025-12-25T18:00:00Z,2025-12-26T22:00:00Z,28.0,0.125,0.010357255622387762,0.014069147400622872
turbine_2,2025-12-25T18:00:00Z,2025-12-26T23:00:00Z,29.0,0.0133333333333333,0.02730728681997152,0.016952894730572238
turbine_2,2025-12-25T18:00:00Z,2025-12-27T00:00:00Z,30.0,0.0383333333333333,0.28400855051383267,0.2582026697838618
turbine_2,2025-12-25T18:00:00Z,2025-12-27T01:00:00Z,31.0,0.1233333333333333,0.5114498603100992,0.5345532555157577
turbine_2,2025-12-25T18:00:00Z,2025-12-27T02:00:00Z,32.0,0.215,0.5592357182721466,0.6274786226513058
turbine_2,2025-12-25T18:00:00Z,2025-12-27T03:00:00Z,33.0,0.1983333333333333,0.764209549211027,0.7710923090138269
turbine_2,2025-12-25T18:00:00Z,2025-12-27T04:00:00Z,34.0,0.2566666666666666,0.9289832792341549,0.8948416490413874
turbine_2,2025-12-25T18:00:00Z,2025-12-27T05:00:00Z,35.0,0.61,0.9405429435151978,0.9354466457164822
turbine_2,2025-12-25T18:00:00Z,2025-12-27T06:00:00Z,36.0,0.96,0.9615225700950356,0.9798841870853657
turbine_2,2025-12-25T18:00:00Z,2025-12-27T07:00:00Z,37.0,0.945,0.966760819512255,0.972637249514318
turbine_2,2025-12-25T18:00:00Z,2025-12-27T08:00:00Z,38.0,0.895,0.9728028480769096,0.9681308713618153
turbine_2,2025-12-25T18:00:00Z,2025-12-27T09:00:00Z,39.0,0.89,0.9722857878806284,0.970207892702871
turbine_2,2025-12-25T18:00:00Z,2025-12-27T10:00:00Z,40.0,0.8983333333333333,0.95956128982327,0.9505685879029317
turbine_2,2025-12-25T18:00:00Z,2025-12-27T11:00:00Z,41.0,0.8966666666666666,0.9551577755929204,0.9246781327857176
turbine_2,2025-12-25T18:00:00Z,2025-12-27T12:00:00Z,42.0,0.955,0.8108388627134934,0.7818146288520631
turbine_2,2025-12-25T18:00:00Z,2025-12-27T13:00:00Z,43.0,0.8733333333333334,0.6227300190695851,0.4976847601678285
turbine_2,2025-12-25T18:00:00Z,2025-12-27T14:00:00Z,44.0,0.6816666666666666,0.575552507902487,0.4716419967553091
turbine_2,2025-12-25T18:00:00Z,2025-12-27T15:00:00Z,45.0,0.2933333333333333,0.5539681855683604,0.4881406789738931
turbine_2,2025-12-25T18:00:00Z,2025-12-27T16:00:00Z,46.0,0.1183333333333333,0.5401572351475865,0.40277236938163047
turbine_2,2025-12-25T18:00:00Z,2025-12-27T17:00:00Z,47.0,0.3583333333333333,0.5573830361382843,0.42280824904070025
turbine_2,2025-12-25T18:00:00Z,2025-12-27T18:00:00Z,48.0,0.2566666666666666,0.5009141984500716,0.4200579632382869
turbine_2,2025-12-26T18:00:00Z,2025-12-26T19:00:00Z,1.0,0.2516666666666666,0.051403035613800774,0.07988373437527621
turbine_2,2025-12-26T18:00:00Z,2025-12-26T20:00:00Z,2.0,0.1666666666666666,0.02755084942251737,0.02829907856596267
turbine_2,2025-12-26T18:00:00Z,2025-12-26T21:00:00Z,3.0,0.1983333333333333,0.011631007307671887,0.02156440351780614
turbine_2,2025-12-26T18:00:00Z,2025-12-26T22:00:00Z,4.0,0.125,0.010284784749343384,0.012340099767925994
turbine_2,2025-12-26T18:00:00Z,2025-12-26T23:00:00Z,5.0,0.0133333333333333,0.007316167077477592,0.011698631414984284
turbine_2,2025-12-26T18:00:00Z,2025-12-27T00:00:00Z,6.0,0.0383333333333333,0.04612305379437251,0.03539020631906489
turbine_2,2025-12-26T18:00:00Z,2025-12-27T01:00:00Z,7.0,0.1233333333333333,0.2723010268800412,0.30480465012232316
turbine_2,2025-12-26T18:00:00Z,2025-12-27T02:00:00Z,8.0,0.215,0.4438481390641559,0.44490804801420714
turbine_2,2025-12-26T18:00:00Z,2025-12-27T03:00:00Z,9.0,0.1983333333333333,0.6341906198656484,0.6477055153785634
turbine_2,2025-12-26T18:00:00Z,2025-12-27T04:00:00Z,10.0,0.2566666666666666,0.9282926289125649,0.9040175685877276
turbine_2,2025-12-26T18:00:00Z,2025-12-27T05:00:00Z,11.0,0.61,0.9419224371597261,0.9670641510697804
turbine_2,2025-12-26T18:00:00Z,2025-12-27T06:00:00Z,12.0,0.96,0.9629020637395639,0.974771819420159
turbine_2,2025-12-26T18:00:00Z,2025-12-27T07:00:00Z,13.0,0.945,0.9667532186160815,0.9666814794191673
turbine_2,2025-12-26T18:00:00Z,2025-12-27T08:00:00Z,14.0,0.895,0.9725453668575511,0.9649969729702946
turbine_2,2025-12-26T18:00:00Z,2025-12-27T09:00:00Z,15.0,0.89,0.9670479782455771,0.9531375051504941
turbine_2,2025-12-26T18:00:00Z,2025-12-27T10:00:00Z,16.0,0.8983333333333333,0.8808842330619675,0.9231064022147124
turbine_2,2025-12-26T18:00:00Z,2025-12-27T11:00:00Z,17.0,0.8966666666666666,0.7768399559779169,0.9022933489749851
turbine_2,2025-12-26T18:00:00Z,2025-12-27T12:00:00Z,18.0,0.955,0.7325593703524854,0.7092653219948022
turbine_2,2025-12-26T18:00:00Z,2025-12-27T13:00:00Z,19.0,0.8733333333333334,0.5872569863551587,0.5208228882883599
turbine_2,2025-12-26T18:00:00Z,2025-12-27T14:00:00Z,20.0,0.6816666666666666,0.4525548194237021,0.3594515964194446
turbine_2,2025-12-26T18:00:00Z,2025-12-27T15:00:00Z,21.0,0.2933333333333333,0.41959400201157987,0.32442101326585926
turbine_2,2025-12-26T18:00:00Z,2025-12-27T16:00:00Z,22.0,0.1183333333333333,0.35676515467149383,0.29343834565467136
turbine_2,2025-12-26T18:00:00Z,2025-12-27T17:00:00Z,23.0,0.3583333333333333,0.41533827024165704,0.30739065115272646
turbine_2,2025-12-26T18:00:00Z,2025-12-27T18:00:00Z,24.0,0.2566666666666666,0.4557919382243795,0.3448684393912981
turbine_2,2025-12-26T18:00:00Z,2025-12-27T19:00:00Z,25.0,0.6833333333333332,0.5046522385047798,0.44088127905340035
turbine_2,2025-12-26T18:00:00Z,2025-12-27T20:00:00Z,26.0,0.5966666666666667,0.5304658491140097,0.5130859898110167
turbine_2,2025-12-26T18:00:00Z,2025-12-27T21:00:00Z,27.0,0.8816666666666667,0.5997404691118557,0.559193578470147
turbine_2,2025-12-26T18:00:00Z,2025-12-27T22:00:00Z,28.0,0.875,0.6575644162073386,0.5990538996501249
turbine_2,2025-12-26T18:00:00Z,2025-12-27T23:00:00Z,29.0,0.945,0.662371820009203,0.6355269997666659
turbine_2,2025-12-26T18:00:00Z,2025-12-28T00:00:00Z,30.0,0.8983333333333333,0.6965043234908963,0.7387117285023339
turbine_2,2025-12-26T18:00:00Z,2025-12-28T01:00:00Z,31.0,0.8566666666666666,0.7349162891745785,0.7538020140968573
turbine_2,2025-12-26T18:00:00Z,2025-12-28T02:00:00Z,32.0,0.6983333333333334,0.7957253692192665,0.7813307687679243
turbine_2,2025-12-26T18:00:00Z,2025-12-28T03:00:00Z,33.0,0.7050000000000001,0.8251208884584689,0.7693828284861766
turbine_2,2025-12-26T18:00:00Z,2025-12-28T04:00:00Z,34.0,0.625,0.8893291196270531,0.7770883976587238
turbine_2,2025-12-26T18:00:00Z,2025-12-28T05:00:00Z,35.0,0.7566666666666667,0.9415980538234295,0.8665432196565371
turbine_2,2025-12-26T18:00:00Z,2025-12-28T06:00:00Z,36.0,0.9233333333333332,0.9615225700950356,0.8585076076400212
turbine_2,2025-12-26T18:00:00Z,2025-12-28T07:00:00Z,37.0,0.8566666666666666,0.966760819512255,0.8464744638327905
turbine_2,2025-12-26T18:00:00Z,2025-12-28T08:00:00Z,38.0,0.8666666666666667,0.9737978759011406,0.849889317301456
turbine_2,2025-12-26T18:00:00Z,2025-12-28T09:00:00Z,39.0,0.8166666666666668,0.9748290332443221,0.8665248882477631
turbine_2,2025-12-26T18:00:00Z,2025-12-28T10:00:00Z,40.0,0.9083333333333332,0.9572136299273171,0.7519074499801919
turbine_2,2025-12-26T18:00:00Z,2025-12-28T11:00:00Z,41.0,0.9,0.8980048474236184,0.7484581371915817
turbine_2,2025-12-26T18:00:00Z,2025-12-28T12:00:00Z,42.0,0.9516666666666668,0.8846731709504232,0.7740528167576957
turbine_2,2025-12-26T18:00:00Z,2025-12-28T13:00:00Z,43.0,0.5816666666666667,0.8430442541643124,0.7608377731999432
turbine_2,2025-12-26T18:00:00Z,2025-12-28T14:00:00Z,44.0,0.8333333333333334,0.845574114641255,0.7211726107236811
turbine_2,2025-12-26T18:00:00Z,2025-12-28T15:00:00Z,45.0,0.4216666666666667,0.838475334149325,0.7169290343200696
turbine_2,2025-12-26T18:00:00Z,2025-12-28T16:00:00Z,46.0,0.4533333333333333,0.8367112996897484,0.6994269038172027
turbine_2,2025-12-26T18:00:00Z,2025-12-28T17:00:00Z,47.0,0.2649999999999999,0.849873864279019,0.7333434587363348
turbine_2,2025-12-26T18:00:00Z,2025-12-28T18:00:00Z,48.0,0.4166666666666667,0.828612148329331,0.7025410624626628
turbine_2,2025-12-27T18:00:00Z,2025-12-27T19:00:00Z,1.0,0.6833333333333332,0.5874329955908911,0.5339853611132515
turbine_2,2025-12-27T18:00:00Z,2025-12-27T20:00:00Z,2.0,0.5966666666666667,0.6178673866689766,0.5772500036617516
turbine_2,2025-12-27T18:00:00Z,2025-12-27T21:00:00Z,3.0,0.8816666666666667,0.634225227510357,0.5468437141499252
turbine_2,2025-12-27T18:00:00Z,2025-12-27T22:00:00Z,4.0,0.875,0.6612144655507183,0.6464619549597072
turbine_2,2025-12-27T18:00:00Z,2025-12-27T23:00:00Z,5.0,0.945,0.6449916698374308,0.6661844593233913
turbine_2,2025-12-27T18:00:00Z,2025-12-28T00:00:00Z,6.0,0.8983333333333333,0.6605315298630731,0.6616699210155004
turbine_2,2025-12-27T18:00:00Z,2025-12-28T01:00:00Z,7.0,0.8566666666666666,0.6587760242927804,0.6930523960337641
turbine_2,2025-12-27T18:00:00Z,2025-12-28T02:00:00Z,8.0,0.6983333333333334,0.7667893840091411,0.73155385670393
turbine_2,2025-12-27T18:00:00Z,2025-12-28T03:00:00Z,9.0,0.7050000000000001,0.8565833197997845,0.8233636066508184
turbine_2,2025-12-27T18:00:00Z,2025-12-28T04:00:00Z,10.0,0.625,0.9183205368367758,0.8760763168464154
turbine_2,2025-12-27T18:00:00Z,2025-12-28T05:00:00Z,11.0,0.7566666666666667,0.9419224371597261,0.8789888533744703
turbine_2,2025-12-27T18:00:00Z,2025-12-28T06:00:00Z,12.0,0.9233333333333332,0.9629020637395639,0.8818858370830527
turbine_2,2025-12-27T18:00:00Z,2025-12-28T07:00:00Z,13.0,0.8566666666666666,0.9667532186160815,0.8806832869305121
turbine_2,2025-12-27T18:00:00Z,2025-12-28T08:00:00Z,14.0,0.8666666666666667,0.9730371169887897,0.8527079110289713
turbine_2,2025-12-27T18:00:00Z,2025-12-28T09:00:00Z,15.0,0.8166666666666668,0.9751349715504889,0.8657005725990605
turbine_2,2025-12-27T18:00:00Z,2025-12-28T10:00:00Z,16.0,0.9083333333333332,0.9524922147325947,0.7983113828472633
turbine_2,2025-12-27T18:00:00Z,2025-12-28T11:00:00Z,17.0,0.9,0.9043338277460637,0.7723366391125946
turbine_2,2025-12-27T18:00:00Z,2025-12-28T12:00:00Z,18.0,0.9516666666666668,0.8399005484562626,0.7121127010263307
turbine_2,2025-12-27T18:00:00Z,2025-12-28T13:00:00Z,19.0,0.5816666666666667,0.8473073308091017,0.7270680186877624
turbine_2,2025-12-27T18:00:00Z,2025-12-28T14:00:00Z,20.0,0.8333333333333334,0.8383956942045596,0.7429837827832823
turbine_2,2025-12-27T18:00:00Z,2025-12-28T15:00:00Z,21.0,0.4216666666666667,0.8120965268247886,0.7258306312234523
turbine_2,2025-12-27T18:00:00Z,2025-12-28T16:00:00Z,22.0,0.4533333333333333,0.7065172401141795,0.6109090280072484
turbine_2,2025-12-27T18:00:00Z,2025-12-28T17:00:00Z,23.0,0.2649999999999999,0.6640801287336755,0.5615688303548395
turbine_2,2025-12-27T18:00:00Z,2025-12-28T18:00:00Z,24.0,0.4166666666666667,0.26123053514217776,0.27847843610430667
turbine_2,2025-12-27T18:00:00Z,2025-12-28T19:00:00Z,25.0,0.3483333333333333,0.14191571224156854,0.1727987761482887
turbine_2,2025-12-27T18:00:00Z,2025-12-28T20:00:00Z,26.0,0.3066666666666666,0.09308839491434873,0.1773286152481182
turbine_2,2025-12-27T18:00:00Z,2025-12-28T21:00:00Z,27.0,0.3583333333333333,0.08134312091032923,0.13559652661259308
turbine_2,2025-12-27T18:00:00Z,2025-12-28T22:00:00Z,28.0,0.36,0.10538990614229862,0.19421436470673012
turbine_2,2025-12-27T18:00:00Z,2025-12-28T23:00:00Z,29.0,0.2433333333333333,0.09942603884916626,0.12477730080074409
turbine_2,2025-12-27T18:00:00Z,2025-12-29T00:00:00Z,30.0,0.2766666666666666,0.23193024898838815,0.2069800404676529
turbine_2,2025-12-27T18:00:00Z,2025-12-29T01:00:00Z,31.0,0.4566666666666667,0.4234943800714084,0.47645183810778435
turbine_2,2025-12-27T18:00:00Z,2025-12-29T02:00:00Z,32.0,0.5733333333333334,0.45558501223574727,0.5274562179765898
turbine_2,2025-12-27T18:00:00Z,2025-12-29T03:00:00Z,33.0,0.7916666666666666,0.44802589768462603,0.5276716910815078
turbine_2,2025-12-27T18:00:00Z,2025-12-29T04:00:00Z,34.0,0.5316666666666666,0.6003283567467863,0.6298724838266943
turbine_2,2025-12-27T18:00:00Z,2025-12-29T05:00:00Z,35.0,0.2966666666666667,0.8295229916055858,0.7533430935030483
turbine_2,2025-12-27T18:00:00Z,2025-12-29T06:00:00Z,36.0,0.215,0.919817188674328,0.7721462741445203
turbine_2,2025-12-27T18:00:00Z,2025-12-29T07:00:00Z,37.0,0.6583333333333333,0.962796755904703,0.929924472899123
turbine_2,2025-12-27T18:00:00Z,2025-12-29T08:00:00Z,38.0,0.5433333333333333,0.8900665302355446,0.7338822234346448
turbine_2,2025-12-27T18:00:00Z,2025-12-29T09:00:00Z,39.0,0.7433333333333333,0.7020159307379791,0.6125234772074282
turbine_2,2025-12-27T18:00:00Z,2025-12-29T10:00:00Z,40.0,0.9216666666666667,0.5731333362502365,0.5205849509957572
turbine_2,2025-12-27T18:00:00Z,2025-12-29T11:00:00Z,41.0,0.9516666666666668,0.5714276803734188,0.4526957866407776
turbine_2,2025-12-27T18:00:00Z,2025-12-29T12:00:00Z,42.0,0.9733333333333332,0.6271624502318447,0.58558289484241
turbine_2,2025-12-27T18:00:00Z,2025-12-29T13:00:00Z,43.0,0.9716666666666668,0.7386404877201637,0.640131461302812
turbine_2,2025-12-27T18:00:00Z,2025-12-29T14:00:00Z,44.0,0.975,0.7493488122580864,0.6209731562159453
turbine_2,2025-12-27T18:00:00Z,2025-12-29T15:00:00Z,45.0,0.975,0.8167095556287123,0.7519375828905281
turbine_2,2025-12-27T18:00:00Z,2025-12-29T16:00:00Z,46.0,0.97,0.8664379882308731,0.7417659180581384
turbine_2,2025-12-27T18:00:00Z,2025-12-29T17:00:00Z,47.0,0.9733333333333332,0.9136121664505409,0.8113114934963029
turbine_2,2025-12-27T18:00:00Z,2025-12-29T18:00:00Z,48.0,0.97,0.9197952200724968,0.767608634763992
turbine_2,2025-12-28T18:00:00Z,2025-12-28T19:00:00Z,1.0,0.3483333333333333,0.07824886959660934,0.15981294224961462
turbine_2,2025-12-28T18:00:00Z,2025-12-28T20:00:00Z,2.0,0.3066666666666666,0.0647459030156527,0.08601422130834858
turbine_2,2025-12-28T18:00:00Z,2025-12-28T21:00:00Z,3.0,0.3583333333333333,0.09742865110096445,0.22055736701348205
turbine_2,2025-12-28T18:00:00Z,2025-12-28T22:00:00Z,4.0,0.36,0.10019667369833107,0.1545501504201821
turbine_2,2025-12-28T18:00:00Z,2025-12-28T23:00:00Z,5.0,0.2433333333333333,0.21437178572163043,0.25272057737124154
turbine_2,2025-12-28T18:00:00Z,2025-12-29T00:00:00Z,6.0,0.2766666666666666,0.43440045068654143,0.5267617885545727
turbine_2,2025-12-28T18:00:00Z,2025-12-29T01:00:00Z,7.0,0.4566666666666667,0.4491557713622919,0.5565566163262644
turbine_2,2025-12-28T18:00:00Z,2025-12-29T02:00:00Z,8.0,0.5733333333333334,0.5735492676431039,0.5574787047348777
turbine_2,2025-12-28T18:00:00Z,2025-12-29T03:00:00Z,9.0,0.7916666666666666,0.6688926944448288,0.7004769492876083
turbine_2,2025-12-28T18:00:00Z,2025-12-29T04:00:00Z,10.0,0.5316666666666666,0.7282520673174547,0.699089943819181
turbine_2,2025-12-28T18:00:00Z,2025-12-29T05:00:00Z,11.0,0.2966666666666667,0.8866127516852735,0.7982364730033413
turbine_2,2025-12-28T18:00:00Z,2025-12-29T06:00:00Z,12.0,0.215,0.9639571740477955,0.870659404354823
turbine_2,2025-12-28T18:00:00Z,2025-12-29T07:00:00Z,13.0,0.6583333333333333,0.9669639351014734,0.8545220654984038
turbine_2,2025-12-28T18:00:00Z,2025-12-29T08:00:00Z,14.0,0.5433333333333333,0.9721128441979698,0.8699258097707885
turbine_2,2025-12-28T18:00:00Z,2025-12-29T09:00:00Z,15.0,0.7433333333333333,0.9310258107078849,0.7792759936588742
turbine_2,2025-12-28T18:00:00Z,2025-12-29T10:00:00Z,16.0,0.9216666666666667,0.9003697423521113,0.7345877185173375
turbine_2,2025-12-28T18:00:00Z,2025-12-29T11:00:00Z,17.0,0.9516666666666668,0.845891046563746,0.7179822932113826
turbine_2,2025-12-28T18:00:00Z,2025-12-29T12:00:00Z,18.0,0.9733333333333332,0.8522220617394635,0.7552870967978326
turbine_2,2025-12-28T18:00:00Z,2025-12-29T13:00:00Z,19.0,0.9716666666666668,0.9024118252594105,0.8010548745349783
turbine_2,2025-12-28T18:00:00Z,2025-12-29T14:00:00Z,20.0,0.975,0.8959274533548937,0.8158080915858316
turbine_2,2025-12-28T18:00:00Z,2025-12-29T15:00:00Z,21.0,0.975,0.9305365332905063,0.8286855597974448
turbine_2,2025-12-28T18:00:00Z,2025-12-29T16:00:00Z,22.0,0.97,0.9534448970882397,0.8071011235392826
turbine_2,2025-12-28T18:00:00Z,2025-12-29T17:00:00Z,23.0,0.9733333333333332,0.9758177532206609,0.8408671583985211
turbine_2,2025-12-28T18:00:00Z,2025-12-29T18:00:00Z,24.0,0.97,0.9595067001634814,0.8270675140942733
turbine_2,2025-12-28T18:00:00Z,2025-12-29T19:00:00Z,25.0,0.9783333333333334,0.9520504277706683,0.817047158809756
turbine_2,2025-12-28T18:00:00Z,2025-12-29T20:00:00Z,26.0,0.98,0.9524152156527099,0.8417285876714699
turbine_2,2025-12-28T18:00:00Z,2025-12-29T21:00:00Z,27.0,0.98,0.9425609641500061,0.809461803802326
turbine_2,2025-12-28T18:00:00Z,2025-12-29T22:00:00Z,28.0,0.98,0.9316701609672728,0.8350011748556696
turbine_2,2025-12-28T18:00:00Z,2025-12-29T23:00:00Z,29.0,0.98,0.9318048609472146,0.842782767006359
turbine_2,2025-12-28T18:00:00Z,2025-12-30T00:00:00Z,30.0,0.9766666666666666,0.9318521949521135,0.862070912672007
turbine_2,2025-12-28T18:00:00Z,2025-12-30T01:00:00Z,31.0,0.98,0.9318798383760528,0.852408226239665
turbine_2,2025-12-28T18:00:00Z,2025-12-30T02:00:00Z,32.0,0.9716666666666668,0.9308016433981031,0.8652716795364374
turbine_2,2025-12-28T18:00:00Z,2025-12-30T03:00:00Z,33.0,0.8450000000000001,0.9311398342902659,0.854062181023551
turbine_2,2025-12-28T18:00:00Z,2025-12-30T04:00:00Z,34.0,0.9566666666666668,0.9210373489030149,0.863337856825727
turbine_2,2025-12-28T18:00:00Z,2025-12-30T05:00:00Z,35.0,0.9416666666666668,0.4472250526981094,0.41870420538236447
turbine_2,2025-12-28T18:00:00Z,2025-12-30T06:00:00Z,36.0,0.9316666666666666,0.24549405304237096,0.43546510194867616
turbine_2,2025-12-28T18:00:00Z,2025-12-30T07:00:00Z,37.0,0.9716666666666668,0.1631515470821299,0.31912815648790105
turbine_2,2025-12-28T18:00:00Z,2025-12-30T08:00:00Z,38.0,0.96,0.2805522631194787,0.38186502138582634
turbine_2,2025-12-28T18:00:00Z,2025-12-30T09:00:00Z,39.0,0.97,0.25296723257086845,0.389615356246239
turbine_2,2025-12-28T18:00:00Z,2025-12-30T10:00:00Z,40.0,0.97,0.11701427985693258,0.2511963408558324
turbine_2,2025-12-28T18:00:00Z,2025-12-30T11:00:00Z,41.0,0.97,0.1012847258927826,0.22687541203203834
turbine_2,2025-12-28T18:00:00Z,2025-12-30T12:00:00Z,42.0,0.97,0.19925479235567847,0.28567373564605886
turbine_2,2025-12-28T18:00:00Z,2025-12-30T13:00:00Z,43.0,0.9516666666666668,0.4251182231223605,0.5102112610859619
turbine_2,2025-12-28T18:00:00Z,2025-12-30T14:00:00Z,44.0,0.9516666666666668,0.6431846821448819,0.7985033782352273
turbine_2,2025-12-28T18:00:00Z,2025-12-30T15:00:00Z,45.0,0.625,0.5470755707354842,0.5820838172314612
turbine_2,2025-12-28T18:00:00Z,2025-12-30T16:00:00Z,46.0,0.8266666666666667,0.6128326932801622,0.5143049904615904
turbine_2,2025-12-28T18:00:00Z,2025-12-30T17:00:00Z,47.0,0.68,0.5870560682397781,0.6333038410766862
turbine_2,2025-12-28T18:00:00Z,2025-12-30T18:00:00Z,48.0,0.89,0.3380669396307523,0.460905615539421
turbine_2,2025-12-29T18:00:00Z,2025-12-29T19:00:00Z,1.0,0.9783333333333334,0.9299061962404751,0.8590734423760565
turbine_2,2025-12-29T18:00:00Z,2025-12-29T20:00:00Z,2.0,0.98,0.9302709841225167,0.8390258680061108
turbine_2,2025-12-29T18:00:00Z,2025-12-29T21:00:00Z,3.0,0.98,0.9399936097083132,0.907061440483326
turbine_2,2025-12-29T18:00:00Z,2025-12-29T22:00:00Z,4.0,0.98,0.92910280652558,0.8711662761031757
turbine_2,2025-12-29T18:00:00Z,2025-12-29T23:00:00Z,5.0,0.98,0.9285192849607758,0.8707463012343194
turbine_2,2025-12-29T18:00:00Z,2025-12-30T00:00:00Z,6.0,0.9766666666666666,0.9359299167725531,0.8887756955037472
turbine_2,2025-12-29T18:00:00Z,2025-12-30T01:00:00Z,7.0,0.98,0.9358442675044377,0.8882741643200047
turbine_2,2025-12-29T18:00:00Z,2025-12-30T02:00:00Z,8.0,0.9716666666666668,0.9347660725264881,0.8920021781406233
turbine_2,2025-12-29T18:00:00Z,2025-12-30T03:00:00Z,9.0,0.8450000000000001,0.9326132756597018,0.895732190672649
turbine_2,2025-12-29T18:00:00Z,2025-12-30T04:00:00Z,10.0,0.9566666666666668,0.8014518005441968,0.7654670946943799
turbine_2,2025-12-29T18:00:00Z,2025-12-30T05:00:00Z,11.0,0.9416666666666668,0.33466135992390456,0.5061824741848466
turbine_2,2025-12-29T18:00:00Z,2025-12-30T06:00:00Z,12.0,0.9316666666666666,0.1612601820578286,0.31538040517094756
turbine_2,2025-12-29T18:00:00Z,2025-12-30T07:00:00Z,13.0,0.9716666666666668,0.13641736273896868,0.272173171547052
turbine_2,2025-12-29T18:00:00Z,2025-12-30T08:00:00Z,14.0,0.96,0.202661927394532,0.23550625256530552
turbine_2,2025-12-29T18:00:00Z,2025-12-30T09:00:00Z,15.0,0.97,0.11783642722876035,0.11408387071580411
turbine_2,2025-12-29T18:00:00Z,2025-12-30T10:00:00Z,16.0,0.97,0.07788249605636993,0.11406840986734752
turbine_2,2025-12-29T18:00:00Z,2025-12-30T11:00:00Z,17.0,0.97,0.08077239631233657,0.13502022117385581
turbine_2,2025-12-29T18:00:00Z,2025-12-30T12:00:00Z,18.0,0.97,0.058345294562331895,0.10398135144587364
turbine_2,2025-12-29T18:00:00Z,2025-12-30T13:00:00Z,19.0,0.9516666666666668,0.07170138749581922,0.12092271449816341
turbine_2,2025-12-29T18:00:00Z,2025-12-30T14:00:00Z,20.0,0.9516666666666668,0.14086636594195168,0.21721327081049152
turbine_2,2025-12-29T18:00:00Z,2025-12-30T15:00:00Z,21.0,0.625,0.24396726688076348,0.4510914384780811
turbine_2,2025-12-29T18:00:00Z,2025-12-30T16:00:00Z,22.0,0.8266666666666667,0.23467264602718116,0.3177153118642473
turbine_2,2025-12-29T18:00:00Z,2025-12-30T17:00:00Z,23.0,0.68,0.24972914837210985,0.36229914057737866
turbine_2,2025-12-29T18:00:00Z,2025-12-30T18:00:00Z,24.0,0.89,0.42964423291401677,0.4222834254761091
turbine_2,2025-12-29T18:00:00Z,2025-12-30T19:00:00Z,25.0,0.375,0.3275978759745466,0.5056303046811238
turbine_2,2025-12-29T18:00:00Z,2025-12-30T20:00:00Z,26.0,0.235,0.3096772967742464,0.35675891813453603
turbine_2,2025-12-29T18:00:00Z,2025-12-30T21:00:00Z,27.0,0.125,0.1106583423897943,0.22111795005927604
turbine_2,2025-12-29T18:00:00Z,2025-12-30T22:00:00Z,28.0,0.0133333333333333,0.06414581388629399,0.13780014860229867
turbine_2,2025-12-29T18:00:00Z,2025-12-30T23:00:00Z,29.0,0.01,0.0355495720139648,0.04571542426999439
turbine_2,2025-12-29T18:00:00Z,2025-12-31T00:00:00Z,30.0,0.01,0.029320243714167443,0.027850705462402786
turbine_2,2025-12-29T18:00:00Z,2025-12-31T01:00:00Z,31.0,0.01,0.023778644404010063,0.033456414966276826
turbine_2,2025-12-29T18:00:00Z,2025-12-31T02:00:00Z,32.0,0.01,0.011914041172503942,0.018323152294739853
turbine_2,2025-12-29T18:00:00Z,2025-12-31T03:00:00Z,33.0,0.01,0.017445594509626072,0.01592471880128976
turbine_2,2025-12-29T18:00:00Z,2025-12-31T04:00:00Z,34.0,0.0616666666666666,0.009200285817594578,0.013691037833709313
turbine_2,2025-12-29T18:00:00Z,2025-12-31T05:00:00Z,35.0,0.115,0.022680332567110717,0.039668659954715524
turbine_2,2025-12-29T18:00:00Z,2025-12-31T06:00:00Z,36.0,0.0866666666666666,0.02737818185445079,0.05533566003213308
turbine_2,2025-12-29T18:00:00Z,2025-12-31T07:00:00Z,37.0,0.19,0.03834336453363729,0.06260320307470581
turbine_2,2025-12-29T18:00:00Z,2025-12-31T08:00:00Z,38.0,0.3616666666666666,0.06925167227599541,0.09615782624534426
turbine_2,2025-12-29T18:00:00Z,2025-12-31T09:00:00Z,39.0,0.1016666666666666,0.0729282430615301,0.09209237678861602
turbine_2,2025-12-29T18:00:00Z,2025-12-31T10:00:00Z,40.0,0.0083333333333333,0.0969788141241873,0.13321934907584027
turbine_2,2025-12-29T18:00:00Z,2025-12-31T11:00:00Z,41.0,0.005,0.11208348795421108,0.1655678406638198
turbine_2,2025-12-29T18:00:00Z,2025-12-31T12:00:00Z,42.0,0.0366666666666666,0.12697609138280921,0.18062042570295986
turbine_2,2025-12-29T18:00:00Z,2025-12-31T13:00:00Z,43.0,0.0766666666666666,0.16394070595940768,0.15674488953216376
turbine_2,2025-12-29T18:00:00Z,2025-12-31T14:00:00Z,44.0,0.0133333333333333,0.17835706040529883,0.25757942210980367
turbine_2,2025-12-29T18:00:00Z,2025-12-31T15:00:00Z,45.0,0.0183333333333333,0.17071265115221332,0.1744910372867085
turbine_2,2025-12-29T18:00:00Z,2025-12-31T16:00:00Z,46.0,0.0216666666666666,0.16145500253646713,0.16790377886236996
turbine_2,2025-12-30T18:00:00Z,2025-12-30T19:00:00Z,1.0,0.375,0.11059158128673778,0.20345481490255596
turbine_2,2025-12-30T18:00:00Z,2025-12-30T20:00:00Z,2.0,0.235,0.08715967430961846,0.1577923317929526
turbine_2,2025-12-30T18:00:00Z,2025-12-30T21:00:00Z,3.0,0.125,0.03198452755078038,0.09954040983160713
turbine_2,2025-12-30T18:00:00Z,2025-12-30T22:00:00Z,4.0,0.0133333333333333,0.025260417158312565,0.021755141294312885
turbine_2,2025-12-30T18:00:00Z,2025-12-30T23:00:00Z,5.0,0.01,0.01150194173625843,0.012214397833932855
turbine_2,2025-12-30T18:00:00Z,2025-12-31T00:00:00Z,6.0,0.01,0.016407791620982298,0.010290586481616154
turbine_2,2025-12-30T18:00:00Z,2025-12-31T01:00:00Z,7.0,0.01,0.008158237657912598,0.014352633873680992
turbine_2,2025-12-30T18:00:00Z,2025-12-31T02:00:00Z,8.0,0.01,0.01252499338314006,0.01939529165896861
turbine_2,2025-12-30T18:00:00Z,2025-12-31T03:00:00Z,9.0,0.01,0.010108802353163887,0.01064673348719819
turbine_2,2025-12-30T18:00:00Z,2025-12-31T04:00:00Z,10.0,0.0616666666666666,0.010146606809223524,0.018050261254671573
turbine_2,2025-12-30T18:00:00Z,2025-12-31T05:00:00Z,11.0,0.115,0.020675981658246745,0.03851380125159326
turbine_2,2025-12-30T18:00:00Z,2025-12-31T06:00:00Z,12.0,0.0866666666666666,0.03447188243495272,0.059584142784294344
turbine_2,2025-12-30T18:00:00Z,2025-12-31T07:00:00Z,13.0,0.19,0.08347688514646114,0.09700144866387031
turbine_2,2025-12-30T18:00:00Z,2025-12-31T08:00:00Z,14.0,0.3616666666666666,0.17389447740648167,0.22076312769272907
turbine_2,2025-12-30T18:00:00Z,2025-12-31T09:00:00Z,15.0,0.1016666666666666,0.31252567332357195,0.308307223232874
turbine_2,2025-12-30T18:00:00Z,2025-12-31T10:00:00Z,16.0,0.0083333333333333,0.21005971693138126,0.30215966985265763
turbine_2,2025-12-30T18:00:00Z,2025-12-31T11:00:00Z,17.0,0.005,0.29112367234551184,0.43869757557421646
turbine_2,2025-12-30T18:00:00Z,2025-12-31T12:00:00Z,18.0,0.0366666666666666,0.2930715548724535,0.39902365294380965
turbine_2,2025-12-30T18:00:00Z,2025-12-31T13:00:00Z,19.0,0.0766666666666666,0.43041570994655676,0.33583289363419366
turbine_2,2025-12-30T18:00:00Z,2025-12-31T14:00:00Z,20.0,0.0133333333333333,0.5506942643674347,0.48060281996765014
turbine_2,2025-12-30T18:00:00Z,2025-12-31T15:00:00Z,21.0,0.0183333333333333,0.4514357794717344,0.33800233072688624
turbine_2,2025-12-30T18:00:00Z,2025-12-31T16:00:00Z,22.0,0.0216666666666666,0.25521018869870576,0.27203907436420066
