site_id,forecast_origin,target_time,lead_hours,actual,incumbent_prediction,candidate_prediction
turbine_1,2025-11-30T18:00:00Z,2025-11-30T19:00:00Z,1.0,0.01,0.04032347886996196,0.02405558232946503
turbine_1,2025-11-30T18:00:00Z,2025-11-30T20:00:00Z,2.0,0.01,0.022075839373186357,0.02398860979289788
turbine_1,2025-11-30T18:00:00Z,2025-11-30T21:00:00Z,3.0,0.01,0.0321925157883792,0.029502006248189022
turbine_1,2025-11-30T18:00:00Z,2025-11-30T22:00:00Z,4.0,0.0083333333333333,0.030511024141320203,0.028720534827698818
turbine_1,2025-11-30T18:00:00Z,2025-11-30T23:00:00Z,5.0,0.01,0.0292895955444,0.018209532452954674
turbine_1,2025-11-30T18:00:00Z,2025-12-01T00:00:00Z,6.0,0.0133333333333333,0.037851113389293395,0.026697620645661224
turbine_1,2025-11-30T18:00:00Z,2025-12-01T01:00:00Z,7.0,0.015,0.06576750400088521,0.06161948325645139
turbine_1,2025-11-30T18:00:00Z,2025-12-01T02:00:00Z,8.0,0.0633333333333333,0.09873870471690499,0.08576982317108184
turbine_1,2025-11-30T18:00:00Z,2025-12-01T03:00:00Z,9.0,0.0733333333333333,0.3414845787120854,0.3080871487576068
turbine_1,2025-11-30T18:00:00Z,2025-12-01T04:00:00Z,10.0,0.1849999999999999,0.4656507216751057,0.431420384306725
turbine_1,2025-11-30T18:00:00Z,2025-12-01T05:00:00Z,11.0,0.1833333333333333,0.7282020574596623,0.6770363907448037
turbine_1,2025-11-30T18:00:00Z,2025-12-01T06:00:00Z,12.0,0.1316666666666666,0.8946608953405005,0.8721681695479189
turbine_1,2025-11-30T18:00:00Z,2025-12-01T07:00:00Z,13.0,0.4783333333333333,0.9617153267059503,0.9397228524656953
turbine_1,2025-11-30T18:00:00Z,2025-12-01T08:00:00Z,14.0,0.9366666666666666,0.9668394183721286,0.9423020502573491
turbine_1,2025-11-30T18:00:00Z,2025-12-01T09:00:00Z,15.0,0.9766666666666666,0.9535476872677173,0.9077150339366618
turbine_1,2025-11-30T18:00:00Z,2025-12-01T10:00:00Z,16.0,0.8533333333333334,0.9230918455152093,0.8735371411913322
turbine_1,2025-11-30T18:00:00Z,2025-12-01T11:00:00Z,17.0,0.6816666666666666,0.8469427196410403,0.8056339665170071
turbine_1,2025-11-30T18:00:00Z,2025-12-01T12:00:00Z,18.0,0.5983333333333333,0.7166784308924458,0.7498511289330091
turbine_1,2025-11-30T18:00:00Z,2025-12-01T13:00:00Z,19.0,0.7050000000000001,0.6783795481327738,0.6588625390403163
turbine_1,2025-11-30T18:00:00Z,2025-12-01T14:00:00Z,20.0,0.9083333333333332,0.6471517549581924,0.5788583979749626
turbine_1,2025-11-30T18:00:00Z,2025-12-01T15:00:00Z,21.0,0.99,0.665499830675246,0.5991656552923568
turbine_1,2025-11-30T18:00:00Z,2025-12-01T16:00:00Z,22.0,0.9833333333333334,0.6399333324882815,0.580570760631703
turbine_1,2025-11-30T18:00:00Z,2025-12-01T17:00:00Z,23.0,0.9833333333333334,0.6329750934935028,0.5356499767168608
turbine_1,2025-11-30T18:00:00Z,2025-12-01T18:00:00Z,24.0,0.8266666666666667,0.5947876578879405,0.48001412917892106
turbine_1,2025-11-30T18:00:00Z,2025-12-01T19:00:00Z,25.0,0.65,0.6233506582639351,0.538058061608159
turbine_1,2025-11-30T18:00:00Z,2025-12-01T20:00:00Z,26.0,0.645,0.5705710080465712,0.5265953200921838
turbine_1,2025-11-30T18:00:00Z,2025-12-01T21:00:00Z,27.0,0.1733333333333333,0.5696024705408583,0.526461574479244
turbine_1,2025-11-30T18:00:00Z,2025-12-01T22:00:00Z,28.0,0.0683333333333333,0.5334096111071869,0.46940464426003814
turbine_1,2025-11-30T18:00:00Z,2025-12-01T23:00:00Z,29.0,0.0383333333333333,0.4397819035041083,0.3937822860310662
turbine_1,2025-11-30T18:00:00Z,2025-12-02T00:00:00Z,30.0,0.0249999999999999,0.2960951370220444,0.28194461995355935
turbine_1,2025-11-30T18:00:00Z,2025-12-02T01:00:00Z,31.0,0.0383333333333333,0.10211887242035912,0.16796787793030382
turbine_1,2025-11-30T18:00:00Z,2025-12-02T02:00:00Z,32.0,0.1066666666666666,0.061376216089075675,0.1263586099960799
turbine_1,2025-11-30T18:00:00Z,2025-12-02T03:00:00Z,33.0,0.1366666666666666,0.044489473968641335,0.09136262098593603
turbine_1,2025-11-30T18:00:00Z,2025-12-02T04:00:00Z,34.0,0.1066666666666666,0.020665265526461418,0.05658048545397637
turbine_1,2025-11-30T18:00:00Z,2025-12-02T05:00:00Z,35.0,0.0999999999999999,0.014958568862425081,0.02551481538182801
turbine_1,2025-11-30T18:00:00Z,2025-12-02T06:00:00Z,36.0,0.0933333333333333,0.01392646361911315,0.020241798378342224
turbine_1,2025-11-30T18:00:00Z,2025-12-02T07:00:00Z,37.0,0.0666666666666666,0.018248613189124074,0.028900659460079164
turbine_1,2025-11-30T18:00:00Z,2025-12-02T08:00:00Z,38.0,0.0383333333333333,0.028988572543486912,0.026333442734803814
turbine_1,2025-11-30T18:00:00Z,2025-12-02T09:00:00Z,39.0,0.0633333333333333,0.036508974366193936,0.025589301772286632
turbine_1,2025-11-30T18:00:00Z,2025-12-02T10:00:00Z,40.0,0.045,0.04144594659546191,0.029870643335965535
turbine_1,2025-11-30T18:00:00Z,2025-12-02T11:00:00Z,41.0,0.0116666666666666,0.07937689131518179,0.07635041311602275
turbine_1,2025-11-30T18:00:00Z,2025-12-02T12:00:00Z,42.0,0.01,0.11238660975812798,0.0918332542709678
turbine_1,2025-11-30T18:00:00Z,2025-12-02T13:00:00Z,43.0,0.01,0.1187440837096312,0.11338298027595539
turbine_1,2025-11-30T18:00:00Z,2025-12-02T14:00:00Z,44.0,0.01,0.08397577103487693,0.08763838106634497
turbine_1,2025-11-30T18:00:00Z,2025-12-02T15:00:00Z,45.0,0.01,0.052312159660437396,0.05937147998373388
turbine_1,2025-11-30T18:00:00Z,2025-12-02T16:00:00Z,46.0,0.0133333333333333,0.03952567818490188,0.04587743436286382
turbine_1,2025-11-30T18:00:00Z,2025-12-02T17:00:00Z,47.0,0.01,0.03803478612353961,0.03251205274311417
turbine_1,2025-11-30T18:00:00Z,2025-12-02T18:00:00Z,48.0,0.01,0.03221266091296948,0.02494868594476643
turbine_1,2025-12-01T18:00:00Z,2025-12-01T19:00:00Z,1.0,0.65,0.5488924169053431,0.41484096317180713
turbine_1,2025-12-01T18:00:00Z,2025-12-01T20:00:00Z,2.0,0.645,0.4787371421095234,0.3896423441943108
turbine_1,2025-12-01T18:00:00Z,2025-12-01T21:00:00Z,3.0,0.1733333333333333,0.45824421518001707,0.3821792052007978
turbine_1,2025-12-01T18:00:00Z,2025-12-01T22:00:00Z,4.0,0.0683333333333333,0.36441598630611644,0.32196315076315596
turbine_1,2025-12-01T18:00:00Z,2025-12-01T23:00:00Z,5.0,0.0383333333333333,0.14484084602946998,0.12834133090290148
turbine_1,2025-12-01T18:00:00Z,2025-12-02T00:00:00Z,6.0,0.0249999999999999,0.05499249125627112,0.06948467463633284
turbine_1,2025-12-01T18:00:00Z,2025-12-02T01:00:00Z,7.0,0.0383333333333333,0.021964007699263183,0.043372671181587996
turbine_1,2025-12-01T18:00:00Z,2025-12-02T02:00:00Z,8.0,0.1066666666666666,0.013318836119523392,0.03879598374121679
turbine_1,2025-12-01T18:00:00Z,2025-12-02T03:00:00Z,9.0,0.1366666666666666,0.009941453285977231,0.01252337690750771
turbine_1,2025-12-01T18:00:00Z,2025-12-02T04:00:00Z,10.0,0.1066666666666666,0.015443477591060462,0.014909535129773749
turbine_1,2025-12-01T18:00:00Z,2025-12-02T05:00:00Z,11.0,0.0999999999999999,0.016569502503187172,0.01389042366429194
turbine_1,2025-12-01T18:00:00Z,2025-12-02T06:00:00Z,12.0,0.0933333333333333,0.014655468051713194,0.014823832089420536
turbine_1,2025-12-01T18:00:00Z,2025-12-02T07:00:00Z,13.0,0.0666666666666666,0.022420254236000303,0.026446752609760288
turbine_1,2025-12-01T18:00:00Z,2025-12-02T08:00:00Z,14.0,0.0383333333333333,0.02795714778266578,0.023665414067524815
turbine_1,2025-12-01T18:00:00Z,2025-12-02T09:00:00Z,15.0,0.0633333333333333,0.04111442393665293,0.02839367058335937
turbine_1,2025-12-01T18:00:00Z,2025-12-02T10:00:00Z,16.0,0.045,0.05858101234647112,0.057241987811626927
turbine_1,2025-12-01T18:00:00Z,2025-12-02T11:00:00Z,17.0,0.0116666666666666,0.06862932861264746,0.07577556667270069
turbine_1,2025-12-01T18:00:00Z,2025-12-02T12:00:00Z,18.0,0.01,0.06998234235782888,0.07883940606056777
turbine_1,2025-12-01T18:00:00Z,2025-12-02T13:00:00Z,19.0,0.01,0.06076115322426068,0.06870994218460219
turbine_1,2025-12-01T18:00:00Z,2025-12-02T14:00:00Z,20.0,0.01,0.055122724049919136,0.059531563859316794
turbine_1,2025-12-01T18:00:00Z,2025-12-02T15:00:00Z,21.0,0.01,0.04185025866728914,0.0505135974956446
turbine_1,2025-12-01T18:00:00Z,2025-12-02T16:00:00Z,22.0,0.0133333333333333,0.04032068847614689,0.034470607842749384
turbine_1,2025-12-01T18:00:00Z,2025-12-02T17:00:00Z,23.0,0.01,0.039535616246753,0.031120037451831922
turbine_1,2025-12-01T18:00:00Z,2025-12-02T18:00:00Z,24.0,0.01,0.03217893334482397,0.021844910891332003
turbine_1,2025-12-01T18:00:00Z,2025-12-02T19:00:00Z,25.0,0.0116666666666666,0.04836402964359815,0.01991031136736046
turbine_1,2025-12-01T18:00:00Z,2025-12-02T20:00:00Z,26.0,0.1116666666666666,0.0462694778253738,0.04122493207021072
turbine_1,2025-12-01T18:00:00Z,2025-12-02T21:00:00Z,27.0,0.1949999999999999,0.06999838169876656,0.04995791338128919
turbine_1,2025-12-01T18:00:00Z,2025-12-02T22:00:00Z,28.0,0.22,0.08706372471614958,0.0805194295226769
turbine_1,2025-12-01T18:00:00Z,2025-12-02T23:00:00Z,29.0,0.3066666666666667,0.12251109224568142,0.09381774443750424
turbine_1,2025-12-01T18:00:00Z,2025-12-03T00:00:00Z,30.0,0.3783333333333333,0.13059295063656284,0.1299705300613644
turbine_1,2025-12-01T18:00:00Z,2025-12-03T01:00:00Z,31.0,0.3883333333333333,0.10625855326996612,0.0875733914654534
turbine_1,2025-12-01T18:00:00Z,2025-12-03T02:00:00Z,32.0,0.6466666666666666,0.0988640895617503,0.09088968784342774
turbine_1,2025-12-01T18:00:00Z,2025-12-03T03:00:00Z,33.0,0.7083333333333334,0.10746220245592103,0.09521205029632013
turbine_1,2025-12-01T18:00:00Z,2025-12-03T04:00:00Z,34.0,0.6283333333333333,0.2175047158955207,0.1703475891418002
turbine_1,2025-12-01T18:00:00Z,2025-12-03T05:00:00Z,35.0,0.2799999999999999,0.2788636356415235,0.23022800175358374
turbine_1,2025-12-01T18:00:00Z,2025-12-03T06:00:00Z,36.0,0.2,0.32296315429182093,0.3582983926015041
turbine_1,2025-12-01T18:00:00Z,2025-12-03T07:00:00Z,37.0,0.2666666666666666,0.3751870416194903,0.3392027523393527
turbine_1,2025-12-01T18:00:00Z,2025-12-03T08:00:00Z,38.0,0.3183333333333333,0.3281319189996398,0.2862336766022924
turbine_1,2025-12-01T18:00:00Z,2025-12-03T09:00:00Z,39.0,0.1716666666666666,0.31818065525505057,0.29760889168798454
turbine_1,2025-12-01T18:00:00Z,2025-12-03T10:00:00Z,40.0,0.1166666666666666,0.29128136825019924,0.239117047260276
turbine_1,2025-12-01T18:00:00Z,2025-12-03T11:00:00Z,41.0,0.1166666666666666,0.22020241889862477,0.2008903024840309
turbine_1,2025-12-01T18:00:00Z,2025-12-03T12:00:00Z,42.0,0.15,0.22717167893208523,0.20754514571241342
turbine_1,2025-12-01T18:00:00Z,2025-12-03T13:00:00Z,43.0,0.3,0.1971519690081377,0.17637635079644792
turbine_1,2025-12-01T18:00:00Z,2025-12-03T14:00:00Z,44.0,0.4333333333333333,0.21845005374810061,0.2200438343228973
turbine_1,2025-12-01T18:00:00Z,2025-12-03T15:00:00Z,45.0,0.365,0.21572667549090416,0.2015762731599068
turbine_1,2025-12-01T18:00:00Z,2025-12-03T16:00:00Z,46.0,0.265,0.2514339977278157,0.19475939335187015
turbine_1,2025-12-01T18:00:00Z,2025-12-03T17:00:00Z,47.0,0.1816666666666666,0.28623108012730253,0.26006109033813485
turbine_1,2025-12-01T18:00:00Z,2025-12-03T18:00:00Z,48.0,0.3116666666666667,0.3029584134267804,0.26156421655569945
turbine_1,2025-12-02T18:00:00Z,2025-12-02T19:00:00Z,1.0,0.0116666666666666,0.06354810925551227,0.03665207545941554
turbine_1,2025-12-02T18:00:00Z,2025-12-02T20:00:00Z,2.0,0.1116666666666666,0.05817639979650749,0.051953910095158845
turbine_1,2025-12-02T18:00:00Z,2025-12-02T21:00:00Z,3.0,0.1949999999999999,0.0916672523176379,0.07476374725208401
turbine_1,2025-12-02T18:00:00Z,2025-12-02T22:00:00Z,4.0,0.22,0.10224297910353207,0.08317032459008777
turbine_1,2025-12-02T18:00:00Z,2025-12-02T23:00:00Z,5.0,0.3066666666666667,0.12161270122391728,0.09092150576370939
turbine_1,2025-12-02T18:00:00Z,2025-12-03T00:00:00Z,6.0,0.3783333333333333,0.12577111417511067,0.11466124841886358
turbine_1,2025-12-02T18:00:00Z,2025-12-03T01:00:00Z,7.0,0.3883333333333333,0.10211887242035912,0.11298061766894313
turbine_1,2025-12-02T18:00:00Z,2025-12-03T02:00:00Z,8.0,0.6466666666666666,0.10296505155949717,0.11000330698547015
turbine_1,2025-12-02T18:00:00Z,2025-12-03T03:00:00Z,9.0,0.7083333333333334,0.10878754951738145,0.121399927671027
turbine_1,2025-12-02T18:00:00Z,2025-12-03T04:00:00Z,10.0,0.6283333333333333,0.2175047158955207,0.16753765435112658
turbine_1,2025-12-02T18:00:00Z,2025-12-03T05:00:00Z,11.0,0.2799999999999999,0.24978629491828702,0.22808791864939443
turbine_1,2025-12-02T18:00:00Z,2025-12-03T06:00:00Z,12.0,0.2,0.28011483069371423,0.25344077540141075
turbine_1,2025-12-02T18:00:00Z,2025-12-03T07:00:00Z,13.0,0.2666666666666666,0.3465686091704113,0.3371846582930417
turbine_1,2025-12-02T18:00:00Z,2025-12-03T08:00:00Z,14.0,0.3183333333333333,0.3281319189996398,0.2886503293121587
turbine_1,2025-12-02T18:00:00Z,2025-12-03T09:00:00Z,15.0,0.1716666666666666,0.35001398925148575,0.3370331872538326
turbine_1,2025-12-02T18:00:00Z,2025-12-03T10:00:00Z,16.0,0.1166666666666666,0.3194971591524196,0.2492373773238326
turbine_1,2025-12-02T18:00:00Z,2025-12-03T11:00:00Z,17.0,0.1166666666666666,0.2804919942347841,0.25124925034480006
turbine_1,2025-12-02T18:00:00Z,2025-12-03T12:00:00Z,18.0,0.15,0.22513063062450178,0.2008903024840309
turbine_1,2025-12-02T18:00:00Z,2025-12-03T13:00:00Z,19.0,0.3,0.2683399032220441,0.23398009405825448
turbine_1,2025-12-02T18:00:00Z,2025-12-03T14:00:00Z,20.0,0.4333333333333333,0.20519822675488364,0.2160955603817936
turbine_1,2025-12-02T18:00:00Z,2025-12-03T15:00:00Z,21.0,0.365,0.28562059755936475,0.2570170837150827
turbine_1,2025-12-02T18:00:00Z,2025-12-03T16:00:00Z,22.0,0.265,0.2266262958189039,0.20472901076384298
turbine_1,2025-12-02T18:00:00Z,2025-12-03T17:00:00Z,23.0,0.1816666666666666,0.27247502232555587,0.2151221801266774
turbine_1,2025-12-02T18:00:00Z,2025-12-03T18:00:00Z,24.0,0.3116666666666667,0.22893370773608052,0.1787438049121025
turbine_1,2025-12-02T18:00:00Z,2025-12-03T19:00:00Z,25.0,0.185,0.21934581255537058,0.157283090540813
turbine_1,2025-12-02T18:00:00Z,2025-12-03T20:00:00Z,26.0,0.0999999999999999,0.16782770965776975,0.15165690516040728
turbine_1,2025-12-02T18:00:00Z,2025-12-03T21:00:00Z,27.0,0.1783333333333333,0.24979024711956888,0.1850620712812998
turbine_1,2025-12-02T18:00:00Z,2025-12-03T22:00:00Z,28.0,0.1516666666666666,0.31523653275842517,0.30041996204902144
turbine_1,2025-12-02T18:00:00Z,2025-12-03T23:00:00Z,29.0,0.0933333333333333,0.303040077006746,0.30510867102215666
turbine_1,2025-12-02T18:00:00Z,2025-12-04T00:00:00Z,30.0,0.105,0.5488306240736021,0.5622072572314636
turbine_1,2025-12-02T18:00:00Z,2025-12-04T01:00:00Z,31.0,0.1016666666666666,0.38479790548242077,0.3427667382583725
turbine_1,2025-12-02T18:00:00Z,2025-12-04T02:00:00Z,32.0,0.165,0.4144250040204337,0.4922333163147357
turbine_1,2025-12-02T18:00:00Z,2025-12-04T03:00:00Z,33.0,0.1999999999999999,0.44314740865681435,0.36618559033379616
turbine_1,2025-12-02T18:00:00Z,2025-12-04T04:00:00Z,34.0,0.115,0.1558226356747047,0.16807883654750802
turbine_1,2025-12-02T18:00:00Z,2025-12-04T05:00:00Z,35.0,0.0583333333333333,0.15507625376377515,0.11877912551219222
turbine_1,2025-12-02T18:00:00Z,2025-12-04T06:00:00Z,36.0,0.0216666666666666,0.09941002485318401,0.14134790416527465
turbine_1,2025-12-02T18:00:00Z,2025-12-04T07:00:00Z,37.0,0.04,0.08079537351095,0.0673219079408639
turbine_1,2025-12-02T18:00:00Z,2025-12-04T08:00:00Z,38.0,0.0433333333333333,0.07216994842208406,0.05388397286886007
turbine_1,2025-12-02T18:00:00Z,2025-12-04T09:00:00Z,39.0,0.0516666666666666,0.04837313267579574,0.06036236805723108
turbine_1,2025-12-02T18:00:00Z,2025-12-04T10:00:00Z,40.0,0.0249999999999999,0.03694551873864699,0.04527206233449818
turbine_1,2025-12-02T18:00:00Z,2025-12-04T11:00:00Z,41.0,0.1816666666666666,0.04044578956446182,0.02718014009384434
turbine_1,2025-12-02T18:00:00Z,2025-12-04T12:00:00Z,42.0,0.225,0.03785507943817784,0.036522598271066575
turbine_1,2025-12-02T18:00:00Z,2025-12-04T13:00:00Z,43.0,0.185,0.037151751516955656,0.053402933033245836
turbine_1,2025-12-02T18:00:00Z,2025-12-04T14:00:00Z,44.0,0.0633333333333333,0.19033685818332943,0.15700949759055832
turbine_1,2025-12-02T18:00:00Z,2025-12-04T15:00:00Z,45.0,0.0133333333333333,0.23873524505605143,0.22023883683362894
turbine_1,2025-12-02T18:00:00Z,2025-12-04T16:00:00Z,46.0,0.12,0.21900889605738927,0.24773741049154782
turbine_1,2025-12-02T18:00:00Z,2025-12-04T17:00:00Z,47.0,0.0883333333333333,0.17105270659646582,0.22081683140050343
turbine_1,2025-12-02T18:00:00Z,2025-12-04T18:00:00Z,48.0,0.0366666666666666,0.13917184489167506,0.1864167395094182
turbine_1,2025-12-03T18:00:00Z,2025-12-03T19:00:00Z,1.0,0.185,0.19123319220744428,0.16577098295786974
turbine_1,2025-12-03T18:00:00Z,2025-12-03T20:00:00Z,2.0,0.0999999999999999,0.1408264743663895,0.11813743519160821
turbine_1,2025-12-03T18:00:00Z,2025-12-03T21:00:00Z,3.0,0.1783333333333333,0.13778839973271556,0.10230720722742662
turbine_1,2025-12-03T18:00:00Z,2025-12-03T22:00:00Z,4.0,0.1516666666666666,0.13004234277746662,0.15857482337026618
turbine_1,2025-12-03T18:00:00Z,2025-12-03T23:00:00Z,5.0,0.0933333333333333,0.11538265117821765,0.10932337742669676
turbine_1,2025-12-03T18:00:00Z,2025-12-04T00:00:00Z,6.0,0.105,0.09712977358851034,0.10484096786218061
turbine_1,2025-12-03T18:00:00Z,2025-12-04T01:00:00Z,7.0,0.1016666666666666,0.1327253010376939,0.12369131489085852
turbine_1,2025-12-03T18:00:00Z,2025-12-04T02:00:00Z,8.0,0.165,0.0995493353019441,0.08753240323073805
turbine_1,2025-12-03T18:00:00Z,2025-12-04T03:00:00Z,9.0,0.1999999999999999,0.11040950186851872,0.08392407460728935
turbine_1,2025-12-03T18:00:00Z,2025-12-04T04:00:00Z,10.0,0.115,0.15442565316566562,0.16809276308129023
turbine_1,2025-12-03T18:00:00Z,2025-12-04T05:00:00Z,11.0,0.0583333333333333,0.1846971190528354,0.1922235630971354
turbine_1,2025-12-03T18:00:00Z,2025-12-04T06:00:00Z,12.0,0.0216666666666666,0.15279048653443394,0.1769869339952466
turbine_1,2025-12-03T18:00:00Z,2025-12-04T07:00:00Z,13.0,0.04,0.20833708978265167,0.21738039625670671
turbine_1,2025-12-03T18:00:00Z,2025-12-04T08:00:00Z,14.0,0.0433333333333333,0.1947805377055624,0.1557747264791544
turbine_1,2025-12-03T18:00:00Z,2025-12-04T09:00:00Z,15.0,0.0516666666666666,0.16575956950787069,0.13308890266796125
turbine_1,2025-12-03T18:00:00Z,2025-12-04T10:00:00Z,16.0,0.0249999999999999,0.07734633854750934,0.0902325546430923
turbine_1,2025-12-03T18:00:00Z,2025-12-04T11:00:00Z,17.0,0.1816666666666666,0.04616644071796522,0.05863384276262884
turbine_1,2025-12-03T18:00:00Z,2025-12-04T12:00:00Z,18.0,0.225,0.038350468502883095,0.03244792141856115
turbine_1,2025-12-03T18:00:00Z,2025-12-04T13:00:00Z,19.0,0.185,0.037961739256578086,0.03660548283822876
turbine_1,2025-12-03T18:00:00Z,2025-12-04T14:00:00Z,20.0,0.0633333333333333,0.08123991962809485,0.04493920639572668
turbine_1,2025-12-03T18:00:00Z,2025-12-04T15:00:00Z,21.0,0.0133333333333333,0.09696984001966215,0.06640897282967467
turbine_1,2025-12-03T18:00:00Z,2025-12-04T16:00:00Z,22.0,0.12,0.1155996475427199,0.08899395130367338
turbine_1,2025-12-03T18:00:00Z,2025-12-04T17:00:00Z,23.0,0.0883333333333333,0.15106276298052346,0.11828802936586189
turbine_1,2025-12-03T18:00:00Z,2025-12-04T18:00:00Z,24.0,0.0366666666666666,0.08133316243784586,0.072352362436017
turbine_1,2025-12-03T18:00:00Z,2025-12-04T19:00:00Z,25.0,0.0166666666666666,0.05970004467469031,0.05332788023130622
turbine_1,2025-12-03T18:00:00Z,2025-12-04T20:00:00Z,26.0,0.0133333333333333,0.04307604296682349,0.04137577195501199
turbine_1,2025-12-03T18:00:00Z,2025-12-04T21:00:00Z,27.0,0.015,0.026810759547252594,0.027689165771610097
turbine_1,2025-12-03T18:00:00Z,2025-12-04T22:00:00Z,28.0,0.0283333333333333,0.05630019174392634,0.04238188900820014
turbine_1,2025-12-03T18:00:00Z,2025-12-04T23:00:00Z,29.0,0.0566666666666666,0.0724382819215606,0.06024979863902977
turbine_1,2025-12-03T18:00:00Z,2025-12-05T00:00:00Z,30.0,0.035,0.06332608259943082,0.058956283958089356
turbine_1,2025-12-03T18:00:00Z,2025-12-05T01:00:00Z,31.0,0.065,0.05289833469571881,0.06113299522152929
turbine_1,2025-12-03T18:00:00Z,2025-12-05T02:00:00Z,32.0,0.0116666666666666,0.07126466744379599,0.08579478641741378
turbine_1,2025-12-03T18:00:00Z,2025-12-05T03:00:00Z,33.0,0.01,0.04813358092820963,0.061016335791041265
turbine_1,2025-12-03T18:00:00Z,2025-12-05T04:00:00Z,34.0,0.0133333333333333,0.03176885039515043,0.06421785530382157
turbine_1,2025-12-03T18:00:00Z,2025-12-05T05:00:00Z,35.0,0.01,0.017008397714297352,0.021844829070277044
turbine_1,2025-12-03T18:00:00Z,2025-12-05T06:00:00Z,36.0,0.01,0.023560954398331613,0.02685184507025387
turbine_1,2025-12-03T18:00:00Z,2025-12-05T07:00:00Z,37.0,0.01,0.038834741078527746,0.03507420705636738
turbine_1,2025-12-03T18:00:00Z,2025-12-05T08:00:00Z,38.0,0.01,0.05270744288427692,0.048308262116848466
turbine_1,2025-12-03T18:00:00Z,2025-12-05T09:00:00Z,39.0,0.01,0.09979918724016267,0.08146832771382845
turbine_1,2025-12-03T18:00:00Z,2025-12-05T10:00:00Z,40.0,0.01,0.10495626418710034,0.11334530870216675
turbine_1,2025-12-03T18:00:00Z,2025-12-05T11:00:00Z,41.0,0.0083333333333333,0.15041549431266554,0.1701638714625078
turbine_1,2025-12-03T18:00:00Z,2025-12-05T12:00:00Z,42.0,0.0216666666666666,0.2658197686080113,0.30042813897985765
turbine_1,2025-12-03T18:00:00Z,2025-12-05T13:00:00Z,43.0,0.16,0.3721643296132092,0.3546133678661395
turbine_1,2025-12-03T18:00:00Z,2025-12-05T14:00:00Z,44.0,0.1816666666666666,0.45212370555676695,0.466622626496963
turbine_1,2025-12-03T18:00:00Z,2025-12-05T15:00:00Z,45.0,0.1733333333333333,0.4506984165744924,0.466622626496963
turbine_1,2025-12-03T18:00:00Z,2025-12-05T16:00:00Z,46.0,0.0766666666666666,0.4205306264375548,0.4248016188026603
turbine_1,2025-12-03T18:00:00Z,2025-12-05T17:00:00Z,47.0,0.1216666666666666,0.36683451408413,0.3880794545042016
turbine_1,2025-12-03T18:00:00Z,2025-12-05T18:00:00Z,48.0,0.1433333333333333,0.31648871959495795,0.3285086720981137
turbine_1,2025-12-04T18:00:00Z,2025-12-04T19:00:00Z,1.0,0.0166666666666666,0.047378054449550455,0.040388631216565496
turbine_1,2025-12-04T18:00:00Z,2025-12-04T20:00:00Z,2.0,0.0133333333333333,0.033426821328710665,0.035360145917169405
turbine_1,2025-12-04T18:00:00Z,2025-12-04T21:00:00Z,3.0,0.015,0.022591734915646255,0.016124305375545794
turbine_1,2025-12-04T18:00:00Z,2025-12-04T22:00:00Z,4.0,0.0283333333333333,0.014859086258270038,0.016083108635165183
turbine_1,2025-12-04T18:00:00Z,2025-12-04T23:00:00Z,5.0,0.0566666666666666,0.015642650944148406,0.02002341254165621
turbine_1,2025-12-04T18:00:00Z,2025-12-05T00:00:00Z,6.0,0.035,0.011204281599215549,0.01793572480665001
turbine_1,2025-12-04T18:00:00Z,2025-12-05T01:00:00Z,7.0,0.065,0.031901703592957964,0.024976137914975133
turbine_1,2025-12-04T18:00:00Z,2025-12-05T02:00:00Z,8.0,0.0116666666666666,0.033546181056284485,0.027052595433336046
turbine_1,2025-12-04T18:00:00Z,2025-12-05T03:00:00Z,9.0,0.01,0.024770834362323968,0.024530555596676773
turbine_1,2025-12-04T18:00:00Z,2025-12-05T04:00:00Z,10.0,0.0133333333333333,0.025628214512413094,0.025745225783478376
turbine_1,2025-12-04T18:00:00Z,2025-12-05T05:00:00Z,11.0,0.01,0.026257143548209794,0.025310777765785164
turbine_1,2025-12-04T18:00:00Z,2025-12-05T06:00:00Z,12.0,0.01,0.04133705889481415,0.048313949121819744
turbine_1,2025-12-04T18:00:00Z,2025-12-05T07:00:00Z,13.0,0.01,0.08063656008743471,0.07768913032459915
turbine_1,2025-12-04T18:00:00Z,2025-12-05T08:00:00Z,14.0,0.01,0.16392291150237373,0.10939530020184585
turbine_1,2025-12-04T18:00:00Z,2025-12-05T09:00:00Z,15.0,0.01,0.3064316221834986,0.2791850477735451
turbine_1,2025-12-04T18:00:00Z,2025-12-05T10:00:00Z,16.0,0.01,0.3995786299913918,0.3572151710645417
turbine_1,2025-12-04T18:00:00Z,2025-12-05T11:00:00Z,17.0,0.0083333333333333,0.4954281681296726,0.49981256568041504
turbine_1,2025-12-04T18:00:00Z,2025-12-05T12:00:00Z,18.0,0.0216666666666666,0.6397758445696404,0.6681435948005924
turbine_1,2025-12-04T18:00:00Z,2025-12-05T13:00:00Z,19.0,0.16,0.5461549827492912,0.5576251711061322
turbine_1,2025-12-04T18:00:00Z,2025-12-05T14:00:00Z,20.0,0.1816666666666666,0.6560966701344395,0.6846196709328538
turbine_1,2025-12-04T18:00:00Z,2025-12-05T15:00:00Z,21.0,0.1733333333333333,0.571547496459859,0.5888003509311128
turbine_1,2025-12-04T18:00:00Z,2025-12-05T16:00:00Z,22.0,0.0766666666666666,0.6190506261298365,0.6558826461820211
turbine_1,2025-12-04T18:00:00Z,2025-12-05T17:00:00Z,23.0,0.1216666666666666,0.5349731022410582,0.6098306145023413
turbine_1,2025-12-04T18:00:00Z,2025-12-05T18:00:00Z,24.0,0.1433333333333333,0.42054333685466655,0.44926009067814493
turbine_1,2025-12-04T18:00:00Z,2025-12-05T19:00:00Z,25.0,0.0116666666666666,0.36030411195066847,0.3986697467519191
turbine_1,2025-12-04T18:00:00Z,2025-12-05T20:00:00Z,26.0,0.01,0.2898406494528829,0.3257253565442873
turbine_1,2025-12-04T18:00:00Z,2025-12-05T21:00:00Z,27.0,0.0116666666666666,0.19228944166289996,0.2255636193790246
turbine_1,2025-12-04T18:00:00Z,2025-12-05T22:00:00Z,28.0,0.0083333333333333,0.05179128302496924,0.09254914843183384
turbine_1,2025-12-04T18:00:00Z,2025-12-05T23:00:00Z,29.0,0.01,0.021643010656263978,0.04318373805942019
turbine_1,2025-12-04T18:00:00Z,2025-12-06T00:00:00Z,30.0,0.01,0.01240201147051051,0.03078347961200026
turbine_1,2025-12-04T18:00:00Z,2025-12-06T01:00:00Z,31.0,0.0216666666666666,0.01157989680484045,0.012580327665054208
turbine_1,2025-12-04T18:00:00Z,2025-12-06T02:00:00Z,32.0,0.0216666666666666,0.013833682946182535,0.014837591100096775
turbine_1,2025-12-04T18:00:00Z,2025-12-06T03:00:00Z,33.0,0.17,0.0166267756642412,0.011891289791738036
turbine_1,2025-12-04T18:00:00Z,2025-12-06T04:00:00Z,34.0,0.185,0.026443152925719804,0.02381033112774425
turbine_1,2025-12-04T18:00:00Z,2025-12-06T05:00:00Z,35.0,0.1066666666666666,0.04293045662908834,0.04664130920119938
turbine_1,2025-12-04T18:00:00Z,2025-12-06T06:00:00Z,36.0,0.1083333333333333,0.13457935760433545,0.14323342788700721
turbine_1,2025-12-04T18:00:00Z,2025-12-06T07:00:00Z,37.0,0.73,0.20317384626945878,0.1935178198253553
turbine_1,2025-12-04T18:00:00Z,2025-12-06T08:00:00Z,38.0,0.6533333333333333,0.28543366979446394,0.3015284530948386
turbine_1,2025-12-04T18:00:00Z,2025-12-06T09:00:00Z,39.0,0.5716666666666667,0.3805913431417609,0.4019872859202248
turbine_1,2025-12-04T18:00:00Z,2025-12-06T10:00:00Z,40.0,0.4083333333333334,0.38290807178310293,0.41547321285866584
turbine_1,2025-12-04T18:00:00Z,2025-12-06T11:00:00Z,41.0,0.3233333333333333,0.3859655497196425,0.33169844416533156
turbine_1,2025-12-04T18:00:00Z,2025-12-06T12:00:00Z,42.0,0.0933333333333333,0.5504465045012314,0.5118929731558612
turbine_1,2025-12-04T18:00:00Z,2025-12-06T13:00:00Z,43.0,0.01,0.6302759029936016,0.6072418323098583
turbine_1,2025-12-04T18:00:00Z,2025-12-06T14:00:00Z,44.0,0.01,0.6879456808249825,0.6770434358043735
turbine_1,2025-12-04T18:00:00Z,2025-12-06T15:00:00Z,45.0,0.01,0.7138719462852545,0.71551555288338
turbine_1,2025-12-04T18:00:00Z,2025-12-06T16:00:00Z,46.0,0.01,0.6968199258927967,0.7257607055872601
turbine_1,2025-12-04T18:00:00Z,2025-12-06T17:00:00Z,47.0,0.0499999999999999,0.6924401610170958,0.715873551470318
turbine_1,2025-12-04T18:00:00Z,2025-12-06T18:00:00Z,48.0,0.09,0.680427529607339,0.6628733934705094
turbine_1,2025-12-05T18:00:00Z,2025-12-05T19:00:00Z,1.0,0.0116666666666666,0.18352662023329983,0.20876921786704586
turbine_1,2025-12-05T18:00:00Z,2025-12-05T20:00:00Z,2.0,0.01,0.08230626648742059,0.10721515440405352
turbine_1,2025-12-05T18:00:00Z,2025-12-05T21:00:00Z,3.0,0.0116666666666666,0.07502756079274574,0.07749991098662717
turbine_1,2025-12-05T18:00:00Z,2025-12-05T22:00:00Z,4.0,0.0083333333333333,0.03355153938005195,0.04897506662059689
turbine_1,2025-12-05T18:00:00Z,2025-12-05T23:00:00Z,5.0,0.01,0.012795397684824794,0.024093845943568115
turbine_1,2025-12-05T18:00:00Z,2025-12-06T00:00:00Z,6.0,0.01,0.01661724897339828,0.015096916538996974
turbine_1,2025-12-05T18:00:00Z,2025-12-06T01:00:00Z,7.0,0.0216666666666666,0.026257695131288755,0.012631949097890394
turbine_1,2025-12-05T18:00:00Z,2025-12-06T02:00:00Z,8.0,0.0216666666666666,0.03184826819110215,0.0158592684000555
turbine_1,2025-12-05T18:00:00Z,2025-12-06T03:00:00Z,9.0,0.17,0.03635500271419331,0.026278785244171377
turbine_1,2025-12-05T18:00:00Z,2025-12-06T04:00:00Z,10.0,0.185,0.04066407012968137,0.043921860664030615
turbine_1,2025-12-05T18:00:00Z,2025-12-06T05:00:00Z,11.0,0.1066666666666666,0.05358615737495609,0.046961337124464764
turbine_1,2025-12-05T18:00:00Z,2025-12-06T06:00:00Z,12.0,0.1083333333333333,0.12869670910605235,0.12951591703825388
turbine_1,2025-12-05T18:00:00Z,2025-12-06T07:00:00Z,13.0,0.73,0.20378196855745673,0.15347356580291854
turbine_1,2025-12-05T18:00:00Z,2025-12-06T08:00:00Z,14.0,0.6533333333333333,0.2537017246740035,0.20355110998009376
turbine_1,2025-12-05T18:00:00Z,2025-12-06T09:00:00Z,15.0,0.5716666666666667,0.3209140434430981,0.31746650753213024
turbine_1,2025-12-05T18:00:00Z,2025-12-06T10:00:00Z,16.0,0.4083333333333334,0.3305776002196822,0.30909531529238005
turbine_1,2025-12-05T18:00:00Z,2025-12-06T11:00:00Z,17.0,0.3233333333333333,0.38246659601679844,0.32501735682519883
turbine_1,2025-12-05T18:00:00Z,2025-12-06T12:00:00Z,18.0,0.0933333333333333,0.5568364601208045,0.5582914953515599
turbine_1,2025-12-05T18:00:00Z,2025-12-06T13:00:00Z,19.0,0.01,0.5643212211884765,0.5430378404489372
turbine_1,2025-12-05T18:00:00Z,2025-12-06T14:00:00Z,20.0,0.01,0.541582648732704,0.4958442504062579
turbine_1,2025-12-05T18:00:00Z,2025-12-06T15:00:00Z,21.0,0.01,0.33642748854660665,0.34144050933482906
turbine_1,2025-12-05T18:00:00Z,2025-12-06T16:00:00Z,22.0,0.01,0.33418882065215505,0.2767847273812404
turbine_1,2025-12-05T18:00:00Z,2025-12-06T17:00:00Z,23.0,0.0499999999999999,0.4434040215226329,0.4191548696943542
turbine_1,2025-12-05T18:00:00Z,2025-12-06T18:00:00Z,24.0,0.09,0.4804771614790122,0.39395827570174846
turbine_1,2025-12-05T18:00:00Z,2025-12-06T19:00:00Z,25.0,0.1083333333333333,0.5248331431220407,0.48077967220082185
turbine_1,2025-12-05T18:00:00Z,2025-12-06T20:00:00Z,26.0,0.1416666666666666,0.4732886263675061,0.43600654625768076
turbine_1,2025-12-05T18:00:00Z,2025-12-06T21:00:00Z,27.0,0.13,0.4629664338907651,0.43926033431388023
turbine_1,2025-12-05T18:00:00Z,2025-12-06T22:00:00Z,28.0,0.2233333333333333,0.4003694192157997,0.36916185381486766
turbine_1,2025-12-05T18:00:00Z,2025-12-06T23:00:00Z,29.0,0.2933333333333333,0.43784061988082956,0.41001038213258034
turbine_1,2025-12-05T18:00:00Z,2025-12-07T00:00:00Z,30.0,0.4316666666666666,0.3584751722243712,0.3182146319665403
turbine_1,2025-12-05T18:00:00Z,2025-12-07T01:00:00Z,31.0,0.445,0.31766018088545706,0.2940432572406714
turbine_1,2025-12-05T18:00:00Z,2025-12-07T02:00:00Z,32.0,0.5066666666666667,0.14709445212578304,0.12974476004436045
turbine_1,2025-12-05T18:00:00Z,2025-12-07T03:00:00Z,33.0,0.1016666666666666,0.13483002811108075,0.11818625507367572
turbine_1,2025-12-05T18:00:00Z,2025-12-07T04:00:00Z,34.0,0.03,0.13870586261709827,0.12632211011341912
turbine_1,2025-12-05T18:00:00Z,2025-12-07T05:00:00Z,35.0,0.055,0.15568651683644114,0.11099897807566805
turbine_1,2025-12-05T18:00:00Z,2025-12-07T06:00:00Z,36.0,0.01,0.10811113198191005,0.1446503902923679
turbine_1,2025-12-05T18:00:00Z,2025-12-07T07:00:00Z,37.0,0.01,0.14914389978440956,0.18576821009416514
turbine_1,2025-12-05T18:00:00Z,2025-12-07T08:00:00Z,38.0,0.0116666666666666,0.13608659697609793,0.16755614847068778
turbine_1,2025-12-05T18:00:00Z,2025-12-07T09:00:00Z,39.0,0.0116666666666666,0.08905170658569324,0.08613860761155415
turbine_1,2025-12-05T18:00:00Z,2025-12-07T10:00:00Z,40.0,0.01,0.08316693167421377,0.09247242537559154
turbine_1,2025-12-05T18:00:00Z,2025-12-07T11:00:00Z,41.0,0.0233333333333333,0.05267136211569845,0.07448843718599321
turbine_1,2025-12-05T18:00:00Z,2025-12-07T12:00:00Z,42.0,0.0166666666666666,0.036934857982108826,0.03284637214473887
turbine_1,2025-12-05T18:00:00Z,2025-12-07T13:00:00Z,43.0,0.075,0.04069362747974764,0.031682371206558896
turbine_1,2025-12-05T18:00:00Z,2025-12-07T14:00:00Z,44.0,0.0166666666666666,0.04541550480838008,0.03633114263984005
turbine_1,2025-12-05T18:00:00Z,2025-12-07T15:00:00Z,45.0,0.0116666666666666,0.05194632124651588,0.0443351166646877
turbine_1,2025-12-05T18:00:00Z,2025-12-07T16:00:00Z,46.0,0.0883333333333333,0.05981763604913365,0.057010715043094656
turbine_1,2025-12-05T18:00:00Z,2025-12-07T17:00:00Z,47.0,0.0166666666666666,0.06991545838712958,0.06384664719672095
turbine_1,2025-12-05T18:00:00Z,2025-12-07T18:00:00Z,48.0,0.01,0.07719773579124271,0.04670133331601192
turbine_1,2025-12-06T18:00:00Z,2025-12-06T19:00:00Z,1.0,0.1083333333333333,0.49441741610515055,0.3845013277889964
turbine_1,2025-12-06T18:00:00Z,2025-12-06T20:00:00Z,2.0,0.1416666666666666,0.44094832972563425,0.38403387712137754
turbine_1,2025-12-06T18:00:00Z,2025-12-06T21:00:00Z,3.0,0.13,0.42448757600363707,0.3786140863365802
turbine_1,2025-12-06T18:00:00Z,2025-12-06T22:00:00Z,4.0,0.2233333333333333,0.4664330839594938,0.4193422161935323
turbine_1,2025-12-06T18:00:00Z,2025-12-06T23:00:00Z,5.0,0.2933333333333333,0.4730328889449211,0.44163959250096574
turbine_1,2025-12-06T18:00:00Z,2025-12-07T00:00:00Z,6.0,0.4316666666666666,0.5494959146499097,0.5233979605238304
turbine_1,2025-12-06T18:00:00Z,2025-12-07T01:00:00Z,7.0,0.445,0.5694653907988723,0.566673101534266
turbine_1,2025-12-06T18:00:00Z,2025-12-07T02:00:00Z,8.0,0.5066666666666667,0.5640298208599304,0.563180049104617
turbine_1,2025-12-06T18:00:00Z,2025-12-07T03:00:00Z,9.0,0.1016666666666666,0.62484119479872,0.5983240996518226
turbine_1,2025-12-06T18:00:00Z,2025-12-07T04:00:00Z,10.0,0.03,0.6450395585379477,0.5922162761265232
turbine_1,2025-12-06T18:00:00Z,2025-12-07T05:00:00Z,11.0,0.055,0.6376107970418692,0.6311583279666058
turbine_1,2025-12-06T18:00:00Z,2025-12-07T06:00:00Z,12.0,0.01,0.5724812854292182,0.5428619804707464
turbine_1,2025-12-06T18:00:00Z,2025-12-07T07:00:00Z,13.0,0.01,0.5602026322227203,0.5759024215171193
turbine_1,2025-12-06T18:00:00Z,2025-12-07T08:00:00Z,14.0,0.0116666666666666,0.5609847815427358,0.5899557366973365
turbine_1,2025-12-06T18:00:00Z,2025-12-07T09:00:00Z,15.0,0.0116666666666666,0.31546076402678613,0.3201685221964764
turbine_1,2025-12-06T18:00:00Z,2025-12-07T10:00:00Z,16.0,0.01,0.20778092259417985,0.19505947334355145
turbine_1,2025-12-06T18:00:00Z,2025-12-07T11:00:00Z,17.0,0.0233333333333333,0.13369929383095253,0.17659442375822088
turbine_1,2025-12-06T18:00:00Z,2025-12-07T12:00:00Z,18.0,0.0166666666666666,0.08165724246711345,0.10567349121465452
turbine_1,2025-12-06T18:00:00Z,2025-12-07T13:00:00Z,19.0,0.075,0.06510661911302124,0.06666103437730048
turbine_1,2025-12-06T18:00:00Z,2025-12-07T14:00:00Z,20.0,0.0166666666666666,0.07780894866160908,0.07346077686745457
turbine_1,2025-12-06T18:00:00Z,2025-12-07T15:00:00Z,21.0,0.0116666666666666,0.049204819865021676,0.0372817433759948
turbine_1,2025-12-06T18:00:00Z,2025-12-07T16:00:00Z,22.0,0.0883333333333333,0.04187971824012532,0.04030714340773131
turbine_1,2025-12-06T18:00:00Z,2025-12-07T17:00:00Z,23.0,0.0166666666666666,0.0610385632176067,0.05580111947591718
turbine_1,2025-12-06T18:00:00Z,2025-12-07T18:00:00Z,24.0,0.01,0.07649167402494893,0.06288921105480771
turbine_1,2025-12-06T18:00:00Z,2025-12-07T19:00:00Z,25.0,0.01,0.07227357855497163,0.06937707439457616
turbine_1,2025-12-06T18:00:00Z,2025-12-07T20:00:00Z,26.0,0.01,0.06064085488213361,0.08298280071324679
turbine_1,2025-12-06T18:00:00Z,2025-12-07T21:00:00Z,27.0,0.01,0.10283734086454396,0.08373058730602229
turbine_1,2025-12-06T18:00:00Z,2025-12-07T22:00:00Z,28.0,0.0499999999999999,0.09600572753315734,0.07433937060488399
turbine_1,2025-12-06T18:00:00Z,2025-12-07T23:00:00Z,29.0,0.2383333333333333,0.0772057228705141,0.12059633963680746
turbine_1,2025-12-06T18:00:00Z,2025-12-08T00:00:00Z,30.0,0.1566666666666666,0.40368004303885474,0.5078980904773247
turbine_1,2025-12-06T18:00:00Z,2025-12-08T01:00:00Z,31.0,0.6266666666666666,0.32349831430896253,0.32060814056502457
turbine_1,2025-12-06T18:00:00Z,2025-12-08T02:00:00Z,32.0,0.62,0.5302662526842372,0.4803215150863533
turbine_1,2025-12-06T18:00:00Z,2025-12-08T03:00:00Z,33.0,0.435,0.7256150547714423,0.7114908961316451
turbine_1,2025-12-06T18:00:00Z,2025-12-08T04:00:00Z,34.0,0.34,0.6431477433013932,0.6253490461369091
turbine_1,2025-12-06T18:00:00Z,2025-12-08T05:00:00Z,35.0,0.1783333333333333,0.6786797285312167,0.7024753993793639
turbine_1,2025-12-06T18:00:00Z,2025-12-08T06:00:00Z,36.0,0.0116666666666666,0.5965294013625506,0.6285690180430881
turbine_1,2025-12-06T18:00:00Z,2025-12-08T07:00:00Z,37.0,0.0133333333333333,0.37131578775959584,0.41444812301084427
turbine_1,2025-12-06T18:00:00Z,2025-12-08T08:00:00Z,38.0,0.01,0.19179134116307292,0.20701459449498563
turbine_1,2025-12-06T18:00:00Z,2025-12-08T09:00:00Z,39.0,0.0416666666666666,0.10593644683695479,0.09589536597231266
turbine_1,2025-12-06T18:00:00Z,2025-12-08T10:00:00Z,40.0,0.4133333333333333,0.03872910994812706,0.04621100352011512
turbine_1,2025-12-06T18:00:00Z,2025-12-08T11:00:00Z,41.0,0.5133333333333333,0.1393698465390832,0.10682720874929152
turbine_1,2025-12-06T18:00:00Z,2025-12-08T12:00:00Z,42.0,0.3083333333333333,0.3081294016148924,0.3221295184017554
turbine_1,2025-12-06T18:00:00Z,2025-12-08T13:00:00Z,43.0,0.7000000000000001,0.7067217038145566,0.7001309210792787
turbine_1,2025-12-06T18:00:00Z,2025-12-08T14:00:00Z,44.0,0.9333333333333332,0.9593281016973148,0.9537134149261726
turbine_1,2025-12-06T18:00:00Z,2025-12-08T15:00:00Z,45.0,0.955,0.949619928468579,0.9628217349404753
turbine_1,2025-12-06T18:00:00Z,2025-12-08T16:00:00Z,46.0,0.975,0.9323575967218766,0.9440586723029812
turbine_1,2025-12-06T18:00:00Z,2025-12-08T17:00:00Z,47.0,0.8649999999999999,0.9267606337413681,0.9156303977947859
turbine_1,2025-12-06T18:00:00Z,2025-12-08T18:00:00Z,48.0,0.955,0.9169661626190793,0.8598323505502194
turbine_1,2025-12-07T18:00:00Z,2025-12-07T19:00:00Z,1.0,0.01,0.24866096717678773,0.23344863460339688
turbine_1,2025-12-07T18:00:00Z,2025-12-07T20:00:00Z,2.0,0.01,0.2211905440450473,0.18195288917409858
turbine_1,2025-12-07T18:00:00Z,2025-12-07T21:00:00Z,3.0,0.01,0.3139627849614129,0.2775535800966108
turbine_1,2025-12-07T18:00:00Z,2025-12-07T22:00:00Z,4.0,0.0499999999999999,0.48034434818401217,0.4160867034166654
turbine_1,2025-12-07T18:00:00Z,2025-12-07T23:00:00Z,5.0,0.2383333333333333,0.43546971308458426,0.4122030586982674
turbine_1,2025-12-07T18:00:00Z,2025-12-08T00:00:00Z,6.0,0.1566666666666666,0.46758211617462475,0.43600231524315397
turbine_1,2025-12-07T18:00:00Z,2025-12-08T01:00:00Z,7.0,0.6266666666666666,0.6210415336736219,0.5689359086466437
turbine_1,2025-12-07T18:00:00Z,2025-12-08T02:00:00Z,8.0,0.62,0.5496958283695309,0.5849997057021741
turbine_1,2025-12-07T18:00:00Z,2025-12-08T03:00:00Z,9.0,0.435,0.6122051239817774,0.6009704736952184
turbine_1,2025-12-07T18:00:00Z,2025-12-08T04:00:00Z,10.0,0.34,0.7361527694046979,0.7481431296753907
turbine_1,2025-12-07T18:00:00Z,2025-12-08T05:00:00Z,11.0,0.1783333333333333,0.7089457866821348,0.6778197761627254
turbine_1,2025-12-07T18:00:00Z,2025-12-08T06:00:00Z,12.0,0.0116666666666666,0.30507578369034005,0.3201391881077177
turbine_1,2025-12-07T18:00:00Z,2025-12-08T07:00:00Z,13.0,0.0133333333333333,0.18600931431430556,0.1436127462873577
turbine_1,2025-12-07T18:00:00Z,2025-12-08T08:00:00Z,14.0,0.01,0.07565508851546486,0.055910952595593894
turbine_1,2025-12-07T18:00:00Z,2025-12-08T09:00:00Z,15.0,0.0416666666666666,0.040122642740800574,0.03184240491877882
turbine_1,2025-12-07T18:00:00Z,2025-12-08T10:00:00Z,16.0,0.4133333333333333,0.1571720096627808,0.15818080748874988
turbine_1,2025-12-07T18:00:00Z,2025-12-08T11:00:00Z,17.0,0.5133333333333333,0.589036706964562,0.6124875486568626
turbine_1,2025-12-07T18:00:00Z,2025-12-08T12:00:00Z,18.0,0.3083333333333333,0.9570521905967201,0.9590950151460274
turbine_1,2025-12-07T18:00:00Z,2025-12-08T13:00:00Z,19.0,0.7000000000000001,0.9499411856809089,0.9496361680802532
turbine_1,2025-12-07T18:00:00Z,2025-12-08T14:00:00Z,20.0,0.9333333333333332,0.9421028977309622,0.947792279856614
turbine_1,2025-12-07T18:00:00Z,2025-12-08T15:00:00Z,21.0,0.955,0.936409131334376,0.932521688218256
turbine_1,2025-12-07T18:00:00Z,2025-12-08T16:00:00Z,22.0,0.975,0.8970326150562189,0.8518609816198779
turbine_1,2025-12-07T18:00:00Z,2025-12-08T17:00:00Z,23.0,0.8649999999999999,0.9298030522964256,0.9256695910635371
turbine_1,2025-12-07T18:00:00Z,2025-12-08T18:00:00Z,24.0,0.955,0.9543793574690372,0.9167838329917045
turbine_1,2025-12-07T18:00:00Z,2025-12-08T19:00:00Z,25.0,0.775,0.9148884819481968,0.8533492534284206
turbine_1,2025-12-07T18:00:00Z,2025-12-08T20:00:00Z,26.0,0.2799999999999999,0.7132062196942697,0.6395788982751616
turbine_1,2025-12-07T18:00:00Z,2025-12-08T21:00:00Z,27.0,0.1483333333333333,0.4919185515457108,0.5362499118513018
turbine_1,2025-12-07T18:00:00Z,2025-12-08T22:00:00Z,28.0,0.1216666666666666,0.3830288799515876,0.3670676912778438
turbine_1,2025-12-07T18:00:00Z,2025-12-08T23:00:00Z,29.0,0.0716666666666666,0.24025370811064917,0.21095997291487156
turbine_1,2025-12-07T18:00:00Z,2025-12-09T00:00:00Z,30.0,0.0266666666666666,0.1153040952587484,0.10078693846929698
turbine_1,2025-12-07T18:00:00Z,2025-12-09T01:00:00Z,31.0,0.01,0.06218144528831898,0.06145214972136748
turbine_1,2025-12-07T18:00:00Z,2025-12-09T02:00:00Z,32.0,0.01,0.04030901261873254,0.03421179450030576
turbine_1,2025-12-07T18:00:00Z,2025-12-09T03:00:00Z,33.0,0.01,0.02068680939862666,0.025155128375431435
turbine_1,2025-12-07T18:00:00Z,2025-12-09T04:00:00Z,34.0,0.1766666666666666,0.012913158461026197,0.013629403512229382
turbine_1,2025-12-07T18:00:00Z,2025-12-09T05:00:00Z,35.0,0.8283333333333333,0.040638881753575995,0.03000778611102836
turbine_1,2025-12-07T18:00:00Z,2025-12-09T06:00:00Z,36.0,0.915,0.16822350700223712,0.1531865415976894
turbine_1,2025-12-07T18:00:00Z,2025-12-09T07:00:00Z,37.0,0.9866666666666668,0.7938018454570668,0.7818114321460978
turbine_1,2025-12-07T18:00:00Z,2025-12-09T08:00:00Z,38.0,0.9866666666666668,0.9834498822991792,0.9470669021455134
turbine_1,2025-12-07T18:00:00Z,2025-12-09T09:00:00Z,39.0,0.9883333333333332,0.9999295498674554,0.9580265426403913
turbine_1,2025-12-07T18:00:00Z,2025-12-09T10:00:00Z,40.0,0.98,0.9487980440927913,0.9655592103890419
turbine_1,2025-12-07T18:00:00Z,2025-12-09T11:00:00Z,41.0,0.9316666666666666,0.8053505544042371,0.8499867781998784
turbine_1,2025-12-07T18:00:00Z,2025-12-09T12:00:00Z,42.0,0.9416666666666668,0.6280051853959593,0.6985422016825018
turbine_1,2025-12-07T18:00:00Z,2025-12-09T13:00:00Z,43.0,0.8849999999999999,0.43405604545115906,0.5852134545229821
turbine_1,2025-12-07T18:00:00Z,2025-12-09T14:00:00Z,44.0,0.935,0.27483412906669896,0.2869754325800828
turbine_1,2025-12-07T18:00:00Z,2025-12-09T15:00:00Z,45.0,0.815,0.09489525053796291,0.11379460953399209
turbine_1,2025-12-07T18:00:00Z,2025-12-09T16:00:00Z,46.0,0.5316666666666666,0.0854755247718223,0.08880818782879625
turbine_1,2025-12-07T18:00:00Z,2025-12-09T17:00:00Z,47.0,0.165,0.038171120062396535,0.03767319242768338
turbine_1,2025-12-07T18:00:00Z,2025-12-09T18:00:00Z,48.0,0.0483333333333333,0.03304133912114815,0.030355119450706652
turbine_1,2025-12-08T18:00:00Z,2025-12-08T19:00:00Z,1.0,0.775,0.764738669035725,0.7433360538838871
turbine_1,2025-12-08T18:00:00Z,2025-12-08T20:00:00Z,2.0,0.2799999999999999,0.6979814647167327,0.6623105507305254
turbine_1,2025-12-08T18:00:00Z,2025-12-08T21:00:00Z,3.0,0.1483333333333333,0.37213336273987446,0.3186367383373975
turbine_1,2025-12-08T18:00:00Z,2025-12-08T22:00:00Z,4.0,0.1216666666666666,0.18994568787940194,0.14031079711139247
turbine_1,2025-12-08T18:00:00Z,2025-12-08T23:00:00Z,5.0,0.0716666666666666,0.06996044233189885,0.04834439345478836
turbine_1,2025-12-08T18:00:00Z,2025-12-09T00:00:00Z,6.0,0.0266666666666666,0.033262986143949014,0.03213314264913836
turbine_1,2025-12-08T18:00:00Z,2025-12-09T01:00:00Z,7.0,0.01,0.014825599751334961,0.02407412134750625
turbine_1,2025-12-08T18:00:00Z,2025-12-09T02:00:00Z,8.0,0.01,0.018321150837998013,0.01307007365702087
turbine_1,2025-12-08T18:00:00Z,2025-12-09T03:00:00Z,9.0,0.01,0.03153688334745633,0.0197400058480193
turbine_1,2025-12-08T18:00:00Z,2025-12-09T04:00:00Z,10.0,0.1766666666666666,0.11421830907329046,0.12373703220996565
turbine_1,2025-12-08T18:00:00Z,2025-12-09T05:00:00Z,11.0,0.8283333333333333,0.4666825933950993,0.4512299828229471
turbine_1,2025-12-08T18:00:00Z,2025-12-09T06:00:00Z,12.0,0.915,0.9799530071919377,0.9460741763411737
turbine_1,2025-12-08T18:00:00Z,2025-12-09T07:00:00Z,13.0,0.9866666666666668,0.9827180332319544,0.952071079835128
turbine_1,2025-12-08T18:00:00Z,2025-12-09T08:00:00Z,14.0,0.9866666666666668,0.9865449610551839,0.9817850064628222
turbine_1,2025-12-08T18:00:00Z,2025-12-09T09:00:00Z,15.0,0.9883333333333332,0.9805201277177592,0.9710215530758982
turbine_1,2025-12-08T18:00:00Z,2025-12-09T10:00:00Z,16.0,0.98,0.8656876888430549,0.8918528429477734
turbine_1,2025-12-08T18:00:00Z,2025-12-09T11:00:00Z,17.0,0.9316666666666666,0.6504814818955595,0.6545326758608154
turbine_1,2025-12-08T18:00:00Z,2025-12-09T12:00:00Z,18.0,0.9416666666666668,0.4739411429348317,0.5994648448799809
turbine_1,2025-12-08T18:00:00Z,2025-12-09T13:00:00Z,19.0,0.8849999999999999,0.2947808871610806,0.34850540068578595
turbine_1,2025-12-08T18:00:00Z,2025-12-09T14:00:00Z,20.0,0.935,0.14945228949170034,0.1747272491112875
turbine_1,2025-12-08T18:00:00Z,2025-12-09T15:00:00Z,21.0,0.815,0.13442814098062972,0.14652413300891068
turbine_1,2025-12-08T18:00:00Z,2025-12-09T16:00:00Z,22.0,0.5316666666666666,0.07333368508729315,0.09886147618616592
turbine_1,2025-12-08T18:00:00Z,2025-12-09T17:00:00Z,23.0,0.165,0.03814671136627912,0.049067664697547725
turbine_1,2025-12-08T18:00:00Z,2025-12-09T18:00:00Z,24.0,0.0483333333333333,0.03174559626692186,0.024593487635304667
turbine_1,2025-12-08T18:00:00Z,2025-12-09T19:00:00Z,25.0,0.3483333333333333,0.08481433807432152,0.05255435256175914
turbine_1,2025-12-08T18:00:00Z,2025-12-09T20:00:00Z,26.0,0.6333333333333333,0.15050283955413912,0.15352293386582722
turbine_1,2025-12-08T18:00:00Z,2025-12-09T21:00:00Z,27.0,0.7716666666666666,0.26861305314505385,0.2250541760278163
turbine_1,2025-12-08T18:00:00Z,2025-12-09T22:00:00Z,28.0,0.9483333333333333,0.43027877971520007,0.41157121356921006
turbine_1,2025-12-08T18:00:00Z,2025-12-09T23:00:00Z,29.0,0.99,0.6724140898176079,0.6193107243060056
turbine_1,2025-12-08T18:00:00Z,2025-12-10T00:00:00Z,30.0,0.9816666666666666,0.5685818108810847,0.5914263946156761
turbine_1,2025-12-08T18:00:00Z,2025-12-10T01:00:00Z,31.0,0.975,0.7234838877800968,0.6662298240778476
turbine_1,2025-12-08T18:00:00Z,2025-12-10T02:00:00Z,32.0,0.99,0.8653263175586737,0.8551863684804776
turbine_1,2025-12-08T18:00:00Z,2025-12-10T03:00:00Z,33.0,0.98,0.9720255679768431,0.9743400964849851
turbine_1,2025-12-08T18:00:00Z,2025-12-10T04:00:00Z,34.0,0.9166666666666666,0.9605654993566967,0.9754817761614835
turbine_1,2025-12-08T18:00:00Z,2025-12-10T05:00:00Z,35.0,0.79,0.9860962594945197,0.9633926660949037
turbine_1,2025-12-08T18:00:00Z,2025-12-10T06:00:00Z,36.0,0.915,0.9810655305895314,0.9504411519633056
turbine_1,2025-12-08T18:00:00Z,2025-12-10T07:00:00Z,37.0,0.9416666666666668,0.9347512662296209,0.9584924705722948
turbine_1,2025-12-08T18:00:00Z,2025-12-10T08:00:00Z,38.0,0.9316666666666666,0.9292954493783503,0.9581458244817478
turbine_1,2025-12-08T18:00:00Z,2025-12-10T09:00:00Z,39.0,0.9666666666666668,0.93505762642492,0.9407642746892859
turbine_1,2025-12-08T18:00:00Z,2025-12-10T10:00:00Z,40.0,0.9766666666666666,0.8034274153693315,0.845058539331769
turbine_1,2025-12-08T18:00:00Z,2025-12-10T11:00:00Z,41.0,0.99,0.4322577031439807,0.4876800446205316
turbine_1,2025-12-08T18:00:00Z,2025-12-10T12:00:00Z,42.0,0.9866666666666668,0.38863445618902004,0.34894361301042887
turbine_1,2025-12-08T18:00:00Z,2025-12-10T13:00:00Z,43.0,0.9633333333333334,0.45165352445650064,0.4386726756744395
turbine_1,2025-12-08T18:00:00Z,2025-12-10T14:00:00Z,44.0,0.99,0.7688984377030245,0.7515122895925925
turbine_1,2025-12-08T18:00:00Z,2025-12-10T15:00:00Z,45.0,0.99,0.851026372545729,0.8478103603845445
turbine_1,2025-12-08T18:00:00Z,2025-12-10T16:00:00Z,46.0,0.99,0.8801077321121994,0.8519157801171158
turbine_1,2025-12-08T18:00:00Z,2025-12-10T17:00:00Z,47.0,0.99,0.9026824799653628,0.9004931295659138
turbine_1,2025-12-08T18:00:00Z,2025-12-10T18:00:00Z,48.0,0.9816666666666666,0.8685760600936129,0.8661578234543161
turbine_1,2025-12-09T18:00:00Z,2025-12-09T19:00:00Z,1.0,0.3483333333333333,0.14461579917572487,0.10367439378737284
turbine_1,2025-12-09T18:00:00Z,2025-12-09T20:00:00Z,2.0,0.6333333333333333,0.18150835478870794,0.1870472629476585
turbine_1,2025-12-09T18:00:00Z,2025-12-09T21:00:00Z,3.0,0.7716666666666666,0.4188811694280885,0.39741428079985675
turbine_1,2025-12-09T18:00:00Z,2025-12-09T22:00:00Z,4.0,0.9483333333333333,0.7256203653270925,0.720065920265554
turbine_1,2025-12-09T18:00:00Z,2025-12-09T23:00:00Z,5.0,0.99,0.8991057830093198,0.9189311877331525
turbine_1,2025-12-09T18:00:00Z,2025-12-10T00:00:00Z,6.0,0.9816666666666666,0.9678210578317002,0.9676314351510122
turbine_1,2025-12-09T18:00:00Z,2025-12-10T01:00:00Z,7.0,0.975,0.9676957081442826,0.9672045878432283
turbine_1,2025-12-09T18:00:00Z,2025-12-10T02:00:00Z,8.0,0.99,0.967998833413854,0.9724241736954725
turbine_1,2025-12-09T18:00:00Z,2025-12-10T03:00:00Z,9.0,0.98,0.9604791050305107,0.9652444201992764
turbine_1,2025-12-09T18:00:00Z,2025-12-10T04:00:00Z,10.0,0.9166666666666666,0.9613822181255541,0.9612796520636477
turbine_1,2025-12-09T18:00:00Z,2025-12-10T05:00:00Z,11.0,0.79,0.9658934774619793,0.927898614897216
turbine_1,2025-12-09T18:00:00Z,2025-12-10T06:00:00Z,12.0,0.915,0.9716699499435745,0.9386666830341328
turbine_1,2025-12-09T18:00:00Z,2025-12-10T07:00:00Z,13.0,0.9416666666666668,0.9863428250077811,0.963055349435255
turbine_1,2025-12-09T18:00:00Z,2025-12-10T08:00:00Z,14.0,0.9316666666666666,0.9808870081565104,0.9619262764207113
turbine_1,2025-12-09T18:00:00Z,2025-12-10T09:00:00Z,15.0,0.9666666666666668,0.9528939210139074,0.9407642746892859
turbine_1,2025-12-09T18:00:00Z,2025-12-10T10:00:00Z,16.0,0.9766666666666666,0.9362923085804652,0.9379287654369071
turbine_1,2025-12-09T18:00:00Z,2025-12-10T11:00:00Z,17.0,0.99,0.929454334042223,0.8910631976159695
turbine_1,2025-12-09T18:00:00Z,2025-12-10T12:00:00Z,18.0,0.9866666666666668,0.7898444379960482,0.7623278119215882
turbine_1,2025-12-09T18:00:00Z,2025-12-10T13:00:00Z,19.0,0.9633333333333334,0.9433505390773448,0.9438739921047039
turbine_1,2025-12-09T18:00:00Z,2025-12-10T14:00:00Z,20.0,0.99,0.9428837558187756,0.939926759382254
turbine_1,2025-12-09T18:00:00Z,2025-12-10T15:00:00Z,21.0,0.99,0.9031504378021599,0.9299655802768022
turbine_1,2025-12-09T18:00:00Z,2025-12-10T16:00:00Z,22.0,0.99,0.9042907350001245,0.915304541391372
turbine_1,2025-12-09T18:00:00Z,2025-12-10T17:00:00Z,23.0,0.99,0.8969336752850762,0.9031342125794198
turbine_1,2025-12-09T18:00:00Z,2025-12-10T18:00:00Z,24.0,0.9816666666666666,0.8985926036866513,0.8867037336169203
turbine_1,2025-12-09T18:00:00Z,2025-12-10T19:00:00Z,25.0,0.9066666666666666,0.9052990526172492,0.8755683315948357
turbine_1,2025-12-09T18:00:00Z,2025-12-10T20:00:00Z,26.0,0.475,0.903634032254179,0.8795004444347598
turbine_1,2025-12-09T18:00:00Z,2025-12-10T21:00:00Z,27.0,0.3616666666666666,0.809689240022991,0.7840770263126261
turbine_1,2025-12-09T18:00:00Z,2025-12-10T22:00:00Z,28.0,0.0933333333333333,0.7487463569435053,0.7202866842941329
turbine_1,2025-12-09T18:00:00Z,2025-12-10T23:00:00Z,29.0,0.01,0.6034698279280679,0.5817081521061023
turbine_1,2025-12-09T18:00:00Z,2025-12-11T00:00:00Z,30.0,0.01,0.19413883835697002,0.18914865997381164
turbine_1,2025-12-09T18:00:00Z,2025-12-11T01:00:00Z,31.0,0.0333333333333333,0.061929596287425365,0.10678281405668957
turbine_1,2025-12-09T18:00:00Z,2025-12-11T02:00:00Z,32.0,0.01,0.01687009064047995,0.015610103393736668
turbine_1,2025-12-09T18:00:00Z,2025-12-11T03:00:00Z,33.0,0.1766666666666666,0.06491099799017772,0.039847231033945885
turbine_1,2025-12-09T18:00:00Z,2025-12-11T04:00:00Z,34.0,0.995,0.13594293262043006,0.13562241047628115
turbine_1,2025-12-09T18:00:00Z,2025-12-11T05:00:00Z,35.0,0.99,0.6579755391895691,0.6178314240676563
turbine_1,2025-12-09T18:00:00Z,2025-12-11T06:00:00Z,36.0,0.99,0.9479854367639169,0.9049567141614299
turbine_1,2025-12-09T18:00:00Z,2025-12-11T07:00:00Z,37.0,0.9883333333333332,0.9758949792208171,0.9528075102265949
turbine_1,2025-12-09T18:00:00Z,2025-12-11T08:00:00Z,38.0,0.99,0.9809925176692778,0.9582872111716101
turbine_1,2025-12-09T18:00:00Z,2025-12-11T09:00:00Z,39.0,0.99,1.0,0.960422025968726
turbine_1,2025-12-09T18:00:00Z,2025-12-11T10:00:00Z,40.0,0.99,1.0,0.9713331393413365
turbine_1,2025-12-09T18:00:00Z,2025-12-11T11:00:00Z,41.0,0.99,0.9995267575278276,0.9743792620457252
turbine_1,2025-12-09T18:00:00Z,2025-12-11T12:00:00Z,42.0,0.99,0.9918788209486459,0.9716157628712567
turbine_1,2025-12-09T18:00:00Z,2025-12-11T13:00:00Z,43.0,0.99,0.993189423916245,0.9800011244478639
turbine_1,2025-12-09T18:00:00Z,2025-12-11T14:00:00Z,44.0,0.99,0.9922271938975364,0.9754171522458612
turbine_1,2025-12-09T18:00:00Z,2025-12-11T15:00:00Z,45.0,0.99,0.9942224907966956,0.976053891725414
turbine_1,2025-12-09T18:00:00Z,2025-12-11T16:00:00Z,46.0,0.99,0.9854057881731306,0.9606741612567276
turbine_1,2025-12-09T18:00:00Z,2025-12-11T17:00:00Z,47.0,0.99,0.9903518070954003,0.9614072038691468
turbine_1,2025-12-09T18:00:00Z,2025-12-11T18:00:00Z,48.0,0.99,0.9720360057980366,0.9514889711798227
turbine_1,2025-12-10T18:00:00Z,2025-12-10T19:00:00Z,1.0,0.9066666666666666,0.8915872361309158,0.8888622531816164
turbine_1,2025-12-10T18:00:00Z,2025-12-10T20:00:00Z,2.0,0.475,0.7186844147153975,0.7325452670681121
turbine_1,2025-12-10T18:00:00Z,2025-12-10T21:00:00Z,3.0,0.3616666666666666,0.4264768044921211,0.4184292733931109
turbine_1,2025-12-10T18:00:00Z,2025-12-10T22:00:00Z,4.0,0.0933333333333333,0.1776345791793647,0.19295509282112047
turbine_1,2025-12-10T18:00:00Z,2025-12-10T23:00:00Z,5.0,0.01,0.02161873949320986,0.06867588393290933
turbine_1,2025-12-10T18:00:00Z,2025-12-11T00:00:00Z,6.0,0.01,0.01816075795540112,0.017932693680497602
turbine_1,2025-12-10T18:00:00Z,2025-12-11T01:00:00Z,7.0,0.0333333333333333,0.05711574962063204,0.054453725370524814
turbine_1,2025-12-10T18:00:00Z,2025-12-11T02:00:00Z,8.0,0.01,0.16342891727077813,0.16260670919927311
turbine_1,2025-12-10T18:00:00Z,2025-12-11T03:00:00Z,9.0,0.1766666666666666,0.8032281636891029,0.7831309444671755
turbine_1,2025-12-10T18:00:00Z,2025-12-11T04:00:00Z,10.0,0.995,0.9601236177694852,0.9189354609031231
turbine_1,2025-12-10T18:00:00Z,2025-12-11T05:00:00Z,11.0,0.99,0.9788508109918758,0.9475813059769418
turbine_1,2025-12-10T18:00:00Z,2025-12-11T06:00:00Z,12.0,0.99,0.9744897613288082,0.9586624524977818
turbine_1,2025-12-10T18:00:00Z,2025-12-11T07:00:00Z,13.0,0.9883333333333332,0.9765763759910173,0.9591269784166612
turbine_1,2025-12-10T18:00:00Z,2025-12-11T08:00:00Z,14.0,0.99,0.9809925176692778,0.9943815104819711
turbine_1,2025-12-10T18:00:00Z,2025-12-11T09:00:00Z,15.0,0.99,1.0,0.986666916956523
turbine_1,2025-12-10T18:00:00Z,2025-12-11T10:00:00Z,16.0,0.99,1.0,0.986335019197355
turbine_1,2025-12-10T18:00:00Z,2025-12-11T11:00:00Z,17.0,0.99,0.9991376662706117,0.9758720238885239
turbine_1,2025-12-10T18:00:00Z,2025-12-11T12:00:00Z,18.0,0.99,0.989869504431467,0.9650202210499033
turbine_1,2025-12-10T18:00:00Z,2025-12-11T13:00:00Z,19.0,0.99,0.9918557559065516,0.9751325147308436
turbine_1,2025-12-10T18:00:00Z,2025-12-11T14:00:00Z,20.0,0.99,0.9922271938975364,0.9719176077818166
turbine_1,2025-12-10T18:00:00Z,2025-12-11T15:00:00Z,21.0,0.99,0.9942224907966956,0.9737292893103799
turbine_1,2025-12-10T18:00:00Z,2025-12-11T16:00:00Z,22.0,0.99,0.9854057881731306,0.9666206535628183
turbine_1,2025-12-10T18:00:00Z,2025-12-11T17:00:00Z,23.0,0.99,0.9903518070954003,0.9614072038691468
turbine_1,2025-12-10T18:00:00Z,2025-12-11T18:00:00Z,24.0,0.99,0.9720360057980366,0.944978873642482
turbine_1,2025-12-10T18:00:00Z,2025-12-11T19:00:00Z,25.0,0.99,0.9735378090602229,0.9495173019347332
turbine_1,2025-12-10T18:00:00Z,2025-12-11T20:00:00Z,26.0,0.99,0.9652736980012263,0.9495106813487162
turbine_1,2025-12-10T18:00:00Z,2025-12-11T21:00:00Z,27.0,0.99,0.9687448781045161,0.9398023155923185
turbine_1,2025-12-10T18:00:00Z,2025-12-11T22:00:00Z,28.0,0.99,0.949878309671521,0.957880718757188
turbine_1,2025-12-10T18:00:00Z,2025-12-11T23:00:00Z,29.0,0.99,0.951954996807466,0.9368099509697796
turbine_1,2025-12-10T18:00:00Z,2025-12-12T00:00:00Z,30.0,0.99,0.9495258057481565,0.9364600836206636
turbine_1,2025-12-10T18:00:00Z,2025-12-12T01:00:00Z,31.0,0.99,0.9500573953684426,0.9333725670731103
turbine_1,2025-12-10T18:00:00Z,2025-12-12T04:00:00Z,34.0,0.99,0.9603042879342581,0.9227216964310312
turbine_1,2025-12-10T18:00:00Z,2025-12-12T05:00:00Z,35.0,0.99,0.9788508109918758,0.9295810497179438
turbine_1,2025-12-10T18:00:00Z,2025-12-12T06:00:00Z,36.0,0.99,0.9749648164549097,0.9056885531150731
turbine_1,2025-12-10T18:00:00Z,2025-12-12T07:00:00Z,37.0,0.99,0.9770514311171189,0.9164261683537638
turbine_1,2025-12-10T18:00:00Z,2025-12-12T08:00:00Z,38.0,0.99,0.9821489695655795,0.909860467411997
turbine_1,2025-12-10T18:00:00Z,2025-12-12T09:00:00Z,39.0,0.99,1.0,0.9350171490264658
turbine_1,2025-12-10T18:00:00Z,2025-12-12T10:00:00Z,40.0,0.9883333333333332,1.0,0.9128870542281078
turbine_1,2025-12-10T18:00:00Z,2025-12-12T11:00:00Z,41.0,0.99,1.0,0.9199185816807482
turbine_1,2025-12-10T18:00:00Z,2025-12-12T12:00:00Z,42.0,0.99,0.9965394862939735,0.919664134663817
turbine_1,2025-12-10T18:00:00Z,2025-12-12T13:00:00Z,43.0,0.99,0.997171677883765,0.9396912783773081
turbine_1,2025-12-10T18:00:00Z,2025-12-12T15:00:00Z,45.0,0.99,0.9985586724935529,0.9143469934689199
turbine_1,2025-12-10T18:00:00Z,2025-12-12T16:00:00Z,46.0,0.99,0.9855888741712358,0.9038714427383383
turbine_1,2025-12-10T18:00:00Z,2025-12-12T17:00:00Z,47.0,0.99,0.9898209818028314,0.9062540759395317
turbine_1,2025-12-10T18:00:00Z,2025-12-12T18:00:00Z,48.0,0.99,0.9718326495463305,0.9049715558870017
turbine_1,2025-12-11T18:00:00Z,2025-12-11T19:00:00Z,1.0,0.99,0.9740128641863245,0.9532912906811977
turbine_1,2025-12-11T18:00:00Z,2025-12-11T20:00:00Z,2.0,0.99,0.9652736980012263,0.9542666942579205
turbine_1,2025-12-11T18:00:00Z,2025-12-11T21:00:00Z,3.0,0.99,0.9687448781045161,0.959027542594004
turbine_1,2025-12-11T18:00:00Z,2025-12-11T22:00:00Z,4.0,0.99,0.949878309671521,0.9595275038472588
turbine_1,2025-12-11T18:00:00Z,2025-12-11T23:00:00Z,5.0,0.99,0.951954996807466,0.937501985213453
turbine_1,2025-12-11T18:00:00Z,2025-12-12T00:00:00Z,6.0,0.99,0.9495258057481565,0.9336183829648201
turbine_1,2025-12-11T18:00:00Z,2025-12-12T01:00:00Z,7.0,0.99,0.9500573953684426,0.9319594948720507
turbine_1,2025-12-11T18:00:00Z,2025-12-12T04:00:00Z,10.0,0.99,0.9603042879342581,0.9215674122346205
turbine_1,2025-12-11T18:00:00Z,2025-12-12T05:00:00Z,11.0,0.99,0.9788508109918758,0.9110905948878567
turbine_1,2025-12-11T18:00:00Z,2025-12-12T06:00:00Z,12.0,0.99,0.9749648164549097,0.8955566663626482
turbine_1,2025-12-11T18:00:00Z,2025-12-12T07:00:00Z,13.0,0.99,0.9770514311171189,0.9089049986090163
turbine_1,2025-12-11T18:00:00Z,2025-12-12T08:00:00Z,14.0,0.99,0.9821489695655795,0.9030150031251114
turbine_1,2025-12-11T18:00:00Z,2025-12-12T09:00:00Z,15.0,0.99,1.0,0.914735168630672
turbine_1,2025-12-11T18:00:00Z,2025-12-12T10:00:00Z,16.0,0.9883333333333332,1.0,0.9171997673640762
turbine_1,2025-12-11T18:00:00Z,2025-12-12T11:00:00Z,17.0,0.99,1.0,0.9438268389626514
turbine_1,2025-12-11T18:00:00Z,2025-12-12T12:00:00Z,18.0,0.99,0.9965394862939735,0.919412626155917
turbine_1,2025-12-11T18:00:00Z,2025-12-12T13:00:00Z,19.0,0.99,0.997171677883765,0.9182942261913696
turbine_1,2025-12-11T18:00:00Z,2025-12-12T15:00:00Z,21.0,0.99,0.9981296374158761,0.8959752866868274
turbine_1,2025-12-11T18:00:00Z,2025-12-12T16:00:00Z,22.0,0.99,0.984445927802885,0.8933375441877476
turbine_1,2025-12-11T18:00:00Z,2025-12-12T17:00:00Z,23.0,0.99,0.988081639638742,0.9056808867934871
turbine_1,2025-12-11T18:00:00Z,2025-12-12T18:00:00Z,24.0,0.99,0.9718326495463305,0.9066113966633238
turbine_1,2025-12-11T18:00:00Z,2025-12-12T19:00:00Z,25.0,0.99,0.9740128641863245,0.9044974072637417
turbine_1,2025-12-11T18:00:00Z,2025-12-12T20:00:00Z,26.0,0.8983333333333333,0.9650891126028573,0.911094050251821
turbine_1,2025-12-11T18:00:00Z,2025-12-12T21:00:00Z,27.0,0.5383333333333333,0.8491722557894548,0.830153254799437
turbine_1,2025-12-11T18:00:00Z,2025-12-12T22:00:00Z,28.0,0.1933333333333333,0.5608016775875674,0.5172454704179408
turbine_1,2025-12-11T18:00:00Z,2025-12-12T23:00:00Z,29.0,0.0566666666666666,0.039115986971336864,0.10617881985752037
turbine_1,2025-12-11T18:00:00Z,2025-12-13T00:00:00Z,30.0,0.0116666666666666,0.026312779940373454,0.03010168110561523
turbine_1,2025-12-11T18:00:00Z,2025-12-13T01:00:00Z,31.0,0.0266666666666666,0.04083186837145367,0.035653382064436356
turbine_1,2025-12-11T18:00:00Z,2025-12-13T02:00:00Z,32.0,0.0249999999999999,0.015495190418656768,0.018877196567452487
turbine_1,2025-12-11T18:00:00Z,2025-12-13T03:00:00Z,33.0,0.015,0.02875136203174905,0.02262886124371513
turbine_1,2025-12-11T18:00:00Z,2025-12-13T04:00:00Z,34.0,0.0666666666666666,0.06353772686401979,0.04848083791544311
turbine_1,2025-12-11T18:00:00Z,2025-12-13T06:00:00Z,36.0,0.1516666666666666,0.06408361362190507,0.10399694950640806
turbine_1,2025-12-11T18:00:00Z,2025-12-13T07:00:00Z,37.0,0.265,0.20822449064361823,0.2308826822867786
turbine_1,2025-12-11T18:00:00Z,2025-12-13T08:00:00Z,38.0,0.4166666666666667,0.2910573347569211,0.2185685671741071
turbine_1,2025-12-11T18:00:00Z,2025-12-13T09:00:00Z,39.0,0.4433333333333333,0.5656171315061455,0.5993505295127779
turbine_1,2025-12-11T18:00:00Z,2025-12-13T10:00:00Z,40.0,0.5366666666666666,0.7940842898761914,0.6967436929785362
turbine_1,2025-12-11T18:00:00Z,2025-12-13T11:00:00Z,41.0,0.7383333333333333,0.9440182336853813,0.8520267681757554
turbine_1,2025-12-11T18:00:00Z,2025-12-13T12:00:00Z,42.0,0.9166666666666666,0.9314162763068153,0.9174716926691864
turbine_1,2025-12-11T18:00:00Z,2025-12-13T13:00:00Z,43.0,0.9133333333333334,0.96510131493111,0.9344780236269168
turbine_1,2025-12-11T18:00:00Z,2025-12-13T14:00:00Z,44.0,0.88,0.9447015629266692,0.8836490711093112
turbine_1,2025-12-11T18:00:00Z,2025-12-13T15:00:00Z,45.0,0.99,0.946044588586335,0.8846199222415232
turbine_1,2025-12-11T18:00:00Z,2025-12-13T16:00:00Z,46.0,0.9166666666666666,0.9561252070547183,0.8684197558277738
turbine_1,2025-12-11T18:00:00Z,2025-12-13T17:00:00Z,47.0,0.8666666666666667,0.8724133288310104,0.8030713428098935
turbine_1,2025-12-11T18:00:00Z,2025-12-13T18:00:00Z,48.0,0.3166666666666666,0.8620335402571077,0.7719006841777296
turbine_1,2025-12-12T18:00:00Z,2025-12-12T19:00:00Z,1.0,0.99,0.9381666279472167,0.9043120580440622
turbine_1,2025-12-12T18:00:00Z,2025-12-12T20:00:00Z,2.0,0.8983333333333333,0.8247861760727935,0.8065661513821603
turbine_1,2025-12-12T18:00:00Z,2025-12-12T21:00:00Z,3.0,0.5383333333333333,0.09783655824739736,0.1329981944293518
turbine_1,2025-12-12T18:00:00Z,2025-12-12T22:00:00Z,4.0,0.1933333333333333,0.04898321839844752,0.08051087063461931
turbine_1,2025-12-12T18:00:00Z,2025-12-12T23:00:00Z,5.0,0.0566666666666666,0.02581013543032573,0.026105289624822253
turbine_1,2025-12-12T18:00:00Z,2025-12-13T00:00:00Z,6.0,0.0116666666666666,0.020255949213894064,0.024879993584251664
turbine_1,2025-12-12T18:00:00Z,2025-12-13T01:00:00Z,7.0,0.0266666666666666,0.02294907099461918,0.017777920858240204
turbine_1,2025-12-12T18:00:00Z,2025-12-13T02:00:00Z,8.0,0.0249999999999999,0.01620618969642723,0.015609364342696608
turbine_1,2025-12-12T18:00:00Z,2025-12-13T03:00:00Z,9.0,0.015,0.022623572999061925,0.016816927464216508
turbine_1,2025-12-12T18:00:00Z,2025-12-13T04:00:00Z,10.0,0.0666666666666666,0.020633460982300428,0.013660410489187896
turbine_1,2025-12-12T18:00:00Z,2025-12-13T06:00:00Z,12.0,0.1516666666666666,0.20842606545565628,0.33510738275912666
turbine_1,2025-12-12T18:00:00Z,2025-12-13T07:00:00Z,13.0,0.265,0.5837170292587535,0.48915363296431325
turbine_1,2025-12-12T18:00:00Z,2025-12-13T08:00:00Z,14.0,0.4166666666666667,0.8645886392851602,0.7669852204711142
turbine_1,2025-12-12T18:00:00Z,2025-12-13T09:00:00Z,15.0,0.4433333333333333,0.970119403681455,0.8430555728513951
turbine_1,2025-12-12T18:00:00Z,2025-12-13T10:00:00Z,16.0,0.5366666666666666,0.9457433755083025,0.8799192663902795
turbine_1,2025-12-12T18:00:00Z,2025-12-13T11:00:00Z,17.0,0.7383333333333333,0.9849722468969304,0.9413321138236173
turbine_1,2025-12-12T18:00:00Z,2025-12-13T12:00:00Z,18.0,0.9166666666666666,0.947461389980572,0.9204557681248751
turbine_1,2025-12-12T18:00:00Z,2025-12-13T13:00:00Z,19.0,0.9133333333333334,0.7408907369492201,0.7305130247663043
turbine_1,2025-12-12T18:00:00Z,2025-12-13T14:00:00Z,20.0,0.88,0.7681198951320037,0.7111827462195482
turbine_1,2025-12-12T18:00:00Z,2025-12-13T15:00:00Z,21.0,0.99,0.895874927664461,0.787419693619383
turbine_1,2025-12-12T18:00:00Z,2025-12-13T16:00:00Z,22.0,0.9166666666666666,0.9313529167081733,0.8640071971803414
turbine_1,2025-12-12T18:00:00Z,2025-12-13T17:00:00Z,23.0,0.8666666666666667,0.94934188815465,0.8976388903452595
turbine_1,2025-12-12T18:00:00Z,2025-12-13T18:00:00Z,24.0,0.3166666666666666,0.9417015845091391,0.8481687677522496
turbine_1,2025-12-12T18:00:00Z,2025-12-13T19:00:00Z,25.0,0.2866666666666667,0.7982571726962202,0.6985013168144073
turbine_1,2025-12-12T18:00:00Z,2025-12-13T20:00:00Z,26.0,0.0766666666666666,0.4657491230137353,0.3643123633531439
turbine_1,2025-12-12T18:00:00Z,2025-12-13T21:00:00Z,27.0,0.3533333333333333,0.19927191537400557,0.1995249289428644
turbine_1,2025-12-12T18:00:00Z,2025-12-13T22:00:00Z,28.0,0.7083333333333334,0.05388986062914655,0.08568523616369014
turbine_1,2025-12-12T18:00:00Z,2025-12-13T23:00:00Z,29.0,0.605,0.02327242413679287,0.029081862379207762
turbine_1,2025-12-12T18:00:00Z,2025-12-14T00:00:00Z,30.0,0.3583333333333333,0.043025441439906,0.04032290389467891
turbine_1,2025-12-12T18:00:00Z,2025-12-14T01:00:00Z,31.0,0.305,0.03403469417359484,0.036457492334887015
turbine_1,2025-12-12T18:00:00Z,2025-12-14T02:00:00Z,32.0,0.3783333333333333,0.04966533232924128,0.0375275251449185
turbine_1,2025-12-12T18:00:00Z,2025-12-14T03:00:00Z,33.0,0.73,0.09958926829869023,0.18716243546633674
turbine_1,2025-12-12T18:00:00Z,2025-12-14T04:00:00Z,34.0,0.73,0.8020271719972296,0.7774266170412379
turbine_1,2025-12-12T18:00:00Z,2025-12-14T05:00:00Z,35.0,0.8216666666666667,0.8918722876421076,0.8856265401599996
turbine_1,2025-12-12T18:00:00Z,2025-12-14T06:00:00Z,36.0,0.9166666666666666,0.7321803050141946,0.7411075755549515
turbine_1,2025-12-12T18:00:00Z,2025-12-14T07:00:00Z,37.0,0.9766666666666666,0.4272812811303262,0.4762619859949331
turbine_1,2025-12-12T18:00:00Z,2025-12-14T08:00:00Z,38.0,0.9866666666666668,0.4279548282713721,0.45325021398538834
turbine_1,2025-12-12T18:00:00Z,2025-12-14T09:00:00Z,39.0,0.7600000000000001,0.3487241670186811,0.25892342402025353
turbine_1,2025-12-12T18:00:00Z,2025-12-14T10:00:00Z,40.0,0.2916666666666667,0.1595875898004362,0.16908265573828735
turbine_1,2025-12-12T18:00:00Z,2025-12-14T11:00:00Z,41.0,0.03,0.057907398126915616,0.08872557567640152
turbine_1,2025-12-12T18:00:00Z,2025-12-14T12:00:00Z,42.0,0.0316666666666666,0.04364040847744727,0.03447575301296993
turbine_1,2025-12-12T18:00:00Z,2025-12-14T13:00:00Z,43.0,0.2466666666666666,0.15023858360759923,0.10797036439019359
turbine_1,2025-12-12T18:00:00Z,2025-12-14T14:00:00Z,44.0,0.8883333333333333,0.8308367725724318,0.7667319555179158
turbine_1,2025-12-12T18:00:00Z,2025-12-14T15:00:00Z,45.0,0.99,0.9739612581028486,0.912965703902658
turbine_1,2025-12-12T18:00:00Z,2025-12-14T16:00:00Z,46.0,0.99,0.984445927802885,0.9316472676878684
turbine_1,2025-12-12T18:00:00Z,2025-12-14T17:00:00Z,47.0,0.99,0.9901484508436942,0.9322072490323321
turbine_1,2025-12-12T18:00:00Z,2025-12-14T18:00:00Z,48.0,0.99,0.971076145427791,0.9118883821793333
turbine_1,2025-12-13T18:00:00Z,2025-12-13T19:00:00Z,1.0,0.2866666666666667,0.9145477862377392,0.8443536823709417
turbine_1,2025-12-13T18:00:00Z,2025-12-13T20:00:00Z,2.0,0.0766666666666666,0.47972925175083864,0.4467492005336518
turbine_1,2025-12-13T18:00:00Z,2025-12-13T21:00:00Z,3.0,0.3533333333333333,0.6160881958596585,0.6056741211932675
turbine_1,2025-12-13T18:00:00Z,2025-12-13T22:00:00Z,4.0,0.7083333333333334,0.10805545309378768,0.10895243643601119
turbine_1,2025-12-13T18:00:00Z,2025-12-13T23:00:00Z,5.0,0.605,0.027308196789691208,0.034471355831575984
turbine_1,2025-12-13T18:00:00Z,2025-12-14T00:00:00Z,6.0,0.3583333333333333,0.05645704359397796,0.04576756234009635
turbine_1,2025-12-13T18:00:00Z,2025-12-14T01:00:00Z,7.0,0.305,0.05764892397797958,0.10454003780144105
turbine_1,2025-12-13T18:00:00Z,2025-12-14T02:00:00Z,8.0,0.3783333333333333,0.6035466830196601,0.5987427442296794
turbine_1,2025-12-13T18:00:00Z,2025-12-14T03:00:00Z,9.0,0.73,0.8939851289072025,0.9055234361277497
turbine_1,2025-12-13T18:00:00Z,2025-12-14T04:00:00Z,10.0,0.73,0.7490518919637082,0.7225797125291038
turbine_1,2025-12-13T18:00:00Z,2025-12-14T05:00:00Z,11.0,0.8216666666666667,0.9251534148495524,0.8980099851962571
turbine_1,2025-12-13T18:00:00Z,2025-12-14T06:00:00Z,12.0,0.9166666666666666,0.864181847302096,0.8577640647123639
turbine_1,2025-12-13T18:00:00Z,2025-12-14T07:00:00Z,13.0,0.9766666666666666,0.7333342106861808,0.7130159013272493
turbine_1,2025-12-13T18:00:00Z,2025-12-14T08:00:00Z,14.0,0.9866666666666668,0.6737762867061916,0.6885215717727808
turbine_1,2025-12-13T18:00:00Z,2025-12-14T09:00:00Z,15.0,0.7600000000000001,0.4596384775693513,0.46367738646707335
turbine_1,2025-12-13T18:00:00Z,2025-12-14T10:00:00Z,16.0,0.2916666666666667,0.2115305639211873,0.20971850923203525
turbine_1,2025-12-13T18:00:00Z,2025-12-14T11:00:00Z,17.0,0.03,0.03887949828990245,0.10991344663313155
turbine_1,2025-12-13T18:00:00Z,2025-12-14T12:00:00Z,18.0,0.0316666666666666,0.0840565673104956,0.05309816645895221
turbine_1,2025-12-13T18:00:00Z,2025-12-14T13:00:00Z,19.0,0.2466666666666666,0.4482632726932831,0.4257927114193361
turbine_1,2025-12-13T18:00:00Z,2025-12-14T14:00:00Z,20.0,0.8883333333333333,0.9658110967985446,0.9501111753072695
turbine_1,2025-12-13T18:00:00Z,2025-12-14T15:00:00Z,21.0,0.99,0.9985586724935529,0.9207866165221374
turbine_1,2025-12-13T18:00:00Z,2025-12-14T16:00:00Z,22.0,0.99,0.9858808432992322,0.9371982103230931
turbine_1,2025-12-13T18:00:00Z,2025-12-14T17:00:00Z,23.0,0.99,0.9908268622215018,0.9754569589290709
turbine_1,2025-12-13T18:00:00Z,2025-12-14T18:00:00Z,24.0,0.99,0.9718326495463305,0.9463153494035157
turbine_1,2025-12-13T18:00:00Z,2025-12-14T19:00:00Z,25.0,0.99,0.9725779486899773,0.9174073028880632
turbine_1,2025-12-13T18:00:00Z,2025-12-14T20:00:00Z,26.0,0.96,0.9476661965343793,0.9089690781141988
turbine_1,2025-12-13T18:00:00Z,2025-12-14T21:00:00Z,27.0,0.89,0.881988384711204,0.8932693732136323
turbine_1,2025-12-13T18:00:00Z,2025-12-14T22:00:00Z,28.0,0.555,0.6581960953571324,0.6385190991840681
turbine_1,2025-12-13T18:00:00Z,2025-12-14T23:00:00Z,29.0,0.2366666666666667,0.43723434462089295,0.5347595897419015
turbine_1,2025-12-13T18:00:00Z,2025-12-15T00:00:00Z,30.0,0.0166666666666666,0.053419791449117016,0.08780194934569427
turbine_1,2025-12-13T18:00:00Z,2025-12-15T01:00:00Z,31.0,0.0183333333333333,0.0154075666360593,0.02036118344953211
turbine_1,2025-12-13T18:00:00Z,2025-12-15T02:00:00Z,32.0,0.6433333333333333,0.03857285251617287,0.040330965751878195
turbine_1,2025-12-13T18:00:00Z,2025-12-15T03:00:00Z,33.0,0.5750000000000001,0.0990893750770951,0.10195219436320971
turbine_1,2025-12-13T18:00:00Z,2025-12-15T04:00:00Z,34.0,0.7599999999999999,0.33449773011020967,0.3459933382011496
turbine_1,2025-12-13T18:00:00Z,2025-12-15T05:00:00Z,35.0,0.9933333333333332,0.8008781865956109,0.8026030400155753
turbine_1,2025-12-13T18:00:00Z,2025-12-15T06:00:00Z,36.0,0.99,0.9381942783589857,0.9379280147268724
turbine_1,2025-12-13T18:00:00Z,2025-12-15T07:00:00Z,37.0,0.99,0.9772006012656654,0.977783375933037
turbine_1,2025-12-13T18:00:00Z,2025-12-15T08:00:00Z,38.0,0.99,0.9634796792151009,0.961254473018231
turbine_1,2025-12-13T18:00:00Z,2025-12-15T09:00:00Z,39.0,0.99,0.9562348521607372,0.9521168058184456
turbine_1,2025-12-13T18:00:00Z,2025-12-15T10:00:00Z,40.0,0.99,0.9561627486769915,0.9506335020221945
turbine_1,2025-12-13T18:00:00Z,2025-12-15T11:00:00Z,41.0,0.99,0.9491501680743742,0.9482277585457327
turbine_1,2025-12-13T18:00:00Z,2025-12-15T12:00:00Z,42.0,0.99,0.9075447329109524,0.9369027272072862
turbine_1,2025-12-13T18:00:00Z,2025-12-15T13:00:00Z,43.0,0.99,0.9062525723890622,0.8874590783668941
turbine_1,2025-12-13T18:00:00Z,2025-12-15T14:00:00Z,44.0,0.99,0.8940355021378499,0.8834087258821559
turbine_1,2025-12-13T18:00:00Z,2025-12-15T15:00:00Z,45.0,0.9783333333333334,0.7216508500481456,0.7467400549574742
turbine_1,2025-12-13T18:00:00Z,2025-12-15T16:00:00Z,46.0,0.465,0.6960799338763689,0.6710497292716553
turbine_1,2025-12-13T18:00:00Z,2025-12-15T17:00:00Z,47.0,0.0349999999999999,0.40787490834033235,0.37132019386713466
turbine_1,2025-12-13T18:00:00Z,2025-12-15T18:00:00Z,48.0,0.0266666666666666,0.11635282687454301,0.1234924839574377
turbine_1,2025-12-14T18:00:00Z,2025-12-14T19:00:00Z,1.0,0.99,0.970792586477463,0.9353603926696339
turbine_1,2025-12-14T18:00:00Z,2025-12-14T20:00:00Z,2.0,0.96,0.9650491774902628,0.94282596079693
turbine_1,2025-12-14T18:00:00Z,2025-12-14T21:00:00Z,3.0,0.89,0.9094299991016163,0.8931249660583507
turbine_1,2025-12-14T18:00:00Z,2025-12-14T22:00:00Z,4.0,0.555,0.6097586595834665,0.5895285135776052
turbine_1,2025-12-14T18:00:00Z,2025-12-14T23:00:00Z,5.0,0.2366666666666667,0.42825760982470074,0.4182428117158756
turbine_1,2025-12-14T18:00:00Z,2025-12-15T00:00:00Z,6.0,0.0166666666666666,0.05297569976937397,0.089737555159357
turbine_1,2025-12-14T18:00:00Z,2025-12-15T01:00:00Z,7.0,0.0183333333333333,0.0686163455726758,0.10470734362967798
turbine_1,2025-12-14T18:00:00Z,2025-12-15T02:00:00Z,8.0,0.6433333333333333,0.021476471139170533,0.02978582757100795
turbine_1,2025-12-14T18:00:00Z,2025-12-15T03:00:00Z,9.0,0.5750000000000001,0.03683403479147451,0.02666547293677496
turbine_1,2025-12-14T18:00:00Z,2025-12-15T04:00:00Z,10.0,0.7599999999999999,0.13506207018845098,0.1352144308095343
turbine_1,2025-12-14T18:00:00Z,2025-12-15T05:00:00Z,11.0,0.9933333333333332,0.7151941114976429,0.6644556549367591
turbine_1,2025-12-14T18:00:00Z,2025-12-15T06:00:00Z,12.0,0.99,0.9753242242726222,0.9648160112032099
turbine_1,2025-12-14T18:00:00Z,2025-12-15T07:00:00Z,13.0,0.99,0.9698460060164508,0.9679550002272824
turbine_1,2025-12-14T18:00:00Z,2025-12-15T08:00:00Z,14.0,0.99,0.9644444488573761,0.961254473018231
turbine_1,2025-12-14T18:00:00Z,2025-12-15T09:00:00Z,15.0,0.99,0.9633562439543965,0.9706909939998188
turbine_1,2025-12-14T18:00:00Z,2025-12-15T10:00:00Z,16.0,0.99,0.9554045813094413,0.9502379482709711
turbine_1,2025-12-14T18:00:00Z,2025-12-15T11:00:00Z,17.0,0.99,0.9554860070296175,0.9488112619031804
turbine_1,2025-12-14T18:00:00Z,2025-12-15T12:00:00Z,18.0,0.99,0.910328824000381,0.9405811546775333
turbine_1,2025-12-14T18:00:00Z,2025-12-15T13:00:00Z,19.0,0.99,0.9054073800269523,0.9256308007443091
turbine_1,2025-12-14T18:00:00Z,2025-12-15T14:00:00Z,20.0,0.99,0.8250443421605901,0.806238474219803
turbine_1,2025-12-14T18:00:00Z,2025-12-15T15:00:00Z,21.0,0.9783333333333334,0.696698759866518,0.6924294370179331
turbine_1,2025-12-14T18:00:00Z,2025-12-15T16:00:00Z,22.0,0.465,0.5470181993350609,0.5551601907793045
turbine_1,2025-12-14T18:00:00Z,2025-12-15T17:00:00Z,23.0,0.0349999999999999,0.319494600490582,0.31438244548852257
turbine_1,2025-12-14T18:00:00Z,2025-12-15T18:00:00Z,24.0,0.0266666666666666,0.14689326342844866,0.16218667229851197
turbine_1,2025-12-14T18:00:00Z,2025-12-15T19:00:00Z,25.0,0.01,0.06691501582170417,0.04190720647952789
turbine_1,2025-12-14T18:00:00Z,2025-12-15T20:00:00Z,26.0,0.01,0.019276100830268483,0.017773250319114586
turbine_1,2025-12-14T18:00:00Z,2025-12-15T21:00:00Z,27.0,0.0116666666666666,0.031129400419074305,0.03988645069725205
turbine_1,2025-12-14T18:00:00Z,2025-12-15T22:00:00Z,28.0,0.035,0.039407051732713055,0.03713850959258763
turbine_1,2025-12-14T18:00:00Z,2025-12-15T23:00:00Z,29.0,0.0583333333333333,0.0948218739173214,0.07986332121083592
turbine_1,2025-12-14T18:00:00Z,2025-12-16T00:00:00Z,30.0,0.3583333333333334,0.13533362144967137,0.12544498549953803
turbine_1,2025-12-14T18:00:00Z,2025-12-16T01:00:00Z,31.0,0.4333333333333333,0.21863183045216558,0.2322582982954946
turbine_1,2025-12-14T18:00:00Z,2025-12-16T02:00:00Z,32.0,0.64,0.34497410057056077,0.3135582617442029
turbine_1,2025-12-14T18:00:00Z,2025-12-16T03:00:00Z,33.0,0.96,0.3834844348183215,0.3293831286939678
turbine_1,2025-12-14T18:00:00Z,2025-12-16T04:00:00Z,34.0,0.9883333333333332,0.3878656010318383,0.35910412979938444
turbine_1,2025-12-14T18:00:00Z,2025-12-16T05:00:00Z,35.0,0.9383333333333334,0.5944226847076284,0.4916599324757036
turbine_1,2025-12-14T18:00:00Z,2025-12-16T06:00:00Z,36.0,0.975,0.652874529809505,0.5644586110245043
turbine_1,2025-12-14T18:00:00Z,2025-12-16T07:00:00Z,37.0,0.965,0.6271773776775421,0.5959360226663728
turbine_1,2025-12-14T18:00:00Z,2025-12-16T08:00:00Z,38.0,0.9516666666666668,0.6256787096313589,0.5807010806640842
turbine_1,2025-12-14T18:00:00Z,2025-12-16T09:00:00Z,39.0,0.88,0.6830378007472373,0.6096606469032151
turbine_1,2025-12-14T18:00:00Z,2025-12-16T10:00:00Z,40.0,0.7600000000000001,0.6743916072505043,0.5896531157258502
turbine_1,2025-12-14T18:00:00Z,2025-12-16T11:00:00Z,41.0,0.6883333333333334,0.6203351809650617,0.5657628637035501
turbine_1,2025-12-14T18:00:00Z,2025-12-16T12:00:00Z,42.0,0.4583333333333333,0.4822695214690126,0.4940736600119143
turbine_1,2025-12-14T18:00:00Z,2025-12-16T13:00:00Z,43.0,0.115,0.33698819936112867,0.33099850159007704
turbine_1,2025-12-14T18:00:00Z,2025-12-16T14:00:00Z,44.0,0.0116666666666666,0.3379914157926528,0.31805884538363827
turbine_1,2025-12-14T18:00:00Z,2025-12-16T15:00:00Z,45.0,0.0116666666666666,0.33801609724405246,0.2902055580037731
turbine_1,2025-12-14T18:00:00Z,2025-12-16T16:00:00Z,46.0,0.0999999999999999,0.5655783023798702,0.4496335906071543
turbine_1,2025-12-14T18:00:00Z,2025-12-16T17:00:00Z,47.0,0.01,0.5984817017462476,0.505264737492235
turbine_1,2025-12-14T18:00:00Z,2025-12-16T18:00:00Z,48.0,0.01,0.6564406064400519,0.6022217676655095
turbine_1,2025-12-15T18:00:00Z,2025-12-15T19:00:00Z,1.0,0.01,0.06667463241905386,0.08218792452372325
turbine_1,2025-12-15T18:00:00Z,2025-12-15T20:00:00Z,2.0,0.01,0.03018886677805993,0.030838770959331185
turbine_1,2025-12-15T18:00:00Z,2025-12-15T21:00:00Z,3.0,0.0116666666666666,0.03830386971459465,0.029156499412550385
turbine_1,2025-12-15T18:00:00Z,2025-12-15T22:00:00Z,4.0,0.035,0.011962135623280856,0.014585665231620248
turbine_1,2025-12-15T18:00:00Z,2025-12-15T23:00:00Z,5.0,0.0583333333333333,0.01826209011383001,0.020028618648022634
turbine_1,2025-12-15T18:00:00Z,2025-12-16T00:00:00Z,6.0,0.3583333333333334,0.043786716508698004,0.051291233911614525
turbine_1,2025-12-15T18:00:00Z,2025-12-16T01:00:00Z,7.0,0.4333333333333333,0.12878155006474118,0.12412439433000799
turbine_1,2025-12-15T18:00:00Z,2025-12-16T02:00:00Z,8.0,0.64,0.3753665713855744,0.41261008839851165
turbine_1,2025-12-15T18:00:00Z,2025-12-16T03:00:00Z,9.0,0.96,0.5945406916644042,0.5763153724383248
turbine_1,2025-12-15T18:00:00Z,2025-12-16T04:00:00Z,10.0,0.9883333333333332,0.7824045321469008,0.7423563101474508
turbine_1,2025-12-15T18:00:00Z,2025-12-16T05:00:00Z,11.0,0.9383333333333334,0.9176842577804398,0.8443869529158101
turbine_1,2025-12-15T18:00:00Z,2025-12-16T06:00:00Z,12.0,0.975,0.9502012911024769,0.904653088538798
turbine_1,2025-12-15T18:00:00Z,2025-12-16T07:00:00Z,13.0,0.965,0.9558215193827189,0.9134238551512497
turbine_1,2025-12-15T18:00:00Z,2025-12-16T08:00:00Z,14.0,0.9516666666666668,0.8248013760141376,0.7651841340568537
turbine_1,2025-12-15T18:00:00Z,2025-12-16T09:00:00Z,15.0,0.88,0.7160537487487705,0.668380747891927
turbine_1,2025-12-15T18:00:00Z,2025-12-16T10:00:00Z,16.0,0.7600000000000001,0.5113327856645983,0.5338894414516175
turbine_1,2025-12-15T18:00:00Z,2025-12-16T11:00:00Z,17.0,0.6883333333333334,0.4019882572358427,0.355531908897572
turbine_1,2025-12-15T18:00:00Z,2025-12-16T12:00:00Z,18.0,0.4583333333333333,0.30853652259057107,0.2603758585195839
turbine_1,2025-12-15T18:00:00Z,2025-12-16T13:00:00Z,19.0,0.115,0.2648680807739235,0.23220761998830564
turbine_1,2025-12-15T18:00:00Z,2025-12-16T14:00:00Z,20.0,0.0116666666666666,0.2053164450374859,0.21131262116704336
turbine_1,2025-12-15T18:00:00Z,2025-12-16T15:00:00Z,21.0,0.0116666666666666,0.28555575758854373,0.26320335490524205
turbine_1,2025-12-15T18:00:00Z,2025-12-16T16:00:00Z,22.0,0.0999999999999999,0.3334937284806113,0.3010037578373964
turbine_1,2025-12-15T18:00:00Z,2025-12-16T17:00:00Z,23.0,0.01,0.5534865470020729,0.43992882016340157
turbine_1,2025-12-15T18:00:00Z,2025-12-16T18:00:00Z,24.0,0.01,0.28127679435500075,0.22786709527810453
turbine_1,2025-12-15T18:00:00Z,2025-12-16T19:00:00Z,25.0,0.01,0.27320261475087565,0.2142610349653259
turbine_1,2025-12-15T18:00:00Z,2025-12-16T20:00:00Z,26.0,0.01,0.2909885163011485,0.2666655814361475
turbine_1,2025-12-15T18:00:00Z,2025-12-16T21:00:00Z,27.0,0.0866666666666666,0.19492023974927752,0.21855999002630597
turbine_1,2025-12-15T18:00:00Z,2025-12-16T22:00:00Z,28.0,0.18,0.10466919449403868,0.10814645401216205
turbine_1,2025-12-15T18:00:00Z,2025-12-16T23:00:00Z,29.0,0.0116666666666666,0.04464985122830187,0.08985628479772317
turbine_1,2025-12-15T18:00:00Z,2025-12-17T00:00:00Z,30.0,0.01,0.02173079101892686,0.049183962323762154
turbine_1,2025-12-15T18:00:00Z,2025-12-17T01:00:00Z,31.0,0.06,0.011300496454342002,0.016510140531086265
turbine_1,2025-12-15T18:00:00Z,2025-12-17T02:00:00Z,32.0,0.1083333333333333,0.04206021815621874,0.0410755171599016
turbine_1,2025-12-15T18:00:00Z,2025-12-17T03:00:00Z,33.0,0.13,0.03720824801754413,0.029832123461176335
turbine_1,2025-12-15T18:00:00Z,2025-12-17T04:00:00Z,34.0,0.055,0.048796319389586645,0.05730962431717132
turbine_1,2025-12-15T18:00:00Z,2025-12-17T05:00:00Z,35.0,0.01,0.10160078287105569,0.0696312856806636
turbine_1,2025-12-15T18:00:00Z,2025-12-17T06:00:00Z,36.0,0.01,0.3373150026867844,0.3439581842764292
turbine_1,2025-12-15T18:00:00Z,2025-12-17T07:00:00Z,37.0,0.01,0.7399249834723144,0.766613836530309
turbine_1,2025-12-15T18:00:00Z,2025-12-17T08:00:00Z,38.0,0.01,0.739123118798158,0.7685350298606147
turbine_1,2025-12-15T18:00:00Z,2025-12-17T09:00:00Z,39.0,0.01,0.9338053620630581,0.9272740121633437
turbine_1,2025-12-15T18:00:00Z,2025-12-17T10:00:00Z,40.0,0.01,0.9213497812319819,0.9010488277286884
turbine_1,2025-12-15T18:00:00Z,2025-12-17T11:00:00Z,41.0,0.01,0.9080123005992541,0.9181407815515388
turbine_1,2025-12-15T18:00:00Z,2025-12-17T12:00:00Z,42.0,0.065,0.9092519278681964,0.9279281999832334
turbine_1,2025-12-15T18:00:00Z,2025-12-17T13:00:00Z,43.0,0.2199999999999999,0.910339210878229,0.9353733285890482
turbine_1,2025-12-15T18:00:00Z,2025-12-17T14:00:00Z,44.0,0.1949999999999999,0.8690499617592268,0.8784142223990618
turbine_1,2025-12-15T18:00:00Z,2025-12-17T15:00:00Z,45.0,0.3916666666666666,0.8313725594104209,0.8508814728779591
turbine_1,2025-12-15T18:00:00Z,2025-12-17T16:00:00Z,46.0,0.425,0.7731267357435644,0.76972409017799
turbine_1,2025-12-15T18:00:00Z,2025-12-17T17:00:00Z,47.0,0.5,0.739683032633375,0.7537227019513336
turbine_1,2025-12-15T18:00:00Z,2025-12-17T18:00:00Z,48.0,0.7166666666666667,0.6352777036802153,0.611520055745848
turbine_1,2025-12-16T18:00:00Z,2025-12-16T19:00:00Z,1.0,0.01,0.30546780265324525,0.28681426236326657
turbine_1,2025-12-16T18:00:00Z,2025-12-16T20:00:00Z,2.0,0.01,0.22648033510112955,0.18908564068189868
turbine_1,2025-12-16T18:00:00Z,2025-12-16T21:00:00Z,3.0,0.0866666666666666,0.20251277714561405,0.17793457018608308
turbine_1,2025-12-16T18:00:00Z,2025-12-16T22:00:00Z,4.0,0.18,0.17557212899866215,0.1351410545381388
turbine_1,2025-12-16T18:00:00Z,2025-12-16T23:00:00Z,5.0,0.0116666666666666,0.07848214888353565,0.08282986733604744
turbine_1,2025-12-16T18:00:00Z,2025-12-17T00:00:00Z,6.0,0.01,0.03939494202449165,0.10204096923142272
turbine_1,2025-12-16T18:00:00Z,2025-12-17T01:00:00Z,7.0,0.06,0.04435590036225251,0.029549821394709852
turbine_1,2025-12-16T18:00:00Z,2025-12-17T02:00:00Z,8.0,0.1083333333333333,0.03848381667390838,0.060264325276342706
turbine_1,2025-12-16T18:00:00Z,2025-12-17T03:00:00Z,9.0,0.13,0.02596551975899472,0.03451787219490507
turbine_1,2025-12-16T18:00:00Z,2025-12-17T04:00:00Z,10.0,0.055,0.036880467765052105,0.027924508185568242
turbine_1,2025-12-16T18:00:00Z,2025-12-17T05:00:00Z,11.0,0.01,0.056836779024576456,0.05676999672374472
turbine_1,2025-12-16T18:00:00Z,2025-12-17T06:00:00Z,12.0,0.01,0.20540240013447694,0.21196980211948935
turbine_1,2025-12-16T18:00:00Z,2025-12-17T07:00:00Z,13.0,0.01,0.37354283633373486,0.35687544434139495
turbine_1,2025-12-16T18:00:00Z,2025-12-17T08:00:00Z,14.0,0.01,0.5389280583460644,0.5365797781005004
turbine_1,2025-12-16T18:00:00Z,2025-12-17T09:00:00Z,15.0,0.01,0.8795729590916075,0.8760580202318832
turbine_1,2025-12-16T18:00:00Z,2025-12-17T10:00:00Z,16.0,0.01,0.9549597235499306,0.9630216032872239
turbine_1,2025-12-16T18:00:00Z,2025-12-17T11:00:00Z,17.0,0.01,0.929685981065648,0.9238213637963164
turbine_1,2025-12-16T18:00:00Z,2025-12-17T12:00:00Z,18.0,0.065,0.943340152199497,0.9456596226079731
turbine_1,2025-12-16T18:00:00Z,2025-12-17T13:00:00Z,19.0,0.2199999999999999,0.9433505390773448,0.9465734099055244
turbine_1,2025-12-16T18:00:00Z,2025-12-17T14:00:00Z,20.0,0.1949999999999999,0.9032312903165663,0.9091878576005701
turbine_1,2025-12-16T18:00:00Z,2025-12-17T15:00:00Z,21.0,0.3916666666666666,0.8950238985261555,0.9164381883989028
turbine_1,2025-12-16T18:00:00Z,2025-12-17T16:00:00Z,22.0,0.425,0.7835209445904643,0.7840491919093484
turbine_1,2025-12-16T18:00:00Z,2025-12-17T17:00:00Z,23.0,0.5,0.7544731009898268,0.7590465471089026
turbine_1,2025-12-16T18:00:00Z,2025-12-17T18:00:00Z,24.0,0.7166666666666667,0.5766997946741801,0.5747876739189124
turbine_1,2025-12-16T18:00:00Z,2025-12-17T19:00:00Z,25.0,0.8533333333333334,0.4317624802897986,0.4203416403478701
turbine_1,2025-12-16T18:00:00Z,2025-12-17T20:00:00Z,26.0,0.6533333333333333,0.23339503207133686,0.20808113422830904
turbine_1,2025-12-16T18:00:00Z,2025-12-17T21:00:00Z,27.0,0.55,0.13785138916700843,0.12088068137541277
turbine_1,2025-12-16T18:00:00Z,2025-12-17T22:00:00Z,28.0,0.335,0.0881762308973725,0.08196323850800466
turbine_1,2025-12-16T18:00:00Z,2025-12-17T23:00:00Z,29.0,0.4633333333333334,0.08278414764061254,0.06988198363523176
turbine_1,2025-12-16T18:00:00Z,2025-12-18T00:00:00Z,30.0,0.605,0.0716438640795388,0.06100373257061467
turbine_1,2025-12-16T18:00:00Z,2025-12-18T01:00:00Z,31.0,0.4866666666666666,0.06453469196001568,0.05123365188469983
turbine_1,2025-12-16T18:00:00Z,2025-12-18T02:00:00Z,32.0,0.225,0.06978404463569392,0.06544964895071662
turbine_1,2025-12-16T18:00:00Z,2025-12-18T03:00:00Z,33.0,0.165,0.04293657939844345,0.057223758346296755
turbine_1,2025-12-16T18:00:00Z,2025-12-18T04:00:00Z,34.0,0.1683333333333333,0.040886168378276216,0.05101161823933356
turbine_1,2025-12-16T18:00:00Z,2025-12-18T05:00:00Z,35.0,0.1783333333333333,0.06828262443813007,0.049538938652484904
turbine_1,2025-12-16T18:00:00Z,2025-12-18T06:00:00Z,36.0,0.14,0.04391949538987333,0.04486693245666448
turbine_1,2025-12-16T18:00:00Z,2025-12-18T07:00:00Z,37.0,0.285,0.042840976777324236,0.03488454299730759
turbine_1,2025-12-16T18:00:00Z,2025-12-18T08:00:00Z,38.0,0.6649999999999999,0.09608322730807298,0.06078433900796312
turbine_1,2025-12-16T18:00:00Z,2025-12-18T09:00:00Z,39.0,0.6966666666666667,0.2145224637089806,0.1634565140951187
turbine_1,2025-12-16T18:00:00Z,2025-12-18T10:00:00Z,40.0,0.89,0.4339272411943119,0.4088096227052847
turbine_1,2025-12-16T18:00:00Z,2025-12-18T11:00:00Z,41.0,0.93,0.5023663988460743,0.537969010234635
turbine_1,2025-12-16T18:00:00Z,2025-12-18T12:00:00Z,42.0,0.9483333333333333,0.9054111263186305,0.8872506772891556
turbine_1,2025-12-16T18:00:00Z,2025-12-18T13:00:00Z,43.0,0.9683333333333332,0.9094320342015433,0.9243698453266176
turbine_1,2025-12-16T18:00:00Z,2025-12-18T14:00:00Z,44.0,0.99,0.9254608397502976,0.9426683031854923
turbine_1,2025-12-16T18:00:00Z,2025-12-18T15:00:00Z,45.0,0.9883333333333332,0.8950238985261555,0.9146559474674776
turbine_1,2025-12-16T18:00:00Z,2025-12-18T16:00:00Z,46.0,0.9833333333333334,0.8848296551454878,0.8722764688433206
turbine_1,2025-12-16T18:00:00Z,2025-12-18T17:00:00Z,47.0,0.9166666666666666,0.9004651813026289,0.8719431927732878
turbine_1,2025-12-16T18:00:00Z,2025-12-18T18:00:00Z,48.0,0.97,0.7992630376782187,0.8019783142729061
turbine_1,2025-12-17T18:00:00Z,2025-12-17T19:00:00Z,1.0,0.8533333333333334,0.5912739711099457,0.588315085505926
turbine_1,2025-12-17T18:00:00Z,2025-12-17T20:00:00Z,2.0,0.6533333333333333,0.45024622212338467,0.4717592038215534
turbine_1,2025-12-17T18:00:00Z,2025-12-17T21:00:00Z,3.0,0.55,0.3440737273829173,0.2864588756225068
turbine_1,2025-12-17T18:00:00Z,2025-12-17T22:00:00Z,4.0,0.335,0.1525923968566685,0.1176281871154636
turbine_1,2025-12-17T18:00:00Z,2025-12-17T23:00:00Z,5.0,0.4633333333333334,0.10561182015916278,0.1096427957382099
turbine_1,2025-12-17T18:00:00Z,2025-12-18T00:00:00Z,6.0,0.605,0.09936554570708561,0.08997215960348232
turbine_1,2025-12-17T18:00:00Z,2025-12-18T01:00:00Z,7.0,0.4866666666666666,0.07764491222822234,0.0798828758769051
turbine_1,2025-12-17T18:00:00Z,2025-12-18T02:00:00Z,8.0,0.225,0.07860498068794834,0.072567600515859
turbine_1,2025-12-17T18:00:00Z,2025-12-18T03:00:00Z,9.0,0.165,0.057576988139575874,0.07789316898546961
turbine_1,2025-12-17T18:00:00Z,2025-12-18T04:00:00Z,10.0,0.1683333333333333,0.05427489026922824,0.05695752467366694
turbine_1,2025-12-17T18:00:00Z,2025-12-18T05:00:00Z,11.0,0.1783333333333333,0.0701555790185668,0.049138174989569045
turbine_1,2025-12-17T18:00:00Z,2025-12-18T06:00:00Z,12.0,0.14,0.051037453584868386,0.047857243594386256
turbine_1,2025-12-17T18:00:00Z,2025-12-18T07:00:00Z,13.0,0.285,0.11310471905085327,0.09328402675965533
turbine_1,2025-12-17T18:00:00Z,2025-12-18T08:00:00Z,14.0,0.6649999999999999,0.2858374138249958,0.26802449077345614
turbine_1,2025-12-17T18:00:00Z,2025-12-18T09:00:00Z,15.0,0.6966666666666667,0.4960198811015588,0.5416168504168065
turbine_1,2025-12-17T18:00:00Z,2025-12-18T10:00:00Z,16.0,0.89,0.7347498545133796,0.7659190592389322
turbine_1,2025-12-17T18:00:00Z,2025-12-18T11:00:00Z,17.0,0.93,0.909754596598452,0.885386350329839
turbine_1,2025-12-17T18:00:00Z,2025-12-18T12:00:00Z,18.0,0.9483333333333333,0.8968835010489624,0.9081725225899766
turbine_1,2025-12-17T18:00:00Z,2025-12-18T13:00:00Z,19.0,0.9683333333333332,0.9048797082246823,0.9246021274713021
turbine_1,2025-12-17T18:00:00Z,2025-12-18T14:00:00Z,20.0,0.99,0.9428837558187756,0.9459502198192161
turbine_1,2025-12-17T18:00:00Z,2025-12-18T15:00:00Z,21.0,0.9883333333333332,0.9361617660012757,0.9491568124789668
turbine_1,2025-12-17T18:00:00Z,2025-12-18T16:00:00Z,22.0,0.9833333333333334,0.9430454178670509,0.9382423098837582
turbine_1,2025-12-17T18:00:00Z,2025-12-18T17:00:00Z,23.0,0.9166666666666666,0.9434040722215059,0.9393646947448306
turbine_1,2025-12-17T18:00:00Z,2025-12-18T18:00:00Z,24.0,0.97,0.9568892697728338,0.9487961762933264
turbine_1,2025-12-17T18:00:00Z,2025-12-18T19:00:00Z,25.0,0.7399999999999999,0.9518631591102974,0.9479960895372747
turbine_1,2025-12-17T18:00:00Z,2025-12-18T20:00:00Z,26.0,0.9833333333333334,0.9571689090890668,0.9558831142734856
turbine_1,2025-12-17T18:00:00Z,2025-12-18T21:00:00Z,27.0,0.99,0.9027493242879134,0.9231437406637542
turbine_1,2025-12-17T18:00:00Z,2025-12-18T22:00:00Z,28.0,0.97,0.7682438544159144,0.7480707631104763
turbine_1,2025-12-17T18:00:00Z,2025-12-18T23:00:00Z,29.0,0.9383333333333334,0.6727838604501211,0.6477509076186778
turbine_1,2025-12-17T18:00:00Z,2025-12-19T00:00:00Z,30.0,0.5666666666666667,0.392930749011994,0.4254173132613508
turbine_1,2025-12-17T18:00:00Z,2025-12-19T01:00:00Z,31.0,0.1349999999999999,0.2057963362714966,0.2234548141793555
turbine_1,2025-12-17T18:00:00Z,2025-12-19T02:00:00Z,32.0,0.01,0.162309838782428,0.2070230836662716
turbine_1,2025-12-17T18:00:00Z,2025-12-19T03:00:00Z,33.0,0.0116666666666666,0.08265158690283599,0.11228684205575581
turbine_1,2025-12-17T18:00:00Z,2025-12-19T04:00:00Z,34.0,0.0316666666666666,0.011210082766873797,0.017034176320458866
turbine_1,2025-12-17T18:00:00Z,2025-12-19T05:00:00Z,35.0,0.01,0.015797965650633128,0.010781360147925578
turbine_1,2025-12-17T18:00:00Z,2025-12-19T06:00:00Z,36.0,0.0866666666666666,0.025717370805247386,0.012891644781175077
turbine_1,2025-12-17T18:00:00Z,2025-12-19T07:00:00Z,37.0,0.24,0.04427488877794794,0.03220581384821633
turbine_1,2025-12-17T18:00:00Z,2025-12-19T08:00:00Z,38.0,0.4866666666666666,0.0888711501135804,0.041270958847441336
turbine_1,2025-12-17T18:00:00Z,2025-12-19T09:00:00Z,39.0,0.7366666666666667,0.14930386246873023,0.11367655208643537
turbine_1,2025-12-17T18:00:00Z,2025-12-19T10:00:00Z,40.0,0.8666666666666667,0.3448462099499041,0.24425705894605085
turbine_1,2025-12-17T18:00:00Z,2025-12-19T11:00:00Z,41.0,0.9866666666666668,0.5778477188337091,0.6329242716433092
turbine_1,2025-12-17T18:00:00Z,2025-12-19T12:00:00Z,42.0,0.9866666666666668,0.6736569292996483,0.6246191281059533
turbine_1,2025-12-17T18:00:00Z,2025-12-19T13:00:00Z,43.0,0.99,0.5912874613933097,0.5816682378624095
turbine_1,2025-12-17T18:00:00Z,2025-12-19T14:00:00Z,44.0,0.99,0.8104127578799722,0.7850795461148538
turbine_1,2025-12-17T18:00:00Z,2025-12-19T15:00:00Z,45.0,0.9883333333333332,0.9599094683737344,0.9475410436150518
turbine_1,2025-12-17T18:00:00Z,2025-12-19T16:00:00Z,46.0,0.9116666666666666,0.9496359007120895,0.9409766095514023
turbine_1,2025-12-17T18:00:00Z,2025-12-19T17:00:00Z,47.0,0.9783333333333334,0.9576009892336314,0.9436478778941544
turbine_1,2025-12-17T18:00:00Z,2025-12-19T18:00:00Z,48.0,0.99,0.9359571234300935,0.9081527664846525
turbine_1,2025-12-18T18:00:00Z,2025-12-18T19:00:00Z,1.0,0.7399999999999999,0.7918811903060707,0.7877547627124086
turbine_1,2025-12-18T18:00:00Z,2025-12-18T20:00:00Z,2.0,0.9833333333333334,0.76015526158774,0.749368716987101
turbine_1,2025-12-18T18:00:00Z,2025-12-18T21:00:00Z,3.0,0.99,0.6605356887974811,0.6121487435167072
turbine_1,2025-12-18T18:00:00Z,2025-12-18T22:00:00Z,4.0,0.97,0.5572251634472378,0.5670621704790297
turbine_1,2025-12-18T18:00:00Z,2025-12-18T23:00:00Z,5.0,0.9383333333333334,0.43790778342583875,0.4866609048239254
turbine_1,2025-12-18T18:00:00Z,2025-12-19T00:00:00Z,6.0,0.5666666666666667,0.3441238924687867,0.3643027656940646
turbine_1,2025-12-18T18:00:00Z,2025-12-19T01:00:00Z,7.0,0.1349999999999999,0.13758765112313925,0.1852692744439036
turbine_1,2025-12-18T18:00:00Z,2025-12-19T02:00:00Z,8.0,0.01,0.07018837010546974,0.10675908609335596
turbine_1,2025-12-18T18:00:00Z,2025-12-19T03:00:00Z,9.0,0.0116666666666666,0.03260929050912981,0.05994019627696917
turbine_1,2025-12-18T18:00:00Z,2025-12-19T04:00:00Z,10.0,0.0316666666666666,0.010927366605280486,0.010706814130993364
turbine_1,2025-12-18T18:00:00Z,2025-12-19T05:00:00Z,11.0,0.01,0.045245435967212366,0.025536513574146213
turbine_1,2025-12-18T18:00:00Z,2025-12-19T06:00:00Z,12.0,0.0866666666666666,0.11119883667699905,0.06792380897214287
turbine_1,2025-12-18T18:00:00Z,2025-12-19T07:00:00Z,13.0,0.24,0.530379159706877,0.5553059826948594
turbine_1,2025-12-18T18:00:00Z,2025-12-19T08:00:00Z,14.0,0.4866666666666666,0.8513432510837912,0.7993422885156789
turbine_1,2025-12-18T18:00:00Z,2025-12-19T09:00:00Z,15.0,0.7366666666666667,0.9004271444088238,0.876107092399053
turbine_1,2025-12-18T18:00:00Z,2025-12-19T10:00:00Z,16.0,0.8666666666666667,0.8657296009119428,0.8608579672210358
turbine_1,2025-12-18T18:00:00Z,2025-12-19T11:00:00Z,17.0,0.9866666666666668,0.8197424910386908,0.7759063755985092
turbine_1,2025-12-18T18:00:00Z,2025-12-19T12:00:00Z,18.0,0.9866666666666668,0.803032341682888,0.7830320651665174
turbine_1,2025-12-18T18:00:00Z,2025-12-19T13:00:00Z,19.0,0.99,0.8184137144516473,0.8029419911347254
turbine_1,2025-12-18T18:00:00Z,2025-12-19T14:00:00Z,20.0,0.99,0.8392816801330213,0.7945865440020031
turbine_1,2025-12-18T18:00:00Z,2025-12-19T15:00:00Z,21.0,0.9883333333333332,0.930480885157014,0.8965110252095473
turbine_1,2025-12-18T18:00:00Z,2025-12-19T16:00:00Z,22.0,0.9116666666666666,0.9171279951430442,0.9155753484458087
turbine_1,2025-12-18T18:00:00Z,2025-12-19T17:00:00Z,23.0,0.9783333333333334,0.954984944501954,0.921556804138554
turbine_1,2025-12-18T18:00:00Z,2025-12-19T18:00:00Z,24.0,0.99,0.9174128724270627,0.9021805400823442
turbine_1,2025-12-18T18:00:00Z,2025-12-19T19:00:00Z,25.0,0.99,0.872562667304473,0.795481544642837
turbine_1,2025-12-18T18:00:00Z,2025-12-19T20:00:00Z,26.0,0.945,0.8602552711254844,0.8723306880870121
turbine_1,2025-12-18T18:00:00Z,2025-12-19T21:00:00Z,27.0,0.9833333333333334,0.8586775569581877,0.885797678072187
turbine_1,2025-12-18T18:00:00Z,2025-12-19T22:00:00Z,28.0,0.98,0.6828432927935388,0.6690583551352529
turbine_1,2025-12-18T18:00:00Z,2025-12-19T23:00:00Z,29.0,0.7433333333333333,0.5307300758678364,0.5888121425009933
turbine_1,2025-12-18T18:00:00Z,2025-12-20T00:00:00Z,30.0,0.5,0.4094567536712771,0.36398485187307494
turbine_1,2025-12-18T18:00:00Z,2025-12-20T01:00:00Z,31.0,0.1283333333333333,0.3646134515233551,0.34408742598277187
turbine_1,2025-12-18T18:00:00Z,2025-12-20T02:00:00Z,32.0,0.09,0.4101068253072602,0.37621288909387207
turbine_1,2025-12-18T18:00:00Z,2025-12-20T03:00:00Z,33.0,0.1966666666666666,0.42786598482871285,0.421943208044068
turbine_1,2025-12-18T18:00:00Z,2025-12-20T04:00:00Z,34.0,0.105,0.20860348918995686,0.2520045305235593
turbine_1,2025-12-18T18:00:00Z,2025-12-20T05:00:00Z,35.0,0.1166666666666666,0.24201832868645523,0.2128136440376528
turbine_1,2025-12-18T18:00:00Z,2025-12-20T06:00:00Z,36.0,0.145,0.23210074979140863,0.20503468612999443
turbine_1,2025-12-18T18:00:00Z,2025-12-20T07:00:00Z,37.0,0.21,0.24585238324042488,0.2070257409478953
turbine_1,2025-12-18T18:00:00Z,2025-12-20T08:00:00Z,38.0,0.3833333333333333,0.20593742297653247,0.15825819867436208
turbine_1,2025-12-18T18:00:00Z,2025-12-20T09:00:00Z,39.0,0.2633333333333333,0.11631628278898376,0.09940497504166546
turbine_1,2025-12-18T18:00:00Z,2025-12-20T10:00:00Z,40.0,0.2466666666666666,0.10073233732368114,0.08916209604547014
turbine_1,2025-12-18T18:00:00Z,2025-12-20T11:00:00Z,41.0,0.11,0.05932677711794265,0.05921977049683838
turbine_1,2025-12-18T18:00:00Z,2025-12-20T12:00:00Z,42.0,0.01,0.039501984401107304,0.03266896748217871
turbine_1,2025-12-18T18:00:00Z,2025-12-20T13:00:00Z,43.0,0.01,0.04283191685663157,0.03472763058654943
turbine_1,2025-12-18T18:00:00Z,2025-12-20T14:00:00Z,44.0,0.01,0.03542595370532753,0.03575384415219934
turbine_1,2025-12-18T18:00:00Z,2025-12-20T15:00:00Z,45.0,0.01,0.058520596341299636,0.04002888570855831
turbine_1,2025-12-18T18:00:00Z,2025-12-20T16:00:00Z,46.0,0.01,0.09416172209966027,0.08415430333264085
turbine_1,2025-12-18T18:00:00Z,2025-12-20T17:00:00Z,47.0,0.01,0.14755840331094078,0.10534421791963064
turbine_1,2025-12-18T18:00:00Z,2025-12-20T18:00:00Z,48.0,0.0583333333333333,0.0855553144230557,0.09077081955877672
turbine_1,2025-12-19T18:00:00Z,2025-12-19T19:00:00Z,1.0,0.99,0.9398622691958249,0.9099091680571243
turbine_1,2025-12-19T18:00:00Z,2025-12-19T20:00:00Z,2.0,0.945,0.9145463757962454,0.8809002064818849
turbine_1,2025-12-19T18:00:00Z,2025-12-19T21:00:00Z,3.0,0.9833333333333334,0.9058504972522292,0.8850952561590413
turbine_1,2025-12-19T18:00:00Z,2025-12-19T22:00:00Z,4.0,0.98,0.8266210548796172,0.8632637380972992
turbine_1,2025-12-19T18:00:00Z,2025-12-19T23:00:00Z,5.0,0.7433333333333333,0.6438532783407349,0.6506608724565656
turbine_1,2025-12-19T18:00:00Z,2025-12-20T00:00:00Z,6.0,0.5,0.524825042539284,0.5889289625889934
turbine_1,2025-12-19T18:00:00Z,2025-12-20T01:00:00Z,7.0,0.1283333333333333,0.353451711745034,0.4012104205127568
turbine_1,2025-12-19T18:00:00Z,2025-12-20T02:00:00Z,8.0,0.09,0.3753665713855744,0.3490553882098234
turbine_1,2025-12-19T18:00:00Z,2025-12-20T03:00:00Z,9.0,0.1966666666666666,0.3525407523881502,0.3840661336654945
turbine_1,2025-12-19T18:00:00Z,2025-12-20T04:00:00Z,10.0,0.105,0.37695832298534543,0.4112447263751863
turbine_1,2025-12-19T18:00:00Z,2025-12-20T05:00:00Z,11.0,0.1166666666666666,0.625884767440347,0.6218220224061723
turbine_1,2025-12-19T18:00:00Z,2025-12-20T06:00:00Z,12.0,0.145,0.871110262335345,0.8566109443606882
turbine_1,2025-12-19T18:00:00Z,2025-12-20T07:00:00Z,13.0,0.21,0.9548940428654777,0.8989733750782973
turbine_1,2025-12-19T18:00:00Z,2025-12-20T08:00:00Z,14.0,0.3833333333333333,0.7259714038638402,0.7730787023663328
turbine_1,2025-12-19T18:00:00Z,2025-12-20T09:00:00Z,15.0,0.2633333333333333,0.6382738077375696,0.6013015312311538
turbine_1,2025-12-19T18:00:00Z,2025-12-20T10:00:00Z,16.0,0.2466666666666666,0.34346257484479253,0.28992638119979974
turbine_1,2025-12-19T18:00:00Z,2025-12-20T11:00:00Z,17.0,0.11,0.19067243256833558,0.21934305141527116
turbine_1,2025-12-19T18:00:00Z,2025-12-20T12:00:00Z,18.0,0.01,0.09066393996716318,0.12072776813951974
turbine_1,2025-12-19T18:00:00Z,2025-12-20T13:00:00Z,19.0,0.01,0.06479366849491511,0.06691697542047295
turbine_1,2025-12-19T18:00:00Z,2025-12-20T14:00:00Z,20.0,0.01,0.040304261354311255,0.03540437295569823
turbine_1,2025-12-19T18:00:00Z,2025-12-20T15:00:00Z,21.0,0.01,0.0634199346745985,0.04260820894936482
turbine_1,2025-12-19T18:00:00Z,2025-12-20T16:00:00Z,22.0,0.01,0.16229163581031505,0.10914427184021669
turbine_1,2025-12-19T18:00:00Z,2025-12-20T17:00:00Z,23.0,0.01,0.1757130035789714,0.1559685693652065
turbine_1,2025-12-19T18:00:00Z,2025-12-20T18:00:00Z,24.0,0.0583333333333333,0.23652555000051295,0.25091757803991344
turbine_1,2025-12-19T18:00:00Z,2025-12-20T19:00:00Z,25.0,0.04,0.3219764593076483,0.30768749982816646
turbine_1,2025-12-19T18:00:00Z,2025-12-20T20:00:00Z,26.0,0.0816666666666666,0.32306463103226085,0.3275969274980445
turbine_1,2025-12-19T18:00:00Z,2025-12-20T21:00:00Z,27.0,0.2983333333333333,0.4382890617712937,0.4319212440461714
turbine_1,2025-12-19T18:00:00Z,2025-12-20T22:00:00Z,28.0,0.2283333333333333,0.5153447657902248,0.5427821557319348
turbine_1,2025-12-19T18:00:00Z,2025-12-20T23:00:00Z,29.0,0.7166666666666667,0.6504519037158816,0.6051198992975764
turbine_1,2025-12-19T18:00:00Z,2025-12-21T00:00:00Z,30.0,0.9983333333333334,0.7356527179091948,0.7008244031512277
turbine_1,2025-12-19T18:00:00Z,2025-12-21T01:00:00Z,31.0,0.8633333333333333,0.7587936896515377,0.7456886045738474
turbine_1,2025-12-19T18:00:00Z,2025-12-21T02:00:00Z,32.0,0.325,0.7643479286972432,0.7335433997137606
turbine_1,2025-12-19T18:00:00Z,2025-12-21T03:00:00Z,33.0,0.305,0.7452619549698422,0.690137453281618
turbine_1,2025-12-19T18:00:00Z,2025-12-21T04:00:00Z,34.0,0.325,0.7869619375018625,0.8081718969260067
turbine_1,2025-12-19T18:00:00Z,2025-12-21T05:00:00Z,35.0,0.3716666666666666,0.8097902464746282,0.8137827695586201
turbine_1,2025-12-19T18:00:00Z,2025-12-21T06:00:00Z,36.0,0.3783333333333333,0.8244790686919338,0.8345031659418447
turbine_1,2025-12-19T18:00:00Z,2025-12-21T07:00:00Z,37.0,0.3116666666666666,0.9434049386716555,0.9363654265073406
turbine_1,2025-12-19T18:00:00Z,2025-12-21T08:00:00Z,38.0,0.3066666666666666,0.9279626094483155,0.9292003282801137
turbine_1,2025-12-19T18:00:00Z,2025-12-21T09:00:00Z,39.0,0.3283333333333333,0.9339792559334081,0.9209169402870853
turbine_1,2025-12-19T18:00:00Z,2025-12-21T10:00:00Z,40.0,0.5,0.8251578953493937,0.8573544437176118
turbine_1,2025-12-19T18:00:00Z,2025-12-21T11:00:00Z,41.0,0.4166666666666667,0.7780539028689222,0.825560304710255
turbine_1,2025-12-19T18:00:00Z,2025-12-21T12:00:00Z,42.0,0.4666666666666666,0.7593836664285715,0.7803989476852614
turbine_1,2025-12-19T18:00:00Z,2025-12-21T13:00:00Z,43.0,0.5633333333333334,0.7484552694665894,0.7644945454371934
turbine_1,2025-12-19T18:00:00Z,2025-12-21T14:00:00Z,44.0,0.7516666666666666,0.6713625983437377,0.678184118190085
turbine_1,2025-12-19T18:00:00Z,2025-12-21T15:00:00Z,45.0,0.6883333333333334,0.5483030416753902,0.5758297303091577
turbine_1,2025-12-19T18:00:00Z,2025-12-21T16:00:00Z,46.0,0.6733333333333333,0.5470181993350609,0.5140787877585442
turbine_1,2025-12-19T18:00:00Z,2025-12-21T17:00:00Z,47.0,0.5033333333333333,0.513681560243096,0.45445072387207225
turbine_1,2025-12-19T18:00:00Z,2025-12-21T18:00:00Z,48.0,0.57,0.27162805516672706,0.2518318143964785
turbine_1,2025-12-20T18:00:00Z,2025-12-20T19:00:00Z,1.0,0.04,0.20308205537416096,0.26237665177470454
turbine_1,2025-12-20T18:00:00Z,2025-12-20T20:00:00Z,2.0,0.0816666666666666,0.17228705537926928,0.224490528648399
turbine_1,2025-12-20T18:00:00Z,2025-12-20T21:00:00Z,3.0,0.2983333333333333,0.2958059008892878,0.26617296432798043
turbine_1,2025-12-20T18:00:00Z,2025-12-20T22:00:00Z,4.0,0.2283333333333333,0.34588466203733104,0.3463914287121227
turbine_1,2025-12-20T18:00:00Z,2025-12-20T23:00:00Z,5.0,0.7166666666666667,0.6034698279280679,0.5992649890522448
turbine_1,2025-12-20T18:00:00Z,2025-12-21T00:00:00Z,6.0,0.9983333333333334,0.8461452205677107,0.8120020418299504
turbine_1,2025-12-20T18:00:00Z,2025-12-21T01:00:00Z,7.0,0.8633333333333333,0.8965209411699485,0.9178956334297662
turbine_1,2025-12-20T18:00:00Z,2025-12-21T02:00:00Z,8.0,0.325,0.8994114928387724,0.9219135606613004
turbine_1,2025-12-20T18:00:00Z,2025-12-21T03:00:00Z,9.0,0.305,0.8625892776314737,0.865974578121468
turbine_1,2025-12-20T18:00:00Z,2025-12-21T04:00:00Z,10.0,0.325,0.9635939204010041,0.9688341289833454
turbine_1,2025-12-20T18:00:00Z,2025-12-21T05:00:00Z,11.0,0.3716666666666666,0.9660752625450367,0.9653591909934113
turbine_1,2025-12-20T18:00:00Z,2025-12-21T06:00:00Z,12.0,0.3783333333333333,0.9530771078655181,0.9348361783326248
turbine_1,2025-12-20T18:00:00Z,2025-12-21T07:00:00Z,13.0,0.3116666666666666,0.9577419877395074,0.9338416089286551
turbine_1,2025-12-20T18:00:00Z,2025-12-21T08:00:00Z,14.0,0.3066666666666666,0.9422996585161674,0.9344323546696459
turbine_1,2025-12-20T18:00:00Z,2025-12-21T09:00:00Z,15.0,0.3283333333333333,0.8127014244009331,0.8309456753081185
turbine_1,2025-12-20T18:00:00Z,2025-12-21T10:00:00Z,16.0,0.5,0.6641727206434088,0.7001253800707647
turbine_1,2025-12-20T18:00:00Z,2025-12-21T11:00:00Z,17.0,0.4166666666666667,0.6025164456252902,0.6726041451645769
turbine_1,2025-12-20T18:00:00Z,2025-12-21T12:00:00Z,18.0,0.4666666666666666,0.6687537958326223,0.6704759210580234
turbine_1,2025-12-20T18:00:00Z,2025-12-21T13:00:00Z,19.0,0.5633333333333334,0.6442064731628507,0.6718645786607087
turbine_1,2025-12-20T18:00:00Z,2025-12-21T14:00:00Z,20.0,0.7516666666666666,0.6243587046711911,0.6576049977857503
turbine_1,2025-12-20T18:00:00Z,2025-12-21T15:00:00Z,21.0,0.6883333333333334,0.5493089129118018,0.5232471913045857
turbine_1,2025-12-20T18:00:00Z,2025-12-21T16:00:00Z,22.0,0.6733333333333333,0.5157113420095425,0.48509197961629086
turbine_1,2025-12-20T18:00:00Z,2025-12-21T17:00:00Z,23.0,0.5033333333333333,0.44354506238913505,0.4278756700219293
turbine_1,2025-12-20T18:00:00Z,2025-12-21T18:00:00Z,24.0,0.57,0.34333056079919605,0.31523871051223434
turbine_1,2025-12-20T18:00:00Z,2025-12-21T19:00:00Z,25.0,0.6566666666666666,0.3279367359331068,0.2922525628978374
turbine_1,2025-12-20T18:00:00Z,2025-12-21T20:00:00Z,26.0,0.4816666666666666,0.2054614460229672,0.23609648725818982
turbine_1,2025-12-20T18:00:00Z,2025-12-21T21:00:00Z,27.0,0.1783333333333333,0.12691029408719387,0.15107077463943525
turbine_1,2025-12-20T18:00:00Z,2025-12-21T22:00:00Z,28.0,0.01,0.05646746739731137,0.060640995402705095
turbine_1,2025-12-20T18:00:00Z,2025-12-21T23:00:00Z,29.0,0.015,0.014780995418018417,0.038529030735392295
turbine_1,2025-12-20T18:00:00Z,2025-12-22T00:00:00Z,30.0,0.095,0.01325820134376543,0.010909178660930663
turbine_1,2025-12-20T18:00:00Z,2025-12-22T01:00:00Z,31.0,0.1999999999999999,0.05444229541719847,0.03433584087160996
turbine_1,2025-12-20T18:00:00Z,2025-12-22T02:00:00Z,32.0,0.1333333333333333,0.13230772831172805,0.132113066657788
turbine_1,2025-12-20T18:00:00Z,2025-12-22T03:00:00Z,33.0,0.1816666666666666,0.30394862524220784,0.30433254532784076
turbine_1,2025-12-20T18:00:00Z,2025-12-22T04:00:00Z,34.0,0.5533333333333333,0.6125502364750595,0.6284646521653556
turbine_1,2025-12-20T18:00:00Z,2025-12-22T05:00:00Z,35.0,0.965,0.9229512428883719,0.8828025895871916
turbine_1,2025-12-20T18:00:00Z,2025-12-22T06:00:00Z,36.0,0.975,0.9728699327569704,0.9438355861306678
turbine_1,2025-12-20T18:00:00Z,2025-12-22T07:00:00Z,37.0,0.9866666666666668,0.9752165678430095,0.9763407170103249
turbine_1,2025-12-20T18:00:00Z,2025-12-22T08:00:00Z,38.0,0.9566666666666668,0.9745398793741553,0.978662512698474
turbine_1,2025-12-20T18:00:00Z,2025-12-22T09:00:00Z,39.0,0.9883333333333332,0.9812243560591222,0.9627923689422762
turbine_1,2025-12-20T18:00:00Z,2025-12-22T10:00:00Z,40.0,0.9883333333333332,0.9530021934668464,0.9385558712573965
turbine_1,2025-12-20T18:00:00Z,2025-12-22T11:00:00Z,41.0,0.99,0.9599087296399264,0.9255591761408182
turbine_1,2025-12-20T18:00:00Z,2025-12-22T12:00:00Z,42.0,0.99,0.7801325194869922,0.8154097680381861
turbine_1,2025-12-20T18:00:00Z,2025-12-22T13:00:00Z,43.0,0.975,0.6293823629518043,0.7046522860908826
turbine_1,2025-12-20T18:00:00Z,2025-12-22T14:00:00Z,44.0,0.5850000000000001,0.6300557589391942,0.5865814280359635
turbine_1,2025-12-20T18:00:00Z,2025-12-22T15:00:00Z,45.0,0.1149999999999999,0.6432112076767365,0.5849789820981991
turbine_1,2025-12-20T18:00:00Z,2025-12-22T16:00:00Z,46.0,0.1733333333333333,0.5619238803488803,0.4800918664993043
turbine_1,2025-12-20T18:00:00Z,2025-12-22T17:00:00Z,47.0,0.1116666666666666,0.25763405502431797,0.21504396454740657
turbine_1,2025-12-20T18:00:00Z,2025-12-22T18:00:00Z,48.0,0.075,0.21259799161530155,0.1648444893817716
turbine_1,2025-12-21T18:00:00Z,2025-12-21T19:00:00Z,1.0,0.6566666666666666,0.4247291178406203,0.403498721223301
turbine_1,2025-12-21T18:00:00Z,2025-12-21T20:00:00Z,2.0,0.4816666666666666,0.23393227336308833,0.2583260940846756
turbine_1,2025-12-21T18:00:00Z,2025-12-21T21:00:00Z,3.0,0.1783333333333333,0.13558401859722988,0.15208027939600144
turbine_1,2025-12-21T18:00:00Z,2025-12-21T22:00:00Z,4.0,0.01,0.0703875696752885,0.08022817437859109
turbine_1,2025-12-21T18:00:00Z,2025-12-21T23:00:00Z,5.0,0.015,0.01708219548919976,0.05500318713240207
turbine_1,2025-12-21T18:00:00Z,2025-12-22T00:00:00Z,6.0,0.095,0.011122551499534006,0.009914913799447228
turbine_1,2025-12-21T18:00:00Z,2025-12-22T01:00:00Z,7.0,0.1999999999999999,0.017091157414383468,0.012587567391417781
turbine_1,2025-12-21T18:00:00Z,2025-12-22T02:00:00Z,8.0,0.1333333333333333,0.04318597878809888,0.04486161218761106
turbine_1,2025-12-21T18:00:00Z,2025-12-22T03:00:00Z,9.0,0.1816666666666666,0.11160188330552803,0.09436275962587623
turbine_1,2025-12-21T18:00:00Z,2025-12-22T04:00:00Z,10.0,0.5533333333333333,0.40183312703018337,0.4153955478685783
turbine_1,2025-12-21T18:00:00Z,2025-12-22T05:00:00Z,11.0,0.965,0.8913506371692455,0.8682212132420133
turbine_1,2025-12-21T18:00:00Z,2025-12-22T06:00:00Z,12.0,0.975,0.9677857129200168,0.9694196986371169
turbine_1,2025-12-21T18:00:00Z,2025-12-22T07:00:00Z,13.0,0.9866666666666668,0.9525727938113012,0.952800470126318
turbine_1,2025-12-21T18:00:00Z,2025-12-22T08:00:00Z,14.0,0.9566666666666668,0.9312816233295607,0.9440312790963175
turbine_1,2025-12-21T18:00:00Z,2025-12-22T09:00:00Z,15.0,0.9883333333333332,0.9885647152043813,0.9725557150657516
turbine_1,2025-12-21T18:00:00Z,2025-12-22T10:00:00Z,16.0,0.9883333333333332,0.9959894062328505,0.9821434751057327
turbine_1,2025-12-21T18:00:00Z,2025-12-22T11:00:00Z,17.0,0.99,0.9635285020439315,0.925973587195398
turbine_1,2025-12-21T18:00:00Z,2025-12-22T12:00:00Z,18.0,0.99,0.7948363846362942,0.7813393173509269
turbine_1,2025-12-21T18:00:00Z,2025-12-22T13:00:00Z,19.0,0.975,0.6531395866017938,0.6924950952735184
turbine_1,2025-12-21T18:00:00Z,2025-12-22T14:00:00Z,20.0,0.5850000000000001,0.6122802540107318,0.5831713504710225
turbine_1,2025-12-21T18:00:00Z,2025-12-22T15:00:00Z,21.0,0.1149999999999999,0.37644100087786914,0.37168464140461244
turbine_1,2025-12-21T18:00:00Z,2025-12-22T16:00:00Z,22.0,0.1733333333333333,0.2264359978245652,0.225506472401995
turbine_1,2025-12-21T18:00:00Z,2025-12-22T17:00:00Z,23.0,0.1116666666666666,0.17973201987294718,0.17650452738552602
turbine_1,2025-12-21T18:00:00Z,2025-12-22T18:00:00Z,24.0,0.075,0.11537006085951927,0.12708150048360622
turbine_1,2025-12-21T18:00:00Z,2025-12-22T19:00:00Z,25.0,0.0233333333333333,0.1069382958962889,0.14478262699973282
turbine_1,2025-12-21T18:00:00Z,2025-12-22T20:00:00Z,26.0,0.01,0.06637091079889076,0.08804588627807508
turbine_1,2025-12-21T18:00:00Z,2025-12-22T21:00:00Z,27.0,0.01,0.058201354477581985,0.07141684088068051
turbine_1,2025-12-21T18:00:00Z,2025-12-22T22:00:00Z,28.0,0.015,0.05156729201309804,0.06385442522026463
turbine_1,2025-12-21T18:00:00Z,2025-12-22T23:00:00Z,29.0,0.01,0.04928024506502951,0.08967376890000933
turbine_1,2025-12-21T18:00:00Z,2025-12-23T00:00:00Z,30.0,0.01,0.04663721646333882,0.11227625559111154
turbine_1,2025-12-21T18:00:00Z,2025-12-23T01:00:00Z,31.0,0.01,0.03227572217988253,0.07981757678878629
turbine_1,2025-12-21T18:00:00Z,2025-12-23T02:00:00Z,32.0,0.01,0.021773577998448174,0.06307582289616898
turbine_1,2025-12-21T18:00:00Z,2025-12-23T03:00:00Z,33.0,0.0349999999999999,0.018063550880830337,0.04523618298043652
turbine_1,2025-12-21T18:00:00Z,2025-12-23T04:00:00Z,34.0,0.0216666666666666,0.016021861561371475,0.015457281014182839
turbine_1,2025-12-21T18:00:00Z,2025-12-23T05:00:00Z,35.0,0.01,0.0185256852273305,0.014378830306692042
turbine_1,2025-12-21T18:00:00Z,2025-12-23T06:00:00Z,36.0,0.01,0.02181263971089853,0.013605632748802055
turbine_1,2025-12-21T18:00:00Z,2025-12-23T07:00:00Z,37.0,0.01,0.03907408250000388,0.030055604534640318
turbine_1,2025-12-21T18:00:00Z,2025-12-23T08:00:00Z,38.0,0.01,0.04390389468004707,0.031165980092797835
turbine_1,2025-12-21T18:00:00Z,2025-12-23T09:00:00Z,39.0,0.01,0.034758191783040626,0.02765972443668943
turbine_1,2025-12-21T18:00:00Z,2025-12-23T10:00:00Z,40.0,0.01,0.040133562979819015,0.030066777818371693
turbine_1,2025-12-21T18:00:00Z,2025-12-23T11:00:00Z,41.0,0.01,0.05484137513245896,0.03916889425798789
turbine_1,2025-12-21T18:00:00Z,2025-12-23T12:00:00Z,42.0,0.01,0.06403267087876374,0.052312154008473444
turbine_1,2025-12-21T18:00:00Z,2025-12-23T13:00:00Z,43.0,0.01,0.049775768960507116,0.04208119445129466
turbine_1,2025-12-21T18:00:00Z,2025-12-23T14:00:00Z,44.0,0.01,0.04931848781168563,0.04138284230144529
turbine_1,2025-12-21T18:00:00Z,2025-12-23T15:00:00Z,45.0,0.01,0.041979750248937575,0.03329776678764915
turbine_1,2025-12-21T18:00:00Z,2025-12-23T16:00:00Z,46.0,0.01,0.04966777149948015,0.046358297773965634
turbine_1,2025-12-21T18:00:00Z,2025-12-23T17:00:00Z,47.0,0.0083333333333333,0.05718319109558484,0.052328746952295974
turbine_1,2025-12-21T18:00:00Z,2025-12-23T18:00:00Z,48.0,0.0783333333333333,0.07953001593656421,0.07364885382040118
turbine_1,2025-12-22T18:00:00Z,2025-12-22T19:00:00Z,1.0,0.0233333333333333,0.1872417201602834,0.15365266793040833
turbine_1,2025-12-22T18:00:00Z,2025-12-22T20:00:00Z,2.0,0.01,0.11485877579606431,0.12560228298162737
turbine_1,2025-12-22T18:00:00Z,2025-12-22T21:00:00Z,3.0,0.01,0.10944581482472436,0.10020993647693349
turbine_1,2025-12-22T18:00:00Z,2025-12-22T22:00:00Z,4.0,0.015,0.1335260237328234,0.1213721059511988
turbine_1,2025-12-22T18:00:00Z,2025-12-22T23:00:00Z,5.0,0.01,0.1795912313963216,0.20534348235959507
turbine_1,2025-12-22T18:00:00Z,2025-12-23T00:00:00Z,6.0,0.01,0.2718177818717828,0.27212733597387095
turbine_1,2025-12-22T18:00:00Z,2025-12-23T01:00:00Z,7.0,0.01,0.15478918451600213,0.15127374902850738
turbine_1,2025-12-22T18:00:00Z,2025-12-23T02:00:00Z,8.0,0.01,0.1066777763694079,0.08650841395155745
turbine_1,2025-12-22T18:00:00Z,2025-12-23T03:00:00Z,9.0,0.0349999999999999,0.08412581025873836,0.07043300993320148
turbine_1,2025-12-22T18:00:00Z,2025-12-23T04:00:00Z,10.0,0.0216666666666666,0.07045203399277777,0.05220198581493657
turbine_1,2025-12-22T18:00:00Z,2025-12-23T05:00:00Z,11.0,0.01,0.07712369264630767,0.0582759523066092
turbine_1,2025-12-22T18:00:00Z,2025-12-23T06:00:00Z,12.0,0.01,0.08853620805150088,0.04990402257578416
turbine_1,2025-12-22T18:00:00Z,2025-12-23T07:00:00Z,13.0,0.01,0.07121896355319643,0.043830017841677754
turbine_1,2025-12-22T18:00:00Z,2025-12-23T08:00:00Z,14.0,0.01,0.0934440362938678,0.041499700487815316
turbine_1,2025-12-22T18:00:00Z,2025-12-23T09:00:00Z,15.0,0.01,0.05562621434494125,0.05712804802645144
turbine_1,2025-12-22T18:00:00Z,2025-12-23T10:00:00Z,16.0,0.01,0.04928505313721826,0.044007153563012574
turbine_1,2025-12-22T18:00:00Z,2025-12-23T11:00:00Z,17.0,0.01,0.04058966012659232,0.04851188270991938
turbine_1,2025-12-22T18:00:00Z,2025-12-23T12:00:00Z,18.0,0.01,0.053248578651316936,0.04477692680490533
turbine_1,2025-12-22T18:00:00Z,2025-12-23T13:00:00Z,19.0,0.01,0.05170580730590796,0.051058909610030484
turbine_1,2025-12-22T18:00:00Z,2025-12-23T14:00:00Z,20.0,0.01,0.053021448030218854,0.06294706942259645
turbine_1,2025-12-22T18:00:00Z,2025-12-23T15:00:00Z,21.0,0.01,0.04450523092674924,0.05647661185590183
turbine_1,2025-12-22T18:00:00Z,2025-12-23T16:00:00Z,22.0,0.01,0.042500767706201925,0.05868148363104461
turbine_1,2025-12-22T18:00:00Z,2025-12-23T17:00:00Z,23.0,0.0083333333333333,0.04530239564653821,0.05399349615351873
turbine_1,2025-12-22T18:00:00Z,2025-12-23T18:00:00Z,24.0,0.0783333333333333,0.04767905644331835,0.048565853703754464
turbine_1,2025-12-22T18:00:00Z,2025-12-23T19:00:00Z,25.0,0.18,0.10419137183372602,0.07891365075680776
turbine_1,2025-12-22T18:00:00Z,2025-12-23T20:00:00Z,26.0,0.305,0.14153196690831726,0.16815582064183043
turbine_1,2025-12-22T18:00:00Z,2025-12-23T21:00:00Z,27.0,0.735,0.20575138010778912,0.19465846858159008
turbine_1,2025-12-22T18:00:00Z,2025-12-23T22:00:00Z,28.0,0.6533333333333333,0.22048954023352393,0.2038337123078733
turbine_1,2025-12-22T18:00:00Z,2025-12-23T23:00:00Z,29.0,0.5683333333333334,0.2430301595958092,0.20685276837968455
turbine_1,2025-12-22T18:00:00Z,2025-12-24T00:00:00Z,30.0,0.7633333333333333,0.20594196369510995,0.17310845072338632
turbine_1,2025-12-22T18:00:00Z,2025-12-24T01:00:00Z,31.0,0.8833333333333333,0.16447403286364143,0.15189503050886863
turbine_1,2025-12-22T18:00:00Z,2025-12-24T02:00:00Z,32.0,0.5833333333333334,0.16578895865234647,0.1518518730142971
turbine_1,2025-12-22T18:00:00Z,2025-12-24T03:00:00Z,33.0,0.6816666666666666,0.20917374769082545,0.16872076567084526
turbine_1,2025-12-22T18:00:00Z,2025-12-24T04:00:00Z,34.0,0.5583333333333333,0.2237761313674048,0.19193264723241338
turbine_1,2025-12-22T18:00:00Z,2025-12-24T05:00:00Z,35.0,0.4583333333333333,0.3297621912629136,0.2708902798144749
turbine_1,2025-12-22T18:00:00Z,2025-12-24T06:00:00Z,36.0,0.2716666666666666,0.32106558671801533,0.25942643137067145
turbine_1,2025-12-22T18:00:00Z,2025-12-24T07:00:00Z,37.0,0.2133333333333333,0.30959256985007205,0.27052552654998485
turbine_1,2025-12-22T18:00:00Z,2025-12-24T08:00:00Z,38.0,0.2299999999999999,0.3270692900193774,0.28288770934020735
turbine_1,2025-12-22T18:00:00Z,2025-12-24T09:00:00Z,39.0,0.235,0.40098982464756805,0.3370407998730294
turbine_1,2025-12-22T18:00:00Z,2025-12-24T10:00:00Z,40.0,0.2083333333333333,0.48108476930441224,0.4547766732054734
turbine_1,2025-12-22T18:00:00Z,2025-12-24T11:00:00Z,41.0,0.26,0.6203351809650617,0.5529964760134471
turbine_1,2025-12-22T18:00:00Z,2025-12-24T12:00:00Z,42.0,0.295,0.6393034156218983,0.5723010322830514
turbine_1,2025-12-22T18:00:00Z,2025-12-24T13:00:00Z,43.0,0.2483333333333333,0.6316136309294967,0.5731074307345216
turbine_1,2025-12-22T18:00:00Z,2025-12-24T14:00:00Z,44.0,0.2866666666666667,0.6975563719013798,0.6580859862589239
turbine_1,2025-12-22T18:00:00Z,2025-12-24T15:00:00Z,45.0,0.5516666666666666,0.7392368558096679,0.6709647584618592
turbine_1,2025-12-22T18:00:00Z,2025-12-24T16:00:00Z,46.0,0.5616666666666666,0.7191074487257536,0.6648986764308056
turbine_1,2025-12-22T18:00:00Z,2025-12-24T17:00:00Z,47.0,0.365,0.6987780733816392,0.6795444477375889
turbine_1,2025-12-22T18:00:00Z,2025-12-24T18:00:00Z,48.0,0.5433333333333333,0.7080357612875571,0.6272509106352318
turbine_1,2025-12-23T18:00:00Z,2025-12-23T19:00:00Z,1.0,0.18,0.3348355236535902,0.2452714694239793
turbine_1,2025-12-23T18:00:00Z,2025-12-23T20:00:00Z,2.0,0.305,0.47825238047164953,0.4447639630243938
turbine_1,2025-12-23T18:00:00Z,2025-12-23T21:00:00Z,3.0,0.735,0.470616362638813,0.4662797078446326
turbine_1,2025-12-23T18:00:00Z,2025-12-23T22:00:00Z,4.0,0.6533333333333333,0.47839520312706574,0.4952086809065278
turbine_1,2025-12-23T18:00:00Z,2025-12-23T23:00:00Z,5.0,0.5683333333333334,0.447431832252156,0.4588673876745146
turbine_1,2025-12-23T18:00:00Z,2025-12-24T00:00:00Z,6.0,0.7633333333333333,0.4350328839340562,0.4381403209479087
turbine_1,2025-12-23T18:00:00Z,2025-12-24T01:00:00Z,7.0,0.8833333333333333,0.36657474196981965,0.36487001922002815
turbine_1,2025-12-23T18:00:00Z,2025-12-24T02:00:00Z,8.0,0.5833333333333334,0.24341618218293098,0.24795261864392054
turbine_1,2025-12-23T18:00:00Z,2025-12-24T03:00:00Z,9.0,0.6816666666666666,0.2314872520840529,0.21475905350148916
turbine_1,2025-12-23T18:00:00Z,2025-12-24T04:00:00Z,10.0,0.5583333333333333,0.24821070288592387,0.24252201768933793
turbine_1,2025-12-23T18:00:00Z,2025-12-24T05:00:00Z,11.0,0.4583333333333333,0.44134269519072566,0.3768701196145077
turbine_1,2025-12-23T18:00:00Z,2025-12-24T06:00:00Z,12.0,0.2716666666666666,0.5305243471475061,0.47807564737416597
turbine_1,2025-12-23T18:00:00Z,2025-12-24T07:00:00Z,13.0,0.2133333333333333,0.5893912632245971,0.5528949826212504
turbine_1,2025-12-23T18:00:00Z,2025-12-24T08:00:00Z,14.0,0.2299999999999999,0.6631809341943148,0.5832946554818977
turbine_1,2025-12-23T18:00:00Z,2025-12-24T09:00:00Z,15.0,0.235,0.7643392594139893,0.6860010319737593
turbine_1,2025-12-23T18:00:00Z,2025-12-24T10:00:00Z,16.0,0.2083333333333333,0.7596781306047069,0.6631024447814645
turbine_1,2025-12-23T18:00:00Z,2025-12-24T11:00:00Z,17.0,0.26,0.6614393693240942,0.589391778366769
turbine_1,2025-12-23T18:00:00Z,2025-12-24T12:00:00Z,18.0,0.295,0.6422516603734895,0.5707052570350042
turbine_1,2025-12-23T18:00:00Z,2025-12-24T13:00:00Z,19.0,0.2483333333333333,0.5877915227891383,0.47883108708993993
turbine_1,2025-12-23T18:00:00Z,2025-12-24T14:00:00Z,20.0,0.2866666666666667,0.4413987230919882,0.3665077419315875
turbine_1,2025-12-23T18:00:00Z,2025-12-24T15:00:00Z,21.0,0.5516666666666666,0.40079726576869285,0.3167469936521464
turbine_1,2025-12-23T18:00:00Z,2025-12-24T16:00:00Z,22.0,0.5616666666666666,0.588206177762925,0.4925011738399757
turbine_1,2025-12-23T18:00:00Z,2025-12-24T17:00:00Z,23.0,0.365,0.5463818498643043,0.4686667882290566
turbine_1,2025-12-23T18:00:00Z,2025-12-24T18:00:00Z,24.0,0.5433333333333333,0.6344640059443022,0.6189294316531074
turbine_1,2025-12-23T18:00:00Z,2025-12-24T19:00:00Z,25.0,0.4716666666666667,0.7140620440918028,0.5976492939214304
turbine_1,2025-12-23T18:00:00Z,2025-12-24T20:00:00Z,26.0,0.4733333333333333,0.7588384884886665,0.7391152694891457
turbine_1,2025-12-23T18:00:00Z,2025-12-24T21:00:00Z,27.0,0.6716666666666667,0.8262449016256499,0.7460913095044842
turbine_1,2025-12-23T18:00:00Z,2025-12-24T22:00:00Z,28.0,0.4333333333333333,0.8594901307943736,0.8404476012546513
turbine_1,2025-12-23T18:00:00Z,2025-12-24T23:00:00Z,29.0,0.565,0.892111802388538,0.870868801264403
turbine_1,2025-12-23T18:00:00Z,2025-12-25T00:00:00Z,30.0,0.555,0.8935039509375305,0.8927315107864673
turbine_1,2025-12-23T18:00:00Z,2025-12-25T01:00:00Z,31.0,0.3966666666666666,0.8957847603758458,0.9173144844383601
turbine_1,2025-12-23T18:00:00Z,2025-12-25T02:00:00Z,32.0,0.43,0.9019209689721868,0.9201924533103703
turbine_1,2025-12-23T18:00:00Z,2025-12-25T03:00:00Z,33.0,0.3983333333333334,0.9094401916473646,0.9144125505872382
turbine_1,2025-12-23T18:00:00Z,2025-12-25T04:00:00Z,34.0,0.1733333333333333,0.9579659616805271,0.8998611960077769
turbine_1,2025-12-23T18:00:00Z,2025-12-25T05:00:00Z,35.0,0.1483333333333333,0.9781723996140681,0.8980713169796615
turbine_1,2025-12-23T18:00:00Z,2025-12-25T06:00:00Z,36.0,0.205,0.9749648164549097,0.9182986877853625
turbine_1,2025-12-23T18:00:00Z,2025-12-25T07:00:00Z,37.0,0.125,0.9770514311171189,0.9285152234723106
turbine_1,2025-12-23T18:00:00Z,2025-12-25T08:00:00Z,38.0,0.2033333333333333,0.9821489695655795,0.9464945411780805
turbine_1,2025-12-23T18:00:00Z,2025-12-25T09:00:00Z,39.0,0.1616666666666666,1.0,0.9330050868771635
turbine_1,2025-12-23T18:00:00Z,2025-12-25T10:00:00Z,40.0,0.1966666666666666,0.9800860852270245,0.9028857622962487
turbine_1,2025-12-23T18:00:00Z,2025-12-25T11:00:00Z,41.0,0.1916666666666666,0.946887503119658,0.9059485477820126
turbine_1,2025-12-23T18:00:00Z,2025-12-25T12:00:00Z,42.0,0.1483333333333333,0.9058828769404753,0.8605178217636116
turbine_1,2025-12-23T18:00:00Z,2025-12-25T13:00:00Z,43.0,0.1516666666666666,0.9075985246513821,0.8762305776077521
turbine_1,2025-12-23T18:00:00Z,2025-12-25T14:00:00Z,44.0,0.3533333333333333,0.907468883918421,0.8631991601482674
turbine_1,2025-12-23T18:00:00Z,2025-12-25T15:00:00Z,45.0,0.7666666666666666,0.9088119095780868,0.8631991601482674
turbine_1,2025-12-23T18:00:00Z,2025-12-25T16:00:00Z,46.0,0.85,0.8900703772329105,0.8535914293389255
turbine_1,2025-12-23T18:00:00Z,2025-12-25T17:00:00Z,47.0,0.455,0.8894051698062478,0.8178859716913272
turbine_1,2025-12-23T18:00:00Z,2025-12-25T18:00:00Z,48.0,0.2533333333333333,0.8620335402571077,0.8032644983231223
turbine_1,2025-12-24T18:00:00Z,2025-12-24T19:00:00Z,1.0,0.4716666666666667,0.822193221063259,0.732382974121543
turbine_1,2025-12-24T18:00:00Z,2025-12-24T20:00:00Z,2.0,0.4733333333333333,0.8799865970291136,0.8291084902744446
turbine_1,2025-12-24T18:00:00Z,2025-12-24T21:00:00Z,3.0,0.6716666666666667,0.9124936065028472,0.8595171027376376
turbine_1,2025-12-24T18:00:00Z,2025-12-24T22:00:00Z,4.0,0.4333333333333333,0.9217306291637921,0.8783279543311149
turbine_1,2025-12-24T18:00:00Z,2025-12-24T23:00:00Z,5.0,0.565,0.9075910689484001,0.9127376085186698
turbine_1,2025-12-24T18:00:00Z,2025-12-25T00:00:00Z,6.0,0.555,0.8951571367749214,0.9097893727543416
turbine_1,2025-12-24T18:00:00Z,2025-12-25T01:00:00Z,7.0,0.3966666666666666,0.8957847603758458,0.919009957210712
turbine_1,2025-12-24T18:00:00Z,2025-12-25T02:00:00Z,8.0,0.43,0.8904564967212373,0.8979165667128728
turbine_1,2025-12-24T18:00:00Z,2025-12-25T03:00:00Z,9.0,0.3983333333333334,0.9013245464824141,0.9187253920594594
turbine_1,2025-12-24T18:00:00Z,2025-12-25T04:00:00Z,10.0,0.1733333333333333,0.9292953591477434,0.9115599239341834
turbine_1,2025-12-24T18:00:00Z,2025-12-25T05:00:00Z,11.0,0.1483333333333333,0.9732157547667248,0.9095085411589305
turbine_1,2025-12-24T18:00:00Z,2025-12-25T06:00:00Z,12.0,0.205,0.9749648164549097,0.9223287257030068
turbine_1,2025-12-24T18:00:00Z,2025-12-25T07:00:00Z,13.0,0.125,0.9770514311171189,0.9314359583981877
turbine_1,2025-12-24T18:00:00Z,2025-12-25T08:00:00Z,14.0,0.2033333333333333,0.9807091447972028,0.9649640777577719
turbine_1,2025-12-24T18:00:00Z,2025-12-25T09:00:00Z,15.0,0.1616666666666666,1.0,0.9495346445757777
turbine_1,2025-12-24T18:00:00Z,2025-12-25T10:00:00Z,16.0,0.1966666666666666,1.0,0.911566961892418
turbine_1,2025-12-24T18:00:00Z,2025-12-25T11:00:00Z,17.0,0.1916666666666666,0.978397969996254,0.9389968856930571
turbine_1,2025-12-24T18:00:00Z,2025-12-25T12:00:00Z,18.0,0.1483333333333333,0.9329151134229724,0.925411244930711
turbine_1,2025-12-24T18:00:00Z,2025-12-25T13:00:00Z,19.0,0.1516666666666666,0.9071934799080744,0.8687003476367219
turbine_1,2025-12-24T18:00:00Z,2025-12-25T14:00:00Z,20.0,0.3533333333333333,0.8995687161017274,0.8309873122745001
turbine_1,2025-12-24T18:00:00Z,2025-12-25T15:00:00Z,21.0,0.7666666666666666,0.8528628094523331,0.7718202623127087
turbine_1,2025-12-24T18:00:00Z,2025-12-25T16:00:00Z,22.0,0.85,0.8864684297757244,0.7852954026743854
turbine_1,2025-12-24T18:00:00Z,2025-12-25T17:00:00Z,23.0,0.455,0.7304509888200778,0.6449260769634855
turbine_1,2025-12-24T18:00:00Z,2025-12-25T18:00:00Z,24.0,0.2533333333333333,0.6754711275907194,0.6023477159139548
turbine_1,2025-12-24T18:00:00Z,2025-12-25T19:00:00Z,25.0,0.3133333333333333,0.7064045684642913,0.6112806112138647
turbine_1,2025-12-24T18:00:00Z,2025-12-25T20:00:00Z,26.0,0.4516666666666666,0.6514355186794663,0.5821635392678312
turbine_1,2025-12-24T18:00:00Z,2025-12-25T21:00:00Z,27.0,0.64,0.8120837674389108,0.7515965230539227
turbine_1,2025-12-24T18:00:00Z,2025-12-25T22:00:00Z,28.0,0.2766666666666666,0.5667033224269384,0.5580518399273975
turbine_1,2025-12-24T18:00:00Z,2025-12-25T23:00:00Z,29.0,0.345,0.3770854556956794,0.36342111623338014
turbine_1,2025-12-24T18:00:00Z,2025-12-26T00:00:00Z,30.0,0.235,0.11900413916865266,0.15538393853699162
turbine_1,2025-12-24T18:00:00Z,2025-12-26T01:00:00Z,31.0,0.12,0.04315433189356899,0.10116902537301611
turbine_1,2025-12-24T18:00:00Z,2025-12-26T02:00:00Z,32.0,0.0516666666666666,0.021506451897589512,0.04219039503413166
turbine_1,2025-12-24T18:00:00Z,2025-12-26T03:00:00Z,33.0,0.0266666666666666,0.010676706369277145,0.014823192186401074
turbine_1,2025-12-24T18:00:00Z,2025-12-26T04:00:00Z,34.0,0.0166666666666666,0.051547920931083596,0.06199975955700873
turbine_1,2025-12-24T18:00:00Z,2025-12-26T05:00:00Z,35.0,0.1566666666666666,0.31141777964686473,0.2866480887773699
turbine_1,2025-12-24T18:00:00Z,2025-12-26T06:00:00Z,36.0,0.0583333333333333,0.715219375229387,0.7009781439225379
turbine_1,2025-12-24T18:00:00Z,2025-12-26T07:00:00Z,37.0,0.0833333333333333,0.9812835760249009,0.9704098193750159
turbine_1,2025-12-24T18:00:00Z,2025-12-26T08:00:00Z,38.0,0.2316666666666666,0.9720430808694772,0.9709242756399058
turbine_1,2025-12-24T18:00:00Z,2025-12-26T09:00:00Z,39.0,0.8283333333333333,0.9382661799843811,0.9386768009518383
turbine_1,2025-12-24T18:00:00Z,2025-12-26T10:00:00Z,40.0,0.9916666666666668,0.9302873455838118,0.9358344000345407
turbine_1,2025-12-24T18:00:00Z,2025-12-26T11:00:00Z,41.0,0.99,0.7555158796614847,0.779589981024442
turbine_1,2025-12-24T18:00:00Z,2025-12-26T12:00:00Z,42.0,0.99,0.5287740450977045,0.505304861610928
turbine_1,2025-12-24T18:00:00Z,2025-12-26T13:00:00Z,43.0,0.9633333333333334,0.3706069901560731,0.3758953783667612
turbine_1,2025-12-24T18:00:00Z,2025-12-26T14:00:00Z,44.0,0.7366666666666667,0.308912383471819,0.3211952936549158
turbine_1,2025-12-24T18:00:00Z,2025-12-26T15:00:00Z,45.0,0.8516666666666666,0.44836403222074234,0.47024441259357214
turbine_1,2025-12-24T18:00:00Z,2025-12-26T16:00:00Z,46.0,0.3883333333333333,0.5081227086534685,0.4672854105931467
turbine_1,2025-12-24T18:00:00Z,2025-12-26T17:00:00Z,47.0,0.2916666666666667,0.49895273738301016,0.4535462968554799
turbine_1,2025-12-24T18:00:00Z,2025-12-26T18:00:00Z,48.0,0.2133333333333333,0.5014214139007267,0.5218089988303851
turbine_1,2025-12-25T18:00:00Z,2025-12-25T19:00:00Z,1.0,0.3133333333333333,0.6149492240850771,0.5903871116939131
turbine_1,2025-12-25T18:00:00Z,2025-12-25T20:00:00Z,2.0,0.4516666666666666,0.6111912161823058,0.5719746878200351
turbine_1,2025-12-25T18:00:00Z,2025-12-25T21:00:00Z,3.0,0.64,0.7361773920488972,0.6655141641373364
turbine_1,2025-12-25T18:00:00Z,2025-12-25T22:00:00Z,4.0,0.2766666666666666,0.6958967545830232,0.6846298790928074
turbine_1,2025-12-25T18:00:00Z,2025-12-25T23:00:00Z,5.0,0.345,0.579048591747028,0.5623339560429691
turbine_1,2025-12-25T18:00:00Z,2025-12-26T00:00:00Z,6.0,0.235,0.13257541286271468,0.13162310895582427
turbine_1,2025-12-25T18:00:00Z,2025-12-26T01:00:00Z,7.0,0.12,0.08053532758634348,0.09816940103269242
turbine_1,2025-12-25T18:00:00Z,2025-12-26T02:00:00Z,8.0,0.0516666666666666,0.024624527525785533,0.04997521044573386
turbine_1,2025-12-25T18:00:00Z,2025-12-26T03:00:00Z,9.0,0.0266666666666666,0.01075512512821214,0.012335330175979042
turbine_1,2025-12-25T18:00:00Z,2025-12-26T04:00:00Z,10.0,0.0166666666666666,0.023335016098611994,0.02589540312684538
turbine_1,2025-12-25T18:00:00Z,2025-12-26T05:00:00Z,11.0,0.1566666666666666,0.06279432756606673,0.03524635473178886
turbine_1,2025-12-25T18:00:00Z,2025-12-26T06:00:00Z,12.0,0.0583333333333333,0.12060008628646297,0.09331823431836622
turbine_1,2025-12-25T18:00:00Z,2025-12-26T07:00:00Z,13.0,0.0833333333333333,0.33881523283888937,0.3147281331229795
turbine_1,2025-12-25T18:00:00Z,2025-12-26T08:00:00Z,14.0,0.2316666666666666,0.4051075860327961,0.355848671176016
turbine_1,2025-12-25T18:00:00Z,2025-12-26T09:00:00Z,15.0,0.8283333333333333,0.6336750032745606,0.6572487145902466
turbine_1,2025-12-25T18:00:00Z,2025-12-26T10:00:00Z,16.0,0.9916666666666668,0.8049044528430364,0.7923854596247897
turbine_1,2025-12-25T18:00:00Z,2025-12-26T11:00:00Z,17.0,0.99,0.8780566371505509,0.840950194239277
turbine_1,2025-12-25T18:00:00Z,2025-12-26T12:00:00Z,18.0,0.99,0.8619268732820754,0.853746755384263
turbine_1,2025-12-25T18:00:00Z,2025-12-26T13:00:00Z,19.0,0.9633333333333334,0.8474186751552681,0.8352337789737367
turbine_1,2025-12-25T18:00:00Z,2025-12-26T14:00:00Z,20.0,0.7366666666666667,0.7178792774129553,0.694816067707424
turbine_1,2025-12-25T18:00:00Z,2025-12-26T15:00:00Z,21.0,0.8516666666666666,0.6465022591225862,0.6320938978808676
turbine_1,2025-12-25T18:00:00Z,2025-12-26T16:00:00Z,22.0,0.3883333333333333,0.6960799338763689,0.6893727869063939
turbine_1,2025-12-25T18:00:00Z,2025-12-26T17:00:00Z,23.0,0.2916666666666667,0.5378482280646026,0.5016795964903955
turbine_1,2025-12-25T18:00:00Z,2025-12-26T18:00:00Z,24.0,0.2133333333333333,0.2680024298208036,0.22667489678195546
turbine_1,2025-12-25T18:00:00Z,2025-12-26T19:00:00Z,25.0,0.2533333333333333,0.120591563596295,0.12322603991213188
turbine_1,2025-12-25T18:00:00Z,2025-12-26T20:00:00Z,26.0,0.18,0.027337924360788413,0.03216286826154788
turbine_1,2025-12-25T18:00:00Z,2025-12-26T21:00:00Z,27.0,0.2016666666666666,0.016647601288784675,0.013712927094744198
turbine_1,2025-12-25T18:00:00Z,2025-12-26T22:00:00Z,28.0,0.1383333333333333,0.011962135623280856,0.012081028136870925
turbine_1,2025-12-25T18:00:00Z,2025-12-26T23:00:00Z,29.0,0.0183333333333333,0.030096200627248743,0.012136805227139696
turbine_1,2025-12-25T18:00:00Z,2025-12-27T00:00:00Z,30.0,0.0416666666666666,0.23300672774823883,0.29107244255117065
turbine_1,2025-12-25T18:00:00Z,2025-12-27T01:00:00Z,31.0,0.1183333333333333,0.5206011431600677,0.44653300336180096
turbine_1,2025-12-25T18:00:00Z,2025-12-27T02:00:00Z,32.0,0.2233333333333333,0.5956050119672324,0.5520542357005067
turbine_1,2025-12-25T18:00:00Z,2025-12-27T03:00:00Z,33.0,0.2066666666666666,0.816792148401478,0.8061746503219256
turbine_1,2025-12-25T18:00:00Z,2025-12-27T04:00:00Z,34.0,0.255,0.9563080250734801,0.9214823263875673
turbine_1,2025-12-25T18:00:00Z,2025-12-27T05:00:00Z,35.0,0.7483333333333334,0.9783757558657742,0.9176603531364802
turbine_1,2025-12-25T18:00:00Z,2025-12-27T06:00:00Z,36.0,0.97,0.9744897613288082,0.9496194722136428
turbine_1,2025-12-25T18:00:00Z,2025-12-27T07:00:00Z,37.0,0.9066666666666666,0.9758949792208171,0.9572339710057025
turbine_1,2025-12-25T18:00:00Z,2025-12-27T08:00:00Z,38.0,0.9116666666666666,0.9809925176692778,0.9875119168375368
turbine_1,2025-12-25T18:00:00Z,2025-12-27T09:00:00Z,39.0,0.925,1.0,0.9815819587670214
turbine_1,2025-12-25T18:00:00Z,2025-12-27T10:00:00Z,40.0,0.9133333333333334,0.970276085959491,0.9645034242374702
turbine_1,2025-12-25T18:00:00Z,2025-12-27T11:00:00Z,41.0,0.8733333333333334,0.9708769971069087,0.9262760734146922
turbine_1,2025-12-25T18:00:00Z,2025-12-27T12:00:00Z,42.0,0.95,0.7783282873633415,0.7554076110109612
turbine_1,2025-12-25T18:00:00Z,2025-12-27T13:00:00Z,43.0,0.9183333333333332,0.6412014288277416,0.6260366302185747
turbine_1,2025-12-25T18:00:00Z,2025-12-27T14:00:00Z,44.0,0.6033333333333334,0.616736331162475,0.570399790122131
turbine_1,2025-12-25T18:00:00Z,2025-12-27T15:00:00Z,45.0,0.27,0.62537500661582,0.5917329136480429
turbine_1,2025-12-25T18:00:00Z,2025-12-27T16:00:00Z,46.0,0.1516666666666666,0.5945988650040369,0.5463687471886701
turbine_1,2025-12-25T18:00:00Z,2025-12-27T17:00:00Z,47.0,0.3916666666666666,0.5958986004090964,0.5556396454762245
turbine_1,2025-12-25T18:00:00Z,2025-12-27T18:00:00Z,48.0,0.2783333333333333,0.5596724552499988,0.48274095065650796
turbine_1,2025-12-26T18:00:00Z,2025-12-26T19:00:00Z,1.0,0.2533333333333333,0.07415111399981018,0.07460323370645935
turbine_1,2025-12-26T18:00:00Z,2025-12-26T20:00:00Z,2.0,0.18,0.025399396569070476,0.03844284361829578
turbine_1,2025-12-26T18:00:00Z,2025-12-26T21:00:00Z,3.0,0.2016666666666666,0.017562976933727437,0.021995594405615437
turbine_1,2025-12-26T18:00:00Z,2025-12-26T22:00:00Z,4.0,0.1383333333333333,0.011490925672033414,0.01353132742055127
turbine_1,2025-12-26T18:00:00Z,2025-12-26T23:00:00Z,5.0,0.0183333333333333,0.02089549716656164,0.015430200510719722
turbine_1,2025-12-26T18:00:00Z,2025-12-27T00:00:00Z,6.0,0.0416666666666666,0.06148766004176373,0.04630077141103814
turbine_1,2025-12-26T18:00:00Z,2025-12-27T01:00:00Z,7.0,0.1183333333333333,0.23010804912567745,0.28934724862075045
turbine_1,2025-12-26T18:00:00Z,2025-12-27T02:00:00Z,8.0,0.2233333333333333,0.4240743513056052,0.41165434146768154
turbine_1,2025-12-26T18:00:00Z,2025-12-27T03:00:00Z,9.0,0.2066666666666666,0.6408086264566479,0.6271054716676545
turbine_1,2025-12-26T18:00:00Z,2025-12-27T04:00:00Z,10.0,0.255,0.9567830801995817,0.8951067590593742
turbine_1,2025-12-26T18:00:00Z,2025-12-27T05:00:00Z,11.0,0.7483333333333334,0.9783757558657742,0.9510319856211491
turbine_1,2025-12-26T18:00:00Z,2025-12-27T06:00:00Z,12.0,0.97,0.973808364558608,0.9518594268117411
turbine_1,2025-12-26T18:00:00Z,2025-12-27T07:00:00Z,13.0,0.9066666666666666,0.9758949792208171,0.9823879037284191
turbine_1,2025-12-26T18:00:00Z,2025-12-27T08:00:00Z,14.0,0.9116666666666666,0.9806034264120619,0.9846993885579265
turbine_1,2025-12-26T18:00:00Z,2025-12-27T09:00:00Z,15.0,0.925,0.9819142731970044,0.9708864421964306
turbine_1,2025-12-26T18:00:00Z,2025-12-27T10:00:00Z,16.0,0.9133333333333334,0.8870125434147274,0.9080122409829665
turbine_1,2025-12-26T18:00:00Z,2025-12-27T11:00:00Z,17.0,0.8733333333333334,0.7978547440031395,0.8151171678125342
turbine_1,2025-12-26T18:00:00Z,2025-12-27T12:00:00Z,18.0,0.95,0.7191186375072748,0.718398525769121
turbine_1,2025-12-26T18:00:00Z,2025-12-27T13:00:00Z,19.0,0.9183333333333332,0.5950093650508974,0.5825738102893703
turbine_1,2025-12-26T18:00:00Z,2025-12-27T14:00:00Z,20.0,0.6033333333333334,0.5195072844566769,0.500255057817978
turbine_1,2025-12-26T18:00:00Z,2025-12-27T15:00:00Z,21.0,0.27,0.4410301611881381,0.3953247400166617
turbine_1,2025-12-26T18:00:00Z,2025-12-27T16:00:00Z,22.0,0.1516666666666666,0.42054497332233215,0.3767762672701297
turbine_1,2025-12-26T18:00:00Z,2025-12-27T17:00:00Z,23.0,0.3916666666666666,0.5249833390525691,0.46612227000349815
turbine_1,2025-12-26T18:00:00Z,2025-12-27T18:00:00Z,24.0,0.2783333333333333,0.5350586194941966,0.42350654947074373
turbine_1,2025-12-26T18:00:00Z,2025-12-27T19:00:00Z,25.0,0.73,0.5682904043694299,0.49943075975963125
turbine_1,2025-12-26T18:00:00Z,2025-12-27T20:00:00Z,26.0,0.5983333333333333,0.5675180498534783,0.5944802137946743
turbine_1,2025-12-26T18:00:00Z,2025-12-27T21:00:00Z,27.0,0.8816666666666667,0.6284772553857825,0.5970703382529277
turbine_1,2025-12-26T18:00:00Z,2025-12-27T22:00:00Z,28.0,0.9033333333333332,0.6326353073650718,0.5653227220815921
turbine_1,2025-12-26T18:00:00Z,2025-12-27T23:00:00Z,29.0,0.97,0.6532278789430428,0.600607172046867
turbine_1,2025-12-26T18:00:00Z,2025-12-28T00:00:00Z,30.0,0.89,0.7218165291905141,0.6814144956907858
turbine_1,2025-12-26T18:00:00Z,2025-12-28T01:00:00Z,31.0,0.735,0.7698341289904467,0.7135621936222797
turbine_1,2025-12-26T18:00:00Z,2025-12-28T02:00:00Z,32.0,0.6333333333333333,0.8325639081358256,0.8295500716410891
turbine_1,2025-12-26T18:00:00Z,2025-12-28T03:00:00Z,33.0,0.6733333333333333,0.845855311100364,0.8479270528231426
turbine_1,2025-12-26T18:00:00Z,2025-12-28T04:00:00Z,34.0,0.52,0.9016146395454572,0.8501161584419119
turbine_1,2025-12-26T18:00:00Z,2025-12-28T05:00:00Z,35.0,0.6766666666666667,0.9761730370261488,0.8794353207830785
turbine_1,2025-12-26T18:00:00Z,2025-12-28T06:00:00Z,36.0,0.8383333333333334,0.9749648164549097,0.9163910353267
turbine_1,2025-12-26T18:00:00Z,2025-12-28T07:00:00Z,37.0,0.87,0.9770514311171189,0.9233615229655683
turbine_1,2025-12-26T18:00:00Z,2025-12-28T08:00:00Z,38.0,0.8966666666666666,0.9821489695655795,0.9170170427104043
turbine_1,2025-12-26T18:00:00Z,2025-12-28T09:00:00Z,39.0,0.635,1.0,0.9011590011827431
turbine_1,2025-12-26T18:00:00Z,2025-12-28T10:00:00Z,40.0,0.8250000000000001,0.9612168741661848,0.8397357835538732
turbine_1,2025-12-26T18:00:00Z,2025-12-28T11:00:00Z,41.0,0.8450000000000001,0.9168559401920092,0.8178024277419518
turbine_1,2025-12-26T18:00:00Z,2025-12-28T12:00:00Z,42.0,0.96,0.9043877301900753,0.8005444923326321
turbine_1,2025-12-26T18:00:00Z,2025-12-28T13:00:00Z,43.0,0.6516666666666667,0.8411718524117555,0.7862367462706475
turbine_1,2025-12-26T18:00:00Z,2025-12-28T14:00:00Z,44.0,0.83,0.9008100466665516,0.8018859841738438
turbine_1,2025-12-26T18:00:00Z,2025-12-28T15:00:00Z,45.0,0.5933333333333334,0.9128891482749338,0.8039040782201546
turbine_1,2025-12-26T18:00:00Z,2025-12-28T16:00:00Z,46.0,0.5533333333333333,0.8559027090824683,0.7789417668429676
turbine_1,2025-12-26T18:00:00Z,2025-12-28T17:00:00Z,47.0,0.2616666666666666,0.8847334275981806,0.7909920207341713
turbine_1,2025-12-26T18:00:00Z,2025-12-28T18:00:00Z,48.0,0.385,0.8620335402571077,0.8106936074120741
turbine_1,2025-12-27T18:00:00Z,2025-12-27T19:00:00Z,1.0,0.73,0.6300084773706678,0.6185493399057627
turbine_1,2025-12-27T18:00:00Z,2025-12-27T20:00:00Z,2.0,0.5983333333333333,0.6616760956441289,0.60533548180525
turbine_1,2025-12-27T18:00:00Z,2025-12-27T21:00:00Z,3.0,0.8816666666666667,0.6513539031673877,0.6068722576217971
turbine_1,2025-12-27T18:00:00Z,2025-12-27T22:00:00Z,4.0,0.9033333333333332,0.6877922811098249,0.6853086555054142
turbine_1,2025-12-27T18:00:00Z,2025-12-27T23:00:00Z,5.0,0.97,0.6858139615113206,0.6468889175454668
turbine_1,2025-12-27T18:00:00Z,2025-12-28T00:00:00Z,6.0,0.89,0.6866268518225639,0.6162133950831803
turbine_1,2025-12-27T18:00:00Z,2025-12-28T01:00:00Z,7.0,0.735,0.6865971996522164,0.641045851732759
turbine_1,2025-12-27T18:00:00Z,2025-12-28T02:00:00Z,8.0,0.6333333333333333,0.7787606754642705,0.7159089186740808
turbine_1,2025-12-27T18:00:00Z,2025-12-28T03:00:00Z,9.0,0.6733333333333333,0.8930282513944053,0.8414645914117489
turbine_1,2025-12-27T18:00:00Z,2025-12-28T04:00:00Z,10.0,0.52,0.9393601641311037,0.8628423339276672
turbine_1,2025-12-27T18:00:00Z,2025-12-28T05:00:00Z,11.0,0.6766666666666667,0.9781723996140681,0.8802600184370233
turbine_1,2025-12-27T18:00:00Z,2025-12-28T06:00:00Z,12.0,0.8383333333333334,0.9749648164549097,0.9225035260121701
turbine_1,2025-12-27T18:00:00Z,2025-12-28T07:00:00Z,13.0,0.87,0.9770514311171189,0.8973933607013678
turbine_1,2025-12-27T18:00:00Z,2025-12-28T08:00:00Z,14.0,0.8966666666666666,0.9811430891469091,0.9237497018526102
turbine_1,2025-12-27T18:00:00Z,2025-12-28T09:00:00Z,15.0,0.635,1.0,0.9156372944597428
turbine_1,2025-12-27T18:00:00Z,2025-12-28T10:00:00Z,16.0,0.8250000000000001,0.9752226016259468,0.8354512643699092
turbine_1,2025-12-27T18:00:00Z,2025-12-28T11:00:00Z,17.0,0.8450000000000001,0.9168559401920092,0.8164641589055388
turbine_1,2025-12-27T18:00:00Z,2025-12-28T12:00:00Z,18.0,0.96,0.818930095457648,0.7672751670545759
turbine_1,2025-12-27T18:00:00Z,2025-12-28T13:00:00Z,19.0,0.6516666666666667,0.8246301208076903,0.7655180938471776
turbine_1,2025-12-27T18:00:00Z,2025-12-28T14:00:00Z,20.0,0.83,0.8250124289165313,0.7634216515896178
turbine_1,2025-12-27T18:00:00Z,2025-12-28T15:00:00Z,21.0,0.5933333333333334,0.7878212644042893,0.6936927727462766
turbine_1,2025-12-27T18:00:00Z,2025-12-28T16:00:00Z,22.0,0.5533333333333333,0.7151271687837716,0.6510566478683859
turbine_1,2025-12-27T18:00:00Z,2025-12-28T17:00:00Z,23.0,0.2616666666666666,0.6900836502619982,0.674849322696877
turbine_1,2025-12-27T18:00:00Z,2025-12-28T18:00:00Z,24.0,0.385,0.2787876084724296,0.2361543960134411
turbine_1,2025-12-27T18:00:00Z,2025-12-28T19:00:00Z,25.0,0.3416666666666666,0.19908519948208325,0.16243699071147674
turbine_1,2025-12-27T18:00:00Z,2025-12-28T20:00:00Z,26.0,0.3416666666666666,0.13884501262516988,0.15124965780570848
turbine_1,2025-12-27T18:00:00Z,2025-12-28T21:00:00Z,27.0,0.36,0.12510029411831636,0.11290741504992019
turbine_1,2025-12-27T18:00:00Z,2025-12-28T22:00:00Z,28.0,0.2933333333333333,0.17722749846156008,0.12223488112498615
turbine_1,2025-12-27T18:00:00Z,2025-12-28T23:00:00Z,29.0,0.2783333333333333,0.16151941833993738,0.10311653878043625
turbine_1,2025-12-27T18:00:00Z,2025-12-29T00:00:00Z,30.0,0.31,0.24417927447746146,0.21955921484414037
turbine_1,2025-12-27T18:00:00Z,2025-12-29T01:00:00Z,31.0,0.4983333333333333,0.41156286086287674,0.42009390313765976
turbine_1,2025-12-27T18:00:00Z,2025-12-29T02:00:00Z,32.0,0.6583333333333333,0.5415573687406496,0.5111153373568929
turbine_1,2025-12-27T18:00:00Z,2025-12-29T03:00:00Z,33.0,0.8850000000000001,0.5022844352696406,0.4631301878511004
turbine_1,2025-12-27T18:00:00Z,2025-12-29T04:00:00Z,34.0,0.5499999999999999,0.6251946314707602,0.5803398898947596
turbine_1,2025-12-27T18:00:00Z,2025-12-29T05:00:00Z,35.0,0.295,0.8488128198923662,0.7824830215146401
turbine_1,2025-12-27T18:00:00Z,2025-12-29T06:00:00Z,36.0,0.225,0.9392707662662864,0.8520401178468715
turbine_1,2025-12-27T18:00:00Z,2025-12-29T07:00:00Z,37.0,0.6133333333333333,0.9709278471601692,0.9168744635259958
turbine_1,2025-12-27T18:00:00Z,2025-12-29T08:00:00Z,38.0,0.4666666666666666,0.824274459485383,0.7464246901198432
turbine_1,2025-12-27T18:00:00Z,2025-12-29T09:00:00Z,39.0,0.7599999999999999,0.6859908585448621,0.6123298077808199
turbine_1,2025-12-27T18:00:00Z,2025-12-29T10:00:00Z,40.0,0.9333333333333332,0.6020652959143996,0.502723724305059
turbine_1,2025-12-27T18:00:00Z,2025-12-29T11:00:00Z,41.0,0.9566666666666668,0.638110685893524,0.5325133188558002
turbine_1,2025-12-27T18:00:00Z,2025-12-29T12:00:00Z,42.0,0.9883333333333332,0.6709493132407046,0.5693483092435103
turbine_1,2025-12-27T18:00:00Z,2025-12-29T13:00:00Z,43.0,0.99,0.7536309553593431,0.668978080790275
turbine_1,2025-12-27T18:00:00Z,2025-12-29T14:00:00Z,44.0,0.99,0.7377529297036632,0.6716075514916711
turbine_1,2025-12-27T18:00:00Z,2025-12-29T15:00:00Z,45.0,0.99,0.8637483867977576,0.7842984769777003
turbine_1,2025-12-27T18:00:00Z,2025-12-29T16:00:00Z,46.0,0.99,0.8794078362573244,0.8074394292146556
turbine_1,2025-12-27T18:00:00Z,2025-12-29T17:00:00Z,47.0,0.99,0.9600173858065028,0.880620682998899
turbine_1,2025-12-27T18:00:00Z,2025-12-29T18:00:00Z,48.0,0.99,0.9417015845091391,0.8515601500639645
turbine_1,2025-12-28T18:00:00Z,2025-12-28T19:00:00Z,1.0,0.3416666666666666,0.11106705321668935,0.1637409176095155
turbine_1,2025-12-28T18:00:00Z,2025-12-28T20:00:00Z,2.0,0.3416666666666666,0.0804218617585092,0.10683023606138675
turbine_1,2025-12-28T18:00:00Z,2025-12-28T21:00:00Z,3.0,0.36,0.171453706981211,0.12660745134888163
turbine_1,2025-12-28T18:00:00Z,2025-12-28T22:00:00Z,4.0,0.2933333333333333,0.1468859461607485,0.1526864247655408
turbine_1,2025-12-28T18:00:00Z,2025-12-28T23:00:00Z,5.0,0.2783333333333333,0.23674290557468236,0.2881934816809053
turbine_1,2025-12-28T18:00:00Z,2025-12-29T00:00:00Z,6.0,0.31,0.45163028259262644,0.4700886232850962
turbine_1,2025-12-28T18:00:00Z,2025-12-29T01:00:00Z,7.0,0.4983333333333333,0.4852688769277741,0.4782405758981773
turbine_1,2025-12-28T18:00:00Z,2025-12-29T02:00:00Z,8.0,0.6583333333333333,0.607926294934357,0.5681304982120248
turbine_1,2025-12-28T18:00:00Z,2025-12-29T03:00:00Z,9.0,0.8850000000000001,0.7065471150698714,0.652958919379418
turbine_1,2025-12-28T18:00:00Z,2025-12-29T04:00:00Z,10.0,0.5499999999999999,0.7781310497176872,0.7328584930753974
turbine_1,2025-12-28T18:00:00Z,2025-12-29T05:00:00Z,11.0,0.295,0.9212556016397637,0.8510021311617151
turbine_1,2025-12-28T18:00:00Z,2025-12-29T06:00:00Z,12.0,0.225,0.9722870424891827,0.8915437018697911
turbine_1,2025-12-28T18:00:00Z,2025-12-29T07:00:00Z,13.0,0.6133333333333333,0.973341438892084,0.9079137156270931
turbine_1,2025-12-28T18:00:00Z,2025-12-29T08:00:00Z,14.0,0.4666666666666666,0.980066022908654,0.9282550741243305
turbine_1,2025-12-28T18:00:00Z,2025-12-29T09:00:00Z,15.0,0.7599999999999999,0.9121479036791008,0.861321242543936
turbine_1,2025-12-28T18:00:00Z,2025-12-29T10:00:00Z,16.0,0.9333333333333332,0.8909868345741153,0.8402674861086648
turbine_1,2025-12-28T18:00:00Z,2025-12-29T11:00:00Z,17.0,0.9566666666666668,0.8443869673716827,0.7710900018810039
turbine_1,2025-12-28T18:00:00Z,2025-12-29T12:00:00Z,18.0,0.9883333333333332,0.8520328284286268,0.7647063138121584
turbine_1,2025-12-28T18:00:00Z,2025-12-29T13:00:00Z,19.0,0.99,0.8984867377101633,0.8067259029385604
turbine_1,2025-12-28T18:00:00Z,2025-12-29T14:00:00Z,20.0,0.99,0.9120262700968681,0.8645275009170847
turbine_1,2025-12-28T18:00:00Z,2025-12-29T15:00:00Z,21.0,0.99,0.9418922471511956,0.9186952197454461
turbine_1,2025-12-28T18:00:00Z,2025-12-29T16:00:00Z,22.0,0.99,0.9576183184228843,0.9305435976377965
turbine_1,2025-12-28T18:00:00Z,2025-12-29T17:00:00Z,23.0,0.99,0.9905348930935054,0.9371023395276348
turbine_1,2025-12-28T18:00:00Z,2025-12-29T18:00:00Z,24.0,0.99,0.9718326495463305,0.9109092462633086
turbine_1,2025-12-28T18:00:00Z,2025-12-29T19:00:00Z,25.0,0.99,0.9740128641863245,0.9104350976400486
turbine_1,2025-12-28T18:00:00Z,2025-12-29T20:00:00Z,26.0,0.99,0.9652736980012263,0.9077997266608091
turbine_1,2025-12-28T18:00:00Z,2025-12-29T21:00:00Z,27.0,0.99,0.9687448781045161,0.9141239298811792
turbine_1,2025-12-28T18:00:00Z,2025-12-29T22:00:00Z,28.0,0.99,0.949878309671521,0.9061495048041222
turbine_1,2025-12-28T18:00:00Z,2025-12-29T23:00:00Z,29.0,0.99,0.951954996807466,0.9172724562539178
turbine_1,2025-12-28T18:00:00Z,2025-12-30T00:00:00Z,30.0,0.99,0.9495258057481565,0.9132608065557251
turbine_1,2025-12-28T18:00:00Z,2025-12-30T01:00:00Z,31.0,0.99,0.9493789839906349,0.9112356413029625
turbine_1,2025-12-28T18:00:00Z,2025-12-30T02:00:00Z,32.0,0.9866666666666668,0.9463823175512249,0.9109874662780035
turbine_1,2025-12-28T18:00:00Z,2025-12-30T03:00:00Z,33.0,0.8649999999999999,0.9547253153965929,0.9149991159761963
turbine_1,2025-12-28T18:00:00Z,2025-12-30T04:00:00Z,34.0,0.945,0.9393601641311037,0.9142855331804616
turbine_1,2025-12-28T18:00:00Z,2025-12-30T05:00:00Z,35.0,0.9716666666666668,0.4282415449000405,0.5085501709513927
turbine_1,2025-12-28T18:00:00Z,2025-12-30T06:00:00Z,36.0,0.9283333333333332,0.2624474125503016,0.363260541542062
turbine_1,2025-12-28T18:00:00Z,2025-12-30T07:00:00Z,37.0,0.99,0.22099061159129021,0.2644615924878797
turbine_1,2025-12-28T18:00:00Z,2025-12-30T08:00:00Z,38.0,0.9516666666666668,0.2708231840857571,0.29204717201477615
turbine_1,2025-12-28T18:00:00Z,2025-12-30T09:00:00Z,39.0,0.99,0.2920467163011713,0.2976968217884022
turbine_1,2025-12-28T18:00:00Z,2025-12-30T10:00:00Z,40.0,0.9883333333333332,0.1303938800491018,0.18957011391972614
turbine_1,2025-12-28T18:00:00Z,2025-12-30T11:00:00Z,41.0,0.99,0.1361931792371544,0.18444211668096863
turbine_1,2025-12-28T18:00:00Z,2025-12-30T12:00:00Z,42.0,0.99,0.2752743570644617,0.2615833115500428
turbine_1,2025-12-28T18:00:00Z,2025-12-30T13:00:00Z,43.0,0.96,0.4201422376595051,0.4469774463626177
turbine_1,2025-12-28T18:00:00Z,2025-12-30T14:00:00Z,44.0,0.9566666666666668,0.7188774710165777,0.7989896168029088
turbine_1,2025-12-28T18:00:00Z,2025-12-30T15:00:00Z,45.0,0.5883333333333334,0.6614589398110058,0.6045411244526299
turbine_1,2025-12-28T18:00:00Z,2025-12-30T16:00:00Z,46.0,0.745,0.6844770882152403,0.6146863580007123
turbine_1,2025-12-28T18:00:00Z,2025-12-30T17:00:00Z,47.0,0.6533333333333333,0.6851155327951127,0.7136737442463287
turbine_1,2025-12-28T18:00:00Z,2025-12-30T18:00:00Z,48.0,0.8583333333333334,0.467861520815028,0.44208640277973854
turbine_1,2025-12-29T18:00:00Z,2025-12-29T19:00:00Z,1.0,0.99,0.9740128641863245,0.9331260357393873
turbine_1,2025-12-29T18:00:00Z,2025-12-29T20:00:00Z,2.0,0.99,0.9652736980012263,0.9100331253998102
turbine_1,2025-12-29T18:00:00Z,2025-12-29T21:00:00Z,3.0,0.99,0.9687448781045161,0.9141239298811792
turbine_1,2025-12-29T18:00:00Z,2025-12-29T22:00:00Z,4.0,0.99,0.949878309671521,0.9096715693934148
turbine_1,2025-12-29T18:00:00Z,2025-12-29T23:00:00Z,5.0,0.99,0.951954996807466,0.9145668837612053
turbine_1,2025-12-29T18:00:00Z,2025-12-30T00:00:00Z,6.0,0.99,0.9495258057481565,0.9141944247612666
turbine_1,2025-12-29T18:00:00Z,2025-12-30T01:00:00Z,7.0,0.99,0.9500573953684426,0.9168376358934536
turbine_1,2025-12-29T18:00:00Z,2025-12-30T02:00:00Z,8.0,0.9866666666666668,0.9463823175512249,0.911921084483545
turbine_1,2025-12-29T18:00:00Z,2025-12-30T03:00:00Z,9.0,0.8649999999999999,0.954465294972763,0.9109510761517099
turbine_1,2025-12-29T18:00:00Z,2025-12-30T04:00:00Z,10.0,0.945,0.8466793332194692,0.8714224766643643
turbine_1,2025-12-29T18:00:00Z,2025-12-30T05:00:00Z,11.0,0.9716666666666668,0.4053564096817377,0.5575809605432817
turbine_1,2025-12-29T18:00:00Z,2025-12-30T06:00:00Z,12.0,0.9283333333333332,0.2172580841855957,0.28275757193436507
turbine_1,2025-12-29T18:00:00Z,2025-12-30T07:00:00Z,13.0,0.99,0.1729448321235134,0.2486698123854233
turbine_1,2025-12-29T18:00:00Z,2025-12-30T08:00:00Z,14.0,0.9516666666666668,0.1975032669269573,0.1615982258925837
turbine_1,2025-12-29T18:00:00Z,2025-12-30T09:00:00Z,15.0,0.99,0.12397486861995946,0.11743194772102303
turbine_1,2025-12-29T18:00:00Z,2025-12-30T10:00:00Z,16.0,0.9883333333333332,0.09135017595356151,0.1283505841778052
turbine_1,2025-12-29T18:00:00Z,2025-12-30T11:00:00Z,17.0,0.99,0.10145683216425083,0.11741411458293075
turbine_1,2025-12-29T18:00:00Z,2025-12-30T12:00:00Z,18.0,0.99,0.09128038491469939,0.07102440681711142
turbine_1,2025-12-29T18:00:00Z,2025-12-30T13:00:00Z,19.0,0.96,0.09914220710123943,0.11167439583779601
turbine_1,2025-12-29T18:00:00Z,2025-12-30T14:00:00Z,20.0,0.9566666666666668,0.1695916379611231,0.18215888052012288
turbine_1,2025-12-29T18:00:00Z,2025-12-30T15:00:00Z,21.0,0.5883333333333334,0.34116183049594706,0.30190562632602896
turbine_1,2025-12-29T18:00:00Z,2025-12-30T16:00:00Z,22.0,0.745,0.3017079559413343,0.2607836567588697
turbine_1,2025-12-29T18:00:00Z,2025-12-30T17:00:00Z,23.0,0.6533333333333333,0.2955862880438225,0.25793236323589275
turbine_1,2025-12-29T18:00:00Z,2025-12-30T18:00:00Z,24.0,0.8583333333333334,0.5033710888802261,0.4435795546648028
turbine_1,2025-12-29T18:00:00Z,2025-12-30T19:00:00Z,25.0,0.395,0.43556162059020126,0.44072100372906425
turbine_1,2025-12-29T18:00:00Z,2025-12-30T20:00:00Z,26.0,0.2566666666666666,0.37766536025384306,0.41001719074971765
turbine_1,2025-12-29T18:00:00Z,2025-12-30T21:00:00Z,27.0,0.1383333333333333,0.1624491341059272,0.1694836758525195
turbine_1,2025-12-29T18:00:00Z,2025-12-30T22:00:00Z,28.0,0.0183333333333333,0.11350025037611995,0.13937976365927274
turbine_1,2025-12-29T18:00:00Z,2025-12-30T23:00:00Z,29.0,0.01,0.04805396385832808,0.06166937126948516
turbine_1,2025-12-29T18:00:00Z,2025-12-31T00:00:00Z,30.0,0.01,0.02136837445881848,0.03462700340730587
turbine_1,2025-12-29T18:00:00Z,2025-12-31T01:00:00Z,31.0,0.1583333333333333,0.030382077779198158,0.023380153218298477
turbine_1,2025-12-29T18:00:00Z,2025-12-31T02:00:00Z,32.0,0.2583333333333333,0.01537454842722552,0.01440277992480174
turbine_1,2025-12-29T18:00:00Z,2025-12-31T03:00:00Z,33.0,0.735,0.017424732986119074,0.014694296881129387
turbine_1,2025-12-29T18:00:00Z,2025-12-31T04:00:00Z,34.0,0.2033333333333333,0.014565011331320654,0.0117198238910175
turbine_1,2025-12-29T18:00:00Z,2025-12-31T05:00:00Z,35.0,0.11,0.03200770221888649,0.02034730752440142
turbine_1,2025-12-29T18:00:00Z,2025-12-31T06:00:00Z,36.0,0.08,0.05938734058931494,0.06015009990109538
turbine_1,2025-12-29T18:00:00Z,2025-12-31T07:00:00Z,37.0,0.165,0.06232788786221438,0.04570439830610126
turbine_1,2025-12-29T18:00:00Z,2025-12-31T08:00:00Z,38.0,0.3233333333333333,0.09307400022714096,0.05657166763641125
turbine_1,2025-12-29T18:00:00Z,2025-12-31T09:00:00Z,39.0,0.1,0.08474313222839067,0.06856647277512479
turbine_1,2025-12-29T18:00:00Z,2025-12-31T10:00:00Z,40.0,0.01,0.11861381937179605,0.10998146597774344
turbine_1,2025-12-29T18:00:00Z,2025-12-31T11:00:00Z,41.0,0.01,0.1433786406275965,0.140943425363421
turbine_1,2025-12-29T18:00:00Z,2025-12-31T12:00:00Z,42.0,0.04,0.16271164714190559,0.1787593923258437
turbine_1,2025-12-29T18:00:00Z,2025-12-31T13:00:00Z,43.0,0.0516666666666666,0.154236256246304,0.1749346083300877
turbine_1,2025-12-29T18:00:00Z,2025-12-31T14:00:00Z,44.0,0.0233333333333333,0.23070464585717493,0.22028082714525604
turbine_1,2025-12-29T18:00:00Z,2025-12-31T15:00:00Z,45.0,0.0283333333333333,0.22547694481496122,0.19000760933406835
turbine_1,2025-12-29T18:00:00Z,2025-12-31T16:00:00Z,46.0,0.0316666666666666,0.18465614008186942,0.17777189271242405
turbine_1,2025-12-30T18:00:00Z,2025-12-30T19:00:00Z,1.0,0.395,0.19860383404881607,0.155557341176877
turbine_1,2025-12-30T18:00:00Z,2025-12-30T20:00:00Z,2.0,0.2566666666666666,0.15021993510967746,0.17763976252653538
turbine_1,2025-12-30T18:00:00Z,2025-12-30T21:00:00Z,3.0,0.1383333333333333,0.06349657983589269,0.10150722134088705
turbine_1,2025-12-30T18:00:00Z,2025-12-30T22:00:00Z,4.0,0.0183333333333333,0.025164351778163063,0.03137383958898873
turbine_1,2025-12-30T18:00:00Z,2025-12-30T23:00:00Z,5.0,0.01,0.023357621777481075,0.014325112684988012
turbine_1,2025-12-30T18:00:00Z,2025-12-31T00:00:00Z,6.0,0.01,0.018184287471353422,0.015042393198107296
turbine_1,2025-12-30T18:00:00Z,2025-12-31T01:00:00Z,7.0,0.1583333333333333,0.013914825189225377,0.014742180226657103
turbine_1,2025-12-30T18:00:00Z,2025-12-31T02:00:00Z,8.0,0.2583333333333333,0.012484438182025936,0.012016018682801222
turbine_1,2025-12-30T18:00:00Z,2025-12-31T03:00:00Z,9.0,0.735,0.01075512512821214,0.010217469611821905
turbine_1,2025-12-30T18:00:00Z,2025-12-31T04:00:00Z,10.0,0.2033333333333333,0.012585320732833638,0.01471082273480101
turbine_1,2025-12-30T18:00:00Z,2025-12-31T05:00:00Z,11.0,0.11,0.03167274055392172,0.01998114270519566
turbine_1,2025-12-30T18:00:00Z,2025-12-31T06:00:00Z,12.0,0.08,0.05252783570636832,0.04487241323189009
turbine_1,2025-12-30T18:00:00Z,2025-12-31T07:00:00Z,13.0,0.165,0.08508499308598005,0.06545821187693085
turbine_1,2025-12-30T18:00:00Z,2025-12-31T08:00:00Z,14.0,0.3233333333333333,0.20780081037978707,0.1682211428238391
turbine_1,2025-12-30T18:00:00Z,2025-12-31T09:00:00Z,15.0,0.1,0.3076251936994361,0.25077869517299517
turbine_1,2025-12-30T18:00:00Z,2025-12-31T10:00:00Z,16.0,0.01,0.24386556036109724,0.22527645887473463
turbine_1,2025-12-30T18:00:00Z,2025-12-31T11:00:00Z,17.0,0.01,0.3575837380164513,0.3026430438306731
turbine_1,2025-12-30T18:00:00Z,2025-12-31T12:00:00Z,18.0,0.04,0.33859947947135605,0.33096947011713096
turbine_1,2025-12-30T18:00:00Z,2025-12-31T13:00:00Z,19.0,0.0516666666666666,0.45121755548861214,0.37911619465656515
turbine_1,2025-12-30T18:00:00Z,2025-12-31T14:00:00Z,20.0,0.0233333333333333,0.5842039084215136,0.47966854265262765
turbine_1,2025-12-30T18:00:00Z,2025-12-31T15:00:00Z,21.0,0.0283333333333333,0.5450928038015659,0.4448264608018506
turbine_1,2025-12-30T18:00:00Z,2025-12-31T16:00:00Z,22.0,0.0316666666666666,0.3315112662544595,0.2667507754155738
