site_id,forecast_origin,target_time,lead_hours,actual,incumbent_prediction,candidate_prediction
turbine_1,2025-11-30T18:00:00Z,2025-11-30T19:00:00Z,1.0,0.01,0.04032347886996196,0.043165845570249384
turbine_1,2025-11-30T18:00:00Z,2025-11-30T20:00:00Z,2.0,0.01,0.022075839373186357,0.030884528041911108
turbine_1,2025-11-30T18:00:00Z,2025-11-30T21:00:00Z,3.0,0.01,0.0321925157883792,0.01858001661390349
turbine_1,2025-11-30T18:00:00Z,2025-11-30T22:00:00Z,4.0,0.0083333333333333,0.030511024141320203,0.025105191989102077
turbine_1,2025-11-30T18:00:00Z,2025-11-30T23:00:00Z,5.0,0.01,0.0292895955444,0.021825331203426196
turbine_1,2025-11-30T18:00:00Z,2025-12-01T00:00:00Z,6.0,0.0133333333333333,0.037851113389293395,0.027491382243044427
turbine_1,2025-11-30T18:00:00Z,2025-12-01T01:00:00Z,7.0,0.015,0.06576750400088521,0.05471838536136531
turbine_1,2025-11-30T18:00:00Z,2025-12-01T02:00:00Z,8.0,0.0633333333333333,0.09873870471690499,0.1166769846265005
turbine_1,2025-11-30T18:00:00Z,2025-12-01T03:00:00Z,9.0,0.0733333333333333,0.3414845787120854,0.25387285986862124
turbine_1,2025-11-30T18:00:00Z,2025-12-01T04:00:00Z,10.0,0.1849999999999999,0.4656507216751057,0.42473769539805795
turbine_1,2025-11-30T18:00:00Z,2025-12-01T05:00:00Z,11.0,0.1833333333333333,0.7282020574596623,0.6719144365440015
turbine_1,2025-11-30T18:00:00Z,2025-12-01T06:00:00Z,12.0,0.1316666666666666,0.8946608953405005,0.8380965962882486
turbine_1,2025-11-30T18:00:00Z,2025-12-01T07:00:00Z,13.0,0.4783333333333333,0.9617153267059503,0.9367767166666384
turbine_1,2025-11-30T18:00:00Z,2025-12-01T08:00:00Z,14.0,0.9366666666666666,0.9668394183721286,0.9039340775892002
turbine_1,2025-11-30T18:00:00Z,2025-12-01T09:00:00Z,15.0,0.9766666666666666,0.9535476872677173,0.9182680485078406
turbine_1,2025-11-30T18:00:00Z,2025-12-01T10:00:00Z,16.0,0.8533333333333334,0.9230918455152093,0.8761282148552045
turbine_1,2025-11-30T18:00:00Z,2025-12-01T11:00:00Z,17.0,0.6816666666666666,0.8469427196410403,0.8411779105371368
turbine_1,2025-11-30T18:00:00Z,2025-12-01T12:00:00Z,18.0,0.5983333333333333,0.7166784308924458,0.8321489039597241
turbine_1,2025-11-30T18:00:00Z,2025-12-01T13:00:00Z,19.0,0.7050000000000001,0.6783795481327738,0.6603973359753517
turbine_1,2025-11-30T18:00:00Z,2025-12-01T14:00:00Z,20.0,0.9083333333333332,0.6471517549581924,0.5927795306202304
turbine_1,2025-11-30T18:00:00Z,2025-12-01T15:00:00Z,21.0,0.99,0.665499830675246,0.6523041970414805
turbine_1,2025-11-30T18:00:00Z,2025-12-01T16:00:00Z,22.0,0.9833333333333334,0.6399333324882815,0.6302137726738375
turbine_1,2025-11-30T18:00:00Z,2025-12-01T17:00:00Z,23.0,0.9833333333333334,0.6329750934935028,0.5464434222228847
turbine_1,2025-11-30T18:00:00Z,2025-12-01T18:00:00Z,24.0,0.8266666666666667,0.5947876578879405,0.5120100745192904
turbine_1,2025-11-30T18:00:00Z,2025-12-01T19:00:00Z,25.0,0.65,0.6233506582639351,0.559909967920619
turbine_1,2025-11-30T18:00:00Z,2025-12-01T20:00:00Z,26.0,0.645,0.5705710080465712,0.503395415599583
turbine_1,2025-11-30T18:00:00Z,2025-12-01T21:00:00Z,27.0,0.1733333333333333,0.5696024705408583,0.49188928201215903
turbine_1,2025-11-30T18:00:00Z,2025-12-01T22:00:00Z,28.0,0.0683333333333333,0.5334096111071869,0.46252511857460793
turbine_1,2025-11-30T18:00:00Z,2025-12-01T23:00:00Z,29.0,0.0383333333333333,0.4397819035041083,0.43528453260964384
turbine_1,2025-11-30T18:00:00Z,2025-12-02T00:00:00Z,30.0,0.0249999999999999,0.2960951370220444,0.29555938762977174
turbine_1,2025-11-30T18:00:00Z,2025-12-02T01:00:00Z,31.0,0.0383333333333333,0.10211887242035912,0.20359636991285338
turbine_1,2025-11-30T18:00:00Z,2025-12-02T02:00:00Z,32.0,0.1066666666666666,0.061376216089075675,0.17527660322318753
turbine_1,2025-11-30T18:00:00Z,2025-12-02T03:00:00Z,33.0,0.1366666666666666,0.044489473968641335,0.07003747836637306
turbine_1,2025-11-30T18:00:00Z,2025-12-02T04:00:00Z,34.0,0.1066666666666666,0.020665265526461418,0.0572135507334951
turbine_1,2025-11-30T18:00:00Z,2025-12-02T05:00:00Z,35.0,0.0999999999999999,0.014958568862425081,0.026764070624399894
turbine_1,2025-11-30T18:00:00Z,2025-12-02T06:00:00Z,36.0,0.0933333333333333,0.01392646361911315,0.016339499080776976
turbine_1,2025-11-30T18:00:00Z,2025-12-02T07:00:00Z,37.0,0.0666666666666666,0.018248613189124074,0.02533272490936228
turbine_1,2025-11-30T18:00:00Z,2025-12-02T08:00:00Z,38.0,0.0383333333333333,0.028988572543486912,0.026464156891262886
turbine_1,2025-11-30T18:00:00Z,2025-12-02T09:00:00Z,39.0,0.0633333333333333,0.036508974366193936,0.0318706699510696
turbine_1,2025-11-30T18:00:00Z,2025-12-02T10:00:00Z,40.0,0.045,0.04144594659546191,0.031884170898077546
turbine_1,2025-11-30T18:00:00Z,2025-12-02T11:00:00Z,41.0,0.0116666666666666,0.07937689131518179,0.0645970280569608
turbine_1,2025-11-30T18:00:00Z,2025-12-02T12:00:00Z,42.0,0.01,0.11238660975812798,0.09515348200897077
turbine_1,2025-11-30T18:00:00Z,2025-12-02T13:00:00Z,43.0,0.01,0.1187440837096312,0.10173436140181265
turbine_1,2025-11-30T18:00:00Z,2025-12-02T14:00:00Z,44.0,0.01,0.08397577103487693,0.09294039113627015
turbine_1,2025-11-30T18:00:00Z,2025-12-02T15:00:00Z,45.0,0.01,0.052312159660437396,0.07072261946556187
turbine_1,2025-11-30T18:00:00Z,2025-12-02T16:00:00Z,46.0,0.0133333333333333,0.03952567818490188,0.05516779032687941
turbine_1,2025-11-30T18:00:00Z,2025-12-02T17:00:00Z,47.0,0.01,0.03803478612353961,0.03748700629569632
turbine_1,2025-11-30T18:00:00Z,2025-12-02T18:00:00Z,48.0,0.01,0.03221266091296948,0.05244375950467811
turbine_1,2025-12-01T18:00:00Z,2025-12-01T19:00:00Z,1.0,0.65,0.5488924169053431,0.44236979257860165
turbine_1,2025-12-01T18:00:00Z,2025-12-01T20:00:00Z,2.0,0.645,0.4787371421095234,0.3829080663756111
turbine_1,2025-12-01T18:00:00Z,2025-12-01T21:00:00Z,3.0,0.1733333333333333,0.45824421518001707,0.37548847915208755
turbine_1,2025-12-01T18:00:00Z,2025-12-01T22:00:00Z,4.0,0.0683333333333333,0.36441598630611644,0.2502062101861353
turbine_1,2025-12-01T18:00:00Z,2025-12-01T23:00:00Z,5.0,0.0383333333333333,0.14484084602946998,0.16469906176268756
turbine_1,2025-12-01T18:00:00Z,2025-12-02T00:00:00Z,6.0,0.0249999999999999,0.05499249125627112,0.07620502430325926
turbine_1,2025-12-01T18:00:00Z,2025-12-02T01:00:00Z,7.0,0.0383333333333333,0.021964007699263183,0.049001853140625384
turbine_1,2025-12-01T18:00:00Z,2025-12-02T02:00:00Z,8.0,0.1066666666666666,0.013318836119523392,0.03485728933641902
turbine_1,2025-12-01T18:00:00Z,2025-12-02T03:00:00Z,9.0,0.1366666666666666,0.009941453285977231,0.0113646427062499
turbine_1,2025-12-01T18:00:00Z,2025-12-02T04:00:00Z,10.0,0.1066666666666666,0.015443477591060462,0.017328739908004792
turbine_1,2025-12-01T18:00:00Z,2025-12-02T05:00:00Z,11.0,0.0999999999999999,0.016569502503187172,0.01784521838855585
turbine_1,2025-12-01T18:00:00Z,2025-12-02T06:00:00Z,12.0,0.0933333333333333,0.014655468051713194,0.016629747182837412
turbine_1,2025-12-01T18:00:00Z,2025-12-02T07:00:00Z,13.0,0.0666666666666666,0.022420254236000303,0.024431325391129577
turbine_1,2025-12-01T18:00:00Z,2025-12-02T08:00:00Z,14.0,0.0383333333333333,0.02795714778266578,0.01702463689232428
turbine_1,2025-12-01T18:00:00Z,2025-12-02T09:00:00Z,15.0,0.0633333333333333,0.04111442393665293,0.02958803173279509
turbine_1,2025-12-01T18:00:00Z,2025-12-02T10:00:00Z,16.0,0.045,0.05858101234647112,0.056122570857365106
turbine_1,2025-12-01T18:00:00Z,2025-12-02T11:00:00Z,17.0,0.0116666666666666,0.06862932861264746,0.07377301336486218
turbine_1,2025-12-01T18:00:00Z,2025-12-02T12:00:00Z,18.0,0.01,0.06998234235782888,0.05781044959040585
turbine_1,2025-12-01T18:00:00Z,2025-12-02T13:00:00Z,19.0,0.01,0.06076115322426068,0.06382413586665081
turbine_1,2025-12-01T18:00:00Z,2025-12-02T14:00:00Z,20.0,0.01,0.055122724049919136,0.06385473339527298
turbine_1,2025-12-01T18:00:00Z,2025-12-02T15:00:00Z,21.0,0.01,0.04185025866728914,0.060959588117480146
turbine_1,2025-12-01T18:00:00Z,2025-12-02T16:00:00Z,22.0,0.0133333333333333,0.04032068847614689,0.03654967659028718
turbine_1,2025-12-01T18:00:00Z,2025-12-02T17:00:00Z,23.0,0.01,0.039535616246753,0.0401091150153578
turbine_1,2025-12-01T18:00:00Z,2025-12-02T18:00:00Z,24.0,0.01,0.03217893334482397,0.04032021178304557
turbine_1,2025-12-01T18:00:00Z,2025-12-02T19:00:00Z,25.0,0.0116666666666666,0.04836402964359815,0.035578390601003373
turbine_1,2025-12-01T18:00:00Z,2025-12-02T20:00:00Z,26.0,0.1116666666666666,0.0462694778253738,0.06050561512253541
turbine_1,2025-12-01T18:00:00Z,2025-12-02T21:00:00Z,27.0,0.1949999999999999,0.06999838169876656,0.030747071742555948
turbine_1,2025-12-01T18:00:00Z,2025-12-02T22:00:00Z,28.0,0.22,0.08706372471614958,0.12190483089446563
turbine_1,2025-12-01T18:00:00Z,2025-12-02T23:00:00Z,29.0,0.3066666666666667,0.12251109224568142,0.1587072111636208
turbine_1,2025-12-01T18:00:00Z,2025-12-03T00:00:00Z,30.0,0.3783333333333333,0.13059295063656284,0.16154263377971587
turbine_1,2025-12-01T18:00:00Z,2025-12-03T01:00:00Z,31.0,0.3883333333333333,0.10625855326996612,0.12462975540108982
turbine_1,2025-12-01T18:00:00Z,2025-12-03T02:00:00Z,32.0,0.6466666666666666,0.0988640895617503,0.1224513297270148
turbine_1,2025-12-01T18:00:00Z,2025-12-03T03:00:00Z,33.0,0.7083333333333334,0.10746220245592103,0.11869156263445409
turbine_1,2025-12-01T18:00:00Z,2025-12-03T04:00:00Z,34.0,0.6283333333333333,0.2175047158955207,0.20212436665974448
turbine_1,2025-12-01T18:00:00Z,2025-12-03T05:00:00Z,35.0,0.2799999999999999,0.2788636356415235,0.20255183354952563
turbine_1,2025-12-01T18:00:00Z,2025-12-03T06:00:00Z,36.0,0.2,0.32296315429182093,0.30197896697288024
turbine_1,2025-12-01T18:00:00Z,2025-12-03T07:00:00Z,37.0,0.2666666666666666,0.3751870416194903,0.3184744631659929
turbine_1,2025-12-01T18:00:00Z,2025-12-03T08:00:00Z,38.0,0.3183333333333333,0.3281319189996398,0.30568010757916086
turbine_1,2025-12-01T18:00:00Z,2025-12-03T09:00:00Z,39.0,0.1716666666666666,0.31818065525505057,0.31786493129215354
turbine_1,2025-12-01T18:00:00Z,2025-12-03T10:00:00Z,40.0,0.1166666666666666,0.29128136825019924,0.23017562098288225
turbine_1,2025-12-01T18:00:00Z,2025-12-03T11:00:00Z,41.0,0.1166666666666666,0.22020241889862477,0.1789685866168515
turbine_1,2025-12-01T18:00:00Z,2025-12-03T12:00:00Z,42.0,0.15,0.22717167893208523,0.18890638747060198
turbine_1,2025-12-01T18:00:00Z,2025-12-03T13:00:00Z,43.0,0.3,0.1971519690081377,0.15815227072708687
turbine_1,2025-12-01T18:00:00Z,2025-12-03T14:00:00Z,44.0,0.4333333333333333,0.21845005374810061,0.17689787766679543
turbine_1,2025-12-01T18:00:00Z,2025-12-03T15:00:00Z,45.0,0.365,0.21572667549090416,0.18943683828999955
turbine_1,2025-12-01T18:00:00Z,2025-12-03T16:00:00Z,46.0,0.265,0.2514339977278157,0.1899676139110602
turbine_1,2025-12-01T18:00:00Z,2025-12-03T17:00:00Z,47.0,0.1816666666666666,0.28623108012730253,0.2617407918071005
turbine_1,2025-12-01T18:00:00Z,2025-12-03T18:00:00Z,48.0,0.3116666666666667,0.3029584134267804,0.2234449814340821
turbine_1,2025-12-02T18:00:00Z,2025-12-02T19:00:00Z,1.0,0.0116666666666666,0.06354810925551227,0.0503772837914081
turbine_1,2025-12-02T18:00:00Z,2025-12-02T20:00:00Z,2.0,0.1116666666666666,0.05817639979650749,0.09309706884773321
turbine_1,2025-12-02T18:00:00Z,2025-12-02T21:00:00Z,3.0,0.1949999999999999,0.0916672523176379,0.09543385969103066
turbine_1,2025-12-02T18:00:00Z,2025-12-02T22:00:00Z,4.0,0.22,0.10224297910353207,0.11868887084605526
turbine_1,2025-12-02T18:00:00Z,2025-12-02T23:00:00Z,5.0,0.3066666666666667,0.12161270122391728,0.1315401958780037
turbine_1,2025-12-02T18:00:00Z,2025-12-03T00:00:00Z,6.0,0.3783333333333333,0.12577111417511067,0.16127697323300258
turbine_1,2025-12-02T18:00:00Z,2025-12-03T01:00:00Z,7.0,0.3883333333333333,0.10211887242035912,0.13301700926512589
turbine_1,2025-12-02T18:00:00Z,2025-12-03T02:00:00Z,8.0,0.6466666666666666,0.10296505155949717,0.14117264051220962
turbine_1,2025-12-02T18:00:00Z,2025-12-03T03:00:00Z,9.0,0.7083333333333334,0.10878754951738145,0.17079491019789833
turbine_1,2025-12-02T18:00:00Z,2025-12-03T04:00:00Z,10.0,0.6283333333333333,0.2175047158955207,0.22397522232827502
turbine_1,2025-12-02T18:00:00Z,2025-12-03T05:00:00Z,11.0,0.2799999999999999,0.24978629491828702,0.23923061060486128
turbine_1,2025-12-02T18:00:00Z,2025-12-03T06:00:00Z,12.0,0.2,0.28011483069371423,0.24276605837542065
turbine_1,2025-12-02T18:00:00Z,2025-12-03T07:00:00Z,13.0,0.2666666666666666,0.3465686091704113,0.2672526485374969
turbine_1,2025-12-02T18:00:00Z,2025-12-03T08:00:00Z,14.0,0.3183333333333333,0.3281319189996398,0.3090858026326758
turbine_1,2025-12-02T18:00:00Z,2025-12-03T09:00:00Z,15.0,0.1716666666666666,0.35001398925148575,0.3215466501873956
turbine_1,2025-12-02T18:00:00Z,2025-12-03T10:00:00Z,16.0,0.1166666666666666,0.3194971591524196,0.2852444879000257
turbine_1,2025-12-02T18:00:00Z,2025-12-03T11:00:00Z,17.0,0.1166666666666666,0.2804919942347841,0.2608683348568865
turbine_1,2025-12-02T18:00:00Z,2025-12-03T12:00:00Z,18.0,0.15,0.22513063062450178,0.17123713093132417
turbine_1,2025-12-02T18:00:00Z,2025-12-03T13:00:00Z,19.0,0.3,0.2683399032220441,0.23193438304193117
turbine_1,2025-12-02T18:00:00Z,2025-12-03T14:00:00Z,20.0,0.4333333333333333,0.20519822675488364,0.23720061271918708
turbine_1,2025-12-02T18:00:00Z,2025-12-03T15:00:00Z,21.0,0.365,0.28562059755936475,0.2817392750225366
turbine_1,2025-12-02T18:00:00Z,2025-12-03T16:00:00Z,22.0,0.265,0.2266262958189039,0.20165421804299133
turbine_1,2025-12-02T18:00:00Z,2025-12-03T17:00:00Z,23.0,0.1816666666666666,0.27247502232555587,0.25647565396006045
turbine_1,2025-12-02T18:00:00Z,2025-12-03T18:00:00Z,24.0,0.3116666666666667,0.22893370773608052,0.21544725738997927
turbine_1,2025-12-02T18:00:00Z,2025-12-03T19:00:00Z,25.0,0.185,0.21934581255537058,0.18733461364257295
turbine_1,2025-12-02T18:00:00Z,2025-12-03T20:00:00Z,26.0,0.0999999999999999,0.16782770965776975,0.15672856527260953
turbine_1,2025-12-02T18:00:00Z,2025-12-03T21:00:00Z,27.0,0.1783333333333333,0.24979024711956888,0.22776508217006833
turbine_1,2025-12-02T18:00:00Z,2025-12-03T22:00:00Z,28.0,0.1516666666666666,0.31523653275842517,0.24209307769751476
turbine_1,2025-12-02T18:00:00Z,2025-12-03T23:00:00Z,29.0,0.0933333333333333,0.303040077006746,0.24973655830556427
turbine_1,2025-12-02T18:00:00Z,2025-12-04T00:00:00Z,30.0,0.105,0.5488306240736021,0.5254543379319211
turbine_1,2025-12-02T18:00:00Z,2025-12-04T01:00:00Z,31.0,0.1016666666666666,0.38479790548242077,0.33669892856934747
turbine_1,2025-12-02T18:00:00Z,2025-12-04T02:00:00Z,32.0,0.165,0.4144250040204337,0.39017190964970694
turbine_1,2025-12-02T18:00:00Z,2025-12-04T03:00:00Z,33.0,0.1999999999999999,0.44314740865681435,0.3705267555327314
turbine_1,2025-12-02T18:00:00Z,2025-12-04T04:00:00Z,34.0,0.115,0.1558226356747047,0.17284778050487254
turbine_1,2025-12-02T18:00:00Z,2025-12-04T05:00:00Z,35.0,0.0583333333333333,0.15507625376377515,0.11333555937865908
turbine_1,2025-12-02T18:00:00Z,2025-12-04T06:00:00Z,36.0,0.0216666666666666,0.09941002485318401,0.12168870068616414
turbine_1,2025-12-02T18:00:00Z,2025-12-04T07:00:00Z,37.0,0.04,0.08079537351095,0.09619327334992134
turbine_1,2025-12-02T18:00:00Z,2025-12-04T08:00:00Z,38.0,0.0433333333333333,0.07216994842208406,0.09062013842664188
turbine_1,2025-12-02T18:00:00Z,2025-12-04T09:00:00Z,39.0,0.0516666666666666,0.04837313267579574,0.03865814751790664
turbine_1,2025-12-02T18:00:00Z,2025-12-04T10:00:00Z,40.0,0.0249999999999999,0.03694551873864699,0.03965731136903608
turbine_1,2025-12-02T18:00:00Z,2025-12-04T11:00:00Z,41.0,0.1816666666666666,0.04044578956446182,0.027836495313855514
turbine_1,2025-12-02T18:00:00Z,2025-12-04T12:00:00Z,42.0,0.225,0.03785507943817784,0.03949668476958035
turbine_1,2025-12-02T18:00:00Z,2025-12-04T13:00:00Z,43.0,0.185,0.037151751516955656,0.07052974463222424
turbine_1,2025-12-02T18:00:00Z,2025-12-04T14:00:00Z,44.0,0.0633333333333333,0.19033685818332943,0.15828696613663557
turbine_1,2025-12-02T18:00:00Z,2025-12-04T15:00:00Z,45.0,0.0133333333333333,0.23873524505605143,0.24808057796853544
turbine_1,2025-12-02T18:00:00Z,2025-12-04T16:00:00Z,46.0,0.12,0.21900889605738927,0.27713526909376685
turbine_1,2025-12-02T18:00:00Z,2025-12-04T17:00:00Z,47.0,0.0883333333333333,0.17105270659646582,0.25736585346269314
turbine_1,2025-12-02T18:00:00Z,2025-12-04T18:00:00Z,48.0,0.0366666666666666,0.13917184489167506,0.23167442610956357
turbine_1,2025-12-03T18:00:00Z,2025-12-03T19:00:00Z,1.0,0.185,0.19123319220744428,0.1487287018146291
turbine_1,2025-12-03T18:00:00Z,2025-12-03T20:00:00Z,2.0,0.0999999999999999,0.1408264743663895,0.11884564082321056
turbine_1,2025-12-03T18:00:00Z,2025-12-03T21:00:00Z,3.0,0.1783333333333333,0.13778839973271556,0.1005766858902385
turbine_1,2025-12-03T18:00:00Z,2025-12-03T22:00:00Z,4.0,0.1516666666666666,0.13004234277746662,0.21309043022330726
turbine_1,2025-12-03T18:00:00Z,2025-12-03T23:00:00Z,5.0,0.0933333333333333,0.11538265117821765,0.1503916933125407
turbine_1,2025-12-03T18:00:00Z,2025-12-04T00:00:00Z,6.0,0.105,0.09712977358851034,0.1343133943943338
turbine_1,2025-12-03T18:00:00Z,2025-12-04T01:00:00Z,7.0,0.1016666666666666,0.1327253010376939,0.1657163817826043
turbine_1,2025-12-03T18:00:00Z,2025-12-04T02:00:00Z,8.0,0.165,0.0995493353019441,0.11826136750718197
turbine_1,2025-12-03T18:00:00Z,2025-12-04T03:00:00Z,9.0,0.1999999999999999,0.11040950186851872,0.13552639126383614
turbine_1,2025-12-03T18:00:00Z,2025-12-04T04:00:00Z,10.0,0.115,0.15442565316566562,0.1960682124127058
turbine_1,2025-12-03T18:00:00Z,2025-12-04T05:00:00Z,11.0,0.0583333333333333,0.1846971190528354,0.17977398509725398
turbine_1,2025-12-03T18:00:00Z,2025-12-04T06:00:00Z,12.0,0.0216666666666666,0.15279048653443394,0.15508765610047637
turbine_1,2025-12-03T18:00:00Z,2025-12-04T07:00:00Z,13.0,0.04,0.20833708978265167,0.19926320509218517
turbine_1,2025-12-03T18:00:00Z,2025-12-04T08:00:00Z,14.0,0.0433333333333333,0.1947805377055624,0.15555210330513436
turbine_1,2025-12-03T18:00:00Z,2025-12-04T09:00:00Z,15.0,0.0516666666666666,0.16575956950787069,0.13180979660247868
turbine_1,2025-12-03T18:00:00Z,2025-12-04T10:00:00Z,16.0,0.0249999999999999,0.07734633854750934,0.08611626228991734
turbine_1,2025-12-03T18:00:00Z,2025-12-04T11:00:00Z,17.0,0.1816666666666666,0.04616644071796522,0.06616787310916847
turbine_1,2025-12-03T18:00:00Z,2025-12-04T12:00:00Z,18.0,0.225,0.038350468502883095,0.04268444873795044
turbine_1,2025-12-03T18:00:00Z,2025-12-04T13:00:00Z,19.0,0.185,0.037961739256578086,0.038782576769023636
turbine_1,2025-12-03T18:00:00Z,2025-12-04T14:00:00Z,20.0,0.0633333333333333,0.08123991962809485,0.05457512072225834
turbine_1,2025-12-03T18:00:00Z,2025-12-04T15:00:00Z,21.0,0.0133333333333333,0.09696984001966215,0.0762887594111436
turbine_1,2025-12-03T18:00:00Z,2025-12-04T16:00:00Z,22.0,0.12,0.1155996475427199,0.09932024077652926
turbine_1,2025-12-03T18:00:00Z,2025-12-04T17:00:00Z,23.0,0.0883333333333333,0.15106276298052346,0.10999122251208909
turbine_1,2025-12-03T18:00:00Z,2025-12-04T18:00:00Z,24.0,0.0366666666666666,0.08133316243784586,0.07522530598920142
turbine_1,2025-12-03T18:00:00Z,2025-12-04T19:00:00Z,25.0,0.0166666666666666,0.05970004467469031,0.04538126163858558
turbine_1,2025-12-03T18:00:00Z,2025-12-04T20:00:00Z,26.0,0.0133333333333333,0.04307604296682349,0.058349395338191
turbine_1,2025-12-03T18:00:00Z,2025-12-04T21:00:00Z,27.0,0.015,0.026810759547252594,0.028099658788440174
turbine_1,2025-12-03T18:00:00Z,2025-12-04T22:00:00Z,28.0,0.0283333333333333,0.05630019174392634,0.043731808119760074
turbine_1,2025-12-03T18:00:00Z,2025-12-04T23:00:00Z,29.0,0.0566666666666666,0.0724382819215606,0.05431305541051934
turbine_1,2025-12-03T18:00:00Z,2025-12-05T00:00:00Z,30.0,0.035,0.06332608259943082,0.0682307724345593
turbine_1,2025-12-03T18:00:00Z,2025-12-05T01:00:00Z,31.0,0.065,0.05289833469571881,0.06619421047959723
turbine_1,2025-12-03T18:00:00Z,2025-12-05T02:00:00Z,32.0,0.0116666666666666,0.07126466744379599,0.07216678002771332
turbine_1,2025-12-03T18:00:00Z,2025-12-05T03:00:00Z,33.0,0.01,0.04813358092820963,0.06680757528721953
turbine_1,2025-12-03T18:00:00Z,2025-12-05T04:00:00Z,34.0,0.0133333333333333,0.03176885039515043,0.08086731758282734
turbine_1,2025-12-03T18:00:00Z,2025-12-05T05:00:00Z,35.0,0.01,0.017008397714297352,0.021109986707514683
turbine_1,2025-12-03T18:00:00Z,2025-12-05T06:00:00Z,36.0,0.01,0.023560954398331613,0.02605846382083199
turbine_1,2025-12-03T18:00:00Z,2025-12-05T07:00:00Z,37.0,0.01,0.038834741078527746,0.025499717765188196
turbine_1,2025-12-03T18:00:00Z,2025-12-05T08:00:00Z,38.0,0.01,0.05270744288427692,0.03394137405533787
turbine_1,2025-12-03T18:00:00Z,2025-12-05T09:00:00Z,39.0,0.01,0.09979918724016267,0.07150098749326868
turbine_1,2025-12-03T18:00:00Z,2025-12-05T10:00:00Z,40.0,0.01,0.10495626418710034,0.11135362402206815
turbine_1,2025-12-03T18:00:00Z,2025-12-05T11:00:00Z,41.0,0.0083333333333333,0.15041549431266554,0.20644529688910812
turbine_1,2025-12-03T18:00:00Z,2025-12-05T12:00:00Z,42.0,0.0216666666666666,0.2658197686080113,0.3112125215136521
turbine_1,2025-12-03T18:00:00Z,2025-12-05T13:00:00Z,43.0,0.16,0.3721643296132092,0.4088257798192396
turbine_1,2025-12-03T18:00:00Z,2025-12-05T14:00:00Z,44.0,0.1816666666666666,0.45212370555676695,0.46526289707045215
turbine_1,2025-12-03T18:00:00Z,2025-12-05T15:00:00Z,45.0,0.1733333333333333,0.4506984165744924,0.46013622475594734
turbine_1,2025-12-03T18:00:00Z,2025-12-05T16:00:00Z,46.0,0.0766666666666666,0.4205306264375548,0.44800151247882253
turbine_1,2025-12-03T18:00:00Z,2025-12-05T17:00:00Z,47.0,0.1216666666666666,0.36683451408413,0.40248923826259386
turbine_1,2025-12-03T18:00:00Z,2025-12-05T18:00:00Z,48.0,0.1433333333333333,0.31648871959495795,0.37705698729891524
turbine_1,2025-12-04T18:00:00Z,2025-12-04T19:00:00Z,1.0,0.0166666666666666,0.047378054449550455,0.03839849013671848
turbine_1,2025-12-04T18:00:00Z,2025-12-04T20:00:00Z,2.0,0.0133333333333333,0.033426821328710665,0.03442010313136243
turbine_1,2025-12-04T18:00:00Z,2025-12-04T21:00:00Z,3.0,0.015,0.022591734915646255,0.016733188623947792
turbine_1,2025-12-04T18:00:00Z,2025-12-04T22:00:00Z,4.0,0.0283333333333333,0.014859086258270038,0.02123434737690938
turbine_1,2025-12-04T18:00:00Z,2025-12-04T23:00:00Z,5.0,0.0566666666666666,0.015642650944148406,0.021323377228150447
turbine_1,2025-12-04T18:00:00Z,2025-12-05T00:00:00Z,6.0,0.035,0.011204281599215549,0.01963095045109786
turbine_1,2025-12-04T18:00:00Z,2025-12-05T01:00:00Z,7.0,0.065,0.031901703592957964,0.020871639683904597
turbine_1,2025-12-04T18:00:00Z,2025-12-05T02:00:00Z,8.0,0.0116666666666666,0.033546181056284485,0.02295529440502167
turbine_1,2025-12-04T18:00:00Z,2025-12-05T03:00:00Z,9.0,0.01,0.024770834362323968,0.02024249756149968
turbine_1,2025-12-04T18:00:00Z,2025-12-05T04:00:00Z,10.0,0.0133333333333333,0.025628214512413094,0.02400846852997157
turbine_1,2025-12-04T18:00:00Z,2025-12-05T05:00:00Z,11.0,0.01,0.026257143548209794,0.035255921767817416
turbine_1,2025-12-04T18:00:00Z,2025-12-05T06:00:00Z,12.0,0.01,0.04133705889481415,0.026754987688397652
turbine_1,2025-12-04T18:00:00Z,2025-12-05T07:00:00Z,13.0,0.01,0.08063656008743471,0.058146450727794785
turbine_1,2025-12-04T18:00:00Z,2025-12-05T08:00:00Z,14.0,0.01,0.16392291150237373,0.1381784297412728
turbine_1,2025-12-04T18:00:00Z,2025-12-05T09:00:00Z,15.0,0.01,0.3064316221834986,0.24710984325455754
turbine_1,2025-12-04T18:00:00Z,2025-12-05T10:00:00Z,16.0,0.01,0.3995786299913918,0.4035518607716192
turbine_1,2025-12-04T18:00:00Z,2025-12-05T11:00:00Z,17.0,0.0083333333333333,0.4954281681296726,0.5046770612915426
turbine_1,2025-12-04T18:00:00Z,2025-12-05T12:00:00Z,18.0,0.0216666666666666,0.6397758445696404,0.6398267730111593
turbine_1,2025-12-04T18:00:00Z,2025-12-05T13:00:00Z,19.0,0.16,0.5461549827492912,0.6114906514397316
turbine_1,2025-12-04T18:00:00Z,2025-12-05T14:00:00Z,20.0,0.1816666666666666,0.6560966701344395,0.6681409571131229
turbine_1,2025-12-04T18:00:00Z,2025-12-05T15:00:00Z,21.0,0.1733333333333333,0.571547496459859,0.6352068874545445
turbine_1,2025-12-04T18:00:00Z,2025-12-05T16:00:00Z,22.0,0.0766666666666666,0.6190506261298365,0.6402123408232746
turbine_1,2025-12-04T18:00:00Z,2025-12-05T17:00:00Z,23.0,0.1216666666666666,0.5349731022410582,0.5972352781056048
turbine_1,2025-12-04T18:00:00Z,2025-12-05T18:00:00Z,24.0,0.1433333333333333,0.42054333685466655,0.49873241749053243
turbine_1,2025-12-04T18:00:00Z,2025-12-05T19:00:00Z,25.0,0.0116666666666666,0.36030411195066847,0.4094451114069596
turbine_1,2025-12-04T18:00:00Z,2025-12-05T20:00:00Z,26.0,0.01,0.2898406494528829,0.3428281552388758
turbine_1,2025-12-04T18:00:00Z,2025-12-05T21:00:00Z,27.0,0.0116666666666666,0.19228944166289996,0.21124342722237582
turbine_1,2025-12-04T18:00:00Z,2025-12-05T22:00:00Z,28.0,0.0083333333333333,0.05179128302496924,0.08611413232878211
turbine_1,2025-12-04T18:00:00Z,2025-12-05T23:00:00Z,29.0,0.01,0.021643010656263978,0.04306080705023435
turbine_1,2025-12-04T18:00:00Z,2025-12-06T00:00:00Z,30.0,0.01,0.01240201147051051,0.03337900104536384
turbine_1,2025-12-04T18:00:00Z,2025-12-06T01:00:00Z,31.0,0.0216666666666666,0.01157989680484045,0.023051738052638854
turbine_1,2025-12-04T18:00:00Z,2025-12-06T02:00:00Z,32.0,0.0216666666666666,0.013833682946182535,0.015040541495970894
turbine_1,2025-12-04T18:00:00Z,2025-12-06T03:00:00Z,33.0,0.17,0.0166267756642412,0.018404967090455193
turbine_1,2025-12-04T18:00:00Z,2025-12-06T04:00:00Z,34.0,0.185,0.026443152925719804,0.03982444403711896
turbine_1,2025-12-04T18:00:00Z,2025-12-06T05:00:00Z,35.0,0.1066666666666666,0.04293045662908834,0.040849495287076404
turbine_1,2025-12-04T18:00:00Z,2025-12-06T06:00:00Z,36.0,0.1083333333333333,0.13457935760433545,0.14996284106003652
turbine_1,2025-12-04T18:00:00Z,2025-12-06T07:00:00Z,37.0,0.73,0.20317384626945878,0.1915158930429602
turbine_1,2025-12-04T18:00:00Z,2025-12-06T08:00:00Z,38.0,0.6533333333333333,0.28543366979446394,0.354296031885705
turbine_1,2025-12-04T18:00:00Z,2025-12-06T09:00:00Z,39.0,0.5716666666666667,0.3805913431417609,0.43639138787537335
turbine_1,2025-12-04T18:00:00Z,2025-12-06T10:00:00Z,40.0,0.4083333333333334,0.38290807178310293,0.4685016999803111
turbine_1,2025-12-04T18:00:00Z,2025-12-06T11:00:00Z,41.0,0.3233333333333333,0.3859655497196425,0.35890205270179143
turbine_1,2025-12-04T18:00:00Z,2025-12-06T12:00:00Z,42.0,0.0933333333333333,0.5504465045012314,0.45324569288279287
turbine_1,2025-12-04T18:00:00Z,2025-12-06T13:00:00Z,43.0,0.01,0.6302759029936016,0.6521955651183957
turbine_1,2025-12-04T18:00:00Z,2025-12-06T14:00:00Z,44.0,0.01,0.6879456808249825,0.6645390833948579
turbine_1,2025-12-04T18:00:00Z,2025-12-06T15:00:00Z,45.0,0.01,0.7138719462852545,0.6764250236983484
turbine_1,2025-12-04T18:00:00Z,2025-12-06T16:00:00Z,46.0,0.01,0.6968199258927967,0.6719938169924622
turbine_1,2025-12-04T18:00:00Z,2025-12-06T17:00:00Z,47.0,0.0499999999999999,0.6924401610170958,0.6554910131824796
turbine_1,2025-12-04T18:00:00Z,2025-12-06T18:00:00Z,48.0,0.09,0.680427529607339,0.6420258664069434
turbine_1,2025-12-05T18:00:00Z,2025-12-05T19:00:00Z,1.0,0.0116666666666666,0.18352662023329983,0.20413922427784215
turbine_1,2025-12-05T18:00:00Z,2025-12-05T20:00:00Z,2.0,0.01,0.08230626648742059,0.12263435191606216
turbine_1,2025-12-05T18:00:00Z,2025-12-05T21:00:00Z,3.0,0.0116666666666666,0.07502756079274574,0.0698296815219989
turbine_1,2025-12-05T18:00:00Z,2025-12-05T22:00:00Z,4.0,0.0083333333333333,0.03355153938005195,0.05244203641091513
turbine_1,2025-12-05T18:00:00Z,2025-12-05T23:00:00Z,5.0,0.01,0.012795397684824794,0.02290468186666972
turbine_1,2025-12-05T18:00:00Z,2025-12-06T00:00:00Z,6.0,0.01,0.01661724897339828,0.014905212826715974
turbine_1,2025-12-05T18:00:00Z,2025-12-06T01:00:00Z,7.0,0.0216666666666666,0.026257695131288755,0.018124434775558196
turbine_1,2025-12-05T18:00:00Z,2025-12-06T02:00:00Z,8.0,0.0216666666666666,0.03184826819110215,0.033770955067617736
turbine_1,2025-12-05T18:00:00Z,2025-12-06T03:00:00Z,9.0,0.17,0.03635500271419331,0.052078052130937025
turbine_1,2025-12-05T18:00:00Z,2025-12-06T04:00:00Z,10.0,0.185,0.04066407012968137,0.03303428082097232
turbine_1,2025-12-05T18:00:00Z,2025-12-06T05:00:00Z,11.0,0.1066666666666666,0.05358615737495609,0.03696276557006156
turbine_1,2025-12-05T18:00:00Z,2025-12-06T06:00:00Z,12.0,0.1083333333333333,0.12869670910605235,0.08203054984972522
turbine_1,2025-12-05T18:00:00Z,2025-12-06T07:00:00Z,13.0,0.73,0.20378196855745673,0.1305368147762768
turbine_1,2025-12-05T18:00:00Z,2025-12-06T08:00:00Z,14.0,0.6533333333333333,0.2537017246740035,0.24948427211510843
turbine_1,2025-12-05T18:00:00Z,2025-12-06T09:00:00Z,15.0,0.5716666666666667,0.3209140434430981,0.3876775810192634
turbine_1,2025-12-05T18:00:00Z,2025-12-06T10:00:00Z,16.0,0.4083333333333334,0.3305776002196822,0.31539238762200694
turbine_1,2025-12-05T18:00:00Z,2025-12-06T11:00:00Z,17.0,0.3233333333333333,0.38246659601679844,0.34748192857604143
turbine_1,2025-12-05T18:00:00Z,2025-12-06T12:00:00Z,18.0,0.0933333333333333,0.5568364601208045,0.5238880835719331
turbine_1,2025-12-05T18:00:00Z,2025-12-06T13:00:00Z,19.0,0.01,0.5643212211884765,0.489248205226873
turbine_1,2025-12-05T18:00:00Z,2025-12-06T14:00:00Z,20.0,0.01,0.541582648732704,0.42443034814851655
turbine_1,2025-12-05T18:00:00Z,2025-12-06T15:00:00Z,21.0,0.01,0.33642748854660665,0.37884254945329243
turbine_1,2025-12-05T18:00:00Z,2025-12-06T16:00:00Z,22.0,0.01,0.33418882065215505,0.3337516698344466
turbine_1,2025-12-05T18:00:00Z,2025-12-06T17:00:00Z,23.0,0.0499999999999999,0.4434040215226329,0.3789310012282373
turbine_1,2025-12-05T18:00:00Z,2025-12-06T18:00:00Z,24.0,0.09,0.4804771614790122,0.38297647149295666
turbine_1,2025-12-05T18:00:00Z,2025-12-06T19:00:00Z,25.0,0.1083333333333333,0.5248331431220407,0.4136156333285922
turbine_1,2025-12-05T18:00:00Z,2025-12-06T20:00:00Z,26.0,0.1416666666666666,0.4732886263675061,0.43647628854348175
turbine_1,2025-12-05T18:00:00Z,2025-12-06T21:00:00Z,27.0,0.13,0.4629664338907651,0.4556055735617381
turbine_1,2025-12-05T18:00:00Z,2025-12-06T22:00:00Z,28.0,0.2233333333333333,0.4003694192157997,0.35818444756526974
turbine_1,2025-12-05T18:00:00Z,2025-12-06T23:00:00Z,29.0,0.2933333333333333,0.43784061988082956,0.3801755233053326
turbine_1,2025-12-05T18:00:00Z,2025-12-07T00:00:00Z,30.0,0.4316666666666666,0.3584751722243712,0.32701633119347995
turbine_1,2025-12-05T18:00:00Z,2025-12-07T01:00:00Z,31.0,0.445,0.31766018088545706,0.2564201975743632
turbine_1,2025-12-05T18:00:00Z,2025-12-07T02:00:00Z,32.0,0.5066666666666667,0.14709445212578304,0.17136073494258872
turbine_1,2025-12-05T18:00:00Z,2025-12-07T03:00:00Z,33.0,0.1016666666666666,0.13483002811108075,0.15591271072527613
turbine_1,2025-12-05T18:00:00Z,2025-12-07T04:00:00Z,34.0,0.03,0.13870586261709827,0.15796116460740345
turbine_1,2025-12-05T18:00:00Z,2025-12-07T05:00:00Z,35.0,0.055,0.15568651683644114,0.07082521703782137
turbine_1,2025-12-05T18:00:00Z,2025-12-07T06:00:00Z,36.0,0.01,0.10811113198191005,0.14275998678369684
turbine_1,2025-12-05T18:00:00Z,2025-12-07T07:00:00Z,37.0,0.01,0.14914389978440956,0.1968929472502506
turbine_1,2025-12-05T18:00:00Z,2025-12-07T08:00:00Z,38.0,0.0116666666666666,0.13608659697609793,0.18277133335338352
turbine_1,2025-12-05T18:00:00Z,2025-12-07T09:00:00Z,39.0,0.0116666666666666,0.08905170658569324,0.12012934462167534
turbine_1,2025-12-05T18:00:00Z,2025-12-07T10:00:00Z,40.0,0.01,0.08316693167421377,0.08743654771770115
turbine_1,2025-12-05T18:00:00Z,2025-12-07T11:00:00Z,41.0,0.0233333333333333,0.05267136211569845,0.07809756580099353
turbine_1,2025-12-05T18:00:00Z,2025-12-07T12:00:00Z,42.0,0.0166666666666666,0.036934857982108826,0.03222159994799023
turbine_1,2025-12-05T18:00:00Z,2025-12-07T13:00:00Z,43.0,0.075,0.04069362747974764,0.0559575521100229
turbine_1,2025-12-05T18:00:00Z,2025-12-07T14:00:00Z,44.0,0.0166666666666666,0.04541550480838008,0.05486676837479554
turbine_1,2025-12-05T18:00:00Z,2025-12-07T15:00:00Z,45.0,0.0116666666666666,0.05194632124651588,0.034191302004031476
turbine_1,2025-12-05T18:00:00Z,2025-12-07T16:00:00Z,46.0,0.0883333333333333,0.05981763604913365,0.06749722622254706
turbine_1,2025-12-05T18:00:00Z,2025-12-07T17:00:00Z,47.0,0.0166666666666666,0.06991545838712958,0.07139122730779215
turbine_1,2025-12-05T18:00:00Z,2025-12-07T18:00:00Z,48.0,0.01,0.07719773579124271,0.08948968314602287
turbine_1,2025-12-06T18:00:00Z,2025-12-06T19:00:00Z,1.0,0.1083333333333333,0.49441741610515055,0.34661380682606596
turbine_1,2025-12-06T18:00:00Z,2025-12-06T20:00:00Z,2.0,0.1416666666666666,0.44094832972563425,0.31639338558328045
turbine_1,2025-12-06T18:00:00Z,2025-12-06T21:00:00Z,3.0,0.13,0.42448757600363707,0.3754282518357829
turbine_1,2025-12-06T18:00:00Z,2025-12-06T22:00:00Z,4.0,0.2233333333333333,0.4664330839594938,0.395471534168472
turbine_1,2025-12-06T18:00:00Z,2025-12-06T23:00:00Z,5.0,0.2933333333333333,0.4730328889449211,0.44358864163677886
turbine_1,2025-12-06T18:00:00Z,2025-12-07T00:00:00Z,6.0,0.4316666666666666,0.5494959146499097,0.5241341909072228
turbine_1,2025-12-06T18:00:00Z,2025-12-07T01:00:00Z,7.0,0.445,0.5694653907988723,0.6153373426522466
turbine_1,2025-12-06T18:00:00Z,2025-12-07T02:00:00Z,8.0,0.5066666666666667,0.5640298208599304,0.5925393125746332
turbine_1,2025-12-06T18:00:00Z,2025-12-07T03:00:00Z,9.0,0.1016666666666666,0.62484119479872,0.6198399934567544
turbine_1,2025-12-06T18:00:00Z,2025-12-07T04:00:00Z,10.0,0.03,0.6450395585379477,0.6067243069783343
turbine_1,2025-12-06T18:00:00Z,2025-12-07T05:00:00Z,11.0,0.055,0.6376107970418692,0.6098652221776089
turbine_1,2025-12-06T18:00:00Z,2025-12-07T06:00:00Z,12.0,0.01,0.5724812854292182,0.5619943956162015
turbine_1,2025-12-06T18:00:00Z,2025-12-07T07:00:00Z,13.0,0.01,0.5602026322227203,0.5560346631916352
turbine_1,2025-12-06T18:00:00Z,2025-12-07T08:00:00Z,14.0,0.0116666666666666,0.5609847815427358,0.498279690231227
turbine_1,2025-12-06T18:00:00Z,2025-12-07T09:00:00Z,15.0,0.0116666666666666,0.31546076402678613,0.3335138366695299
turbine_1,2025-12-06T18:00:00Z,2025-12-07T10:00:00Z,16.0,0.01,0.20778092259417985,0.19546915030788084
turbine_1,2025-12-06T18:00:00Z,2025-12-07T11:00:00Z,17.0,0.0233333333333333,0.13369929383095253,0.2004959782023154
turbine_1,2025-12-06T18:00:00Z,2025-12-07T12:00:00Z,18.0,0.0166666666666666,0.08165724246711345,0.12682285576748548
turbine_1,2025-12-06T18:00:00Z,2025-12-07T13:00:00Z,19.0,0.075,0.06510661911302124,0.06474094182227302
turbine_1,2025-12-06T18:00:00Z,2025-12-07T14:00:00Z,20.0,0.0166666666666666,0.07780894866160908,0.08160250141065134
turbine_1,2025-12-06T18:00:00Z,2025-12-07T15:00:00Z,21.0,0.0116666666666666,0.049204819865021676,0.03085334814927082
turbine_1,2025-12-06T18:00:00Z,2025-12-07T16:00:00Z,22.0,0.0883333333333333,0.04187971824012532,0.02851852800785376
turbine_1,2025-12-06T18:00:00Z,2025-12-07T17:00:00Z,23.0,0.0166666666666666,0.0610385632176067,0.03768474094346852
turbine_1,2025-12-06T18:00:00Z,2025-12-07T18:00:00Z,24.0,0.01,0.07649167402494893,0.08727316895085711
turbine_1,2025-12-06T18:00:00Z,2025-12-07T19:00:00Z,25.0,0.01,0.07227357855497163,0.09625119777030959
turbine_1,2025-12-06T18:00:00Z,2025-12-07T20:00:00Z,26.0,0.01,0.06064085488213361,0.08415019691452469
turbine_1,2025-12-06T18:00:00Z,2025-12-07T21:00:00Z,27.0,0.01,0.10283734086454396,0.11193433289661267
turbine_1,2025-12-06T18:00:00Z,2025-12-07T22:00:00Z,28.0,0.0499999999999999,0.09600572753315734,0.08802906704687427
turbine_1,2025-12-06T18:00:00Z,2025-12-07T23:00:00Z,29.0,0.2383333333333333,0.0772057228705141,0.16214640236162248
turbine_1,2025-12-06T18:00:00Z,2025-12-08T00:00:00Z,30.0,0.1566666666666666,0.40368004303885474,0.4709630529329859
turbine_1,2025-12-06T18:00:00Z,2025-12-08T01:00:00Z,31.0,0.6266666666666666,0.32349831430896253,0.28605420894160055
turbine_1,2025-12-06T18:00:00Z,2025-12-08T02:00:00Z,32.0,0.62,0.5302662526842372,0.4986943095157134
turbine_1,2025-12-06T18:00:00Z,2025-12-08T03:00:00Z,33.0,0.435,0.7256150547714423,0.7358505410569874
turbine_1,2025-12-06T18:00:00Z,2025-12-08T04:00:00Z,34.0,0.34,0.6431477433013932,0.6286557593153146
turbine_1,2025-12-06T18:00:00Z,2025-12-08T05:00:00Z,35.0,0.1783333333333333,0.6786797285312167,0.6524899789565448
turbine_1,2025-12-06T18:00:00Z,2025-12-08T06:00:00Z,36.0,0.0116666666666666,0.5965294013625506,0.6921244638559165
turbine_1,2025-12-06T18:00:00Z,2025-12-08T07:00:00Z,37.0,0.0133333333333333,0.37131578775959584,0.3610952031535152
turbine_1,2025-12-06T18:00:00Z,2025-12-08T08:00:00Z,38.0,0.01,0.19179134116307292,0.20844991674356292
turbine_1,2025-12-06T18:00:00Z,2025-12-08T09:00:00Z,39.0,0.0416666666666666,0.10593644683695479,0.12316752408734813
turbine_1,2025-12-06T18:00:00Z,2025-12-08T10:00:00Z,40.0,0.4133333333333333,0.03872910994812706,0.06479571780042181
turbine_1,2025-12-06T18:00:00Z,2025-12-08T11:00:00Z,41.0,0.5133333333333333,0.1393698465390832,0.10331612571496818
turbine_1,2025-12-06T18:00:00Z,2025-12-08T12:00:00Z,42.0,0.3083333333333333,0.3081294016148924,0.35490399843764875
turbine_1,2025-12-06T18:00:00Z,2025-12-08T13:00:00Z,43.0,0.7000000000000001,0.7067217038145566,0.6536208073933871
turbine_1,2025-12-06T18:00:00Z,2025-12-08T14:00:00Z,44.0,0.9333333333333332,0.9593281016973148,0.9374332568660515
turbine_1,2025-12-06T18:00:00Z,2025-12-08T15:00:00Z,45.0,0.955,0.949619928468579,0.9109347726047402
turbine_1,2025-12-06T18:00:00Z,2025-12-08T16:00:00Z,46.0,0.975,0.9323575967218766,0.8821309111973058
turbine_1,2025-12-06T18:00:00Z,2025-12-08T17:00:00Z,47.0,0.8649999999999999,0.9267606337413681,0.9013424557575839
turbine_1,2025-12-06T18:00:00Z,2025-12-08T18:00:00Z,48.0,0.955,0.9169661626190793,0.797577808511376
turbine_1,2025-12-07T18:00:00Z,2025-12-07T19:00:00Z,1.0,0.01,0.24866096717678773,0.30733386390857154
turbine_1,2025-12-07T18:00:00Z,2025-12-07T20:00:00Z,2.0,0.01,0.2211905440450473,0.20958508376141718
turbine_1,2025-12-07T18:00:00Z,2025-12-07T21:00:00Z,3.0,0.01,0.3139627849614129,0.2356901644463421
turbine_1,2025-12-07T18:00:00Z,2025-12-07T22:00:00Z,4.0,0.0499999999999999,0.48034434818401217,0.4569157700135757
turbine_1,2025-12-07T18:00:00Z,2025-12-07T23:00:00Z,5.0,0.2383333333333333,0.43546971308458426,0.3885923459397783
turbine_1,2025-12-07T18:00:00Z,2025-12-08T00:00:00Z,6.0,0.1566666666666666,0.46758211617462475,0.4785658914119872
turbine_1,2025-12-07T18:00:00Z,2025-12-08T01:00:00Z,7.0,0.6266666666666666,0.6210415336736219,0.5986550275820326
turbine_1,2025-12-07T18:00:00Z,2025-12-08T02:00:00Z,8.0,0.62,0.5496958283695309,0.5788562670179307
turbine_1,2025-12-07T18:00:00Z,2025-12-08T03:00:00Z,9.0,0.435,0.6122051239817774,0.6156824358933446
turbine_1,2025-12-07T18:00:00Z,2025-12-08T04:00:00Z,10.0,0.34,0.7361527694046979,0.7489637469846139
turbine_1,2025-12-07T18:00:00Z,2025-12-08T05:00:00Z,11.0,0.1783333333333333,0.7089457866821348,0.6705733599911734
turbine_1,2025-12-07T18:00:00Z,2025-12-08T06:00:00Z,12.0,0.0116666666666666,0.30507578369034005,0.3165830699728213
turbine_1,2025-12-07T18:00:00Z,2025-12-08T07:00:00Z,13.0,0.0133333333333333,0.18600931431430556,0.1627344781717373
turbine_1,2025-12-07T18:00:00Z,2025-12-08T08:00:00Z,14.0,0.01,0.07565508851546486,0.060120583666192745
turbine_1,2025-12-07T18:00:00Z,2025-12-08T09:00:00Z,15.0,0.0416666666666666,0.040122642740800574,0.024174751747088746
turbine_1,2025-12-07T18:00:00Z,2025-12-08T10:00:00Z,16.0,0.4133333333333333,0.1571720096627808,0.16822302573110318
turbine_1,2025-12-07T18:00:00Z,2025-12-08T11:00:00Z,17.0,0.5133333333333333,0.589036706964562,0.6117309456595128
turbine_1,2025-12-07T18:00:00Z,2025-12-08T12:00:00Z,18.0,0.3083333333333333,0.9570521905967201,0.9370689875444271
turbine_1,2025-12-07T18:00:00Z,2025-12-08T13:00:00Z,19.0,0.7000000000000001,0.9499411856809089,0.9168324976004681
turbine_1,2025-12-07T18:00:00Z,2025-12-08T14:00:00Z,20.0,0.9333333333333332,0.9421028977309622,0.9119993675953454
turbine_1,2025-12-07T18:00:00Z,2025-12-08T15:00:00Z,21.0,0.955,0.936409131334376,0.9051802187362368
turbine_1,2025-12-07T18:00:00Z,2025-12-08T16:00:00Z,22.0,0.975,0.8970326150562189,0.8363856746856856
turbine_1,2025-12-07T18:00:00Z,2025-12-08T17:00:00Z,23.0,0.8649999999999999,0.9298030522964256,0.9133814353922247
turbine_1,2025-12-07T18:00:00Z,2025-12-08T18:00:00Z,24.0,0.955,0.9543793574690372,0.9256281550430998
turbine_1,2025-12-07T18:00:00Z,2025-12-08T19:00:00Z,25.0,0.775,0.9148884819481968,0.8642478352968097
turbine_1,2025-12-07T18:00:00Z,2025-12-08T20:00:00Z,26.0,0.2799999999999999,0.7132062196942697,0.6618163577954348
turbine_1,2025-12-07T18:00:00Z,2025-12-08T21:00:00Z,27.0,0.1483333333333333,0.4919185515457108,0.46229639457624866
turbine_1,2025-12-07T18:00:00Z,2025-12-08T22:00:00Z,28.0,0.1216666666666666,0.3830288799515876,0.3802762417854765
turbine_1,2025-12-07T18:00:00Z,2025-12-08T23:00:00Z,29.0,0.0716666666666666,0.24025370811064917,0.19989472669432717
turbine_1,2025-12-07T18:00:00Z,2025-12-09T00:00:00Z,30.0,0.0266666666666666,0.1153040952587484,0.07648772421891224
turbine_1,2025-12-07T18:00:00Z,2025-12-09T01:00:00Z,31.0,0.01,0.06218144528831898,0.04452145030252952
turbine_1,2025-12-07T18:00:00Z,2025-12-09T02:00:00Z,32.0,0.01,0.04030901261873254,0.024009613348077136
turbine_1,2025-12-07T18:00:00Z,2025-12-09T03:00:00Z,33.0,0.01,0.02068680939862666,0.029348496987667116
turbine_1,2025-12-07T18:00:00Z,2025-12-09T04:00:00Z,34.0,0.1766666666666666,0.012913158461026197,0.018645306645274057
turbine_1,2025-12-07T18:00:00Z,2025-12-09T05:00:00Z,35.0,0.8283333333333333,0.040638881753575995,0.027420575976522726
turbine_1,2025-12-07T18:00:00Z,2025-12-09T06:00:00Z,36.0,0.915,0.16822350700223712,0.20484591291300472
turbine_1,2025-12-07T18:00:00Z,2025-12-09T07:00:00Z,37.0,0.9866666666666668,0.7938018454570668,0.759576502730983
turbine_1,2025-12-07T18:00:00Z,2025-12-09T08:00:00Z,38.0,0.9866666666666668,0.9834498822991792,0.9576541961442208
turbine_1,2025-12-07T18:00:00Z,2025-12-09T09:00:00Z,39.0,0.9883333333333332,0.9999295498674554,0.9511053791496609
turbine_1,2025-12-07T18:00:00Z,2025-12-09T10:00:00Z,40.0,0.98,0.9487980440927913,0.9731201999515582
turbine_1,2025-12-07T18:00:00Z,2025-12-09T11:00:00Z,41.0,0.9316666666666666,0.8053505544042371,0.8734551770822987
turbine_1,2025-12-07T18:00:00Z,2025-12-09T12:00:00Z,42.0,0.9416666666666668,0.6280051853959593,0.7565105687374964
turbine_1,2025-12-07T18:00:00Z,2025-12-09T13:00:00Z,43.0,0.8849999999999999,0.43405604545115906,0.6147895047844524
turbine_1,2025-12-07T18:00:00Z,2025-12-09T14:00:00Z,44.0,0.935,0.27483412906669896,0.4068640635109696
turbine_1,2025-12-07T18:00:00Z,2025-12-09T15:00:00Z,45.0,0.815,0.09489525053796291,0.13579050380616056
turbine_1,2025-12-07T18:00:00Z,2025-12-09T16:00:00Z,46.0,0.5316666666666666,0.0854755247718223,0.09320470765624947
turbine_1,2025-12-07T18:00:00Z,2025-12-09T17:00:00Z,47.0,0.165,0.038171120062396535,0.05417935883935365
turbine_1,2025-12-07T18:00:00Z,2025-12-09T18:00:00Z,48.0,0.0483333333333333,0.03304133912114815,0.03791244175190561
turbine_1,2025-12-08T18:00:00Z,2025-12-08T19:00:00Z,1.0,0.775,0.764738669035725,0.7389979844077843
turbine_1,2025-12-08T18:00:00Z,2025-12-08T20:00:00Z,2.0,0.2799999999999999,0.6979814647167327,0.7142902046931101
turbine_1,2025-12-08T18:00:00Z,2025-12-08T21:00:00Z,3.0,0.1483333333333333,0.37213336273987446,0.23854370197072342
turbine_1,2025-12-08T18:00:00Z,2025-12-08T22:00:00Z,4.0,0.1216666666666666,0.18994568787940194,0.08192440093434245
turbine_1,2025-12-08T18:00:00Z,2025-12-08T23:00:00Z,5.0,0.0716666666666666,0.06996044233189885,0.04048024975024561
turbine_1,2025-12-08T18:00:00Z,2025-12-09T00:00:00Z,6.0,0.0266666666666666,0.033262986143949014,0.02972345743858784
turbine_1,2025-12-08T18:00:00Z,2025-12-09T01:00:00Z,7.0,0.01,0.014825599751334961,0.02207005441490667
turbine_1,2025-12-08T18:00:00Z,2025-12-09T02:00:00Z,8.0,0.01,0.018321150837998013,0.014070234313266955
turbine_1,2025-12-08T18:00:00Z,2025-12-09T03:00:00Z,9.0,0.01,0.03153688334745633,0.03175458739070597
turbine_1,2025-12-08T18:00:00Z,2025-12-09T04:00:00Z,10.0,0.1766666666666666,0.11421830907329046,0.1112072893770013
turbine_1,2025-12-08T18:00:00Z,2025-12-09T05:00:00Z,11.0,0.8283333333333333,0.4666825933950993,0.34464219361912973
turbine_1,2025-12-08T18:00:00Z,2025-12-09T06:00:00Z,12.0,0.915,0.9799530071919377,0.9462105074860625
turbine_1,2025-12-08T18:00:00Z,2025-12-09T07:00:00Z,13.0,0.9866666666666668,0.9827180332319544,0.9601211765023144
turbine_1,2025-12-08T18:00:00Z,2025-12-09T08:00:00Z,14.0,0.9866666666666668,0.9865449610551839,0.9823125491604981
turbine_1,2025-12-08T18:00:00Z,2025-12-09T09:00:00Z,15.0,0.9883333333333332,0.9805201277177592,0.9517917496847063
turbine_1,2025-12-08T18:00:00Z,2025-12-09T10:00:00Z,16.0,0.98,0.8656876888430549,0.9159653757071459
turbine_1,2025-12-08T18:00:00Z,2025-12-09T11:00:00Z,17.0,0.9316666666666666,0.6504814818955595,0.7676958185483923
turbine_1,2025-12-08T18:00:00Z,2025-12-09T12:00:00Z,18.0,0.9416666666666668,0.4739411429348317,0.68548766315623
turbine_1,2025-12-08T18:00:00Z,2025-12-09T13:00:00Z,19.0,0.8849999999999999,0.2947808871610806,0.43719812878725606
turbine_1,2025-12-08T18:00:00Z,2025-12-09T14:00:00Z,20.0,0.935,0.14945228949170034,0.20136587044146065
turbine_1,2025-12-08T18:00:00Z,2025-12-09T15:00:00Z,21.0,0.815,0.13442814098062972,0.13010188054543714
turbine_1,2025-12-08T18:00:00Z,2025-12-09T16:00:00Z,22.0,0.5316666666666666,0.07333368508729315,0.0799709423465966
turbine_1,2025-12-08T18:00:00Z,2025-12-09T17:00:00Z,23.0,0.165,0.03814671136627912,0.05775417717221676
turbine_1,2025-12-08T18:00:00Z,2025-12-09T18:00:00Z,24.0,0.0483333333333333,0.03174559626692186,0.04037182819874502
turbine_1,2025-12-08T18:00:00Z,2025-12-09T19:00:00Z,25.0,0.3483333333333333,0.08481433807432152,0.05404505423932038
turbine_1,2025-12-08T18:00:00Z,2025-12-09T20:00:00Z,26.0,0.6333333333333333,0.15050283955413912,0.12766901984229878
turbine_1,2025-12-08T18:00:00Z,2025-12-09T21:00:00Z,27.0,0.7716666666666666,0.26861305314505385,0.2338916888043282
turbine_1,2025-12-08T18:00:00Z,2025-12-09T22:00:00Z,28.0,0.9483333333333333,0.43027877971520007,0.4260193772828138
turbine_1,2025-12-08T18:00:00Z,2025-12-09T23:00:00Z,29.0,0.99,0.6724140898176079,0.677666927531516
turbine_1,2025-12-08T18:00:00Z,2025-12-10T00:00:00Z,30.0,0.9816666666666666,0.5685818108810847,0.5866935360594925
turbine_1,2025-12-08T18:00:00Z,2025-12-10T01:00:00Z,31.0,0.975,0.7234838877800968,0.7167390013123576
turbine_1,2025-12-08T18:00:00Z,2025-12-10T02:00:00Z,32.0,0.99,0.8653263175586737,0.8442686044866972
turbine_1,2025-12-08T18:00:00Z,2025-12-10T03:00:00Z,33.0,0.98,0.9720255679768431,0.9624756435922278
turbine_1,2025-12-08T18:00:00Z,2025-12-10T04:00:00Z,34.0,0.9166666666666666,0.9605654993566967,0.9636878293246846
turbine_1,2025-12-08T18:00:00Z,2025-12-10T05:00:00Z,35.0,0.79,0.9860962594945197,0.9537159138043755
turbine_1,2025-12-08T18:00:00Z,2025-12-10T06:00:00Z,36.0,0.915,0.9810655305895314,0.9555811585821036
turbine_1,2025-12-08T18:00:00Z,2025-12-10T07:00:00Z,37.0,0.9416666666666668,0.9347512662296209,0.9381285441263943
turbine_1,2025-12-08T18:00:00Z,2025-12-10T08:00:00Z,38.0,0.9316666666666666,0.9292954493783503,0.9161922285945695
turbine_1,2025-12-08T18:00:00Z,2025-12-10T09:00:00Z,39.0,0.9666666666666668,0.93505762642492,0.9317195565571966
turbine_1,2025-12-08T18:00:00Z,2025-12-10T10:00:00Z,40.0,0.9766666666666666,0.8034274153693315,0.8261017435805968
turbine_1,2025-12-08T18:00:00Z,2025-12-10T11:00:00Z,41.0,0.99,0.4322577031439807,0.47458055774329366
turbine_1,2025-12-08T18:00:00Z,2025-12-10T12:00:00Z,42.0,0.9866666666666668,0.38863445618902004,0.37467072336280416
turbine_1,2025-12-08T18:00:00Z,2025-12-10T13:00:00Z,43.0,0.9633333333333334,0.45165352445650064,0.48355046436894006
turbine_1,2025-12-08T18:00:00Z,2025-12-10T14:00:00Z,44.0,0.99,0.7688984377030245,0.6688294689317855
turbine_1,2025-12-08T18:00:00Z,2025-12-10T15:00:00Z,45.0,0.99,0.851026372545729,0.7799897414884934
turbine_1,2025-12-08T18:00:00Z,2025-12-10T16:00:00Z,46.0,0.99,0.8801077321121994,0.7932729711892786
turbine_1,2025-12-08T18:00:00Z,2025-12-10T17:00:00Z,47.0,0.99,0.9026824799653628,0.7772499702948213
turbine_1,2025-12-08T18:00:00Z,2025-12-10T18:00:00Z,48.0,0.9816666666666666,0.8685760600936129,0.7972119032517762
turbine_1,2025-12-09T18:00:00Z,2025-12-09T19:00:00Z,1.0,0.3483333333333333,0.14461579917572487,0.09029188830626066
turbine_1,2025-12-09T18:00:00Z,2025-12-09T20:00:00Z,2.0,0.6333333333333333,0.18150835478870794,0.18310928083711184
turbine_1,2025-12-09T18:00:00Z,2025-12-09T21:00:00Z,3.0,0.7716666666666666,0.4188811694280885,0.37723452816303826
turbine_1,2025-12-09T18:00:00Z,2025-12-09T22:00:00Z,4.0,0.9483333333333333,0.7256203653270925,0.7185559329289967
turbine_1,2025-12-09T18:00:00Z,2025-12-09T23:00:00Z,5.0,0.99,0.8991057830093198,0.9080823250391981
turbine_1,2025-12-09T18:00:00Z,2025-12-10T00:00:00Z,6.0,0.9816666666666666,0.9678210578317002,0.9546887764595011
turbine_1,2025-12-09T18:00:00Z,2025-12-10T01:00:00Z,7.0,0.975,0.9676957081442826,0.9524554764348734
turbine_1,2025-12-09T18:00:00Z,2025-12-10T02:00:00Z,8.0,0.99,0.967998833413854,0.9615348013967641
turbine_1,2025-12-09T18:00:00Z,2025-12-10T03:00:00Z,9.0,0.98,0.9604791050305107,0.9649509451779511
turbine_1,2025-12-09T18:00:00Z,2025-12-10T04:00:00Z,10.0,0.9166666666666666,0.9613822181255541,0.9359399047975625
turbine_1,2025-12-09T18:00:00Z,2025-12-10T05:00:00Z,11.0,0.79,0.9658934774619793,0.9298196710495252
turbine_1,2025-12-09T18:00:00Z,2025-12-10T06:00:00Z,12.0,0.915,0.9716699499435745,0.9534741469889589
turbine_1,2025-12-09T18:00:00Z,2025-12-10T07:00:00Z,13.0,0.9416666666666668,0.9863428250077811,0.9641323132745915
turbine_1,2025-12-09T18:00:00Z,2025-12-10T08:00:00Z,14.0,0.9316666666666666,0.9808870081565104,0.9385733155755842
turbine_1,2025-12-09T18:00:00Z,2025-12-10T09:00:00Z,15.0,0.9666666666666668,0.9528939210139074,0.9397659915899282
turbine_1,2025-12-09T18:00:00Z,2025-12-10T10:00:00Z,16.0,0.9766666666666666,0.9362923085804652,0.9125890243408336
turbine_1,2025-12-09T18:00:00Z,2025-12-10T11:00:00Z,17.0,0.99,0.929454334042223,0.8698699278171187
turbine_1,2025-12-09T18:00:00Z,2025-12-10T12:00:00Z,18.0,0.9866666666666668,0.7898444379960482,0.7283392245073199
turbine_1,2025-12-09T18:00:00Z,2025-12-10T13:00:00Z,19.0,0.9633333333333334,0.9433505390773448,0.8982344337538197
turbine_1,2025-12-09T18:00:00Z,2025-12-10T14:00:00Z,20.0,0.99,0.9428837558187756,0.8929909295351592
turbine_1,2025-12-09T18:00:00Z,2025-12-10T15:00:00Z,21.0,0.99,0.9031504378021599,0.8833888513242402
turbine_1,2025-12-09T18:00:00Z,2025-12-10T16:00:00Z,22.0,0.99,0.9042907350001245,0.9033365214628325
turbine_1,2025-12-09T18:00:00Z,2025-12-10T17:00:00Z,23.0,0.99,0.8969336752850762,0.8816900853020827
turbine_1,2025-12-09T18:00:00Z,2025-12-10T18:00:00Z,24.0,0.9816666666666666,0.8985926036866513,0.8697390316089216
turbine_1,2025-12-09T18:00:00Z,2025-12-10T19:00:00Z,25.0,0.9066666666666666,0.9052990526172492,0.8817333414644618
turbine_1,2025-12-09T18:00:00Z,2025-12-10T20:00:00Z,26.0,0.475,0.903634032254179,0.9004740275750095
turbine_1,2025-12-09T18:00:00Z,2025-12-10T21:00:00Z,27.0,0.3616666666666666,0.809689240022991,0.8233681263162965
turbine_1,2025-12-09T18:00:00Z,2025-12-10T22:00:00Z,28.0,0.0933333333333333,0.7487463569435053,0.7104567843421744
turbine_1,2025-12-09T18:00:00Z,2025-12-10T23:00:00Z,29.0,0.01,0.6034698279280679,0.5953570153342047
turbine_1,2025-12-09T18:00:00Z,2025-12-11T00:00:00Z,30.0,0.01,0.19413883835697002,0.19758251001988808
turbine_1,2025-12-09T18:00:00Z,2025-12-11T01:00:00Z,31.0,0.0333333333333333,0.061929596287425365,0.1083192866389675
turbine_1,2025-12-09T18:00:00Z,2025-12-11T02:00:00Z,32.0,0.01,0.01687009064047995,0.017781901549262208
turbine_1,2025-12-09T18:00:00Z,2025-12-11T03:00:00Z,33.0,0.1766666666666666,0.06491099799017772,0.03461053259188901
turbine_1,2025-12-09T18:00:00Z,2025-12-11T04:00:00Z,34.0,0.995,0.13594293262043006,0.1290655240080493
turbine_1,2025-12-09T18:00:00Z,2025-12-11T05:00:00Z,35.0,0.99,0.6579755391895691,0.552836746200519
turbine_1,2025-12-09T18:00:00Z,2025-12-11T06:00:00Z,36.0,0.99,0.9479854367639169,0.9095773496786553
turbine_1,2025-12-09T18:00:00Z,2025-12-11T07:00:00Z,37.0,0.9883333333333332,0.9758949792208171,0.9708868844349613
turbine_1,2025-12-09T18:00:00Z,2025-12-11T08:00:00Z,38.0,0.99,0.9809925176692778,0.9699099436171738
turbine_1,2025-12-09T18:00:00Z,2025-12-11T09:00:00Z,39.0,0.99,1.0,0.9663081051014474
turbine_1,2025-12-09T18:00:00Z,2025-12-11T10:00:00Z,40.0,0.99,1.0,0.9618998045540219
turbine_1,2025-12-09T18:00:00Z,2025-12-11T11:00:00Z,41.0,0.99,0.9995267575278276,0.9956740734981997
turbine_1,2025-12-09T18:00:00Z,2025-12-11T12:00:00Z,42.0,0.99,0.9918788209486459,0.9733995442568092
turbine_1,2025-12-09T18:00:00Z,2025-12-11T13:00:00Z,43.0,0.99,0.993189423916245,0.9998716896908633
turbine_1,2025-12-09T18:00:00Z,2025-12-11T14:00:00Z,44.0,0.99,0.9922271938975364,0.991187779573432
turbine_1,2025-12-09T18:00:00Z,2025-12-11T15:00:00Z,45.0,0.99,0.9942224907966956,0.967349171903235
turbine_1,2025-12-09T18:00:00Z,2025-12-11T16:00:00Z,46.0,0.99,0.9854057881731306,0.9535561110019498
turbine_1,2025-12-09T18:00:00Z,2025-12-11T17:00:00Z,47.0,0.99,0.9903518070954003,0.9833012783802142
turbine_1,2025-12-09T18:00:00Z,2025-12-11T18:00:00Z,48.0,0.99,0.9720360057980366,0.9661440520686911
turbine_1,2025-12-10T18:00:00Z,2025-12-10T19:00:00Z,1.0,0.9066666666666666,0.8915872361309158,0.8340297972677827
turbine_1,2025-12-10T18:00:00Z,2025-12-10T20:00:00Z,2.0,0.475,0.7186844147153975,0.755095829144496
turbine_1,2025-12-10T18:00:00Z,2025-12-10T21:00:00Z,3.0,0.3616666666666666,0.4264768044921211,0.4052195341380501
turbine_1,2025-12-10T18:00:00Z,2025-12-10T22:00:00Z,4.0,0.0933333333333333,0.1776345791793647,0.20299513180354128
turbine_1,2025-12-10T18:00:00Z,2025-12-10T23:00:00Z,5.0,0.01,0.02161873949320986,0.057842505726998644
turbine_1,2025-12-10T18:00:00Z,2025-12-11T00:00:00Z,6.0,0.01,0.01816075795540112,0.014462260599787335
turbine_1,2025-12-10T18:00:00Z,2025-12-11T01:00:00Z,7.0,0.0333333333333333,0.05711574962063204,0.03427403886797861
turbine_1,2025-12-10T18:00:00Z,2025-12-11T02:00:00Z,8.0,0.01,0.16342891727077813,0.177375237102714
turbine_1,2025-12-10T18:00:00Z,2025-12-11T03:00:00Z,9.0,0.1766666666666666,0.8032281636891029,0.7816678067635513
turbine_1,2025-12-10T18:00:00Z,2025-12-11T04:00:00Z,10.0,0.995,0.9601236177694852,0.9053196980541551
turbine_1,2025-12-10T18:00:00Z,2025-12-11T05:00:00Z,11.0,0.99,0.9788508109918758,0.9339553703553681
turbine_1,2025-12-10T18:00:00Z,2025-12-11T06:00:00Z,12.0,0.99,0.9744897613288082,0.966138229812397
turbine_1,2025-12-10T18:00:00Z,2025-12-11T07:00:00Z,13.0,0.9883333333333332,0.9765763759910173,0.9853388599325941
turbine_1,2025-12-10T18:00:00Z,2025-12-11T08:00:00Z,14.0,0.99,0.9809925176692778,0.9655050820715386
turbine_1,2025-12-10T18:00:00Z,2025-12-11T09:00:00Z,15.0,0.99,1.0,0.987949463784577
turbine_1,2025-12-10T18:00:00Z,2025-12-11T10:00:00Z,16.0,0.99,1.0,0.9930543632670792
turbine_1,2025-12-10T18:00:00Z,2025-12-11T11:00:00Z,17.0,0.99,0.9991376662706117,0.9699657419474181
turbine_1,2025-12-10T18:00:00Z,2025-12-11T12:00:00Z,18.0,0.99,0.989869504431467,0.9959259460601001
turbine_1,2025-12-10T18:00:00Z,2025-12-11T13:00:00Z,19.0,0.99,0.9918557559065516,0.9698029707405061
turbine_1,2025-12-10T18:00:00Z,2025-12-11T14:00:00Z,20.0,0.99,0.9922271938975364,0.9663340502120805
turbine_1,2025-12-10T18:00:00Z,2025-12-11T15:00:00Z,21.0,0.99,0.9942224907966956,0.9685664155555376
turbine_1,2025-12-10T18:00:00Z,2025-12-11T16:00:00Z,22.0,0.99,0.9854057881731306,0.953521930019402
turbine_1,2025-12-10T18:00:00Z,2025-12-11T17:00:00Z,23.0,0.99,0.9903518070954003,0.9792983604366482
turbine_1,2025-12-10T18:00:00Z,2025-12-11T18:00:00Z,24.0,0.99,0.9720360057980366,0.9691760460040526
turbine_1,2025-12-10T18:00:00Z,2025-12-11T19:00:00Z,25.0,0.99,0.9735378090602229,0.9627325641088222
turbine_1,2025-12-10T18:00:00Z,2025-12-11T20:00:00Z,26.0,0.99,0.9652736980012263,0.9637065169643491
turbine_1,2025-12-10T18:00:00Z,2025-12-11T21:00:00Z,27.0,0.99,0.9687448781045161,0.938365094755333
turbine_1,2025-12-10T18:00:00Z,2025-12-11T22:00:00Z,28.0,0.99,0.949878309671521,0.9574611046594197
turbine_1,2025-12-10T18:00:00Z,2025-12-11T23:00:00Z,29.0,0.99,0.951954996807466,0.9678247232845784
turbine_1,2025-12-10T18:00:00Z,2025-12-12T00:00:00Z,30.0,0.99,0.9495258057481565,0.889163022891889
turbine_1,2025-12-10T18:00:00Z,2025-12-12T01:00:00Z,31.0,0.99,0.9500573953684426,0.939978922434473
turbine_1,2025-12-10T18:00:00Z,2025-12-12T04:00:00Z,34.0,0.99,0.9603042879342581,0.9139481889827678
turbine_1,2025-12-10T18:00:00Z,2025-12-12T05:00:00Z,35.0,0.99,0.9788508109918758,0.88398899883079
turbine_1,2025-12-10T18:00:00Z,2025-12-12T06:00:00Z,36.0,0.99,0.9749648164549097,0.9049121972967665
turbine_1,2025-12-10T18:00:00Z,2025-12-12T07:00:00Z,37.0,0.99,0.9770514311171189,0.8718618531306014
turbine_1,2025-12-10T18:00:00Z,2025-12-12T08:00:00Z,38.0,0.99,0.9821489695655795,0.8875084737844934
turbine_1,2025-12-10T18:00:00Z,2025-12-12T09:00:00Z,39.0,0.99,1.0,0.8537815021976706
turbine_1,2025-12-10T18:00:00Z,2025-12-12T10:00:00Z,40.0,0.9883333333333332,1.0,0.8431422971160704
turbine_1,2025-12-10T18:00:00Z,2025-12-12T11:00:00Z,41.0,0.99,1.0,0.889942704975387
turbine_1,2025-12-10T18:00:00Z,2025-12-12T12:00:00Z,42.0,0.99,0.9965394862939735,0.9161186732021916
turbine_1,2025-12-10T18:00:00Z,2025-12-12T13:00:00Z,43.0,0.99,0.997171677883765,0.9144280819571874
turbine_1,2025-12-10T18:00:00Z,2025-12-12T15:00:00Z,45.0,0.99,0.9985586724935529,0.8725894662720279
turbine_1,2025-12-10T18:00:00Z,2025-12-12T16:00:00Z,46.0,0.99,0.9855888741712358,0.8384048275380951
turbine_1,2025-12-10T18:00:00Z,2025-12-12T17:00:00Z,47.0,0.99,0.9898209818028314,0.8045620770470014
turbine_1,2025-12-10T18:00:00Z,2025-12-12T18:00:00Z,48.0,0.99,0.9718326495463305,0.8196767257261184
turbine_1,2025-12-11T18:00:00Z,2025-12-11T19:00:00Z,1.0,0.99,0.9740128641863245,0.9223384187222432
turbine_1,2025-12-11T18:00:00Z,2025-12-11T20:00:00Z,2.0,0.99,0.9652736980012263,0.9503799337081253
turbine_1,2025-12-11T18:00:00Z,2025-12-11T21:00:00Z,3.0,0.99,0.9687448781045161,0.957961447801502
turbine_1,2025-12-11T18:00:00Z,2025-12-11T22:00:00Z,4.0,0.99,0.949878309671521,0.8994570604972499
turbine_1,2025-12-11T18:00:00Z,2025-12-11T23:00:00Z,5.0,0.99,0.951954996807466,0.9173578346468584
turbine_1,2025-12-11T18:00:00Z,2025-12-12T00:00:00Z,6.0,0.99,0.9495258057481565,0.8913118021727278
turbine_1,2025-12-11T18:00:00Z,2025-12-12T01:00:00Z,7.0,0.99,0.9500573953684426,0.9172730556065699
turbine_1,2025-12-11T18:00:00Z,2025-12-12T04:00:00Z,10.0,0.99,0.9603042879342581,0.8680498249321056
turbine_1,2025-12-11T18:00:00Z,2025-12-12T05:00:00Z,11.0,0.99,0.9788508109918758,0.8731277894477613
turbine_1,2025-12-11T18:00:00Z,2025-12-12T06:00:00Z,12.0,0.99,0.9749648164549097,0.853309387908906
turbine_1,2025-12-11T18:00:00Z,2025-12-12T07:00:00Z,13.0,0.99,0.9770514311171189,0.8638655780614649
turbine_1,2025-12-11T18:00:00Z,2025-12-12T08:00:00Z,14.0,0.99,0.9821489695655795,0.8220725968571791
turbine_1,2025-12-11T18:00:00Z,2025-12-12T09:00:00Z,15.0,0.99,1.0,0.8964392272752805
turbine_1,2025-12-11T18:00:00Z,2025-12-12T10:00:00Z,16.0,0.9883333333333332,1.0,0.9037766935463154
turbine_1,2025-12-11T18:00:00Z,2025-12-12T11:00:00Z,17.0,0.99,1.0,0.877724740933886
turbine_1,2025-12-11T18:00:00Z,2025-12-12T12:00:00Z,18.0,0.99,0.9965394862939735,0.8683274679350871
turbine_1,2025-12-11T18:00:00Z,2025-12-12T13:00:00Z,19.0,0.99,0.997171677883765,0.84407559508634
turbine_1,2025-12-11T18:00:00Z,2025-12-12T15:00:00Z,21.0,0.99,0.9981296374158761,0.8704467172583846
turbine_1,2025-12-11T18:00:00Z,2025-12-12T16:00:00Z,22.0,0.99,0.984445927802885,0.8249647035786116
turbine_1,2025-12-11T18:00:00Z,2025-12-12T17:00:00Z,23.0,0.99,0.988081639638742,0.8238828563492823
turbine_1,2025-12-11T18:00:00Z,2025-12-12T18:00:00Z,24.0,0.99,0.9718326495463305,0.8441543436266034
turbine_1,2025-12-11T18:00:00Z,2025-12-12T19:00:00Z,25.0,0.99,0.9740128641863245,0.8204709573501888
turbine_1,2025-12-11T18:00:00Z,2025-12-12T20:00:00Z,26.0,0.8983333333333333,0.9650891126028573,0.8536523432611676
turbine_1,2025-12-11T18:00:00Z,2025-12-12T21:00:00Z,27.0,0.5383333333333333,0.8491722557894548,0.8191495072975056
turbine_1,2025-12-11T18:00:00Z,2025-12-12T22:00:00Z,28.0,0.1933333333333333,0.5608016775875674,0.4545838260320529
turbine_1,2025-12-11T18:00:00Z,2025-12-12T23:00:00Z,29.0,0.0566666666666666,0.039115986971336864,0.09422861870869823
turbine_1,2025-12-11T18:00:00Z,2025-12-13T00:00:00Z,30.0,0.0116666666666666,0.026312779940373454,0.07472578778028988
turbine_1,2025-12-11T18:00:00Z,2025-12-13T01:00:00Z,31.0,0.0266666666666666,0.04083186837145367,0.03940438510002839
turbine_1,2025-12-11T18:00:00Z,2025-12-13T02:00:00Z,32.0,0.0249999999999999,0.015495190418656768,0.015143642084655379
turbine_1,2025-12-11T18:00:00Z,2025-12-13T03:00:00Z,33.0,0.015,0.02875136203174905,0.044896284129958
turbine_1,2025-12-11T18:00:00Z,2025-12-13T04:00:00Z,34.0,0.0666666666666666,0.06353772686401979,0.09721771484442632
turbine_1,2025-12-11T18:00:00Z,2025-12-13T06:00:00Z,36.0,0.1516666666666666,0.06408361362190507,0.1277704513088194
turbine_1,2025-12-11T18:00:00Z,2025-12-13T07:00:00Z,37.0,0.265,0.20822449064361823,0.28474096017602185
turbine_1,2025-12-11T18:00:00Z,2025-12-13T08:00:00Z,38.0,0.4166666666666667,0.2910573347569211,0.22529037208478309
turbine_1,2025-12-11T18:00:00Z,2025-12-13T09:00:00Z,39.0,0.4433333333333333,0.5656171315061455,0.6415719491341931
turbine_1,2025-12-11T18:00:00Z,2025-12-13T10:00:00Z,40.0,0.5366666666666666,0.7940842898761914,0.7165362764231515
turbine_1,2025-12-11T18:00:00Z,2025-12-13T11:00:00Z,41.0,0.7383333333333333,0.9440182336853813,0.8452352711981598
turbine_1,2025-12-11T18:00:00Z,2025-12-13T12:00:00Z,42.0,0.9166666666666666,0.9314162763068153,0.8909788672927248
turbine_1,2025-12-11T18:00:00Z,2025-12-13T13:00:00Z,43.0,0.9133333333333334,0.96510131493111,0.895062184545842
turbine_1,2025-12-11T18:00:00Z,2025-12-13T14:00:00Z,44.0,0.88,0.9447015629266692,0.8362127116286063
turbine_1,2025-12-11T18:00:00Z,2025-12-13T15:00:00Z,45.0,0.99,0.946044588586335,0.8280603336222917
turbine_1,2025-12-11T18:00:00Z,2025-12-13T16:00:00Z,46.0,0.9166666666666666,0.9561252070547183,0.7820743413827124
turbine_1,2025-12-11T18:00:00Z,2025-12-13T17:00:00Z,47.0,0.8666666666666667,0.8724133288310104,0.7125883599585819
turbine_1,2025-12-11T18:00:00Z,2025-12-13T18:00:00Z,48.0,0.3166666666666666,0.8620335402571077,0.7425732733859727
turbine_1,2025-12-12T18:00:00Z,2025-12-12T19:00:00Z,1.0,0.99,0.9381666279472167,0.7404575535657382
turbine_1,2025-12-12T18:00:00Z,2025-12-12T20:00:00Z,2.0,0.8983333333333333,0.8247861760727935,0.7431756628362866
turbine_1,2025-12-12T18:00:00Z,2025-12-12T21:00:00Z,3.0,0.5383333333333333,0.09783655824739736,0.14634908697173754
turbine_1,2025-12-12T18:00:00Z,2025-12-12T22:00:00Z,4.0,0.1933333333333333,0.04898321839844752,0.13464385600113754
turbine_1,2025-12-12T18:00:00Z,2025-12-12T23:00:00Z,5.0,0.0566666666666666,0.02581013543032573,0.04319307009802145
turbine_1,2025-12-12T18:00:00Z,2025-12-13T00:00:00Z,6.0,0.0116666666666666,0.020255949213894064,0.025925943099367826
turbine_1,2025-12-12T18:00:00Z,2025-12-13T01:00:00Z,7.0,0.0266666666666666,0.02294907099461918,0.02781513809619937
turbine_1,2025-12-12T18:00:00Z,2025-12-13T02:00:00Z,8.0,0.0249999999999999,0.01620618969642723,0.014198052297673736
turbine_1,2025-12-12T18:00:00Z,2025-12-13T03:00:00Z,9.0,0.015,0.022623572999061925,0.014304268428172034
turbine_1,2025-12-12T18:00:00Z,2025-12-13T04:00:00Z,10.0,0.0666666666666666,0.020633460982300428,0.017378015987164402
turbine_1,2025-12-12T18:00:00Z,2025-12-13T06:00:00Z,12.0,0.1516666666666666,0.20842606545565628,0.2948523126261565
turbine_1,2025-12-12T18:00:00Z,2025-12-13T07:00:00Z,13.0,0.265,0.5837170292587535,0.5040070515510655
turbine_1,2025-12-12T18:00:00Z,2025-12-13T08:00:00Z,14.0,0.4166666666666667,0.8645886392851602,0.6910463416682855
turbine_1,2025-12-12T18:00:00Z,2025-12-13T09:00:00Z,15.0,0.4433333333333333,0.970119403681455,0.8003968919153933
turbine_1,2025-12-12T18:00:00Z,2025-12-13T10:00:00Z,16.0,0.5366666666666666,0.9457433755083025,0.8611487655877718
turbine_1,2025-12-12T18:00:00Z,2025-12-13T11:00:00Z,17.0,0.7383333333333333,0.9849722468969304,0.8859539846721535
turbine_1,2025-12-12T18:00:00Z,2025-12-13T12:00:00Z,18.0,0.9166666666666666,0.947461389980572,0.8942537003786999
turbine_1,2025-12-12T18:00:00Z,2025-12-13T13:00:00Z,19.0,0.9133333333333334,0.7408907369492201,0.7255463322855522
turbine_1,2025-12-12T18:00:00Z,2025-12-13T14:00:00Z,20.0,0.88,0.7681198951320037,0.6894271392346283
turbine_1,2025-12-12T18:00:00Z,2025-12-13T15:00:00Z,21.0,0.99,0.895874927664461,0.77746195100115
turbine_1,2025-12-12T18:00:00Z,2025-12-13T16:00:00Z,22.0,0.9166666666666666,0.9313529167081733,0.7841471172897484
turbine_1,2025-12-12T18:00:00Z,2025-12-13T17:00:00Z,23.0,0.8666666666666667,0.94934188815465,0.8215044496587978
turbine_1,2025-12-12T18:00:00Z,2025-12-13T18:00:00Z,24.0,0.3166666666666666,0.9417015845091391,0.7667071684312515
turbine_1,2025-12-12T18:00:00Z,2025-12-13T19:00:00Z,25.0,0.2866666666666667,0.7982571726962202,0.6509918167174809
turbine_1,2025-12-12T18:00:00Z,2025-12-13T20:00:00Z,26.0,0.0766666666666666,0.4657491230137353,0.388306576535304
turbine_1,2025-12-12T18:00:00Z,2025-12-13T21:00:00Z,27.0,0.3533333333333333,0.19927191537400557,0.31858939314498613
turbine_1,2025-12-12T18:00:00Z,2025-12-13T22:00:00Z,28.0,0.7083333333333334,0.05388986062914655,0.09614887693728302
turbine_1,2025-12-12T18:00:00Z,2025-12-13T23:00:00Z,29.0,0.605,0.02327242413679287,0.030133446212630144
turbine_1,2025-12-12T18:00:00Z,2025-12-14T00:00:00Z,30.0,0.3583333333333333,0.043025441439906,0.03638943019309182
turbine_1,2025-12-12T18:00:00Z,2025-12-14T01:00:00Z,31.0,0.305,0.03403469417359484,0.03178711575569032
turbine_1,2025-12-12T18:00:00Z,2025-12-14T02:00:00Z,32.0,0.3783333333333333,0.04966533232924128,0.036152939013093605
turbine_1,2025-12-12T18:00:00Z,2025-12-14T03:00:00Z,33.0,0.73,0.09958926829869023,0.12063554522259065
turbine_1,2025-12-12T18:00:00Z,2025-12-14T04:00:00Z,34.0,0.73,0.8020271719972296,0.7823248972101776
turbine_1,2025-12-12T18:00:00Z,2025-12-14T05:00:00Z,35.0,0.8216666666666667,0.8918722876421076,0.851943649613793
turbine_1,2025-12-12T18:00:00Z,2025-12-14T06:00:00Z,36.0,0.9166666666666666,0.7321803050141946,0.7416299842291745
turbine_1,2025-12-12T18:00:00Z,2025-12-14T07:00:00Z,37.0,0.9766666666666666,0.4272812811303262,0.40289855278527553
turbine_1,2025-12-12T18:00:00Z,2025-12-14T08:00:00Z,38.0,0.9866666666666668,0.4279548282713721,0.45621451388129736
turbine_1,2025-12-12T18:00:00Z,2025-12-14T09:00:00Z,39.0,0.7600000000000001,0.3487241670186811,0.2811107540326353
turbine_1,2025-12-12T18:00:00Z,2025-12-14T10:00:00Z,40.0,0.2916666666666667,0.1595875898004362,0.19243217187290776
turbine_1,2025-12-12T18:00:00Z,2025-12-14T11:00:00Z,41.0,0.03,0.057907398126915616,0.09837617126999097
turbine_1,2025-12-12T18:00:00Z,2025-12-14T12:00:00Z,42.0,0.0316666666666666,0.04364040847744727,0.053702025646905016
turbine_1,2025-12-12T18:00:00Z,2025-12-14T13:00:00Z,43.0,0.2466666666666666,0.15023858360759923,0.12566846318240574
turbine_1,2025-12-12T18:00:00Z,2025-12-14T14:00:00Z,44.0,0.8883333333333333,0.8308367725724318,0.803260131238
turbine_1,2025-12-12T18:00:00Z,2025-12-14T15:00:00Z,45.0,0.99,0.9739612581028486,0.8627757502357424
turbine_1,2025-12-12T18:00:00Z,2025-12-14T16:00:00Z,46.0,0.99,0.984445927802885,0.9456659263813285
turbine_1,2025-12-12T18:00:00Z,2025-12-14T17:00:00Z,47.0,0.99,0.9901484508436942,0.911405839528121
turbine_1,2025-12-12T18:00:00Z,2025-12-14T18:00:00Z,48.0,0.99,0.971076145427791,0.9218891092640424
turbine_1,2025-12-13T18:00:00Z,2025-12-13T19:00:00Z,1.0,0.2866666666666667,0.9145477862377392,0.7415622578728277
turbine_1,2025-12-13T18:00:00Z,2025-12-13T20:00:00Z,2.0,0.0766666666666666,0.47972925175083864,0.4565276595809266
turbine_1,2025-12-13T18:00:00Z,2025-12-13T21:00:00Z,3.0,0.3533333333333333,0.6160881958596585,0.5652780222413258
turbine_1,2025-12-13T18:00:00Z,2025-12-13T22:00:00Z,4.0,0.7083333333333334,0.10805545309378768,0.1286468543637904
turbine_1,2025-12-13T18:00:00Z,2025-12-13T23:00:00Z,5.0,0.605,0.027308196789691208,0.025204178279626316
turbine_1,2025-12-13T18:00:00Z,2025-12-14T00:00:00Z,6.0,0.3583333333333333,0.05645704359397796,0.06028703286518605
turbine_1,2025-12-13T18:00:00Z,2025-12-14T01:00:00Z,7.0,0.305,0.05764892397797958,0.07866789464873174
turbine_1,2025-12-13T18:00:00Z,2025-12-14T02:00:00Z,8.0,0.3783333333333333,0.6035466830196601,0.5676689235089094
turbine_1,2025-12-13T18:00:00Z,2025-12-14T03:00:00Z,9.0,0.73,0.8939851289072025,0.8451007994097144
turbine_1,2025-12-13T18:00:00Z,2025-12-14T04:00:00Z,10.0,0.73,0.7490518919637082,0.7431669201255223
turbine_1,2025-12-13T18:00:00Z,2025-12-14T05:00:00Z,11.0,0.8216666666666667,0.9251534148495524,0.8895646764684625
turbine_1,2025-12-13T18:00:00Z,2025-12-14T06:00:00Z,12.0,0.9166666666666666,0.864181847302096,0.8597808628465761
turbine_1,2025-12-13T18:00:00Z,2025-12-14T07:00:00Z,13.0,0.9766666666666666,0.7333342106861808,0.7041827623413826
turbine_1,2025-12-13T18:00:00Z,2025-12-14T08:00:00Z,14.0,0.9866666666666668,0.6737762867061916,0.653218824288688
turbine_1,2025-12-13T18:00:00Z,2025-12-14T09:00:00Z,15.0,0.7600000000000001,0.4596384775693513,0.4607223993764989
turbine_1,2025-12-13T18:00:00Z,2025-12-14T10:00:00Z,16.0,0.2916666666666667,0.2115305639211873,0.2073439836436291
turbine_1,2025-12-13T18:00:00Z,2025-12-14T11:00:00Z,17.0,0.03,0.03887949828990245,0.12896602841630966
turbine_1,2025-12-13T18:00:00Z,2025-12-14T12:00:00Z,18.0,0.0316666666666666,0.0840565673104956,0.06417990122351208
turbine_1,2025-12-13T18:00:00Z,2025-12-14T13:00:00Z,19.0,0.2466666666666666,0.4482632726932831,0.4830554165306449
turbine_1,2025-12-13T18:00:00Z,2025-12-14T14:00:00Z,20.0,0.8883333333333333,0.9658110967985446,0.9324720091896453
turbine_1,2025-12-13T18:00:00Z,2025-12-14T15:00:00Z,21.0,0.99,0.9985586724935529,0.9001635101710437
turbine_1,2025-12-13T18:00:00Z,2025-12-14T16:00:00Z,22.0,0.99,0.9858808432992322,0.8748261529522956
turbine_1,2025-12-13T18:00:00Z,2025-12-14T17:00:00Z,23.0,0.99,0.9908268622215018,0.9169043183579589
turbine_1,2025-12-13T18:00:00Z,2025-12-14T18:00:00Z,24.0,0.99,0.9718326495463305,0.9355234550545533
turbine_1,2025-12-13T18:00:00Z,2025-12-14T19:00:00Z,25.0,0.99,0.9725779486899773,0.9199510330109848
turbine_1,2025-12-13T18:00:00Z,2025-12-14T20:00:00Z,26.0,0.96,0.9476661965343793,0.8700693693270835
turbine_1,2025-12-13T18:00:00Z,2025-12-14T21:00:00Z,27.0,0.89,0.881988384711204,0.8350377875366589
turbine_1,2025-12-13T18:00:00Z,2025-12-14T22:00:00Z,28.0,0.555,0.6581960953571324,0.6328806802477265
turbine_1,2025-12-13T18:00:00Z,2025-12-14T23:00:00Z,29.0,0.2366666666666667,0.43723434462089295,0.5654287315930809
turbine_1,2025-12-13T18:00:00Z,2025-12-15T00:00:00Z,30.0,0.0166666666666666,0.053419791449117016,0.09322753845470573
turbine_1,2025-12-13T18:00:00Z,2025-12-15T01:00:00Z,31.0,0.0183333333333333,0.0154075666360593,0.030558207146813288
turbine_1,2025-12-13T18:00:00Z,2025-12-15T02:00:00Z,32.0,0.6433333333333333,0.03857285251617287,0.036403245900941295
turbine_1,2025-12-13T18:00:00Z,2025-12-15T03:00:00Z,33.0,0.5750000000000001,0.0990893750770951,0.05420765225042609
turbine_1,2025-12-13T18:00:00Z,2025-12-15T04:00:00Z,34.0,0.7599999999999999,0.33449773011020967,0.3476815736874941
turbine_1,2025-12-13T18:00:00Z,2025-12-15T05:00:00Z,35.0,0.9933333333333332,0.8008781865956109,0.8038013518048724
turbine_1,2025-12-13T18:00:00Z,2025-12-15T06:00:00Z,36.0,0.99,0.9381942783589857,0.9180643472256723
turbine_1,2025-12-13T18:00:00Z,2025-12-15T07:00:00Z,37.0,0.99,0.9772006012656654,0.9384924593591708
turbine_1,2025-12-13T18:00:00Z,2025-12-15T08:00:00Z,38.0,0.99,0.9634796792151009,0.921235087935528
turbine_1,2025-12-13T18:00:00Z,2025-12-15T09:00:00Z,39.0,0.99,0.9562348521607372,0.9256484565542153
turbine_1,2025-12-13T18:00:00Z,2025-12-15T10:00:00Z,40.0,0.99,0.9561627486769915,0.9184319449661706
turbine_1,2025-12-13T18:00:00Z,2025-12-15T11:00:00Z,41.0,0.99,0.9491501680743742,0.883591558080304
turbine_1,2025-12-13T18:00:00Z,2025-12-15T12:00:00Z,42.0,0.99,0.9075447329109524,0.8776640283170222
turbine_1,2025-12-13T18:00:00Z,2025-12-15T13:00:00Z,43.0,0.99,0.9062525723890622,0.7813848292071744
turbine_1,2025-12-13T18:00:00Z,2025-12-15T14:00:00Z,44.0,0.99,0.8940355021378499,0.8224951729333079
turbine_1,2025-12-13T18:00:00Z,2025-12-15T15:00:00Z,45.0,0.9783333333333334,0.7216508500481456,0.6393961705801392
turbine_1,2025-12-13T18:00:00Z,2025-12-15T16:00:00Z,46.0,0.465,0.6960799338763689,0.6087868040591329
turbine_1,2025-12-13T18:00:00Z,2025-12-15T17:00:00Z,47.0,0.0349999999999999,0.40787490834033235,0.4021500423482115
turbine_1,2025-12-13T18:00:00Z,2025-12-15T18:00:00Z,48.0,0.0266666666666666,0.11635282687454301,0.1416625224856415
turbine_1,2025-12-14T18:00:00Z,2025-12-14T19:00:00Z,1.0,0.99,0.970792586477463,0.9052351133808909
turbine_1,2025-12-14T18:00:00Z,2025-12-14T20:00:00Z,2.0,0.96,0.9650491774902628,0.8750910237507326
turbine_1,2025-12-14T18:00:00Z,2025-12-14T21:00:00Z,3.0,0.89,0.9094299991016163,0.8650589866366947
turbine_1,2025-12-14T18:00:00Z,2025-12-14T22:00:00Z,4.0,0.555,0.6097586595834665,0.5783998818509157
turbine_1,2025-12-14T18:00:00Z,2025-12-14T23:00:00Z,5.0,0.2366666666666667,0.42825760982470074,0.4578050509645629
turbine_1,2025-12-14T18:00:00Z,2025-12-15T00:00:00Z,6.0,0.0166666666666666,0.05297569976937397,0.12535752047851997
turbine_1,2025-12-14T18:00:00Z,2025-12-15T01:00:00Z,7.0,0.0183333333333333,0.0686163455726758,0.13017995588789888
turbine_1,2025-12-14T18:00:00Z,2025-12-15T02:00:00Z,8.0,0.6433333333333333,0.021476471139170533,0.03661571747393744
turbine_1,2025-12-14T18:00:00Z,2025-12-15T03:00:00Z,9.0,0.5750000000000001,0.03683403479147451,0.04268570413169598
turbine_1,2025-12-14T18:00:00Z,2025-12-15T04:00:00Z,10.0,0.7599999999999999,0.13506207018845098,0.09313989916849752
turbine_1,2025-12-14T18:00:00Z,2025-12-15T05:00:00Z,11.0,0.9933333333333332,0.7151941114976429,0.7001737531173512
turbine_1,2025-12-14T18:00:00Z,2025-12-15T06:00:00Z,12.0,0.99,0.9753242242726222,0.9482167495269331
turbine_1,2025-12-14T18:00:00Z,2025-12-15T07:00:00Z,13.0,0.99,0.9698460060164508,0.9184710332271355
turbine_1,2025-12-14T18:00:00Z,2025-12-15T08:00:00Z,14.0,0.99,0.9644444488573761,0.9224609740751869
turbine_1,2025-12-14T18:00:00Z,2025-12-15T09:00:00Z,15.0,0.99,0.9633562439543965,0.9297811973741573
turbine_1,2025-12-14T18:00:00Z,2025-12-15T10:00:00Z,16.0,0.99,0.9554045813094413,0.9232628891106126
turbine_1,2025-12-14T18:00:00Z,2025-12-15T11:00:00Z,17.0,0.99,0.9554860070296175,0.9190178024742918
turbine_1,2025-12-14T18:00:00Z,2025-12-15T12:00:00Z,18.0,0.99,0.910328824000381,0.894310478770081
turbine_1,2025-12-14T18:00:00Z,2025-12-15T13:00:00Z,19.0,0.99,0.9054073800269523,0.8850031812190854
turbine_1,2025-12-14T18:00:00Z,2025-12-15T14:00:00Z,20.0,0.99,0.8250443421605901,0.813401335449462
turbine_1,2025-12-14T18:00:00Z,2025-12-15T15:00:00Z,21.0,0.9783333333333334,0.696698759866518,0.6762953009667991
turbine_1,2025-12-14T18:00:00Z,2025-12-15T16:00:00Z,22.0,0.465,0.5470181993350609,0.5401031465676105
turbine_1,2025-12-14T18:00:00Z,2025-12-15T17:00:00Z,23.0,0.0349999999999999,0.319494600490582,0.35759531626398233
turbine_1,2025-12-14T18:00:00Z,2025-12-15T18:00:00Z,24.0,0.0266666666666666,0.14689326342844866,0.18947459874870667
turbine_1,2025-12-14T18:00:00Z,2025-12-15T19:00:00Z,25.0,0.01,0.06691501582170417,0.06547696315102958
turbine_1,2025-12-14T18:00:00Z,2025-12-15T20:00:00Z,26.0,0.01,0.019276100830268483,0.027353834442154445
turbine_1,2025-12-14T18:00:00Z,2025-12-15T21:00:00Z,27.0,0.0116666666666666,0.031129400419074305,0.03213428366773885
turbine_1,2025-12-14T18:00:00Z,2025-12-15T22:00:00Z,28.0,0.035,0.039407051732713055,0.0393700887877301
turbine_1,2025-12-14T18:00:00Z,2025-12-15T23:00:00Z,29.0,0.0583333333333333,0.0948218739173214,0.12511604220775946
turbine_1,2025-12-14T18:00:00Z,2025-12-16T00:00:00Z,30.0,0.3583333333333334,0.13533362144967137,0.1786625461511451
turbine_1,2025-12-14T18:00:00Z,2025-12-16T01:00:00Z,31.0,0.4333333333333333,0.21863183045216558,0.26101504235640605
turbine_1,2025-12-14T18:00:00Z,2025-12-16T02:00:00Z,32.0,0.64,0.34497410057056077,0.261042911466002
turbine_1,2025-12-14T18:00:00Z,2025-12-16T03:00:00Z,33.0,0.96,0.3834844348183215,0.3033712844441454
turbine_1,2025-12-14T18:00:00Z,2025-12-16T04:00:00Z,34.0,0.9883333333333332,0.3878656010318383,0.3125003500067113
turbine_1,2025-12-14T18:00:00Z,2025-12-16T05:00:00Z,35.0,0.9383333333333334,0.5944226847076284,0.5175686812845817
turbine_1,2025-12-14T18:00:00Z,2025-12-16T06:00:00Z,36.0,0.975,0.652874529809505,0.6004074742092771
turbine_1,2025-12-14T18:00:00Z,2025-12-16T07:00:00Z,37.0,0.965,0.6271773776775421,0.6648318086636638
turbine_1,2025-12-14T18:00:00Z,2025-12-16T08:00:00Z,38.0,0.9516666666666668,0.6256787096313589,0.6238812293112577
turbine_1,2025-12-14T18:00:00Z,2025-12-16T09:00:00Z,39.0,0.88,0.6830378007472373,0.6477189740354066
turbine_1,2025-12-14T18:00:00Z,2025-12-16T10:00:00Z,40.0,0.7600000000000001,0.6743916072505043,0.6189989609219282
turbine_1,2025-12-14T18:00:00Z,2025-12-16T11:00:00Z,41.0,0.6883333333333334,0.6203351809650617,0.5164908898487099
turbine_1,2025-12-14T18:00:00Z,2025-12-16T12:00:00Z,42.0,0.4583333333333333,0.4822695214690126,0.3791938680911293
turbine_1,2025-12-14T18:00:00Z,2025-12-16T13:00:00Z,43.0,0.115,0.33698819936112867,0.36403558412275927
turbine_1,2025-12-14T18:00:00Z,2025-12-16T14:00:00Z,44.0,0.0116666666666666,0.3379914157926528,0.31994449067061725
turbine_1,2025-12-14T18:00:00Z,2025-12-16T15:00:00Z,45.0,0.0116666666666666,0.33801609724405246,0.2847544609309445
turbine_1,2025-12-14T18:00:00Z,2025-12-16T16:00:00Z,46.0,0.0999999999999999,0.5655783023798702,0.36711686571587576
turbine_1,2025-12-14T18:00:00Z,2025-12-16T17:00:00Z,47.0,0.01,0.5984817017462476,0.4364508200197208
turbine_1,2025-12-14T18:00:00Z,2025-12-16T18:00:00Z,48.0,0.01,0.6564406064400519,0.5239386212654185
turbine_1,2025-12-15T18:00:00Z,2025-12-15T19:00:00Z,1.0,0.01,0.06667463241905386,0.08941765816840597
turbine_1,2025-12-15T18:00:00Z,2025-12-15T20:00:00Z,2.0,0.01,0.03018886677805993,0.04748005735669392
turbine_1,2025-12-15T18:00:00Z,2025-12-15T21:00:00Z,3.0,0.0116666666666666,0.03830386971459465,0.040608403044617436
turbine_1,2025-12-15T18:00:00Z,2025-12-15T22:00:00Z,4.0,0.035,0.011962135623280856,0.017282865285602023
turbine_1,2025-12-15T18:00:00Z,2025-12-15T23:00:00Z,5.0,0.0583333333333333,0.01826209011383001,0.031589646642903896
turbine_1,2025-12-15T18:00:00Z,2025-12-16T00:00:00Z,6.0,0.3583333333333334,0.043786716508698004,0.05743951150864829
turbine_1,2025-12-15T18:00:00Z,2025-12-16T01:00:00Z,7.0,0.4333333333333333,0.12878155006474118,0.1712718358679566
turbine_1,2025-12-15T18:00:00Z,2025-12-16T02:00:00Z,8.0,0.64,0.3753665713855744,0.42172630491896324
turbine_1,2025-12-15T18:00:00Z,2025-12-16T03:00:00Z,9.0,0.96,0.5945406916644042,0.48028732937243185
turbine_1,2025-12-15T18:00:00Z,2025-12-16T04:00:00Z,10.0,0.9883333333333332,0.7824045321469008,0.6948251243723077
turbine_1,2025-12-15T18:00:00Z,2025-12-16T05:00:00Z,11.0,0.9383333333333334,0.9176842577804398,0.845087995781764
turbine_1,2025-12-15T18:00:00Z,2025-12-16T06:00:00Z,12.0,0.975,0.9502012911024769,0.8893138849159749
turbine_1,2025-12-15T18:00:00Z,2025-12-16T07:00:00Z,13.0,0.965,0.9558215193827189,0.8849722108052697
turbine_1,2025-12-15T18:00:00Z,2025-12-16T08:00:00Z,14.0,0.9516666666666668,0.8248013760141376,0.7687113335952831
turbine_1,2025-12-15T18:00:00Z,2025-12-16T09:00:00Z,15.0,0.88,0.7160537487487705,0.6989781209077595
turbine_1,2025-12-15T18:00:00Z,2025-12-16T10:00:00Z,16.0,0.7600000000000001,0.5113327856645983,0.4771003648402759
turbine_1,2025-12-15T18:00:00Z,2025-12-16T11:00:00Z,17.0,0.6883333333333334,0.4019882572358427,0.36172461680884155
turbine_1,2025-12-15T18:00:00Z,2025-12-16T12:00:00Z,18.0,0.4583333333333333,0.30853652259057107,0.326223937690971
turbine_1,2025-12-15T18:00:00Z,2025-12-16T13:00:00Z,19.0,0.115,0.2648680807739235,0.28454339592717776
turbine_1,2025-12-15T18:00:00Z,2025-12-16T14:00:00Z,20.0,0.0116666666666666,0.2053164450374859,0.2415957895809229
turbine_1,2025-12-15T18:00:00Z,2025-12-16T15:00:00Z,21.0,0.0116666666666666,0.28555575758854373,0.26729302513319636
turbine_1,2025-12-15T18:00:00Z,2025-12-16T16:00:00Z,22.0,0.0999999999999999,0.3334937284806113,0.3200445970222552
turbine_1,2025-12-15T18:00:00Z,2025-12-16T17:00:00Z,23.0,0.01,0.5534865470020729,0.4290117268266578
turbine_1,2025-12-15T18:00:00Z,2025-12-16T18:00:00Z,24.0,0.01,0.28127679435500075,0.24034617710192366
turbine_1,2025-12-15T18:00:00Z,2025-12-16T19:00:00Z,25.0,0.01,0.27320261475087565,0.29493431690848126
turbine_1,2025-12-15T18:00:00Z,2025-12-16T20:00:00Z,26.0,0.01,0.2909885163011485,0.26437576179375866
turbine_1,2025-12-15T18:00:00Z,2025-12-16T21:00:00Z,27.0,0.0866666666666666,0.19492023974927752,0.21396108228544242
turbine_1,2025-12-15T18:00:00Z,2025-12-16T22:00:00Z,28.0,0.18,0.10466919449403868,0.13870479896593912
turbine_1,2025-12-15T18:00:00Z,2025-12-16T23:00:00Z,29.0,0.0116666666666666,0.04464985122830187,0.09475767573253771
turbine_1,2025-12-15T18:00:00Z,2025-12-17T00:00:00Z,30.0,0.01,0.02173079101892686,0.06630388871887227
turbine_1,2025-12-15T18:00:00Z,2025-12-17T01:00:00Z,31.0,0.06,0.011300496454342002,0.03311344368173544
turbine_1,2025-12-15T18:00:00Z,2025-12-17T02:00:00Z,32.0,0.1083333333333333,0.04206021815621874,0.03704937466050989
turbine_1,2025-12-15T18:00:00Z,2025-12-17T03:00:00Z,33.0,0.13,0.03720824801754413,0.019014779328409892
turbine_1,2025-12-15T18:00:00Z,2025-12-17T04:00:00Z,34.0,0.055,0.048796319389586645,0.054099690729719846
turbine_1,2025-12-15T18:00:00Z,2025-12-17T05:00:00Z,35.0,0.01,0.10160078287105569,0.05810502437419554
turbine_1,2025-12-15T18:00:00Z,2025-12-17T06:00:00Z,36.0,0.01,0.3373150026867844,0.31682670535749985
turbine_1,2025-12-15T18:00:00Z,2025-12-17T07:00:00Z,37.0,0.01,0.7399249834723144,0.7149454757488547
turbine_1,2025-12-15T18:00:00Z,2025-12-17T08:00:00Z,38.0,0.01,0.739123118798158,0.7101594099968633
turbine_1,2025-12-15T18:00:00Z,2025-12-17T09:00:00Z,39.0,0.01,0.9338053620630581,0.8841147003020328
turbine_1,2025-12-15T18:00:00Z,2025-12-17T10:00:00Z,40.0,0.01,0.9213497812319819,0.8299505950751643
turbine_1,2025-12-15T18:00:00Z,2025-12-17T11:00:00Z,41.0,0.01,0.9080123005992541,0.8488844503311755
turbine_1,2025-12-15T18:00:00Z,2025-12-17T12:00:00Z,42.0,0.065,0.9092519278681964,0.8748076345572292
turbine_1,2025-12-15T18:00:00Z,2025-12-17T13:00:00Z,43.0,0.2199999999999999,0.910339210878229,0.8863022414618346
turbine_1,2025-12-15T18:00:00Z,2025-12-17T14:00:00Z,44.0,0.1949999999999999,0.8690499617592268,0.773969399733649
turbine_1,2025-12-15T18:00:00Z,2025-12-17T15:00:00Z,45.0,0.3916666666666666,0.8313725594104209,0.7399126500545865
turbine_1,2025-12-15T18:00:00Z,2025-12-17T16:00:00Z,46.0,0.425,0.7731267357435644,0.685683156571282
turbine_1,2025-12-15T18:00:00Z,2025-12-17T17:00:00Z,47.0,0.5,0.739683032633375,0.6446740270748543
turbine_1,2025-12-15T18:00:00Z,2025-12-17T18:00:00Z,48.0,0.7166666666666667,0.6352777036802153,0.5409335851442838
turbine_1,2025-12-16T18:00:00Z,2025-12-16T19:00:00Z,1.0,0.01,0.30546780265324525,0.27314953802463166
turbine_1,2025-12-16T18:00:00Z,2025-12-16T20:00:00Z,2.0,0.01,0.22648033510112955,0.18550611450771184
turbine_1,2025-12-16T18:00:00Z,2025-12-16T21:00:00Z,3.0,0.0866666666666666,0.20251277714561405,0.19017396356617003
turbine_1,2025-12-16T18:00:00Z,2025-12-16T22:00:00Z,4.0,0.18,0.17557212899866215,0.18837012061676356
turbine_1,2025-12-16T18:00:00Z,2025-12-16T23:00:00Z,5.0,0.0116666666666666,0.07848214888353565,0.14274156675030186
turbine_1,2025-12-16T18:00:00Z,2025-12-17T00:00:00Z,6.0,0.01,0.03939494202449165,0.07522133087265456
turbine_1,2025-12-16T18:00:00Z,2025-12-17T01:00:00Z,7.0,0.06,0.04435590036225251,0.03746363299291927
turbine_1,2025-12-16T18:00:00Z,2025-12-17T02:00:00Z,8.0,0.1083333333333333,0.03848381667390838,0.054516097834161836
turbine_1,2025-12-16T18:00:00Z,2025-12-17T03:00:00Z,9.0,0.13,0.02596551975899472,0.02905727630106192
turbine_1,2025-12-16T18:00:00Z,2025-12-17T04:00:00Z,10.0,0.055,0.036880467765052105,0.026712155899163065
turbine_1,2025-12-16T18:00:00Z,2025-12-17T05:00:00Z,11.0,0.01,0.056836779024576456,0.050444072286808306
turbine_1,2025-12-16T18:00:00Z,2025-12-17T06:00:00Z,12.0,0.01,0.20540240013447694,0.20130426475171787
turbine_1,2025-12-16T18:00:00Z,2025-12-17T07:00:00Z,13.0,0.01,0.37354283633373486,0.3471686791603631
turbine_1,2025-12-16T18:00:00Z,2025-12-17T08:00:00Z,14.0,0.01,0.5389280583460644,0.48525791083275954
turbine_1,2025-12-16T18:00:00Z,2025-12-17T09:00:00Z,15.0,0.01,0.8795729590916075,0.8520671854282337
turbine_1,2025-12-16T18:00:00Z,2025-12-17T10:00:00Z,16.0,0.01,0.9549597235499306,0.9395044791873118
turbine_1,2025-12-16T18:00:00Z,2025-12-17T11:00:00Z,17.0,0.01,0.929685981065648,0.8556010528316714
turbine_1,2025-12-16T18:00:00Z,2025-12-17T12:00:00Z,18.0,0.065,0.943340152199497,0.8951511222208856
turbine_1,2025-12-16T18:00:00Z,2025-12-17T13:00:00Z,19.0,0.2199999999999999,0.9433505390773448,0.8993747316269934
turbine_1,2025-12-16T18:00:00Z,2025-12-17T14:00:00Z,20.0,0.1949999999999999,0.9032312903165663,0.8647962994113781
turbine_1,2025-12-16T18:00:00Z,2025-12-17T15:00:00Z,21.0,0.3916666666666666,0.8950238985261555,0.8601538921186186
turbine_1,2025-12-16T18:00:00Z,2025-12-17T16:00:00Z,22.0,0.425,0.7835209445904643,0.7601146188882568
turbine_1,2025-12-16T18:00:00Z,2025-12-17T17:00:00Z,23.0,0.5,0.7544731009898268,0.7508704026843622
turbine_1,2025-12-16T18:00:00Z,2025-12-17T18:00:00Z,24.0,0.7166666666666667,0.5766997946741801,0.5492815819829706
turbine_1,2025-12-16T18:00:00Z,2025-12-17T19:00:00Z,25.0,0.8533333333333334,0.4317624802897986,0.3801421202572707
turbine_1,2025-12-16T18:00:00Z,2025-12-17T20:00:00Z,26.0,0.6533333333333333,0.23339503207133686,0.13274852931589978
turbine_1,2025-12-16T18:00:00Z,2025-12-17T21:00:00Z,27.0,0.55,0.13785138916700843,0.08934861706832713
turbine_1,2025-12-16T18:00:00Z,2025-12-17T22:00:00Z,28.0,0.335,0.0881762308973725,0.08818893731270752
turbine_1,2025-12-16T18:00:00Z,2025-12-17T23:00:00Z,29.0,0.4633333333333334,0.08278414764061254,0.06892001471572136
turbine_1,2025-12-16T18:00:00Z,2025-12-18T00:00:00Z,30.0,0.605,0.0716438640795388,0.05780248142134861
turbine_1,2025-12-16T18:00:00Z,2025-12-18T01:00:00Z,31.0,0.4866666666666666,0.06453469196001568,0.050285481344617855
turbine_1,2025-12-16T18:00:00Z,2025-12-18T02:00:00Z,32.0,0.225,0.06978404463569392,0.04874144886909834
turbine_1,2025-12-16T18:00:00Z,2025-12-18T03:00:00Z,33.0,0.165,0.04293657939844345,0.05421317375500778
turbine_1,2025-12-16T18:00:00Z,2025-12-18T04:00:00Z,34.0,0.1683333333333333,0.040886168378276216,0.037819306509549816
turbine_1,2025-12-16T18:00:00Z,2025-12-18T05:00:00Z,35.0,0.1783333333333333,0.06828262443813007,0.049225561356210895
turbine_1,2025-12-16T18:00:00Z,2025-12-18T06:00:00Z,36.0,0.14,0.04391949538987333,0.028924500160012273
turbine_1,2025-12-16T18:00:00Z,2025-12-18T07:00:00Z,37.0,0.285,0.042840976777324236,0.02805214620243493
turbine_1,2025-12-16T18:00:00Z,2025-12-18T08:00:00Z,38.0,0.6649999999999999,0.09608322730807298,0.05967688145664324
turbine_1,2025-12-16T18:00:00Z,2025-12-18T09:00:00Z,39.0,0.6966666666666667,0.2145224637089806,0.16827982022872648
turbine_1,2025-12-16T18:00:00Z,2025-12-18T10:00:00Z,40.0,0.89,0.4339272411943119,0.37482600514703557
turbine_1,2025-12-16T18:00:00Z,2025-12-18T11:00:00Z,41.0,0.93,0.5023663988460743,0.49105176834512826
turbine_1,2025-12-16T18:00:00Z,2025-12-18T12:00:00Z,42.0,0.9483333333333333,0.9054111263186305,0.8125170689140965
turbine_1,2025-12-16T18:00:00Z,2025-12-18T13:00:00Z,43.0,0.9683333333333332,0.9094320342015433,0.850389623537582
turbine_1,2025-12-16T18:00:00Z,2025-12-18T14:00:00Z,44.0,0.99,0.9254608397502976,0.8928297140327827
turbine_1,2025-12-16T18:00:00Z,2025-12-18T15:00:00Z,45.0,0.9883333333333332,0.8950238985261555,0.8544797327866388
turbine_1,2025-12-16T18:00:00Z,2025-12-18T16:00:00Z,46.0,0.9833333333333334,0.8848296551454878,0.8053426472397196
turbine_1,2025-12-16T18:00:00Z,2025-12-18T17:00:00Z,47.0,0.9166666666666666,0.9004651813026289,0.8199583467338386
turbine_1,2025-12-16T18:00:00Z,2025-12-18T18:00:00Z,48.0,0.97,0.7992630376782187,0.7666576452070897
turbine_1,2025-12-17T18:00:00Z,2025-12-17T19:00:00Z,1.0,0.8533333333333334,0.5912739711099457,0.5502465337599298
turbine_1,2025-12-17T18:00:00Z,2025-12-17T20:00:00Z,2.0,0.6533333333333333,0.45024622212338467,0.5064320728490439
turbine_1,2025-12-17T18:00:00Z,2025-12-17T21:00:00Z,3.0,0.55,0.3440737273829173,0.3141118931042477
turbine_1,2025-12-17T18:00:00Z,2025-12-17T22:00:00Z,4.0,0.335,0.1525923968566685,0.09842521960694457
turbine_1,2025-12-17T18:00:00Z,2025-12-17T23:00:00Z,5.0,0.4633333333333334,0.10561182015916278,0.08242083106781686
turbine_1,2025-12-17T18:00:00Z,2025-12-18T00:00:00Z,6.0,0.605,0.09936554570708561,0.07464192993736699
turbine_1,2025-12-17T18:00:00Z,2025-12-18T01:00:00Z,7.0,0.4866666666666666,0.07764491222822234,0.06604277848899806
turbine_1,2025-12-17T18:00:00Z,2025-12-18T02:00:00Z,8.0,0.225,0.07860498068794834,0.05672509233720763
turbine_1,2025-12-17T18:00:00Z,2025-12-18T03:00:00Z,9.0,0.165,0.057576988139575874,0.052044355369014667
turbine_1,2025-12-17T18:00:00Z,2025-12-18T04:00:00Z,10.0,0.1683333333333333,0.05427489026922824,0.056463735596430586
turbine_1,2025-12-17T18:00:00Z,2025-12-18T05:00:00Z,11.0,0.1783333333333333,0.0701555790185668,0.05713426159830387
turbine_1,2025-12-17T18:00:00Z,2025-12-18T06:00:00Z,12.0,0.14,0.051037453584868386,0.03042635322467374
turbine_1,2025-12-17T18:00:00Z,2025-12-18T07:00:00Z,13.0,0.285,0.11310471905085327,0.0954264727805916
turbine_1,2025-12-17T18:00:00Z,2025-12-18T08:00:00Z,14.0,0.6649999999999999,0.2858374138249958,0.2408068130638839
turbine_1,2025-12-17T18:00:00Z,2025-12-18T09:00:00Z,15.0,0.6966666666666667,0.4960198811015588,0.4960231891637585
turbine_1,2025-12-17T18:00:00Z,2025-12-18T10:00:00Z,16.0,0.89,0.7347498545133796,0.6533784363096813
turbine_1,2025-12-17T18:00:00Z,2025-12-18T11:00:00Z,17.0,0.93,0.909754596598452,0.8190172567949242
turbine_1,2025-12-17T18:00:00Z,2025-12-18T12:00:00Z,18.0,0.9483333333333333,0.8968835010489624,0.8461949185778394
turbine_1,2025-12-17T18:00:00Z,2025-12-18T13:00:00Z,19.0,0.9683333333333332,0.9048797082246823,0.8627942878626201
turbine_1,2025-12-17T18:00:00Z,2025-12-18T14:00:00Z,20.0,0.99,0.9428837558187756,0.9107079568114225
turbine_1,2025-12-17T18:00:00Z,2025-12-18T15:00:00Z,21.0,0.9883333333333332,0.9361617660012757,0.8959351707637733
turbine_1,2025-12-17T18:00:00Z,2025-12-18T16:00:00Z,22.0,0.9833333333333334,0.9430454178670509,0.8938055709074918
turbine_1,2025-12-17T18:00:00Z,2025-12-18T17:00:00Z,23.0,0.9166666666666666,0.9434040722215059,0.9020053955156065
turbine_1,2025-12-17T18:00:00Z,2025-12-18T18:00:00Z,24.0,0.97,0.9568892697728338,0.8996933849544977
turbine_1,2025-12-17T18:00:00Z,2025-12-18T19:00:00Z,25.0,0.7399999999999999,0.9518631591102974,0.9225755592509092
turbine_1,2025-12-17T18:00:00Z,2025-12-18T20:00:00Z,26.0,0.9833333333333334,0.9571689090890668,0.932854625193734
turbine_1,2025-12-17T18:00:00Z,2025-12-18T21:00:00Z,27.0,0.99,0.9027493242879134,0.907357458955982
turbine_1,2025-12-17T18:00:00Z,2025-12-18T22:00:00Z,28.0,0.97,0.7682438544159144,0.773209605642395
turbine_1,2025-12-17T18:00:00Z,2025-12-18T23:00:00Z,29.0,0.9383333333333334,0.6727838604501211,0.6835698774899828
turbine_1,2025-12-17T18:00:00Z,2025-12-19T00:00:00Z,30.0,0.5666666666666667,0.392930749011994,0.4211559785543273
turbine_1,2025-12-17T18:00:00Z,2025-12-19T01:00:00Z,31.0,0.1349999999999999,0.2057963362714966,0.2260719072717668
turbine_1,2025-12-17T18:00:00Z,2025-12-19T02:00:00Z,32.0,0.01,0.162309838782428,0.16575446336443225
turbine_1,2025-12-17T18:00:00Z,2025-12-19T03:00:00Z,33.0,0.0116666666666666,0.08265158690283599,0.11425951792231998
turbine_1,2025-12-17T18:00:00Z,2025-12-19T04:00:00Z,34.0,0.0316666666666666,0.011210082766873797,0.020774731777797872
turbine_1,2025-12-17T18:00:00Z,2025-12-19T05:00:00Z,35.0,0.01,0.015797965650633128,0.014410508629357333
turbine_1,2025-12-17T18:00:00Z,2025-12-19T06:00:00Z,36.0,0.0866666666666666,0.025717370805247386,0.014150634926670236
turbine_1,2025-12-17T18:00:00Z,2025-12-19T07:00:00Z,37.0,0.24,0.04427488877794794,0.034798907271204826
turbine_1,2025-12-17T18:00:00Z,2025-12-19T08:00:00Z,38.0,0.4866666666666666,0.0888711501135804,0.09431564443521948
turbine_1,2025-12-17T18:00:00Z,2025-12-19T09:00:00Z,39.0,0.7366666666666667,0.14930386246873023,0.1296689387848701
turbine_1,2025-12-17T18:00:00Z,2025-12-19T10:00:00Z,40.0,0.8666666666666667,0.3448462099499041,0.375114303919614
turbine_1,2025-12-17T18:00:00Z,2025-12-19T11:00:00Z,41.0,0.9866666666666668,0.5778477188337091,0.632666938424207
turbine_1,2025-12-17T18:00:00Z,2025-12-19T12:00:00Z,42.0,0.9866666666666668,0.6736569292996483,0.6425433603056023
turbine_1,2025-12-17T18:00:00Z,2025-12-19T13:00:00Z,43.0,0.99,0.5912874613933097,0.5695416740933195
turbine_1,2025-12-17T18:00:00Z,2025-12-19T14:00:00Z,44.0,0.99,0.8104127578799722,0.8192392671412191
turbine_1,2025-12-17T18:00:00Z,2025-12-19T15:00:00Z,45.0,0.9883333333333332,0.9599094683737344,0.9489426507053568
turbine_1,2025-12-17T18:00:00Z,2025-12-19T16:00:00Z,46.0,0.9116666666666666,0.9496359007120895,0.9170636487935677
turbine_1,2025-12-17T18:00:00Z,2025-12-19T17:00:00Z,47.0,0.9783333333333334,0.9576009892336314,0.9212819907788135
turbine_1,2025-12-17T18:00:00Z,2025-12-19T18:00:00Z,48.0,0.99,0.9359571234300935,0.9019965224618811
turbine_1,2025-12-18T18:00:00Z,2025-12-18T19:00:00Z,1.0,0.7399999999999999,0.7918811903060707,0.7943283330433758
turbine_1,2025-12-18T18:00:00Z,2025-12-18T20:00:00Z,2.0,0.9833333333333334,0.76015526158774,0.7880335072822926
turbine_1,2025-12-18T18:00:00Z,2025-12-18T21:00:00Z,3.0,0.99,0.6605356887974811,0.6746720106034165
turbine_1,2025-12-18T18:00:00Z,2025-12-18T22:00:00Z,4.0,0.97,0.5572251634472378,0.5438935107489615
turbine_1,2025-12-18T18:00:00Z,2025-12-18T23:00:00Z,5.0,0.9383333333333334,0.43790778342583875,0.4841451592684072
turbine_1,2025-12-18T18:00:00Z,2025-12-19T00:00:00Z,6.0,0.5666666666666667,0.3441238924687867,0.34717439199061884
turbine_1,2025-12-18T18:00:00Z,2025-12-19T01:00:00Z,7.0,0.1349999999999999,0.13758765112313925,0.14365357253160552
turbine_1,2025-12-18T18:00:00Z,2025-12-19T02:00:00Z,8.0,0.01,0.07018837010546974,0.09333389535170292
turbine_1,2025-12-18T18:00:00Z,2025-12-19T03:00:00Z,9.0,0.0116666666666666,0.03260929050912981,0.06665047595128687
turbine_1,2025-12-18T18:00:00Z,2025-12-19T04:00:00Z,10.0,0.0316666666666666,0.010927366605280486,0.013626299782569212
turbine_1,2025-12-18T18:00:00Z,2025-12-19T05:00:00Z,11.0,0.01,0.045245435967212366,0.025727950806112676
turbine_1,2025-12-18T18:00:00Z,2025-12-19T06:00:00Z,12.0,0.0866666666666666,0.11119883667699905,0.10145311589044556
turbine_1,2025-12-18T18:00:00Z,2025-12-19T07:00:00Z,13.0,0.24,0.530379159706877,0.4902320057231955
turbine_1,2025-12-18T18:00:00Z,2025-12-19T08:00:00Z,14.0,0.4866666666666666,0.8513432510837912,0.8314702098311054
turbine_1,2025-12-18T18:00:00Z,2025-12-19T09:00:00Z,15.0,0.7366666666666667,0.9004271444088238,0.9201658271426273
turbine_1,2025-12-18T18:00:00Z,2025-12-19T10:00:00Z,16.0,0.8666666666666667,0.8657296009119428,0.8450602446607353
turbine_1,2025-12-18T18:00:00Z,2025-12-19T11:00:00Z,17.0,0.9866666666666668,0.8197424910386908,0.8178094938364969
turbine_1,2025-12-18T18:00:00Z,2025-12-19T12:00:00Z,18.0,0.9866666666666668,0.803032341682888,0.8210710305126401
turbine_1,2025-12-18T18:00:00Z,2025-12-19T13:00:00Z,19.0,0.99,0.8184137144516473,0.8697177466589877
turbine_1,2025-12-18T18:00:00Z,2025-12-19T14:00:00Z,20.0,0.99,0.8392816801330213,0.8239742543457733
turbine_1,2025-12-18T18:00:00Z,2025-12-19T15:00:00Z,21.0,0.9883333333333332,0.930480885157014,0.8690986858911454
turbine_1,2025-12-18T18:00:00Z,2025-12-19T16:00:00Z,22.0,0.9116666666666666,0.9171279951430442,0.8741005447621374
turbine_1,2025-12-18T18:00:00Z,2025-12-19T17:00:00Z,23.0,0.9783333333333334,0.954984944501954,0.8509862035256454
turbine_1,2025-12-18T18:00:00Z,2025-12-19T18:00:00Z,24.0,0.99,0.9174128724270627,0.8692371946254069
turbine_1,2025-12-18T18:00:00Z,2025-12-19T19:00:00Z,25.0,0.99,0.872562667304473,0.8239144120207644
turbine_1,2025-12-18T18:00:00Z,2025-12-19T20:00:00Z,26.0,0.945,0.8602552711254844,0.842746825676301
turbine_1,2025-12-18T18:00:00Z,2025-12-19T21:00:00Z,27.0,0.9833333333333334,0.8586775569581877,0.830333701310001
turbine_1,2025-12-18T18:00:00Z,2025-12-19T22:00:00Z,28.0,0.98,0.6828432927935388,0.6304830884923629
turbine_1,2025-12-18T18:00:00Z,2025-12-19T23:00:00Z,29.0,0.7433333333333333,0.5307300758678364,0.5249645024078395
turbine_1,2025-12-18T18:00:00Z,2025-12-20T00:00:00Z,30.0,0.5,0.4094567536712771,0.39678335384209423
turbine_1,2025-12-18T18:00:00Z,2025-12-20T01:00:00Z,31.0,0.1283333333333333,0.3646134515233551,0.36699582044793955
turbine_1,2025-12-18T18:00:00Z,2025-12-20T02:00:00Z,32.0,0.09,0.4101068253072602,0.4157038247148508
turbine_1,2025-12-18T18:00:00Z,2025-12-20T03:00:00Z,33.0,0.1966666666666666,0.42786598482871285,0.39287677289370204
turbine_1,2025-12-18T18:00:00Z,2025-12-20T04:00:00Z,34.0,0.105,0.20860348918995686,0.2807292774689919
turbine_1,2025-12-18T18:00:00Z,2025-12-20T05:00:00Z,35.0,0.1166666666666666,0.24201832868645523,0.20132007542094582
turbine_1,2025-12-18T18:00:00Z,2025-12-20T06:00:00Z,36.0,0.145,0.23210074979140863,0.23171095494326016
turbine_1,2025-12-18T18:00:00Z,2025-12-20T07:00:00Z,37.0,0.21,0.24585238324042488,0.22285919487819061
turbine_1,2025-12-18T18:00:00Z,2025-12-20T08:00:00Z,38.0,0.3833333333333333,0.20593742297653247,0.17630333501965376
turbine_1,2025-12-18T18:00:00Z,2025-12-20T09:00:00Z,39.0,0.2633333333333333,0.11631628278898376,0.1319428913213373
turbine_1,2025-12-18T18:00:00Z,2025-12-20T10:00:00Z,40.0,0.2466666666666666,0.10073233732368114,0.09094395518411044
turbine_1,2025-12-18T18:00:00Z,2025-12-20T11:00:00Z,41.0,0.11,0.05932677711794265,0.09347071800354337
turbine_1,2025-12-18T18:00:00Z,2025-12-20T12:00:00Z,42.0,0.01,0.039501984401107304,0.05230598830514682
turbine_1,2025-12-18T18:00:00Z,2025-12-20T13:00:00Z,43.0,0.01,0.04283191685663157,0.04564714901309891
turbine_1,2025-12-18T18:00:00Z,2025-12-20T14:00:00Z,44.0,0.01,0.03542595370532753,0.04765596256696736
turbine_1,2025-12-18T18:00:00Z,2025-12-20T15:00:00Z,45.0,0.01,0.058520596341299636,0.05546460794319069
turbine_1,2025-12-18T18:00:00Z,2025-12-20T16:00:00Z,46.0,0.01,0.09416172209966027,0.08423371975343646
turbine_1,2025-12-18T18:00:00Z,2025-12-20T17:00:00Z,47.0,0.01,0.14755840331094078,0.10662698880389115
turbine_1,2025-12-18T18:00:00Z,2025-12-20T18:00:00Z,48.0,0.0583333333333333,0.0855553144230557,0.10289986133316638
turbine_1,2025-12-19T18:00:00Z,2025-12-19T19:00:00Z,1.0,0.99,0.9398622691958249,0.8406779223715691
turbine_1,2025-12-19T18:00:00Z,2025-12-19T20:00:00Z,2.0,0.945,0.9145463757962454,0.8321961103268617
turbine_1,2025-12-19T18:00:00Z,2025-12-19T21:00:00Z,3.0,0.9833333333333334,0.9058504972522292,0.8373652291002458
turbine_1,2025-12-19T18:00:00Z,2025-12-19T22:00:00Z,4.0,0.98,0.8266210548796172,0.7999418295798839
turbine_1,2025-12-19T18:00:00Z,2025-12-19T23:00:00Z,5.0,0.7433333333333333,0.6438532783407349,0.6683506014504921
turbine_1,2025-12-19T18:00:00Z,2025-12-20T00:00:00Z,6.0,0.5,0.524825042539284,0.5342079558890926
turbine_1,2025-12-19T18:00:00Z,2025-12-20T01:00:00Z,7.0,0.1283333333333333,0.353451711745034,0.3574462001314183
turbine_1,2025-12-19T18:00:00Z,2025-12-20T02:00:00Z,8.0,0.09,0.3753665713855744,0.3223164510058959
turbine_1,2025-12-19T18:00:00Z,2025-12-20T03:00:00Z,9.0,0.1966666666666666,0.3525407523881502,0.35059881393522485
turbine_1,2025-12-19T18:00:00Z,2025-12-20T04:00:00Z,10.0,0.105,0.37695832298534543,0.32057607497478013
turbine_1,2025-12-19T18:00:00Z,2025-12-20T05:00:00Z,11.0,0.1166666666666666,0.625884767440347,0.5612823601838435
turbine_1,2025-12-19T18:00:00Z,2025-12-20T06:00:00Z,12.0,0.145,0.871110262335345,0.782327408165015
turbine_1,2025-12-19T18:00:00Z,2025-12-20T07:00:00Z,13.0,0.21,0.9548940428654777,0.8792364134710187
turbine_1,2025-12-19T18:00:00Z,2025-12-20T08:00:00Z,14.0,0.3833333333333333,0.7259714038638402,0.7132523882697296
turbine_1,2025-12-19T18:00:00Z,2025-12-20T09:00:00Z,15.0,0.2633333333333333,0.6382738077375696,0.5805821970737284
turbine_1,2025-12-19T18:00:00Z,2025-12-20T10:00:00Z,16.0,0.2466666666666666,0.34346257484479253,0.3621013411760136
turbine_1,2025-12-19T18:00:00Z,2025-12-20T11:00:00Z,17.0,0.11,0.19067243256833558,0.2567034451988296
turbine_1,2025-12-19T18:00:00Z,2025-12-20T12:00:00Z,18.0,0.01,0.09066393996716318,0.1138225078099923
turbine_1,2025-12-19T18:00:00Z,2025-12-20T13:00:00Z,19.0,0.01,0.06479366849491511,0.0854459579018928
turbine_1,2025-12-19T18:00:00Z,2025-12-20T14:00:00Z,20.0,0.01,0.040304261354311255,0.037789101808793746
turbine_1,2025-12-19T18:00:00Z,2025-12-20T15:00:00Z,21.0,0.01,0.0634199346745985,0.048824629410942955
turbine_1,2025-12-19T18:00:00Z,2025-12-20T16:00:00Z,22.0,0.01,0.16229163581031505,0.09244041503133019
turbine_1,2025-12-19T18:00:00Z,2025-12-20T17:00:00Z,23.0,0.01,0.1757130035789714,0.13360027853864276
turbine_1,2025-12-19T18:00:00Z,2025-12-20T18:00:00Z,24.0,0.0583333333333333,0.23652555000051295,0.24674116096853166
turbine_1,2025-12-19T18:00:00Z,2025-12-20T19:00:00Z,25.0,0.04,0.3219764593076483,0.3565917598676993
turbine_1,2025-12-19T18:00:00Z,2025-12-20T20:00:00Z,26.0,0.0816666666666666,0.32306463103226085,0.3491770878854009
turbine_1,2025-12-19T18:00:00Z,2025-12-20T21:00:00Z,27.0,0.2983333333333333,0.4382890617712937,0.43976998044457505
turbine_1,2025-12-19T18:00:00Z,2025-12-20T22:00:00Z,28.0,0.2283333333333333,0.5153447657902248,0.5474230451536843
turbine_1,2025-12-19T18:00:00Z,2025-12-20T23:00:00Z,29.0,0.7166666666666667,0.6504519037158816,0.659884870712264
turbine_1,2025-12-19T18:00:00Z,2025-12-21T00:00:00Z,30.0,0.9983333333333334,0.7356527179091948,0.7139043762096228
turbine_1,2025-12-19T18:00:00Z,2025-12-21T01:00:00Z,31.0,0.8633333333333333,0.7587936896515377,0.7521652359274579
turbine_1,2025-12-19T18:00:00Z,2025-12-21T02:00:00Z,32.0,0.325,0.7643479286972432,0.7463882467306285
turbine_1,2025-12-19T18:00:00Z,2025-12-21T03:00:00Z,33.0,0.305,0.7452619549698422,0.6977538187788394
turbine_1,2025-12-19T18:00:00Z,2025-12-21T04:00:00Z,34.0,0.325,0.7869619375018625,0.7263519610105446
turbine_1,2025-12-19T18:00:00Z,2025-12-21T05:00:00Z,35.0,0.3716666666666666,0.8097902464746282,0.7734570843029035
turbine_1,2025-12-19T18:00:00Z,2025-12-21T06:00:00Z,36.0,0.3783333333333333,0.8244790686919338,0.8115493535246677
turbine_1,2025-12-19T18:00:00Z,2025-12-21T07:00:00Z,37.0,0.3116666666666666,0.9434049386716555,0.9153175202622202
turbine_1,2025-12-19T18:00:00Z,2025-12-21T08:00:00Z,38.0,0.3066666666666666,0.9279626094483155,0.8975795961210563
turbine_1,2025-12-19T18:00:00Z,2025-12-21T09:00:00Z,39.0,0.3283333333333333,0.9339792559334081,0.8895815917255715
turbine_1,2025-12-19T18:00:00Z,2025-12-21T10:00:00Z,40.0,0.5,0.8251578953493937,0.7532792544048522
turbine_1,2025-12-19T18:00:00Z,2025-12-21T11:00:00Z,41.0,0.4166666666666667,0.7780539028689222,0.7155505831317202
turbine_1,2025-12-19T18:00:00Z,2025-12-21T12:00:00Z,42.0,0.4666666666666666,0.7593836664285715,0.6942027857613187
turbine_1,2025-12-19T18:00:00Z,2025-12-21T13:00:00Z,43.0,0.5633333333333334,0.7484552694665894,0.6252886504927777
turbine_1,2025-12-19T18:00:00Z,2025-12-21T14:00:00Z,44.0,0.7516666666666666,0.6713625983437377,0.5951627267928317
turbine_1,2025-12-19T18:00:00Z,2025-12-21T15:00:00Z,45.0,0.6883333333333334,0.5483030416753902,0.5311464402187506
turbine_1,2025-12-19T18:00:00Z,2025-12-21T16:00:00Z,46.0,0.6733333333333333,0.5470181993350609,0.4841312342829489
turbine_1,2025-12-19T18:00:00Z,2025-12-21T17:00:00Z,47.0,0.5033333333333333,0.513681560243096,0.41178174484218777
turbine_1,2025-12-19T18:00:00Z,2025-12-21T18:00:00Z,48.0,0.57,0.27162805516672706,0.2699202131381897
turbine_1,2025-12-20T18:00:00Z,2025-12-20T19:00:00Z,1.0,0.04,0.20308205537416096,0.25612293373557005
turbine_1,2025-12-20T18:00:00Z,2025-12-20T20:00:00Z,2.0,0.0816666666666666,0.17228705537926928,0.2206024811388435
turbine_1,2025-12-20T18:00:00Z,2025-12-20T21:00:00Z,3.0,0.2983333333333333,0.2958059008892878,0.28996503719757155
turbine_1,2025-12-20T18:00:00Z,2025-12-20T22:00:00Z,4.0,0.2283333333333333,0.34588466203733104,0.4077717566715142
turbine_1,2025-12-20T18:00:00Z,2025-12-20T23:00:00Z,5.0,0.7166666666666667,0.6034698279280679,0.5603023229512802
turbine_1,2025-12-20T18:00:00Z,2025-12-21T00:00:00Z,6.0,0.9983333333333334,0.8461452205677107,0.8061183134296565
turbine_1,2025-12-20T18:00:00Z,2025-12-21T01:00:00Z,7.0,0.8633333333333333,0.8965209411699485,0.8591856786782415
turbine_1,2025-12-20T18:00:00Z,2025-12-21T02:00:00Z,8.0,0.325,0.8994114928387724,0.8451501518118518
turbine_1,2025-12-20T18:00:00Z,2025-12-21T03:00:00Z,9.0,0.305,0.8625892776314737,0.7887927838099343
turbine_1,2025-12-20T18:00:00Z,2025-12-21T04:00:00Z,10.0,0.325,0.9635939204010041,0.8939725521639856
turbine_1,2025-12-20T18:00:00Z,2025-12-21T05:00:00Z,11.0,0.3716666666666666,0.9660752625450367,0.9265352832968319
turbine_1,2025-12-20T18:00:00Z,2025-12-21T06:00:00Z,12.0,0.3783333333333333,0.9530771078655181,0.9310554842265047
turbine_1,2025-12-20T18:00:00Z,2025-12-21T07:00:00Z,13.0,0.3116666666666666,0.9577419877395074,0.9215122700677059
turbine_1,2025-12-20T18:00:00Z,2025-12-21T08:00:00Z,14.0,0.3066666666666666,0.9422996585161674,0.904140653727048
turbine_1,2025-12-20T18:00:00Z,2025-12-21T09:00:00Z,15.0,0.3283333333333333,0.8127014244009331,0.7903075789698434
turbine_1,2025-12-20T18:00:00Z,2025-12-21T10:00:00Z,16.0,0.5,0.6641727206434088,0.6604981562686996
turbine_1,2025-12-20T18:00:00Z,2025-12-21T11:00:00Z,17.0,0.4166666666666667,0.6025164456252902,0.5654624015552863
turbine_1,2025-12-20T18:00:00Z,2025-12-21T12:00:00Z,18.0,0.4666666666666666,0.6687537958326223,0.6298427788291401
turbine_1,2025-12-20T18:00:00Z,2025-12-21T13:00:00Z,19.0,0.5633333333333334,0.6442064731628507,0.6177678837604179
turbine_1,2025-12-20T18:00:00Z,2025-12-21T14:00:00Z,20.0,0.7516666666666666,0.6243587046711911,0.6258935952012357
turbine_1,2025-12-20T18:00:00Z,2025-12-21T15:00:00Z,21.0,0.6883333333333334,0.5493089129118018,0.5596402567520169
turbine_1,2025-12-20T18:00:00Z,2025-12-21T16:00:00Z,22.0,0.6733333333333333,0.5157113420095425,0.5348126461463955
turbine_1,2025-12-20T18:00:00Z,2025-12-21T17:00:00Z,23.0,0.5033333333333333,0.44354506238913505,0.5290910601894855
turbine_1,2025-12-20T18:00:00Z,2025-12-21T18:00:00Z,24.0,0.57,0.34333056079919605,0.3655309785685882
turbine_1,2025-12-20T18:00:00Z,2025-12-21T19:00:00Z,25.0,0.6566666666666666,0.3279367359331068,0.3303918391415054
turbine_1,2025-12-20T18:00:00Z,2025-12-21T20:00:00Z,26.0,0.4816666666666666,0.2054614460229672,0.23770189262772956
turbine_1,2025-12-20T18:00:00Z,2025-12-21T21:00:00Z,27.0,0.1783333333333333,0.12691029408719387,0.10442235525633708
turbine_1,2025-12-20T18:00:00Z,2025-12-21T22:00:00Z,28.0,0.01,0.05646746739731137,0.06872126213563415
turbine_1,2025-12-20T18:00:00Z,2025-12-21T23:00:00Z,29.0,0.015,0.014780995418018417,0.04552786541969156
turbine_1,2025-12-20T18:00:00Z,2025-12-22T00:00:00Z,30.0,0.095,0.01325820134376543,0.015199512448700242
turbine_1,2025-12-20T18:00:00Z,2025-12-22T01:00:00Z,31.0,0.1999999999999999,0.05444229541719847,0.038813389066091775
turbine_1,2025-12-20T18:00:00Z,2025-12-22T02:00:00Z,32.0,0.1333333333333333,0.13230772831172805,0.20339632402982577
turbine_1,2025-12-20T18:00:00Z,2025-12-22T03:00:00Z,33.0,0.1816666666666666,0.30394862524220784,0.35264512104602613
turbine_1,2025-12-20T18:00:00Z,2025-12-22T04:00:00Z,34.0,0.5533333333333333,0.6125502364750595,0.6290346505878428
turbine_1,2025-12-20T18:00:00Z,2025-12-22T05:00:00Z,35.0,0.965,0.9229512428883719,0.856882135012347
turbine_1,2025-12-20T18:00:00Z,2025-12-22T06:00:00Z,36.0,0.975,0.9728699327569704,0.9448553002200718
turbine_1,2025-12-20T18:00:00Z,2025-12-22T07:00:00Z,37.0,0.9866666666666668,0.9752165678430095,0.9891774752955155
turbine_1,2025-12-20T18:00:00Z,2025-12-22T08:00:00Z,38.0,0.9566666666666668,0.9745398793741553,0.9776342898596365
turbine_1,2025-12-20T18:00:00Z,2025-12-22T09:00:00Z,39.0,0.9883333333333332,0.9812243560591222,0.9768308759449063
turbine_1,2025-12-20T18:00:00Z,2025-12-22T10:00:00Z,40.0,0.9883333333333332,0.9530021934668464,0.962952018673103
turbine_1,2025-12-20T18:00:00Z,2025-12-22T11:00:00Z,41.0,0.99,0.9599087296399264,0.9513772064534413
turbine_1,2025-12-20T18:00:00Z,2025-12-22T12:00:00Z,42.0,0.99,0.7801325194869922,0.8055632988096406
turbine_1,2025-12-20T18:00:00Z,2025-12-22T13:00:00Z,43.0,0.975,0.6293823629518043,0.7504591733144171
turbine_1,2025-12-20T18:00:00Z,2025-12-22T14:00:00Z,44.0,0.5850000000000001,0.6300557589391942,0.5923954733187662
turbine_1,2025-12-20T18:00:00Z,2025-12-22T15:00:00Z,45.0,0.1149999999999999,0.6432112076767365,0.5758409565589513
turbine_1,2025-12-20T18:00:00Z,2025-12-22T16:00:00Z,46.0,0.1733333333333333,0.5619238803488803,0.328733643756291
turbine_1,2025-12-20T18:00:00Z,2025-12-22T17:00:00Z,47.0,0.1116666666666666,0.25763405502431797,0.21375420283747368
turbine_1,2025-12-20T18:00:00Z,2025-12-22T18:00:00Z,48.0,0.075,0.21259799161530155,0.15647440300755966
turbine_1,2025-12-21T18:00:00Z,2025-12-21T19:00:00Z,1.0,0.6566666666666666,0.4247291178406203,0.4641170544431015
turbine_1,2025-12-21T18:00:00Z,2025-12-21T20:00:00Z,2.0,0.4816666666666666,0.23393227336308833,0.23584989681604185
turbine_1,2025-12-21T18:00:00Z,2025-12-21T21:00:00Z,3.0,0.1783333333333333,0.13558401859722988,0.12772412136571365
turbine_1,2025-12-21T18:00:00Z,2025-12-21T22:00:00Z,4.0,0.01,0.0703875696752885,0.08312647994097228
turbine_1,2025-12-21T18:00:00Z,2025-12-21T23:00:00Z,5.0,0.015,0.01708219548919976,0.052124577095721436
turbine_1,2025-12-21T18:00:00Z,2025-12-22T00:00:00Z,6.0,0.095,0.011122551499534006,0.012628436732982223
turbine_1,2025-12-21T18:00:00Z,2025-12-22T01:00:00Z,7.0,0.1999999999999999,0.017091157414383468,0.028829404081065324
turbine_1,2025-12-21T18:00:00Z,2025-12-22T02:00:00Z,8.0,0.1333333333333333,0.04318597878809888,0.047647776734542596
turbine_1,2025-12-21T18:00:00Z,2025-12-22T03:00:00Z,9.0,0.1816666666666666,0.11160188330552803,0.11216617008392282
turbine_1,2025-12-21T18:00:00Z,2025-12-22T04:00:00Z,10.0,0.5533333333333333,0.40183312703018337,0.3725852502627093
turbine_1,2025-12-21T18:00:00Z,2025-12-22T05:00:00Z,11.0,0.965,0.8913506371692455,0.8567333399643411
turbine_1,2025-12-21T18:00:00Z,2025-12-22T06:00:00Z,12.0,0.975,0.9677857129200168,0.9453759089869721
turbine_1,2025-12-21T18:00:00Z,2025-12-22T07:00:00Z,13.0,0.9866666666666668,0.9525727938113012,0.9662854150114644
turbine_1,2025-12-21T18:00:00Z,2025-12-22T08:00:00Z,14.0,0.9566666666666668,0.9312816233295607,0.9697244859873613
turbine_1,2025-12-21T18:00:00Z,2025-12-22T09:00:00Z,15.0,0.9883333333333332,0.9885647152043813,0.984379400830144
turbine_1,2025-12-21T18:00:00Z,2025-12-22T10:00:00Z,16.0,0.9883333333333332,0.9959894062328505,0.9897068974940345
turbine_1,2025-12-21T18:00:00Z,2025-12-22T11:00:00Z,17.0,0.99,0.9635285020439315,0.94971994400626
turbine_1,2025-12-21T18:00:00Z,2025-12-22T12:00:00Z,18.0,0.99,0.7948363846362942,0.7962717878766489
turbine_1,2025-12-21T18:00:00Z,2025-12-22T13:00:00Z,19.0,0.975,0.6531395866017938,0.7632859782757083
turbine_1,2025-12-21T18:00:00Z,2025-12-22T14:00:00Z,20.0,0.5850000000000001,0.6122802540107318,0.6139311947815185
turbine_1,2025-12-21T18:00:00Z,2025-12-22T15:00:00Z,21.0,0.1149999999999999,0.37644100087786914,0.43518168123924594
turbine_1,2025-12-21T18:00:00Z,2025-12-22T16:00:00Z,22.0,0.1733333333333333,0.2264359978245652,0.25391538622551957
turbine_1,2025-12-21T18:00:00Z,2025-12-22T17:00:00Z,23.0,0.1116666666666666,0.17973201987294718,0.19668073974940886
turbine_1,2025-12-21T18:00:00Z,2025-12-22T18:00:00Z,24.0,0.075,0.11537006085951927,0.1813303657736104
turbine_1,2025-12-21T18:00:00Z,2025-12-22T19:00:00Z,25.0,0.0233333333333333,0.1069382958962889,0.1780524787224339
turbine_1,2025-12-21T18:00:00Z,2025-12-22T20:00:00Z,26.0,0.01,0.06637091079889076,0.12886886415929494
turbine_1,2025-12-21T18:00:00Z,2025-12-22T21:00:00Z,27.0,0.01,0.058201354477581985,0.0752547231050053
turbine_1,2025-12-21T18:00:00Z,2025-12-22T22:00:00Z,28.0,0.015,0.05156729201309804,0.10235308258179068
turbine_1,2025-12-21T18:00:00Z,2025-12-22T23:00:00Z,29.0,0.01,0.04928024506502951,0.12407818851183056
turbine_1,2025-12-21T18:00:00Z,2025-12-23T00:00:00Z,30.0,0.01,0.04663721646333882,0.1509269226979357
turbine_1,2025-12-21T18:00:00Z,2025-12-23T01:00:00Z,31.0,0.01,0.03227572217988253,0.09791089747287995
turbine_1,2025-12-21T18:00:00Z,2025-12-23T02:00:00Z,32.0,0.01,0.021773577998448174,0.07317145423665739
turbine_1,2025-12-21T18:00:00Z,2025-12-23T03:00:00Z,33.0,0.0349999999999999,0.018063550880830337,0.04391911802232609
turbine_1,2025-12-21T18:00:00Z,2025-12-23T04:00:00Z,34.0,0.0216666666666666,0.016021861561371475,0.02571097688277571
turbine_1,2025-12-21T18:00:00Z,2025-12-23T05:00:00Z,35.0,0.01,0.0185256852273305,0.016670548121668155
turbine_1,2025-12-21T18:00:00Z,2025-12-23T06:00:00Z,36.0,0.01,0.02181263971089853,0.013889418230617012
turbine_1,2025-12-21T18:00:00Z,2025-12-23T07:00:00Z,37.0,0.01,0.03907408250000388,0.027938004445404174
turbine_1,2025-12-21T18:00:00Z,2025-12-23T08:00:00Z,38.0,0.01,0.04390389468004707,0.0347319214472836
turbine_1,2025-12-21T18:00:00Z,2025-12-23T09:00:00Z,39.0,0.01,0.034758191783040626,0.03732405533879535
turbine_1,2025-12-21T18:00:00Z,2025-12-23T10:00:00Z,40.0,0.01,0.040133562979819015,0.044772868342626504
turbine_1,2025-12-21T18:00:00Z,2025-12-23T11:00:00Z,41.0,0.01,0.05484137513245896,0.04933370965511735
turbine_1,2025-12-21T18:00:00Z,2025-12-23T12:00:00Z,42.0,0.01,0.06403267087876374,0.05832714537471029
turbine_1,2025-12-21T18:00:00Z,2025-12-23T13:00:00Z,43.0,0.01,0.049775768960507116,0.05289546424308578
turbine_1,2025-12-21T18:00:00Z,2025-12-23T14:00:00Z,44.0,0.01,0.04931848781168563,0.047053956903050864
turbine_1,2025-12-21T18:00:00Z,2025-12-23T15:00:00Z,45.0,0.01,0.041979750248937575,0.04342072866152047
turbine_1,2025-12-21T18:00:00Z,2025-12-23T16:00:00Z,46.0,0.01,0.04966777149948015,0.08220373257797206
turbine_1,2025-12-21T18:00:00Z,2025-12-23T17:00:00Z,47.0,0.0083333333333333,0.05718319109558484,0.07451651501953319
turbine_1,2025-12-21T18:00:00Z,2025-12-23T18:00:00Z,48.0,0.0783333333333333,0.07953001593656421,0.11315734994278784
turbine_1,2025-12-22T18:00:00Z,2025-12-22T19:00:00Z,1.0,0.0233333333333333,0.1872417201602834,0.16389111547981444
turbine_1,2025-12-22T18:00:00Z,2025-12-22T20:00:00Z,2.0,0.01,0.11485877579606431,0.12138929000837859
turbine_1,2025-12-22T18:00:00Z,2025-12-22T21:00:00Z,3.0,0.01,0.10944581482472436,0.14021418534113067
turbine_1,2025-12-22T18:00:00Z,2025-12-22T22:00:00Z,4.0,0.015,0.1335260237328234,0.15370875173812903
turbine_1,2025-12-22T18:00:00Z,2025-12-22T23:00:00Z,5.0,0.01,0.1795912313963216,0.23846343780135434
turbine_1,2025-12-22T18:00:00Z,2025-12-23T00:00:00Z,6.0,0.01,0.2718177818717828,0.3030260749698048
turbine_1,2025-12-22T18:00:00Z,2025-12-23T01:00:00Z,7.0,0.01,0.15478918451600213,0.16395590881829478
turbine_1,2025-12-22T18:00:00Z,2025-12-23T02:00:00Z,8.0,0.01,0.1066777763694079,0.1321779114389265
turbine_1,2025-12-22T18:00:00Z,2025-12-23T03:00:00Z,9.0,0.0349999999999999,0.08412581025873836,0.10442421375367256
turbine_1,2025-12-22T18:00:00Z,2025-12-23T04:00:00Z,10.0,0.0216666666666666,0.07045203399277777,0.0916356961282894
turbine_1,2025-12-22T18:00:00Z,2025-12-23T05:00:00Z,11.0,0.01,0.07712369264630767,0.03754994591132477
turbine_1,2025-12-22T18:00:00Z,2025-12-23T06:00:00Z,12.0,0.01,0.08853620805150088,0.05606094293684294
turbine_1,2025-12-22T18:00:00Z,2025-12-23T07:00:00Z,13.0,0.01,0.07121896355319643,0.08152428065835642
turbine_1,2025-12-22T18:00:00Z,2025-12-23T08:00:00Z,14.0,0.01,0.0934440362938678,0.060417443655135294
turbine_1,2025-12-22T18:00:00Z,2025-12-23T09:00:00Z,15.0,0.01,0.05562621434494125,0.07557338320078767
turbine_1,2025-12-22T18:00:00Z,2025-12-23T10:00:00Z,16.0,0.01,0.04928505313721826,0.05168270064115174
turbine_1,2025-12-22T18:00:00Z,2025-12-23T11:00:00Z,17.0,0.01,0.04058966012659232,0.06249277497292932
turbine_1,2025-12-22T18:00:00Z,2025-12-23T12:00:00Z,18.0,0.01,0.053248578651316936,0.05191205208845545
turbine_1,2025-12-22T18:00:00Z,2025-12-23T13:00:00Z,19.0,0.01,0.05170580730590796,0.04996459060372488
turbine_1,2025-12-22T18:00:00Z,2025-12-23T14:00:00Z,20.0,0.01,0.053021448030218854,0.0636791251015546
turbine_1,2025-12-22T18:00:00Z,2025-12-23T15:00:00Z,21.0,0.01,0.04450523092674924,0.0724999942830282
turbine_1,2025-12-22T18:00:00Z,2025-12-23T16:00:00Z,22.0,0.01,0.042500767706201925,0.0642566669219598
turbine_1,2025-12-22T18:00:00Z,2025-12-23T17:00:00Z,23.0,0.0083333333333333,0.04530239564653821,0.06419355415108874
turbine_1,2025-12-22T18:00:00Z,2025-12-23T18:00:00Z,24.0,0.0783333333333333,0.04767905644331835,0.07076475960662076
turbine_1,2025-12-22T18:00:00Z,2025-12-23T19:00:00Z,25.0,0.18,0.10419137183372602,0.1264596391574358
turbine_1,2025-12-22T18:00:00Z,2025-12-23T20:00:00Z,26.0,0.305,0.14153196690831726,0.22147454162212127
turbine_1,2025-12-22T18:00:00Z,2025-12-23T21:00:00Z,27.0,0.735,0.20575138010778912,0.20987033955076073
turbine_1,2025-12-22T18:00:00Z,2025-12-23T22:00:00Z,28.0,0.6533333333333333,0.22048954023352393,0.23773753894377928
turbine_1,2025-12-22T18:00:00Z,2025-12-23T23:00:00Z,29.0,0.5683333333333334,0.2430301595958092,0.28071008169099243
turbine_1,2025-12-22T18:00:00Z,2025-12-24T00:00:00Z,30.0,0.7633333333333333,0.20594196369510995,0.18682253823184836
turbine_1,2025-12-22T18:00:00Z,2025-12-24T01:00:00Z,31.0,0.8833333333333333,0.16447403286364143,0.17631382629949152
turbine_1,2025-12-22T18:00:00Z,2025-12-24T02:00:00Z,32.0,0.5833333333333334,0.16578895865234647,0.16851721169717085
turbine_1,2025-12-22T18:00:00Z,2025-12-24T03:00:00Z,33.0,0.6816666666666666,0.20917374769082545,0.1749012852462563
turbine_1,2025-12-22T18:00:00Z,2025-12-24T04:00:00Z,34.0,0.5583333333333333,0.2237761313674048,0.20119750023446883
turbine_1,2025-12-22T18:00:00Z,2025-12-24T05:00:00Z,35.0,0.4583333333333333,0.3297621912629136,0.2691862620074888
turbine_1,2025-12-22T18:00:00Z,2025-12-24T06:00:00Z,36.0,0.2716666666666666,0.32106558671801533,0.297613839438189
turbine_1,2025-12-22T18:00:00Z,2025-12-24T07:00:00Z,37.0,0.2133333333333333,0.30959256985007205,0.28814408359885035
turbine_1,2025-12-22T18:00:00Z,2025-12-24T08:00:00Z,38.0,0.2299999999999999,0.3270692900193774,0.31091046156361707
turbine_1,2025-12-22T18:00:00Z,2025-12-24T09:00:00Z,39.0,0.235,0.40098982464756805,0.3779650285936643
turbine_1,2025-12-22T18:00:00Z,2025-12-24T10:00:00Z,40.0,0.2083333333333333,0.48108476930441224,0.39432690435523465
turbine_1,2025-12-22T18:00:00Z,2025-12-24T11:00:00Z,41.0,0.26,0.6203351809650617,0.4628196853788548
turbine_1,2025-12-22T18:00:00Z,2025-12-24T12:00:00Z,42.0,0.295,0.6393034156218983,0.5652494959073837
turbine_1,2025-12-22T18:00:00Z,2025-12-24T13:00:00Z,43.0,0.2483333333333333,0.6316136309294967,0.5376301061763795
turbine_1,2025-12-22T18:00:00Z,2025-12-24T14:00:00Z,44.0,0.2866666666666667,0.6975563719013798,0.5790567881017608
turbine_1,2025-12-22T18:00:00Z,2025-12-24T15:00:00Z,45.0,0.5516666666666666,0.7392368558096679,0.6105335285103359
turbine_1,2025-12-22T18:00:00Z,2025-12-24T16:00:00Z,46.0,0.5616666666666666,0.7191074487257536,0.5894126953351411
turbine_1,2025-12-22T18:00:00Z,2025-12-24T17:00:00Z,47.0,0.365,0.6987780733816392,0.6186725864150273
turbine_1,2025-12-22T18:00:00Z,2025-12-24T18:00:00Z,48.0,0.5433333333333333,0.7080357612875571,0.5672987552816864
turbine_1,2025-12-23T18:00:00Z,2025-12-23T19:00:00Z,1.0,0.18,0.3348355236535902,0.22271731694931407
turbine_1,2025-12-23T18:00:00Z,2025-12-23T20:00:00Z,2.0,0.305,0.47825238047164953,0.40001554965337877
turbine_1,2025-12-23T18:00:00Z,2025-12-23T21:00:00Z,3.0,0.735,0.470616362638813,0.4380929612414167
turbine_1,2025-12-23T18:00:00Z,2025-12-23T22:00:00Z,4.0,0.6533333333333333,0.47839520312706574,0.49572334891852204
turbine_1,2025-12-23T18:00:00Z,2025-12-23T23:00:00Z,5.0,0.5683333333333334,0.447431832252156,0.4614549259539858
turbine_1,2025-12-23T18:00:00Z,2025-12-24T00:00:00Z,6.0,0.7633333333333333,0.4350328839340562,0.43577141198486236
turbine_1,2025-12-23T18:00:00Z,2025-12-24T01:00:00Z,7.0,0.8833333333333333,0.36657474196981965,0.3879457898777645
turbine_1,2025-12-23T18:00:00Z,2025-12-24T02:00:00Z,8.0,0.5833333333333334,0.24341618218293098,0.30638810698611074
turbine_1,2025-12-23T18:00:00Z,2025-12-24T03:00:00Z,9.0,0.6816666666666666,0.2314872520840529,0.2953500051941388
turbine_1,2025-12-23T18:00:00Z,2025-12-24T04:00:00Z,10.0,0.5583333333333333,0.24821070288592387,0.25108679627287456
turbine_1,2025-12-23T18:00:00Z,2025-12-24T05:00:00Z,11.0,0.4583333333333333,0.44134269519072566,0.3096215162787139
turbine_1,2025-12-23T18:00:00Z,2025-12-24T06:00:00Z,12.0,0.2716666666666666,0.5305243471475061,0.44019773981694277
turbine_1,2025-12-23T18:00:00Z,2025-12-24T07:00:00Z,13.0,0.2133333333333333,0.5893912632245971,0.5160486698246898
turbine_1,2025-12-23T18:00:00Z,2025-12-24T08:00:00Z,14.0,0.2299999999999999,0.6631809341943148,0.5641879748895904
turbine_1,2025-12-23T18:00:00Z,2025-12-24T09:00:00Z,15.0,0.235,0.7643392594139893,0.6164831836868898
turbine_1,2025-12-23T18:00:00Z,2025-12-24T10:00:00Z,16.0,0.2083333333333333,0.7596781306047069,0.5825719637095079
turbine_1,2025-12-23T18:00:00Z,2025-12-24T11:00:00Z,17.0,0.26,0.6614393693240942,0.5676207223684657
turbine_1,2025-12-23T18:00:00Z,2025-12-24T12:00:00Z,18.0,0.295,0.6422516603734895,0.5544030464623415
turbine_1,2025-12-23T18:00:00Z,2025-12-24T13:00:00Z,19.0,0.2483333333333333,0.5877915227891383,0.4760415624433408
turbine_1,2025-12-23T18:00:00Z,2025-12-24T14:00:00Z,20.0,0.2866666666666667,0.4413987230919882,0.33149573590605474
turbine_1,2025-12-23T18:00:00Z,2025-12-24T15:00:00Z,21.0,0.5516666666666666,0.40079726576869285,0.2853428269389951
turbine_1,2025-12-23T18:00:00Z,2025-12-24T16:00:00Z,22.0,0.5616666666666666,0.588206177762925,0.47980231163012294
turbine_1,2025-12-23T18:00:00Z,2025-12-24T17:00:00Z,23.0,0.365,0.5463818498643043,0.41769788996244217
turbine_1,2025-12-23T18:00:00Z,2025-12-24T18:00:00Z,24.0,0.5433333333333333,0.6344640059443022,0.5571694870591346
turbine_1,2025-12-23T18:00:00Z,2025-12-24T19:00:00Z,25.0,0.4716666666666667,0.7140620440918028,0.5684055512461776
turbine_1,2025-12-23T18:00:00Z,2025-12-24T20:00:00Z,26.0,0.4733333333333333,0.7588384884886665,0.7300931663200477
turbine_1,2025-12-23T18:00:00Z,2025-12-24T21:00:00Z,27.0,0.6716666666666667,0.8262449016256499,0.7267840276916765
turbine_1,2025-12-23T18:00:00Z,2025-12-24T22:00:00Z,28.0,0.4333333333333333,0.8594901307943736,0.7809963796603253
turbine_1,2025-12-23T18:00:00Z,2025-12-24T23:00:00Z,29.0,0.565,0.892111802388538,0.8321001477088168
turbine_1,2025-12-23T18:00:00Z,2025-12-25T00:00:00Z,30.0,0.555,0.8935039509375305,0.8384070844877936
turbine_1,2025-12-23T18:00:00Z,2025-12-25T01:00:00Z,31.0,0.3966666666666666,0.8957847603758458,0.8759128907253397
turbine_1,2025-12-23T18:00:00Z,2025-12-25T02:00:00Z,32.0,0.43,0.9019209689721868,0.8797314660285
turbine_1,2025-12-23T18:00:00Z,2025-12-25T03:00:00Z,33.0,0.3983333333333334,0.9094401916473646,0.8856147544996518
turbine_1,2025-12-23T18:00:00Z,2025-12-25T04:00:00Z,34.0,0.1733333333333333,0.9579659616805271,0.8638099166356407
turbine_1,2025-12-23T18:00:00Z,2025-12-25T05:00:00Z,35.0,0.1483333333333333,0.9781723996140681,0.8695222687619167
turbine_1,2025-12-23T18:00:00Z,2025-12-25T06:00:00Z,36.0,0.205,0.9749648164549097,0.9007255308500405
turbine_1,2025-12-23T18:00:00Z,2025-12-25T07:00:00Z,37.0,0.125,0.9770514311171189,0.9276394593984946
turbine_1,2025-12-23T18:00:00Z,2025-12-25T08:00:00Z,38.0,0.2033333333333333,0.9821489695655795,0.9344469957592284
turbine_1,2025-12-23T18:00:00Z,2025-12-25T09:00:00Z,39.0,0.1616666666666666,1.0,0.8546767506576239
turbine_1,2025-12-23T18:00:00Z,2025-12-25T10:00:00Z,40.0,0.1966666666666666,0.9800860852270245,0.8759422701520462
turbine_1,2025-12-23T18:00:00Z,2025-12-25T11:00:00Z,41.0,0.1916666666666666,0.946887503119658,0.9040616308075081
turbine_1,2025-12-23T18:00:00Z,2025-12-25T12:00:00Z,42.0,0.1483333333333333,0.9058828769404753,0.8765109974712676
turbine_1,2025-12-23T18:00:00Z,2025-12-25T13:00:00Z,43.0,0.1516666666666666,0.9075985246513821,0.8946177211315985
turbine_1,2025-12-23T18:00:00Z,2025-12-25T14:00:00Z,44.0,0.3533333333333333,0.907468883918421,0.8476372298494709
turbine_1,2025-12-23T18:00:00Z,2025-12-25T15:00:00Z,45.0,0.7666666666666666,0.9088119095780868,0.8408707537321508
turbine_1,2025-12-23T18:00:00Z,2025-12-25T16:00:00Z,46.0,0.85,0.8900703772329105,0.8041975672113184
turbine_1,2025-12-23T18:00:00Z,2025-12-25T17:00:00Z,47.0,0.455,0.8894051698062478,0.7349916412183539
turbine_1,2025-12-23T18:00:00Z,2025-12-25T18:00:00Z,48.0,0.2533333333333333,0.8620335402571077,0.7524629788727875
turbine_1,2025-12-24T18:00:00Z,2025-12-24T19:00:00Z,1.0,0.4716666666666667,0.822193221063259,0.6843615688502023
turbine_1,2025-12-24T18:00:00Z,2025-12-24T20:00:00Z,2.0,0.4733333333333333,0.8799865970291136,0.7475796928505481
turbine_1,2025-12-24T18:00:00Z,2025-12-24T21:00:00Z,3.0,0.6716666666666667,0.9124936065028472,0.7685122755208319
turbine_1,2025-12-24T18:00:00Z,2025-12-24T22:00:00Z,4.0,0.4333333333333333,0.9217306291637921,0.7987238437566102
turbine_1,2025-12-24T18:00:00Z,2025-12-24T23:00:00Z,5.0,0.565,0.9075910689484001,0.8365050469264506
turbine_1,2025-12-24T18:00:00Z,2025-12-25T00:00:00Z,6.0,0.555,0.8951571367749214,0.8449911182818843
turbine_1,2025-12-24T18:00:00Z,2025-12-25T01:00:00Z,7.0,0.3966666666666666,0.8957847603758458,0.8757707024926913
turbine_1,2025-12-24T18:00:00Z,2025-12-25T02:00:00Z,8.0,0.43,0.8904564967212373,0.8642446613086825
turbine_1,2025-12-24T18:00:00Z,2025-12-25T03:00:00Z,9.0,0.3983333333333334,0.9013245464824141,0.8717480778097189
turbine_1,2025-12-24T18:00:00Z,2025-12-25T04:00:00Z,10.0,0.1733333333333333,0.9292953591477434,0.8682165173621816
turbine_1,2025-12-24T18:00:00Z,2025-12-25T05:00:00Z,11.0,0.1483333333333333,0.9732157547667248,0.9041195160919753
turbine_1,2025-12-24T18:00:00Z,2025-12-25T06:00:00Z,12.0,0.205,0.9749648164549097,0.9020180852981023
turbine_1,2025-12-24T18:00:00Z,2025-12-25T07:00:00Z,13.0,0.125,0.9770514311171189,0.9184048458478972
turbine_1,2025-12-24T18:00:00Z,2025-12-25T08:00:00Z,14.0,0.2033333333333333,0.9807091447972028,0.9698705798709878
turbine_1,2025-12-24T18:00:00Z,2025-12-25T09:00:00Z,15.0,0.1616666666666666,1.0,0.9201538016825387
turbine_1,2025-12-24T18:00:00Z,2025-12-25T10:00:00Z,16.0,0.1966666666666666,1.0,0.9279386679676372
turbine_1,2025-12-24T18:00:00Z,2025-12-25T11:00:00Z,17.0,0.1916666666666666,0.978397969996254,0.9013628798802279
turbine_1,2025-12-24T18:00:00Z,2025-12-25T12:00:00Z,18.0,0.1483333333333333,0.9329151134229724,0.8792860877469739
turbine_1,2025-12-24T18:00:00Z,2025-12-25T13:00:00Z,19.0,0.1516666666666666,0.9071934799080744,0.8429646313135668
turbine_1,2025-12-24T18:00:00Z,2025-12-25T14:00:00Z,20.0,0.3533333333333333,0.8995687161017274,0.8604462628591086
turbine_1,2025-12-24T18:00:00Z,2025-12-25T15:00:00Z,21.0,0.7666666666666666,0.8528628094523331,0.7697772552590992
turbine_1,2025-12-24T18:00:00Z,2025-12-25T16:00:00Z,22.0,0.85,0.8864684297757244,0.6913722351483427
turbine_1,2025-12-24T18:00:00Z,2025-12-25T17:00:00Z,23.0,0.455,0.7304509888200778,0.5853818412005591
turbine_1,2025-12-24T18:00:00Z,2025-12-25T18:00:00Z,24.0,0.2533333333333333,0.6754711275907194,0.5433068456269958
turbine_1,2025-12-24T18:00:00Z,2025-12-25T19:00:00Z,25.0,0.3133333333333333,0.7064045684642913,0.6117792112212861
turbine_1,2025-12-24T18:00:00Z,2025-12-25T20:00:00Z,26.0,0.4516666666666666,0.6514355186794663,0.5708573119538134
turbine_1,2025-12-24T18:00:00Z,2025-12-25T21:00:00Z,27.0,0.64,0.8120837674389108,0.7075382926406295
turbine_1,2025-12-24T18:00:00Z,2025-12-25T22:00:00Z,28.0,0.2766666666666666,0.5667033224269384,0.5601042020371008
turbine_1,2025-12-24T18:00:00Z,2025-12-25T23:00:00Z,29.0,0.345,0.3770854556956794,0.2857670791665905
turbine_1,2025-12-24T18:00:00Z,2025-12-26T00:00:00Z,30.0,0.235,0.11900413916865266,0.20199680299880016
turbine_1,2025-12-24T18:00:00Z,2025-12-26T01:00:00Z,31.0,0.12,0.04315433189356899,0.10242091350529095
turbine_1,2025-12-24T18:00:00Z,2025-12-26T02:00:00Z,32.0,0.0516666666666666,0.021506451897589512,0.05256917449381632
turbine_1,2025-12-24T18:00:00Z,2025-12-26T03:00:00Z,33.0,0.0266666666666666,0.010676706369277145,0.015857664656737297
turbine_1,2025-12-24T18:00:00Z,2025-12-26T04:00:00Z,34.0,0.0166666666666666,0.051547920931083596,0.06527362480072604
turbine_1,2025-12-24T18:00:00Z,2025-12-26T05:00:00Z,35.0,0.1566666666666666,0.31141777964686473,0.2220784839990092
turbine_1,2025-12-24T18:00:00Z,2025-12-26T06:00:00Z,36.0,0.0583333333333333,0.715219375229387,0.6984264681656553
turbine_1,2025-12-24T18:00:00Z,2025-12-26T07:00:00Z,37.0,0.0833333333333333,0.9812835760249009,0.9547200543174549
turbine_1,2025-12-24T18:00:00Z,2025-12-26T08:00:00Z,38.0,0.2316666666666666,0.9720430808694772,0.9419676895981333
turbine_1,2025-12-24T18:00:00Z,2025-12-26T09:00:00Z,39.0,0.8283333333333333,0.9382661799843811,0.8869504941374905
turbine_1,2025-12-24T18:00:00Z,2025-12-26T10:00:00Z,40.0,0.9916666666666668,0.9302873455838118,0.8421082809152222
turbine_1,2025-12-24T18:00:00Z,2025-12-26T11:00:00Z,41.0,0.99,0.7555158796614847,0.6502897437723643
turbine_1,2025-12-24T18:00:00Z,2025-12-26T12:00:00Z,42.0,0.99,0.5287740450977045,0.4502120583601187
turbine_1,2025-12-24T18:00:00Z,2025-12-26T13:00:00Z,43.0,0.9633333333333334,0.3706069901560731,0.3759985034812441
turbine_1,2025-12-24T18:00:00Z,2025-12-26T14:00:00Z,44.0,0.7366666666666667,0.308912383471819,0.377157816365613
turbine_1,2025-12-24T18:00:00Z,2025-12-26T15:00:00Z,45.0,0.8516666666666666,0.44836403222074234,0.5086530009894102
turbine_1,2025-12-24T18:00:00Z,2025-12-26T16:00:00Z,46.0,0.3883333333333333,0.5081227086534685,0.4915387130904613
turbine_1,2025-12-24T18:00:00Z,2025-12-26T17:00:00Z,47.0,0.2916666666666667,0.49895273738301016,0.479449100063118
turbine_1,2025-12-24T18:00:00Z,2025-12-26T18:00:00Z,48.0,0.2133333333333333,0.5014214139007267,0.5198310146637182
turbine_1,2025-12-25T18:00:00Z,2025-12-25T19:00:00Z,1.0,0.3133333333333333,0.6149492240850771,0.4774220582579126
turbine_1,2025-12-25T18:00:00Z,2025-12-25T20:00:00Z,2.0,0.4516666666666666,0.6111912161823058,0.5484016955246773
turbine_1,2025-12-25T18:00:00Z,2025-12-25T21:00:00Z,3.0,0.64,0.7361773920488972,0.6027565473756169
turbine_1,2025-12-25T18:00:00Z,2025-12-25T22:00:00Z,4.0,0.2766666666666666,0.6958967545830232,0.6144738783193888
turbine_1,2025-12-25T18:00:00Z,2025-12-25T23:00:00Z,5.0,0.345,0.579048591747028,0.5959432619292577
turbine_1,2025-12-25T18:00:00Z,2025-12-26T00:00:00Z,6.0,0.235,0.13257541286271468,0.16457225581852522
turbine_1,2025-12-25T18:00:00Z,2025-12-26T01:00:00Z,7.0,0.12,0.08053532758634348,0.15409837972237345
turbine_1,2025-12-25T18:00:00Z,2025-12-26T02:00:00Z,8.0,0.0516666666666666,0.024624527525785533,0.031188467287061067
turbine_1,2025-12-25T18:00:00Z,2025-12-26T03:00:00Z,9.0,0.0266666666666666,0.01075512512821214,0.01384572164287548
turbine_1,2025-12-25T18:00:00Z,2025-12-26T04:00:00Z,10.0,0.0166666666666666,0.023335016098611994,0.022625717970316095
turbine_1,2025-12-25T18:00:00Z,2025-12-26T05:00:00Z,11.0,0.1566666666666666,0.06279432756606673,0.03849848291938754
turbine_1,2025-12-25T18:00:00Z,2025-12-26T06:00:00Z,12.0,0.0583333333333333,0.12060008628646297,0.0893537206710011
turbine_1,2025-12-25T18:00:00Z,2025-12-26T07:00:00Z,13.0,0.0833333333333333,0.33881523283888937,0.2867148720895598
turbine_1,2025-12-25T18:00:00Z,2025-12-26T08:00:00Z,14.0,0.2316666666666666,0.4051075860327961,0.4193510889678612
turbine_1,2025-12-25T18:00:00Z,2025-12-26T09:00:00Z,15.0,0.8283333333333333,0.6336750032745606,0.6392327060064704
turbine_1,2025-12-25T18:00:00Z,2025-12-26T10:00:00Z,16.0,0.9916666666666668,0.8049044528430364,0.7728971237458513
turbine_1,2025-12-25T18:00:00Z,2025-12-26T11:00:00Z,17.0,0.99,0.8780566371505509,0.8311693758506604
turbine_1,2025-12-25T18:00:00Z,2025-12-26T12:00:00Z,18.0,0.99,0.8619268732820754,0.8318709518667822
turbine_1,2025-12-25T18:00:00Z,2025-12-26T13:00:00Z,19.0,0.9633333333333334,0.8474186751552681,0.7808640101507252
turbine_1,2025-12-25T18:00:00Z,2025-12-26T14:00:00Z,20.0,0.7366666666666667,0.7178792774129553,0.6680951810362917
turbine_1,2025-12-25T18:00:00Z,2025-12-26T15:00:00Z,21.0,0.8516666666666666,0.6465022591225862,0.591980611997363
turbine_1,2025-12-25T18:00:00Z,2025-12-26T16:00:00Z,22.0,0.3883333333333333,0.6960799338763689,0.6796866452107035
turbine_1,2025-12-25T18:00:00Z,2025-12-26T17:00:00Z,23.0,0.2916666666666667,0.5378482280646026,0.5249730617986657
turbine_1,2025-12-25T18:00:00Z,2025-12-26T18:00:00Z,24.0,0.2133333333333333,0.2680024298208036,0.20176634064899449
turbine_1,2025-12-25T18:00:00Z,2025-12-26T19:00:00Z,25.0,0.2533333333333333,0.120591563596295,0.1244796233705686
turbine_1,2025-12-25T18:00:00Z,2025-12-26T20:00:00Z,26.0,0.18,0.027337924360788413,0.027209350016929645
turbine_1,2025-12-25T18:00:00Z,2025-12-26T21:00:00Z,27.0,0.2016666666666666,0.016647601288784675,0.016333164757130092
turbine_1,2025-12-25T18:00:00Z,2025-12-26T22:00:00Z,28.0,0.1383333333333333,0.011962135623280856,0.013280825225989445
turbine_1,2025-12-25T18:00:00Z,2025-12-26T23:00:00Z,29.0,0.0183333333333333,0.030096200627248743,0.033219356564867714
turbine_1,2025-12-25T18:00:00Z,2025-12-27T00:00:00Z,30.0,0.0416666666666666,0.23300672774823883,0.31821040094255504
turbine_1,2025-12-25T18:00:00Z,2025-12-27T01:00:00Z,31.0,0.1183333333333333,0.5206011431600677,0.4861353355267823
turbine_1,2025-12-25T18:00:00Z,2025-12-27T02:00:00Z,32.0,0.2233333333333333,0.5956050119672324,0.5268961453900458
turbine_1,2025-12-25T18:00:00Z,2025-12-27T03:00:00Z,33.0,0.2066666666666666,0.816792148401478,0.800962539483056
turbine_1,2025-12-25T18:00:00Z,2025-12-27T04:00:00Z,34.0,0.255,0.9563080250734801,0.9110382581905414
turbine_1,2025-12-25T18:00:00Z,2025-12-27T05:00:00Z,35.0,0.7483333333333334,0.9783757558657742,0.9242072374504047
turbine_1,2025-12-25T18:00:00Z,2025-12-27T06:00:00Z,36.0,0.97,0.9744897613288082,0.9686123230070619
turbine_1,2025-12-25T18:00:00Z,2025-12-27T07:00:00Z,37.0,0.9066666666666666,0.9758949792208171,0.9687420104225672
turbine_1,2025-12-25T18:00:00Z,2025-12-27T08:00:00Z,38.0,0.9116666666666666,0.9809925176692778,0.9618082931690056
turbine_1,2025-12-25T18:00:00Z,2025-12-27T09:00:00Z,39.0,0.925,1.0,0.9596048153102018
turbine_1,2025-12-25T18:00:00Z,2025-12-27T10:00:00Z,40.0,0.9133333333333334,0.970276085959491,0.9930659062655055
turbine_1,2025-12-25T18:00:00Z,2025-12-27T11:00:00Z,41.0,0.8733333333333334,0.9708769971069087,0.9337878645139635
turbine_1,2025-12-25T18:00:00Z,2025-12-27T12:00:00Z,42.0,0.95,0.7783282873633415,0.7903092784996898
turbine_1,2025-12-25T18:00:00Z,2025-12-27T13:00:00Z,43.0,0.9183333333333332,0.6412014288277416,0.580436032058703
turbine_1,2025-12-25T18:00:00Z,2025-12-27T14:00:00Z,44.0,0.6033333333333334,0.616736331162475,0.5409943928681014
turbine_1,2025-12-25T18:00:00Z,2025-12-27T15:00:00Z,45.0,0.27,0.62537500661582,0.5410914071588966
turbine_1,2025-12-25T18:00:00Z,2025-12-27T16:00:00Z,46.0,0.1516666666666666,0.5945988650040369,0.4695612837365251
turbine_1,2025-12-25T18:00:00Z,2025-12-27T17:00:00Z,47.0,0.3916666666666666,0.5958986004090964,0.5034823664201196
turbine_1,2025-12-25T18:00:00Z,2025-12-27T18:00:00Z,48.0,0.2783333333333333,0.5596724552499988,0.47951741856018676
turbine_1,2025-12-26T18:00:00Z,2025-12-26T19:00:00Z,1.0,0.2533333333333333,0.07415111399981018,0.08164232664500647
turbine_1,2025-12-26T18:00:00Z,2025-12-26T20:00:00Z,2.0,0.18,0.025399396569070476,0.0451007191791844
turbine_1,2025-12-26T18:00:00Z,2025-12-26T21:00:00Z,3.0,0.2016666666666666,0.017562976933727437,0.027502416394275142
turbine_1,2025-12-26T18:00:00Z,2025-12-26T22:00:00Z,4.0,0.1383333333333333,0.011490925672033414,0.017348295028093708
turbine_1,2025-12-26T18:00:00Z,2025-12-26T23:00:00Z,5.0,0.0183333333333333,0.02089549716656164,0.01789526052820209
turbine_1,2025-12-26T18:00:00Z,2025-12-27T00:00:00Z,6.0,0.0416666666666666,0.06148766004176373,0.05630675037389038
turbine_1,2025-12-26T18:00:00Z,2025-12-27T01:00:00Z,7.0,0.1183333333333333,0.23010804912567745,0.34465910592583704
turbine_1,2025-12-26T18:00:00Z,2025-12-27T02:00:00Z,8.0,0.2233333333333333,0.4240743513056052,0.445716381765724
turbine_1,2025-12-26T18:00:00Z,2025-12-27T03:00:00Z,9.0,0.2066666666666666,0.6408086264566479,0.6637444837506632
turbine_1,2025-12-26T18:00:00Z,2025-12-27T04:00:00Z,10.0,0.255,0.9567830801995817,0.9300858196225535
turbine_1,2025-12-26T18:00:00Z,2025-12-27T05:00:00Z,11.0,0.7483333333333334,0.9783757558657742,0.9370721211189745
turbine_1,2025-12-26T18:00:00Z,2025-12-27T06:00:00Z,12.0,0.97,0.973808364558608,0.9492324372235698
turbine_1,2025-12-26T18:00:00Z,2025-12-27T07:00:00Z,13.0,0.9066666666666666,0.9758949792208171,0.9639842619005874
turbine_1,2025-12-26T18:00:00Z,2025-12-27T08:00:00Z,14.0,0.9116666666666666,0.9806034264120619,0.9912036986238709
turbine_1,2025-12-26T18:00:00Z,2025-12-27T09:00:00Z,15.0,0.925,0.9819142731970044,0.9841784757029224
turbine_1,2025-12-26T18:00:00Z,2025-12-27T10:00:00Z,16.0,0.9133333333333334,0.8870125434147274,0.9286903003975606
turbine_1,2025-12-26T18:00:00Z,2025-12-27T11:00:00Z,17.0,0.8733333333333334,0.7978547440031395,0.8197947909504008
turbine_1,2025-12-26T18:00:00Z,2025-12-27T12:00:00Z,18.0,0.95,0.7191186375072748,0.7266138495656236
turbine_1,2025-12-26T18:00:00Z,2025-12-27T13:00:00Z,19.0,0.9183333333333332,0.5950093650508974,0.5799497172657897
turbine_1,2025-12-26T18:00:00Z,2025-12-27T14:00:00Z,20.0,0.6033333333333334,0.5195072844566769,0.4500812260595684
turbine_1,2025-12-26T18:00:00Z,2025-12-27T15:00:00Z,21.0,0.27,0.4410301611881381,0.3634805691316695
turbine_1,2025-12-26T18:00:00Z,2025-12-27T16:00:00Z,22.0,0.1516666666666666,0.42054497332233215,0.3679384223214094
turbine_1,2025-12-26T18:00:00Z,2025-12-27T17:00:00Z,23.0,0.3916666666666666,0.5249833390525691,0.38803092365227865
turbine_1,2025-12-26T18:00:00Z,2025-12-27T18:00:00Z,24.0,0.2783333333333333,0.5350586194941966,0.4298978496873037
turbine_1,2025-12-26T18:00:00Z,2025-12-27T19:00:00Z,25.0,0.73,0.5682904043694299,0.5405367751334755
turbine_1,2025-12-26T18:00:00Z,2025-12-27T20:00:00Z,26.0,0.5983333333333333,0.5675180498534783,0.5729802563344051
turbine_1,2025-12-26T18:00:00Z,2025-12-27T21:00:00Z,27.0,0.8816666666666667,0.6284772553857825,0.5747623471191667
turbine_1,2025-12-26T18:00:00Z,2025-12-27T22:00:00Z,28.0,0.9033333333333332,0.6326353073650718,0.5872189806510857
turbine_1,2025-12-26T18:00:00Z,2025-12-27T23:00:00Z,29.0,0.97,0.6532278789430428,0.6173887651222145
turbine_1,2025-12-26T18:00:00Z,2025-12-28T00:00:00Z,30.0,0.89,0.7218165291905141,0.7287712290575937
turbine_1,2025-12-26T18:00:00Z,2025-12-28T01:00:00Z,31.0,0.735,0.7698341289904467,0.7382935011124971
turbine_1,2025-12-26T18:00:00Z,2025-12-28T02:00:00Z,32.0,0.6333333333333333,0.8325639081358256,0.79149089045989
turbine_1,2025-12-26T18:00:00Z,2025-12-28T03:00:00Z,33.0,0.6733333333333333,0.845855311100364,0.836606008907434
turbine_1,2025-12-26T18:00:00Z,2025-12-28T04:00:00Z,34.0,0.52,0.9016146395454572,0.8284692641286557
turbine_1,2025-12-26T18:00:00Z,2025-12-28T05:00:00Z,35.0,0.6766666666666667,0.9761730370261488,0.8759064505539699
turbine_1,2025-12-26T18:00:00Z,2025-12-28T06:00:00Z,36.0,0.8383333333333334,0.9749648164549097,0.9090325990237332
turbine_1,2025-12-26T18:00:00Z,2025-12-28T07:00:00Z,37.0,0.87,0.9770514311171189,0.8751259363337397
turbine_1,2025-12-26T18:00:00Z,2025-12-28T08:00:00Z,38.0,0.8966666666666666,0.9821489695655795,0.9031572425339355
turbine_1,2025-12-26T18:00:00Z,2025-12-28T09:00:00Z,39.0,0.635,1.0,0.8677267517804265
turbine_1,2025-12-26T18:00:00Z,2025-12-28T10:00:00Z,40.0,0.8250000000000001,0.9612168741661848,0.7577776655990166
turbine_1,2025-12-26T18:00:00Z,2025-12-28T11:00:00Z,41.0,0.8450000000000001,0.9168559401920092,0.7816018060459163
turbine_1,2025-12-26T18:00:00Z,2025-12-28T12:00:00Z,42.0,0.96,0.9043877301900753,0.7688291446525357
turbine_1,2025-12-26T18:00:00Z,2025-12-28T13:00:00Z,43.0,0.6516666666666667,0.8411718524117555,0.753514462395491
turbine_1,2025-12-26T18:00:00Z,2025-12-28T14:00:00Z,44.0,0.83,0.9008100466665516,0.7710221958514651
turbine_1,2025-12-26T18:00:00Z,2025-12-28T15:00:00Z,45.0,0.5933333333333334,0.9128891482749338,0.7988778353330939
turbine_1,2025-12-26T18:00:00Z,2025-12-28T16:00:00Z,46.0,0.5533333333333333,0.8559027090824683,0.7102761560083376
turbine_1,2025-12-26T18:00:00Z,2025-12-28T17:00:00Z,47.0,0.2616666666666666,0.8847334275981806,0.7204051164986233
turbine_1,2025-12-26T18:00:00Z,2025-12-28T18:00:00Z,48.0,0.385,0.8620335402571077,0.7557246446418828
turbine_1,2025-12-27T18:00:00Z,2025-12-27T19:00:00Z,1.0,0.73,0.6300084773706678,0.5865476540734015
turbine_1,2025-12-27T18:00:00Z,2025-12-27T20:00:00Z,2.0,0.5983333333333333,0.6616760956441289,0.6133229282112785
turbine_1,2025-12-27T18:00:00Z,2025-12-27T21:00:00Z,3.0,0.8816666666666667,0.6513539031673877,0.588537184164885
turbine_1,2025-12-27T18:00:00Z,2025-12-27T22:00:00Z,4.0,0.9033333333333332,0.6877922811098249,0.6826756310727435
turbine_1,2025-12-27T18:00:00Z,2025-12-27T23:00:00Z,5.0,0.97,0.6858139615113206,0.6603940257529197
turbine_1,2025-12-27T18:00:00Z,2025-12-28T00:00:00Z,6.0,0.89,0.6866268518225639,0.6415668365015097
turbine_1,2025-12-27T18:00:00Z,2025-12-28T01:00:00Z,7.0,0.735,0.6865971996522164,0.6879251663851471
turbine_1,2025-12-27T18:00:00Z,2025-12-28T02:00:00Z,8.0,0.6333333333333333,0.7787606754642705,0.7452985911195491
turbine_1,2025-12-27T18:00:00Z,2025-12-28T03:00:00Z,9.0,0.6733333333333333,0.8930282513944053,0.8136168686377834
turbine_1,2025-12-27T18:00:00Z,2025-12-28T04:00:00Z,10.0,0.52,0.9393601641311037,0.8714067175511173
turbine_1,2025-12-27T18:00:00Z,2025-12-28T05:00:00Z,11.0,0.6766666666666667,0.9781723996140681,0.8717063600234539
turbine_1,2025-12-27T18:00:00Z,2025-12-28T06:00:00Z,12.0,0.8383333333333334,0.9749648164549097,0.8518459861969743
turbine_1,2025-12-27T18:00:00Z,2025-12-28T07:00:00Z,13.0,0.87,0.9770514311171189,0.8747708080830199
turbine_1,2025-12-27T18:00:00Z,2025-12-28T08:00:00Z,14.0,0.8966666666666666,0.9811430891469091,0.8833996830425017
turbine_1,2025-12-27T18:00:00Z,2025-12-28T09:00:00Z,15.0,0.635,1.0,0.8481198424721138
turbine_1,2025-12-27T18:00:00Z,2025-12-28T10:00:00Z,16.0,0.8250000000000001,0.9752226016259468,0.8023318579597324
turbine_1,2025-12-27T18:00:00Z,2025-12-28T11:00:00Z,17.0,0.8450000000000001,0.9168559401920092,0.7931068677450692
turbine_1,2025-12-27T18:00:00Z,2025-12-28T12:00:00Z,18.0,0.96,0.818930095457648,0.8070719567690592
turbine_1,2025-12-27T18:00:00Z,2025-12-28T13:00:00Z,19.0,0.6516666666666667,0.8246301208076903,0.7390787727846233
turbine_1,2025-12-27T18:00:00Z,2025-12-28T14:00:00Z,20.0,0.83,0.8250124289165313,0.7412012738673044
turbine_1,2025-12-27T18:00:00Z,2025-12-28T15:00:00Z,21.0,0.5933333333333334,0.7878212644042893,0.6892862055866391
turbine_1,2025-12-27T18:00:00Z,2025-12-28T16:00:00Z,22.0,0.5533333333333333,0.7151271687837716,0.6110856302719818
turbine_1,2025-12-27T18:00:00Z,2025-12-28T17:00:00Z,23.0,0.2616666666666666,0.6900836502619982,0.5998618157476621
turbine_1,2025-12-27T18:00:00Z,2025-12-28T18:00:00Z,24.0,0.385,0.2787876084724296,0.29100358107557056
turbine_1,2025-12-27T18:00:00Z,2025-12-28T19:00:00Z,25.0,0.3416666666666666,0.19908519948208325,0.1948749718224232
turbine_1,2025-12-27T18:00:00Z,2025-12-28T20:00:00Z,26.0,0.3416666666666666,0.13884501262516988,0.21421654061393103
turbine_1,2025-12-27T18:00:00Z,2025-12-28T21:00:00Z,27.0,0.36,0.12510029411831636,0.18980226923282634
turbine_1,2025-12-27T18:00:00Z,2025-12-28T22:00:00Z,28.0,0.2933333333333333,0.17722749846156008,0.22486451043425698
turbine_1,2025-12-27T18:00:00Z,2025-12-28T23:00:00Z,29.0,0.2783333333333333,0.16151941833993738,0.15963883864384648
turbine_1,2025-12-27T18:00:00Z,2025-12-29T00:00:00Z,30.0,0.31,0.24417927447746146,0.27330545421489627
turbine_1,2025-12-27T18:00:00Z,2025-12-29T01:00:00Z,31.0,0.4983333333333333,0.41156286086287674,0.43300211049895526
turbine_1,2025-12-27T18:00:00Z,2025-12-29T02:00:00Z,32.0,0.6583333333333333,0.5415573687406496,0.5200524957561201
turbine_1,2025-12-27T18:00:00Z,2025-12-29T03:00:00Z,33.0,0.8850000000000001,0.5022844352696406,0.47972149010620335
turbine_1,2025-12-27T18:00:00Z,2025-12-29T04:00:00Z,34.0,0.5499999999999999,0.6251946314707602,0.5701760268848437
turbine_1,2025-12-27T18:00:00Z,2025-12-29T05:00:00Z,35.0,0.295,0.8488128198923662,0.7505485926171159
turbine_1,2025-12-27T18:00:00Z,2025-12-29T06:00:00Z,36.0,0.225,0.9392707662662864,0.8048097482468128
turbine_1,2025-12-27T18:00:00Z,2025-12-29T07:00:00Z,37.0,0.6133333333333333,0.9709278471601692,0.9071160161127697
turbine_1,2025-12-27T18:00:00Z,2025-12-29T08:00:00Z,38.0,0.4666666666666666,0.824274459485383,0.7252081507619125
turbine_1,2025-12-27T18:00:00Z,2025-12-29T09:00:00Z,39.0,0.7599999999999999,0.6859908585448621,0.6043927462673435
turbine_1,2025-12-27T18:00:00Z,2025-12-29T10:00:00Z,40.0,0.9333333333333332,0.6020652959143996,0.4397623896299685
turbine_1,2025-12-27T18:00:00Z,2025-12-29T11:00:00Z,41.0,0.9566666666666668,0.638110685893524,0.450795923377776
turbine_1,2025-12-27T18:00:00Z,2025-12-29T12:00:00Z,42.0,0.9883333333333332,0.6709493132407046,0.5326125170660512
turbine_1,2025-12-27T18:00:00Z,2025-12-29T13:00:00Z,43.0,0.99,0.7536309553593431,0.6365627583824671
turbine_1,2025-12-27T18:00:00Z,2025-12-29T14:00:00Z,44.0,0.99,0.7377529297036632,0.6170868939156158
turbine_1,2025-12-27T18:00:00Z,2025-12-29T15:00:00Z,45.0,0.99,0.8637483867977576,0.7514459821673282
turbine_1,2025-12-27T18:00:00Z,2025-12-29T16:00:00Z,46.0,0.99,0.8794078362573244,0.7314410035821969
turbine_1,2025-12-27T18:00:00Z,2025-12-29T17:00:00Z,47.0,0.99,0.9600173858065028,0.8001445995261858
turbine_1,2025-12-27T18:00:00Z,2025-12-29T18:00:00Z,48.0,0.99,0.9417015845091391,0.7523484788606951
turbine_1,2025-12-28T18:00:00Z,2025-12-28T19:00:00Z,1.0,0.3416666666666666,0.11106705321668935,0.19443285103228022
turbine_1,2025-12-28T18:00:00Z,2025-12-28T20:00:00Z,2.0,0.3416666666666666,0.0804218617585092,0.11293874006353824
turbine_1,2025-12-28T18:00:00Z,2025-12-28T21:00:00Z,3.0,0.36,0.171453706981211,0.27203942454083246
turbine_1,2025-12-28T18:00:00Z,2025-12-28T22:00:00Z,4.0,0.2933333333333333,0.1468859461607485,0.18000572383467162
turbine_1,2025-12-28T18:00:00Z,2025-12-28T23:00:00Z,5.0,0.2783333333333333,0.23674290557468236,0.31989475547688817
turbine_1,2025-12-28T18:00:00Z,2025-12-29T00:00:00Z,6.0,0.31,0.45163028259262644,0.4765380188439321
turbine_1,2025-12-28T18:00:00Z,2025-12-29T01:00:00Z,7.0,0.4983333333333333,0.4852688769277741,0.4985525035285967
turbine_1,2025-12-28T18:00:00Z,2025-12-29T02:00:00Z,8.0,0.6583333333333333,0.607926294934357,0.5832340629250665
turbine_1,2025-12-28T18:00:00Z,2025-12-29T03:00:00Z,9.0,0.8850000000000001,0.7065471150698714,0.6616071867156416
turbine_1,2025-12-28T18:00:00Z,2025-12-29T04:00:00Z,10.0,0.5499999999999999,0.7781310497176872,0.7126464579529445
turbine_1,2025-12-28T18:00:00Z,2025-12-29T05:00:00Z,11.0,0.295,0.9212556016397637,0.825132111546743
turbine_1,2025-12-28T18:00:00Z,2025-12-29T06:00:00Z,12.0,0.225,0.9722870424891827,0.8713726353818967
turbine_1,2025-12-28T18:00:00Z,2025-12-29T07:00:00Z,13.0,0.6133333333333333,0.973341438892084,0.8738579362057239
turbine_1,2025-12-28T18:00:00Z,2025-12-29T08:00:00Z,14.0,0.4666666666666666,0.980066022908654,0.8783107006663025
turbine_1,2025-12-28T18:00:00Z,2025-12-29T09:00:00Z,15.0,0.7599999999999999,0.9121479036791008,0.819969954334038
turbine_1,2025-12-28T18:00:00Z,2025-12-29T10:00:00Z,16.0,0.9333333333333332,0.8909868345741153,0.8230551556602029
turbine_1,2025-12-28T18:00:00Z,2025-12-29T11:00:00Z,17.0,0.9566666666666668,0.8443869673716827,0.8058773137897667
turbine_1,2025-12-28T18:00:00Z,2025-12-29T12:00:00Z,18.0,0.9883333333333332,0.8520328284286268,0.7480299245584006
turbine_1,2025-12-28T18:00:00Z,2025-12-29T13:00:00Z,19.0,0.99,0.8984867377101633,0.7801214647489841
turbine_1,2025-12-28T18:00:00Z,2025-12-29T14:00:00Z,20.0,0.99,0.9120262700968681,0.8913972310433521
turbine_1,2025-12-28T18:00:00Z,2025-12-29T15:00:00Z,21.0,0.99,0.9418922471511956,0.9136392629937367
turbine_1,2025-12-28T18:00:00Z,2025-12-29T16:00:00Z,22.0,0.99,0.9576183184228843,0.8377872881584608
turbine_1,2025-12-28T18:00:00Z,2025-12-29T17:00:00Z,23.0,0.99,0.9905348930935054,0.9051409887512571
turbine_1,2025-12-28T18:00:00Z,2025-12-29T18:00:00Z,24.0,0.99,0.9718326495463305,0.8797528753361928
turbine_1,2025-12-28T18:00:00Z,2025-12-29T19:00:00Z,25.0,0.99,0.9740128641863245,0.8795637806222801
turbine_1,2025-12-28T18:00:00Z,2025-12-29T20:00:00Z,26.0,0.99,0.9652736980012263,0.873932861480497
turbine_1,2025-12-28T18:00:00Z,2025-12-29T21:00:00Z,27.0,0.99,0.9687448781045161,0.8743073447100814
turbine_1,2025-12-28T18:00:00Z,2025-12-29T22:00:00Z,28.0,0.99,0.949878309671521,0.8744731335418786
turbine_1,2025-12-28T18:00:00Z,2025-12-29T23:00:00Z,29.0,0.99,0.951954996807466,0.893889333083212
turbine_1,2025-12-28T18:00:00Z,2025-12-30T00:00:00Z,30.0,0.99,0.9495258057481565,0.9055555385030538
turbine_1,2025-12-28T18:00:00Z,2025-12-30T01:00:00Z,31.0,0.99,0.9493789839906349,0.8959957614472275
turbine_1,2025-12-28T18:00:00Z,2025-12-30T02:00:00Z,32.0,0.9866666666666668,0.9463823175512249,0.905370823147349
turbine_1,2025-12-28T18:00:00Z,2025-12-30T03:00:00Z,33.0,0.8649999999999999,0.9547253153965929,0.9051298777933798
turbine_1,2025-12-28T18:00:00Z,2025-12-30T04:00:00Z,34.0,0.945,0.9393601641311037,0.9026346297458154
turbine_1,2025-12-28T18:00:00Z,2025-12-30T05:00:00Z,35.0,0.9716666666666668,0.4282415449000405,0.39928550414764397
turbine_1,2025-12-28T18:00:00Z,2025-12-30T06:00:00Z,36.0,0.9283333333333332,0.2624474125503016,0.4078193062994202
turbine_1,2025-12-28T18:00:00Z,2025-12-30T07:00:00Z,37.0,0.99,0.22099061159129021,0.3263214911273229
turbine_1,2025-12-28T18:00:00Z,2025-12-30T08:00:00Z,38.0,0.9516666666666668,0.2708231840857571,0.34842141353017686
turbine_1,2025-12-28T18:00:00Z,2025-12-30T09:00:00Z,39.0,0.99,0.2920467163011713,0.4130753886262667
turbine_1,2025-12-28T18:00:00Z,2025-12-30T10:00:00Z,40.0,0.9883333333333332,0.1303938800491018,0.27561209280908916
turbine_1,2025-12-28T18:00:00Z,2025-12-30T11:00:00Z,41.0,0.99,0.1361931792371544,0.22166136408208595
turbine_1,2025-12-28T18:00:00Z,2025-12-30T12:00:00Z,42.0,0.99,0.2752743570644617,0.29607909532515164
turbine_1,2025-12-28T18:00:00Z,2025-12-30T13:00:00Z,43.0,0.96,0.4201422376595051,0.4860444040203171
turbine_1,2025-12-28T18:00:00Z,2025-12-30T14:00:00Z,44.0,0.9566666666666668,0.7188774710165777,0.8186235300308643
turbine_1,2025-12-28T18:00:00Z,2025-12-30T15:00:00Z,45.0,0.5883333333333334,0.6614589398110058,0.6267085261872449
turbine_1,2025-12-28T18:00:00Z,2025-12-30T16:00:00Z,46.0,0.745,0.6844770882152403,0.5446404221749904
turbine_1,2025-12-28T18:00:00Z,2025-12-30T17:00:00Z,47.0,0.6533333333333333,0.6851155327951127,0.6593264886378603
turbine_1,2025-12-28T18:00:00Z,2025-12-30T18:00:00Z,48.0,0.8583333333333334,0.467861520815028,0.36186070057116804
turbine_1,2025-12-29T18:00:00Z,2025-12-29T19:00:00Z,1.0,0.99,0.9740128641863245,0.8493897912995134
turbine_1,2025-12-29T18:00:00Z,2025-12-29T20:00:00Z,2.0,0.99,0.9652736980012263,0.8067244208550766
turbine_1,2025-12-29T18:00:00Z,2025-12-29T21:00:00Z,3.0,0.99,0.9687448781045161,0.9029519467651042
turbine_1,2025-12-29T18:00:00Z,2025-12-29T22:00:00Z,4.0,0.99,0.949878309671521,0.8528306652810176
turbine_1,2025-12-29T18:00:00Z,2025-12-29T23:00:00Z,5.0,0.99,0.951954996807466,0.8839070837937256
turbine_1,2025-12-29T18:00:00Z,2025-12-30T00:00:00Z,6.0,0.99,0.9495258057481565,0.8840953797122545
turbine_1,2025-12-29T18:00:00Z,2025-12-30T01:00:00Z,7.0,0.99,0.9500573953684426,0.9067978705889067
turbine_1,2025-12-29T18:00:00Z,2025-12-30T02:00:00Z,8.0,0.9866666666666668,0.9463823175512249,0.9031564207814498
turbine_1,2025-12-29T18:00:00Z,2025-12-30T03:00:00Z,9.0,0.8649999999999999,0.954465294972763,0.8985056056946257
turbine_1,2025-12-29T18:00:00Z,2025-12-30T04:00:00Z,10.0,0.945,0.8466793332194692,0.8051015126351796
turbine_1,2025-12-29T18:00:00Z,2025-12-30T05:00:00Z,11.0,0.9716666666666668,0.4053564096817377,0.47826459508462904
turbine_1,2025-12-29T18:00:00Z,2025-12-30T06:00:00Z,12.0,0.9283333333333332,0.2172580841855957,0.3276919710418481
turbine_1,2025-12-29T18:00:00Z,2025-12-30T07:00:00Z,13.0,0.99,0.1729448321235134,0.28407563015965775
turbine_1,2025-12-29T18:00:00Z,2025-12-30T08:00:00Z,14.0,0.9516666666666668,0.1975032669269573,0.222967220164117
turbine_1,2025-12-29T18:00:00Z,2025-12-30T09:00:00Z,15.0,0.99,0.12397486861995946,0.10634302295854216
turbine_1,2025-12-29T18:00:00Z,2025-12-30T10:00:00Z,16.0,0.9883333333333332,0.09135017595356151,0.12265616014960111
turbine_1,2025-12-29T18:00:00Z,2025-12-30T11:00:00Z,17.0,0.99,0.10145683216425083,0.0990883083040044
turbine_1,2025-12-29T18:00:00Z,2025-12-30T12:00:00Z,18.0,0.99,0.09128038491469939,0.08380459184327045
turbine_1,2025-12-29T18:00:00Z,2025-12-30T13:00:00Z,19.0,0.96,0.09914220710123943,0.0957914366389469
turbine_1,2025-12-29T18:00:00Z,2025-12-30T14:00:00Z,20.0,0.9566666666666668,0.1695916379611231,0.19124436793444224
turbine_1,2025-12-29T18:00:00Z,2025-12-30T15:00:00Z,21.0,0.5883333333333334,0.34116183049594706,0.39677502555896815
turbine_1,2025-12-29T18:00:00Z,2025-12-30T16:00:00Z,22.0,0.745,0.3017079559413343,0.3196145709242121
turbine_1,2025-12-29T18:00:00Z,2025-12-30T17:00:00Z,23.0,0.6533333333333333,0.2955862880438225,0.2927655350477959
turbine_1,2025-12-29T18:00:00Z,2025-12-30T18:00:00Z,24.0,0.8583333333333334,0.5033710888802261,0.34877594384269117
turbine_1,2025-12-29T18:00:00Z,2025-12-30T19:00:00Z,25.0,0.395,0.43556162059020126,0.35040637120610063
turbine_1,2025-12-29T18:00:00Z,2025-12-30T20:00:00Z,26.0,0.2566666666666666,0.37766536025384306,0.3159509015351274
turbine_1,2025-12-29T18:00:00Z,2025-12-30T21:00:00Z,27.0,0.1383333333333333,0.1624491341059272,0.2371817875639222
turbine_1,2025-12-29T18:00:00Z,2025-12-30T22:00:00Z,28.0,0.0183333333333333,0.11350025037611995,0.18864984724430744
turbine_1,2025-12-29T18:00:00Z,2025-12-30T23:00:00Z,29.0,0.01,0.04805396385832808,0.04446699331691928
turbine_1,2025-12-29T18:00:00Z,2025-12-31T00:00:00Z,30.0,0.01,0.02136837445881848,0.05792731978210616
turbine_1,2025-12-29T18:00:00Z,2025-12-31T01:00:00Z,31.0,0.1583333333333333,0.030382077779198158,0.038329822513004735
turbine_1,2025-12-29T18:00:00Z,2025-12-31T02:00:00Z,32.0,0.2583333333333333,0.01537454842722552,0.025080118427791426
turbine_1,2025-12-29T18:00:00Z,2025-12-31T03:00:00Z,33.0,0.735,0.017424732986119074,0.015317104314998303
turbine_1,2025-12-29T18:00:00Z,2025-12-31T04:00:00Z,34.0,0.2033333333333333,0.014565011331320654,0.015052882531990386
turbine_1,2025-12-29T18:00:00Z,2025-12-31T05:00:00Z,35.0,0.11,0.03200770221888649,0.033146124913682073
turbine_1,2025-12-29T18:00:00Z,2025-12-31T06:00:00Z,36.0,0.08,0.05938734058931494,0.043754276699576794
turbine_1,2025-12-29T18:00:00Z,2025-12-31T07:00:00Z,37.0,0.165,0.06232788786221438,0.05938812074078506
turbine_1,2025-12-29T18:00:00Z,2025-12-31T08:00:00Z,38.0,0.3233333333333333,0.09307400022714096,0.10446020991650515
turbine_1,2025-12-29T18:00:00Z,2025-12-31T09:00:00Z,39.0,0.1,0.08474313222839067,0.10277779331186546
turbine_1,2025-12-29T18:00:00Z,2025-12-31T10:00:00Z,40.0,0.01,0.11861381937179605,0.128466460492598
turbine_1,2025-12-29T18:00:00Z,2025-12-31T11:00:00Z,41.0,0.01,0.1433786406275965,0.1644006002152151
turbine_1,2025-12-29T18:00:00Z,2025-12-31T12:00:00Z,42.0,0.04,0.16271164714190559,0.17691047036764238
turbine_1,2025-12-29T18:00:00Z,2025-12-31T13:00:00Z,43.0,0.0516666666666666,0.154236256246304,0.1652635626881614
turbine_1,2025-12-29T18:00:00Z,2025-12-31T14:00:00Z,44.0,0.0233333333333333,0.23070464585717493,0.2382059384624965
turbine_1,2025-12-29T18:00:00Z,2025-12-31T15:00:00Z,45.0,0.0283333333333333,0.22547694481496122,0.17517162940935588
turbine_1,2025-12-29T18:00:00Z,2025-12-31T16:00:00Z,46.0,0.0316666666666666,0.18465614008186942,0.15179039578740863
turbine_1,2025-12-30T18:00:00Z,2025-12-30T19:00:00Z,1.0,0.395,0.19860383404881607,0.18485379719685419
turbine_1,2025-12-30T18:00:00Z,2025-12-30T20:00:00Z,2.0,0.2566666666666666,0.15021993510967746,0.20175558647807215
turbine_1,2025-12-30T18:00:00Z,2025-12-30T21:00:00Z,3.0,0.1383333333333333,0.06349657983589269,0.0857435765636782
turbine_1,2025-12-30T18:00:00Z,2025-12-30T22:00:00Z,4.0,0.0183333333333333,0.025164351778163063,0.027918814865065644
turbine_1,2025-12-30T18:00:00Z,2025-12-30T23:00:00Z,5.0,0.01,0.023357621777481075,0.023078017828223357
turbine_1,2025-12-30T18:00:00Z,2025-12-31T00:00:00Z,6.0,0.01,0.018184287471353422,0.013976377342835078
turbine_1,2025-12-30T18:00:00Z,2025-12-31T01:00:00Z,7.0,0.1583333333333333,0.013914825189225377,0.013700759675445123
turbine_1,2025-12-30T18:00:00Z,2025-12-31T02:00:00Z,8.0,0.2583333333333333,0.012484438182025936,0.015644917744402353
turbine_1,2025-12-30T18:00:00Z,2025-12-31T03:00:00Z,9.0,0.735,0.01075512512821214,0.013504792895133205
turbine_1,2025-12-30T18:00:00Z,2025-12-31T04:00:00Z,10.0,0.2033333333333333,0.012585320732833638,0.014273783022785924
turbine_1,2025-12-30T18:00:00Z,2025-12-31T05:00:00Z,11.0,0.11,0.03167274055392172,0.022032514710939644
turbine_1,2025-12-30T18:00:00Z,2025-12-31T06:00:00Z,12.0,0.08,0.05252783570636832,0.06529792493700762
turbine_1,2025-12-30T18:00:00Z,2025-12-31T07:00:00Z,13.0,0.165,0.08508499308598005,0.08689794573745448
turbine_1,2025-12-30T18:00:00Z,2025-12-31T08:00:00Z,14.0,0.3233333333333333,0.20780081037978707,0.16576014094722022
turbine_1,2025-12-30T18:00:00Z,2025-12-31T09:00:00Z,15.0,0.1,0.3076251936994361,0.2704860515342139
turbine_1,2025-12-30T18:00:00Z,2025-12-31T10:00:00Z,16.0,0.01,0.24386556036109724,0.2865925817009847
turbine_1,2025-12-30T18:00:00Z,2025-12-31T11:00:00Z,17.0,0.01,0.3575837380164513,0.34968983581089685
turbine_1,2025-12-30T18:00:00Z,2025-12-31T12:00:00Z,18.0,0.04,0.33859947947135605,0.30877533435888666
turbine_1,2025-12-30T18:00:00Z,2025-12-31T13:00:00Z,19.0,0.0516666666666666,0.45121755548861214,0.3454959029101228
turbine_1,2025-12-30T18:00:00Z,2025-12-31T14:00:00Z,20.0,0.0233333333333333,0.5842039084215136,0.45249231021123437
turbine_1,2025-12-30T18:00:00Z,2025-12-31T15:00:00Z,21.0,0.0283333333333333,0.5450928038015659,0.36542731594563904
turbine_1,2025-12-30T18:00:00Z,2025-12-31T16:00:00Z,22.0,0.0316666666666666,0.3315112662544595,0.27424035501098576
