site_id,forecast_origin,target_time,lead_hours,actual,incumbent_prediction,candidate_prediction
turbine_1,2025-12-31T18:00:00Z,2025-12-31T19:00:00Z,1.0,0.015,0.015281653793073557,0.04046118279227173
turbine_1,2025-12-31T18:00:00Z,2025-12-31T20:00:00Z,2.0,0.16,0.029292638510639762,0.023355755382924642
turbine_1,2025-12-31T18:00:00Z,2025-12-31T21:00:00Z,3.0,0.6366666666666667,0.05912816423834805,0.043850090265547564
turbine_1,2025-12-31T18:00:00Z,2025-12-31T22:00:00Z,4.0,0.9883333333333332,0.08589629917740413,0.0939017800021644
turbine_1,2025-12-31T18:00:00Z,2025-12-31T23:00:00Z,5.0,0.99,0.5615692400281724,0.6421434326596088
turbine_1,2025-12-31T18:00:00Z,2026-01-01T00:00:00Z,6.0,0.9883333333333332,0.923684063549805,0.9295817053798813
turbine_1,2025-12-31T18:00:00Z,2026-01-01T01:00:00Z,7.0,0.9566666666666668,0.8940117511922336,0.9086421163639438
turbine_1,2025-12-31T18:00:00Z,2026-01-01T02:00:00Z,8.0,0.8266666666666667,0.8568562332208688,0.8157635160447413
turbine_1,2025-12-31T18:00:00Z,2026-01-01T03:00:00Z,9.0,0.5716666666666667,0.7184001838255657,0.7088305232033564
turbine_1,2025-12-31T18:00:00Z,2026-01-01T04:00:00Z,10.0,0.4083333333333334,0.5737825989883374,0.6282919787811736
turbine_1,2025-12-31T18:00:00Z,2026-01-01T05:00:00Z,11.0,0.3366666666666666,0.45679301946225104,0.38501904181112767
turbine_1,2025-12-31T18:00:00Z,2026-01-01T06:00:00Z,12.0,0.115,0.2515646431173009,0.17511091118192246
turbine_1,2025-12-31T18:00:00Z,2026-01-01T07:00:00Z,13.0,0.045,0.13434594871167155,0.10783054664921349
turbine_1,2025-12-31T18:00:00Z,2026-01-01T08:00:00Z,14.0,0.065,0.05015060328371368,0.03417392297293406
turbine_1,2025-12-31T18:00:00Z,2026-01-01T09:00:00Z,15.0,0.0183333333333333,0.02539527163465488,0.023171915412245198
turbine_1,2025-12-31T18:00:00Z,2026-01-01T10:00:00Z,16.0,0.01,0.03114008162934262,0.04048451158201269
turbine_1,2025-12-31T18:00:00Z,2026-01-01T11:00:00Z,17.0,0.01,0.058852537911477126,0.041880331488322764
turbine_1,2025-12-31T18:00:00Z,2026-01-01T12:00:00Z,18.0,0.0116666666666666,0.1095809652733183,0.08947292248111013
turbine_1,2025-12-31T18:00:00Z,2026-01-01T13:00:00Z,19.0,0.0233333333333333,0.1683600780899437,0.1339065416962346
turbine_1,2025-12-31T18:00:00Z,2026-01-01T14:00:00Z,20.0,0.02,0.23603285104720195,0.18070212364999
turbine_1,2025-12-31T18:00:00Z,2026-01-01T15:00:00Z,21.0,0.0733333333333333,0.221936835960305,0.17754408123404497
turbine_1,2025-12-31T18:00:00Z,2026-01-01T16:00:00Z,22.0,0.0766666666666666,0.21728660364859084,0.22397301324411345
turbine_1,2025-12-31T18:00:00Z,2026-01-01T17:00:00Z,23.0,0.0433333333333333,0.19454125677559286,0.25005306255518583
turbine_1,2025-12-31T18:00:00Z,2026-01-01T18:00:00Z,24.0,0.01,0.12877575918448114,0.1326684637755507
turbine_1,2025-12-31T18:00:00Z,2026-01-01T19:00:00Z,25.0,0.0116666666666666,0.10573385153902598,0.12829288447602044
turbine_1,2025-12-31T18:00:00Z,2026-01-01T20:00:00Z,26.0,0.01,0.07489508985694376,0.09010361954334675
turbine_1,2025-12-31T18:00:00Z,2026-01-01T21:00:00Z,27.0,0.01,0.053077061432460604,0.056354647938561875
turbine_1,2025-12-31T18:00:00Z,2026-01-01T22:00:00Z,28.0,0.0116666666666666,0.050531025896140946,0.03651012149724811
turbine_1,2025-12-31T18:00:00Z,2026-01-01T23:00:00Z,29.0,0.01,0.03821198280640786,0.03743984694899288
turbine_1,2025-12-31T18:00:00Z,2026-01-02T00:00:00Z,30.0,0.01,0.05954758557125803,0.06013342300210117
turbine_1,2025-12-31T18:00:00Z,2026-01-02T01:00:00Z,31.0,0.01,0.061602506202736884,0.05389434340701149
turbine_1,2025-12-31T18:00:00Z,2026-01-02T02:00:00Z,32.0,0.01,0.07686072815962966,0.06927198930798956
turbine_1,2025-12-31T18:00:00Z,2026-01-02T03:00:00Z,33.0,0.01,0.08245946869735485,0.08293206270092549
turbine_1,2025-12-31T18:00:00Z,2026-01-02T04:00:00Z,34.0,0.075,0.13614909078225873,0.06499552210993317
turbine_1,2025-12-31T18:00:00Z,2026-01-02T05:00:00Z,35.0,0.2799999999999999,0.254715257700456,0.20098322750024283
turbine_1,2025-12-31T18:00:00Z,2026-01-02T06:00:00Z,36.0,0.4049999999999999,0.4067214234601858,0.3382499780606346
turbine_1,2025-12-31T18:00:00Z,2026-01-02T07:00:00Z,37.0,0.6466666666666666,0.49439552290253513,0.37843603649294255
turbine_1,2025-12-31T18:00:00Z,2026-01-02T08:00:00Z,38.0,0.8433333333333334,0.44151815290878427,0.3569142083841501
turbine_1,2025-12-31T18:00:00Z,2026-01-02T09:00:00Z,39.0,0.71,0.31860443994334864,0.2479936797836539
turbine_1,2025-12-31T18:00:00Z,2026-01-02T10:00:00Z,40.0,0.5750000000000001,0.28992934128706044,0.17275638517930705
turbine_1,2025-12-31T18:00:00Z,2026-01-02T11:00:00Z,41.0,0.4233333333333333,0.19636720680649636,0.14546732799471435
turbine_1,2025-12-31T18:00:00Z,2026-01-02T12:00:00Z,42.0,0.3583333333333333,0.16511676513840035,0.1770635827551511
turbine_1,2025-12-31T18:00:00Z,2026-01-02T13:00:00Z,43.0,0.425,0.163805334725606,0.13089698365235847
turbine_1,2025-12-31T18:00:00Z,2026-01-02T14:00:00Z,44.0,0.445,0.17015797909427896,0.1299327556440178
turbine_1,2025-12-31T18:00:00Z,2026-01-02T15:00:00Z,45.0,0.6083333333333333,0.1917150477629696,0.14735210554151662
turbine_1,2025-12-31T18:00:00Z,2026-01-02T16:00:00Z,46.0,0.875,0.19845490295542012,0.181878513541828
turbine_1,2025-12-31T18:00:00Z,2026-01-02T17:00:00Z,47.0,0.605,0.2676813374750491,0.23998726765158457
turbine_1,2025-12-31T18:00:00Z,2026-01-02T18:00:00Z,48.0,0.3166666666666666,0.30056728592903836,0.28543137319581047
turbine_1,2026-01-01T18:00:00Z,2026-01-01T19:00:00Z,1.0,0.0116666666666666,0.12331648988545052,0.13319325734864398
turbine_1,2026-01-01T18:00:00Z,2026-01-01T20:00:00Z,2.0,0.01,0.0989696210383729,0.09875851537655439
turbine_1,2026-01-01T18:00:00Z,2026-01-01T21:00:00Z,3.0,0.01,0.08290005700636488,0.11838123113840537
turbine_1,2026-01-01T18:00:00Z,2026-01-01T22:00:00Z,4.0,0.0116666666666666,0.08322876330928647,0.10604802670663754
turbine_1,2026-01-01T18:00:00Z,2026-01-01T23:00:00Z,5.0,0.01,0.06571915982740356,0.0806307397977534
turbine_1,2026-01-01T18:00:00Z,2026-01-02T00:00:00Z,6.0,0.01,0.037681283192911946,0.06084307462843741
turbine_1,2026-01-01T18:00:00Z,2026-01-02T01:00:00Z,7.0,0.01,0.031111678700190715,0.0345065519971397
turbine_1,2026-01-01T18:00:00Z,2026-01-02T02:00:00Z,8.0,0.01,0.025860591653014825,0.029408178303656857
turbine_1,2026-01-01T18:00:00Z,2026-01-02T03:00:00Z,9.0,0.01,0.03426350580823978,0.03986473457835099
turbine_1,2026-01-01T18:00:00Z,2026-01-02T04:00:00Z,10.0,0.075,0.07155537423197533,0.1043148276241947
turbine_1,2026-01-01T18:00:00Z,2026-01-02T05:00:00Z,11.0,0.2799999999999999,0.1470847746395465,0.0954069300673874
turbine_1,2026-01-01T18:00:00Z,2026-01-02T06:00:00Z,12.0,0.4049999999999999,0.21153954647363288,0.11851040728618634
turbine_1,2026-01-01T18:00:00Z,2026-01-02T07:00:00Z,13.0,0.6466666666666666,0.2615908298421901,0.2022019595690234
turbine_1,2026-01-01T18:00:00Z,2026-01-02T08:00:00Z,14.0,0.8433333333333334,0.2636319585141818,0.19751922784754422
turbine_1,2026-01-01T18:00:00Z,2026-01-02T09:00:00Z,15.0,0.71,0.26038667914484204,0.16806903733559017
turbine_1,2026-01-01T18:00:00Z,2026-01-02T10:00:00Z,16.0,0.5750000000000001,0.21750030363753642,0.1272270929214261
turbine_1,2026-01-01T18:00:00Z,2026-01-02T11:00:00Z,17.0,0.4233333333333333,0.16733623868385067,0.13041825275825392
turbine_1,2026-01-01T18:00:00Z,2026-01-02T12:00:00Z,18.0,0.3583333333333333,0.14321250800017032,0.12183707800698872
turbine_1,2026-01-01T18:00:00Z,2026-01-02T13:00:00Z,19.0,0.425,0.13554930413338007,0.14455810284852932
turbine_1,2026-01-01T18:00:00Z,2026-01-02T14:00:00Z,20.0,0.445,0.14110846801293347,0.1221360709262029
turbine_1,2026-01-01T18:00:00Z,2026-01-02T15:00:00Z,21.0,0.6083333333333333,0.15874624593021097,0.13739814771059922
turbine_1,2026-01-01T18:00:00Z,2026-01-02T16:00:00Z,22.0,0.875,0.1784986480714713,0.1529870923278372
turbine_1,2026-01-01T18:00:00Z,2026-01-02T17:00:00Z,23.0,0.605,0.20985230825697468,0.17165905461808406
turbine_1,2026-01-01T18:00:00Z,2026-01-02T18:00:00Z,24.0,0.3166666666666666,0.25472341760264083,0.2307340193138799
turbine_1,2026-01-01T18:00:00Z,2026-01-02T19:00:00Z,25.0,0.2616666666666666,0.3044887859289713,0.28338903731146536
turbine_1,2026-01-01T18:00:00Z,2026-01-02T20:00:00Z,26.0,0.2216666666666666,0.27197677196711484,0.26948440704908483
turbine_1,2026-01-01T18:00:00Z,2026-01-02T21:00:00Z,27.0,0.3616666666666666,0.27214781455261505,0.27062642757800887
turbine_1,2026-01-01T18:00:00Z,2026-01-02T22:00:00Z,28.0,0.1783333333333333,0.27633213639472404,0.2868978949490083
turbine_1,2026-01-01T18:00:00Z,2026-01-02T23:00:00Z,29.0,0.21,0.30281222899069005,0.3234362251674029
turbine_1,2026-01-01T18:00:00Z,2026-01-03T00:00:00Z,30.0,0.255,0.4053903801969434,0.43900870388195046
turbine_1,2026-01-01T18:00:00Z,2026-01-03T01:00:00Z,31.0,0.16,0.1788524350874243,0.18381287644146788
turbine_1,2026-01-01T18:00:00Z,2026-01-03T02:00:00Z,32.0,0.26,0.202374482286596,0.23857166111221434
turbine_1,2026-01-01T18:00:00Z,2026-01-03T03:00:00Z,33.0,0.2283333333333333,0.22093942700978778,0.2143503652218654
turbine_1,2026-01-01T18:00:00Z,2026-01-03T04:00:00Z,34.0,0.165,0.2703576017443046,0.23102252141819002
turbine_1,2026-01-01T18:00:00Z,2026-01-03T05:00:00Z,35.0,0.1516666666666666,0.28222589434039586,0.2142274698590516
turbine_1,2026-01-01T18:00:00Z,2026-01-03T06:00:00Z,36.0,0.0733333333333333,0.28885593828760886,0.2182616103822103
turbine_1,2026-01-01T18:00:00Z,2026-01-03T07:00:00Z,37.0,0.1333333333333333,0.2625990032731161,0.30509889497688814
turbine_1,2026-01-01T18:00:00Z,2026-01-03T08:00:00Z,38.0,0.1766666666666666,0.2965314718439263,0.3304797231559284
turbine_1,2026-01-01T18:00:00Z,2026-01-03T09:00:00Z,39.0,0.1716666666666666,0.31318559367681675,0.3081658013875725
turbine_1,2026-01-01T18:00:00Z,2026-01-03T10:00:00Z,40.0,0.1966666666666666,0.3596635760021718,0.27928985192724387
turbine_1,2026-01-01T18:00:00Z,2026-01-03T11:00:00Z,41.0,0.2433333333333333,0.4388899654294892,0.3686093820270371
turbine_1,2026-01-01T18:00:00Z,2026-01-03T12:00:00Z,42.0,0.255,0.4160215800392093,0.3365540031773505
turbine_1,2026-01-01T18:00:00Z,2026-01-03T13:00:00Z,43.0,0.5216666666666666,0.36156391711285335,0.27222617862035864
turbine_1,2026-01-01T18:00:00Z,2026-01-03T14:00:00Z,44.0,0.215,0.456426438417882,0.40561333987891507
turbine_1,2026-01-01T18:00:00Z,2026-01-03T15:00:00Z,45.0,0.5683333333333334,0.5896449618880978,0.5071561304430389
turbine_1,2026-01-01T18:00:00Z,2026-01-03T16:00:00Z,46.0,0.2983333333333333,0.45187344309947663,0.3923305750288828
turbine_1,2026-01-01T18:00:00Z,2026-01-03T17:00:00Z,47.0,0.19,0.30202228602855946,0.2979559935000615
turbine_1,2026-01-01T18:00:00Z,2026-01-03T18:00:00Z,48.0,0.3083333333333333,0.47703367567307997,0.516322303663566
turbine_1,2026-01-02T18:00:00Z,2026-01-02T19:00:00Z,1.0,0.2616666666666666,0.4317825536966505,0.4530623386105892
turbine_1,2026-01-02T18:00:00Z,2026-01-02T20:00:00Z,2.0,0.2216666666666666,0.3675456624330991,0.4020698714228908
turbine_1,2026-01-02T18:00:00Z,2026-01-02T21:00:00Z,3.0,0.3616666666666666,0.38727586098237643,0.4508029130606808
turbine_1,2026-01-02T18:00:00Z,2026-01-02T22:00:00Z,4.0,0.1783333333333333,0.32232022015200656,0.3525646480323995
turbine_1,2026-01-02T18:00:00Z,2026-01-02T23:00:00Z,5.0,0.21,0.3723705854023833,0.4138663579065389
turbine_1,2026-01-02T18:00:00Z,2026-01-03T00:00:00Z,6.0,0.255,0.3164406745964888,0.35692121707339
turbine_1,2026-01-02T18:00:00Z,2026-01-03T01:00:00Z,7.0,0.16,0.31406417915457896,0.2956766206443014
turbine_1,2026-01-02T18:00:00Z,2026-01-03T02:00:00Z,8.0,0.26,0.3232701413107996,0.3409637127321788
turbine_1,2026-01-02T18:00:00Z,2026-01-03T03:00:00Z,9.0,0.2283333333333333,0.39015760941756444,0.3969530748436555
turbine_1,2026-01-02T18:00:00Z,2026-01-03T04:00:00Z,10.0,0.165,0.43221102579855336,0.4329267354338558
turbine_1,2026-01-02T18:00:00Z,2026-01-03T05:00:00Z,11.0,0.1516666666666666,0.5082771539789699,0.39737515665378975
turbine_1,2026-01-02T18:00:00Z,2026-01-03T06:00:00Z,12.0,0.0733333333333333,0.5989280288904354,0.3892874983219765
turbine_1,2026-01-02T18:00:00Z,2026-01-03T07:00:00Z,13.0,0.1333333333333333,0.7786478939481855,0.613950754629446
turbine_1,2026-01-02T18:00:00Z,2026-01-03T08:00:00Z,14.0,0.1766666666666666,0.7640038591738595,0.764263648061435
turbine_1,2026-01-02T18:00:00Z,2026-01-03T09:00:00Z,15.0,0.1716666666666666,0.6931691258298449,0.5497232875719629
turbine_1,2026-01-02T18:00:00Z,2026-01-03T10:00:00Z,16.0,0.1966666666666666,0.6926580800449909,0.5687697668726113
turbine_1,2026-01-02T18:00:00Z,2026-01-03T11:00:00Z,17.0,0.2433333333333333,0.6974583822792874,0.5867064946143328
turbine_1,2026-01-02T18:00:00Z,2026-01-03T12:00:00Z,18.0,0.255,0.6645731849493349,0.6634949188234327
turbine_1,2026-01-02T18:00:00Z,2026-01-03T13:00:00Z,19.0,0.5216666666666666,0.6475945607338383,0.5908609474821993
turbine_1,2026-01-02T18:00:00Z,2026-01-03T14:00:00Z,20.0,0.215,0.6637746116041308,0.6013686758404049
turbine_1,2026-01-02T18:00:00Z,2026-01-03T15:00:00Z,21.0,0.5683333333333334,0.6793539765528224,0.5953073315041113
turbine_1,2026-01-02T18:00:00Z,2026-01-03T16:00:00Z,22.0,0.2983333333333333,0.73551872402813,0.6504480011561983
turbine_1,2026-01-02T18:00:00Z,2026-01-03T17:00:00Z,23.0,0.19,0.7556263915340786,0.7113428605951397
turbine_1,2026-01-02T18:00:00Z,2026-01-03T18:00:00Z,24.0,0.3083333333333333,0.6640211738461219,0.6444379653385373
turbine_1,2026-01-02T18:00:00Z,2026-01-03T19:00:00Z,25.0,0.2316666666666666,0.7796521645088234,0.7450618553050392
turbine_1,2026-01-02T18:00:00Z,2026-01-03T20:00:00Z,26.0,0.2866666666666667,0.5783019015180391,0.6135019579785632
turbine_1,2026-01-02T18:00:00Z,2026-01-03T21:00:00Z,27.0,0.28,0.6201637295572432,0.6358839203416928
turbine_1,2026-01-02T18:00:00Z,2026-01-03T22:00:00Z,28.0,0.19,0.6639343699359029,0.6262287239024666
turbine_1,2026-01-02T18:00:00Z,2026-01-03T23:00:00Z,29.0,0.2733333333333334,0.6909070973147924,0.6563581912033709
turbine_1,2026-01-02T18:00:00Z,2026-01-04T00:00:00Z,30.0,0.2666666666666666,0.7411845579182449,0.7392427301639234
turbine_1,2026-01-02T18:00:00Z,2026-01-04T01:00:00Z,31.0,0.3916666666666666,0.7218423874865244,0.7053969365820927
turbine_1,2026-01-02T18:00:00Z,2026-01-04T02:00:00Z,32.0,0.3083333333333333,0.6766954695414238,0.5997491790347772
turbine_1,2026-01-02T18:00:00Z,2026-01-04T03:00:00Z,33.0,0.5016666666666666,0.5660532896059285,0.5389688258616133
turbine_1,2026-01-02T18:00:00Z,2026-01-04T04:00:00Z,34.0,0.0716666666666666,0.2338893086609454,0.24042455294572648
turbine_1,2026-01-02T18:00:00Z,2026-01-04T05:00:00Z,35.0,0.0716666666666666,0.11044802477548495,0.08025577570812648
turbine_1,2026-01-02T18:00:00Z,2026-01-04T06:00:00Z,36.0,0.0733333333333333,0.060182928049829526,0.08114155669116402
turbine_1,2026-01-02T18:00:00Z,2026-01-04T07:00:00Z,37.0,0.01,0.041869459051982805,0.05314482246383864
turbine_1,2026-01-02T18:00:00Z,2026-01-04T08:00:00Z,38.0,0.01,0.02060224339793798,0.028030736954326757
turbine_1,2026-01-02T18:00:00Z,2026-01-04T09:00:00Z,39.0,0.01,0.02472569274274311,0.02391027854473851
turbine_1,2026-01-02T18:00:00Z,2026-01-04T10:00:00Z,40.0,0.0333333333333333,0.030594320240574457,0.02872697011609457
turbine_1,2026-01-02T18:00:00Z,2026-01-04T11:00:00Z,41.0,0.2533333333333333,0.03376850869501152,0.044477132202400904
turbine_1,2026-01-02T18:00:00Z,2026-01-04T12:00:00Z,42.0,0.6166666666666666,0.03104840206347395,0.0473457117711123
turbine_1,2026-01-02T18:00:00Z,2026-01-04T13:00:00Z,43.0,0.6016666666666667,0.03272165130189794,0.03324751114731414
turbine_1,2026-01-02T18:00:00Z,2026-01-04T14:00:00Z,44.0,0.6366666666666667,0.0596374499399252,0.03864066330629204
turbine_1,2026-01-02T18:00:00Z,2026-01-04T15:00:00Z,45.0,0.475,0.17111570587868907,0.18142357279211932
turbine_1,2026-01-02T18:00:00Z,2026-01-04T16:00:00Z,46.0,0.3233333333333333,0.22931614080868948,0.23922736050249843
turbine_1,2026-01-02T18:00:00Z,2026-01-04T17:00:00Z,47.0,0.4683333333333333,0.256991439112339,0.2782480400695684
turbine_1,2026-01-02T18:00:00Z,2026-01-04T18:00:00Z,48.0,0.7666666666666666,0.2969826753481548,0.3466937061644663
turbine_1,2026-01-03T18:00:00Z,2026-01-03T19:00:00Z,1.0,0.2316666666666666,0.27907221901393875,0.24161710870085848
turbine_1,2026-01-03T18:00:00Z,2026-01-03T20:00:00Z,2.0,0.2866666666666667,0.24569070606608281,0.2001471600309451
turbine_1,2026-01-03T18:00:00Z,2026-01-03T21:00:00Z,3.0,0.28,0.27162149903543065,0.2773898543356266
turbine_1,2026-01-03T18:00:00Z,2026-01-03T22:00:00Z,4.0,0.19,0.3374867599837125,0.3154577734763889
turbine_1,2026-01-03T18:00:00Z,2026-01-03T23:00:00Z,5.0,0.2733333333333334,0.43829001152526004,0.4332137604445334
turbine_1,2026-01-03T18:00:00Z,2026-01-04T00:00:00Z,6.0,0.2666666666666666,0.4071855027866005,0.41529860462524915
turbine_1,2026-01-03T18:00:00Z,2026-01-04T01:00:00Z,7.0,0.3916666666666666,0.42027339290627075,0.42737702718304904
turbine_1,2026-01-03T18:00:00Z,2026-01-04T02:00:00Z,8.0,0.3083333333333333,0.22391897657530122,0.2676747545930449
turbine_1,2026-01-03T18:00:00Z,2026-01-04T03:00:00Z,9.0,0.5016666666666666,0.1398587648202037,0.19275027027031444
turbine_1,2026-01-03T18:00:00Z,2026-01-04T04:00:00Z,10.0,0.0716666666666666,0.09635470422602554,0.1321171380573689
turbine_1,2026-01-03T18:00:00Z,2026-01-04T05:00:00Z,11.0,0.0716666666666666,0.04574596423832081,0.08519999019069804
turbine_1,2026-01-03T18:00:00Z,2026-01-04T06:00:00Z,12.0,0.0733333333333333,0.04052067264987966,0.05133771008611254
turbine_1,2026-01-03T18:00:00Z,2026-01-04T07:00:00Z,13.0,0.01,0.02850363756857449,0.040199372470473005
turbine_1,2026-01-03T18:00:00Z,2026-01-04T08:00:00Z,14.0,0.01,0.02097352025119753,0.02783040629904507
turbine_1,2026-01-03T18:00:00Z,2026-01-04T09:00:00Z,15.0,0.01,0.02624275519003111,0.025206561365977237
turbine_1,2026-01-03T18:00:00Z,2026-01-04T10:00:00Z,16.0,0.0333333333333333,0.07811938362853188,0.05780915109380838
turbine_1,2026-01-03T18:00:00Z,2026-01-04T11:00:00Z,17.0,0.2533333333333333,0.09743724750402982,0.0758341686534767
turbine_1,2026-01-03T18:00:00Z,2026-01-04T12:00:00Z,18.0,0.6166666666666666,0.17011465107636048,0.18495279406363216
turbine_1,2026-01-03T18:00:00Z,2026-01-04T13:00:00Z,19.0,0.6016666666666667,0.29740973332438264,0.3531675410575681
turbine_1,2026-01-03T18:00:00Z,2026-01-04T14:00:00Z,20.0,0.6366666666666667,0.36092900542518486,0.406899442090614
turbine_1,2026-01-03T18:00:00Z,2026-01-04T15:00:00Z,21.0,0.475,0.3521218756249452,0.39242246421363824
turbine_1,2026-01-03T18:00:00Z,2026-01-04T16:00:00Z,22.0,0.3233333333333333,0.3875210611017809,0.4148861758529638
turbine_1,2026-01-03T18:00:00Z,2026-01-04T17:00:00Z,23.0,0.4683333333333333,0.33518273624212347,0.3896011481414299
turbine_1,2026-01-03T18:00:00Z,2026-01-04T18:00:00Z,24.0,0.7666666666666666,0.28711736085068673,0.3318142581621958
turbine_1,2026-01-03T18:00:00Z,2026-01-04T19:00:00Z,25.0,0.2866666666666667,0.2286696273430426,0.2814006146687685
turbine_1,2026-01-03T18:00:00Z,2026-01-04T20:00:00Z,26.0,0.3266666666666666,0.16763308409613947,0.17205907244440166
turbine_1,2026-01-03T18:00:00Z,2026-01-04T21:00:00Z,27.0,0.3416666666666666,0.12029679014021856,0.13539152652539252
turbine_1,2026-01-03T18:00:00Z,2026-01-04T22:00:00Z,28.0,0.2783333333333334,0.0951773446189168,0.09578984978086538
turbine_1,2026-01-03T18:00:00Z,2026-01-04T23:00:00Z,29.0,0.17,0.07132130566322764,0.07237659677464317
turbine_1,2026-01-03T18:00:00Z,2026-01-05T00:00:00Z,30.0,0.1233333333333333,0.07016119685311228,0.07185162937018871
turbine_1,2026-01-03T18:00:00Z,2026-01-05T01:00:00Z,31.0,0.045,0.0545071172544353,0.051471260048549156
turbine_1,2026-01-03T18:00:00Z,2026-01-05T02:00:00Z,32.0,0.01,0.015320839197168867,0.017428539498638346
turbine_1,2026-01-03T18:00:00Z,2026-01-05T03:00:00Z,33.0,0.01,0.015276973425948054,0.016770448278770167
turbine_1,2026-01-03T18:00:00Z,2026-01-05T04:00:00Z,34.0,0.01,0.015080586432884152,0.01994570015808428
turbine_1,2026-01-03T18:00:00Z,2026-01-05T05:00:00Z,35.0,0.01,0.0226124596658695,0.03154142582237163
turbine_1,2026-01-03T18:00:00Z,2026-01-05T06:00:00Z,36.0,0.01,0.0407143228001772,0.04971153054323693
turbine_1,2026-01-03T18:00:00Z,2026-01-05T07:00:00Z,37.0,0.0183333333333333,0.045001843229390104,0.05681908337217545
turbine_1,2026-01-03T18:00:00Z,2026-01-05T08:00:00Z,38.0,0.0316666666666666,0.036247647080961926,0.02581876872879696
turbine_1,2026-01-03T18:00:00Z,2026-01-05T09:00:00Z,39.0,0.01,0.01983855338493576,0.023749308132269692
turbine_1,2026-01-03T18:00:00Z,2026-01-05T10:00:00Z,40.0,0.01,0.028518977329087536,0.019865672600495765
turbine_1,2026-01-03T18:00:00Z,2026-01-05T11:00:00Z,41.0,0.02,0.030742829895141266,0.021918971362426792
turbine_1,2026-01-03T18:00:00Z,2026-01-05T12:00:00Z,42.0,0.0366666666666666,0.027969460862194456,0.02208082966365446
turbine_1,2026-01-03T18:00:00Z,2026-01-05T13:00:00Z,43.0,0.0683333333333333,0.030997178420343247,0.02498752253827896
turbine_1,2026-01-03T18:00:00Z,2026-01-05T14:00:00Z,44.0,0.0833333333333333,0.05974962573900014,0.04963513425316615
turbine_1,2026-01-03T18:00:00Z,2026-01-05T15:00:00Z,45.0,0.1316666666666666,0.1291036957958494,0.10424306967495367
turbine_1,2026-01-03T18:00:00Z,2026-01-05T16:00:00Z,46.0,0.1883333333333333,0.2118194458260466,0.17420318471931925
turbine_1,2026-01-03T18:00:00Z,2026-01-05T17:00:00Z,47.0,0.3766666666666666,0.3058757017488683,0.25981475400363874
turbine_1,2026-01-03T18:00:00Z,2026-01-05T18:00:00Z,48.0,0.4216666666666667,0.4267636185952615,0.4073300226602914
turbine_1,2026-01-04T18:00:00Z,2026-01-04T19:00:00Z,1.0,0.2866666666666667,0.17206341469522513,0.19443786063022966
turbine_1,2026-01-04T18:00:00Z,2026-01-04T20:00:00Z,2.0,0.3266666666666666,0.1425300682810936,0.15803615186161668
turbine_1,2026-01-04T18:00:00Z,2026-01-04T21:00:00Z,3.0,0.3416666666666666,0.10352789771109927,0.12590654290398545
turbine_1,2026-01-04T18:00:00Z,2026-01-04T22:00:00Z,4.0,0.2783333333333334,0.05337452712887633,0.062135600173484434
turbine_1,2026-01-04T18:00:00Z,2026-01-04T23:00:00Z,5.0,0.17,0.03304117192901998,0.040656394837489035
turbine_1,2026-01-04T18:00:00Z,2026-01-05T00:00:00Z,6.0,0.1233333333333333,0.03726086124701289,0.051445466708573306
turbine_1,2026-01-04T18:00:00Z,2026-01-05T01:00:00Z,7.0,0.045,0.02230402837648035,0.01974841740731334
turbine_1,2026-01-04T18:00:00Z,2026-01-05T02:00:00Z,8.0,0.01,0.017292005947155353,0.01717208526616046
turbine_1,2026-01-04T18:00:00Z,2026-01-05T03:00:00Z,9.0,0.01,0.017635569227512,0.03085643274999611
turbine_1,2026-01-04T18:00:00Z,2026-01-05T04:00:00Z,10.0,0.01,0.03454756530953476,0.03345449658270391
turbine_1,2026-01-04T18:00:00Z,2026-01-05T05:00:00Z,11.0,0.01,0.04696454081115359,0.05053349973268076
turbine_1,2026-01-04T18:00:00Z,2026-01-05T06:00:00Z,12.0,0.01,0.05045646116580932,0.04900829975677784
turbine_1,2026-01-04T18:00:00Z,2026-01-05T07:00:00Z,13.0,0.0183333333333333,0.04580687700805061,0.04105103490522835
turbine_1,2026-01-04T18:00:00Z,2026-01-05T08:00:00Z,14.0,0.0316666666666666,0.04942332108340333,0.035784707093492685
turbine_1,2026-01-04T18:00:00Z,2026-01-05T09:00:00Z,15.0,0.01,0.038851169132698954,0.02975410829881031
turbine_1,2026-01-04T18:00:00Z,2026-01-05T10:00:00Z,16.0,0.01,0.037157797947975496,0.02515109247072586
turbine_1,2026-01-04T18:00:00Z,2026-01-05T11:00:00Z,17.0,0.02,0.044443898087889205,0.03335808826277192
turbine_1,2026-01-04T18:00:00Z,2026-01-05T12:00:00Z,18.0,0.0366666666666666,0.06132521874379496,0.07039925783554135
turbine_1,2026-01-04T18:00:00Z,2026-01-05T13:00:00Z,19.0,0.0683333333333333,0.11860338786860199,0.12410400136511898
turbine_1,2026-01-04T18:00:00Z,2026-01-05T14:00:00Z,20.0,0.0833333333333333,0.1877686483181228,0.20577937395996396
turbine_1,2026-01-04T18:00:00Z,2026-01-05T15:00:00Z,21.0,0.1316666666666666,0.4000127610573744,0.402800850742502
turbine_1,2026-01-04T18:00:00Z,2026-01-05T16:00:00Z,22.0,0.1883333333333333,0.4902610682649485,0.4741515090296664
turbine_1,2026-01-04T18:00:00Z,2026-01-05T17:00:00Z,23.0,0.3766666666666666,0.5611128955701409,0.6418055153128976
turbine_1,2026-01-04T18:00:00Z,2026-01-05T18:00:00Z,24.0,0.4216666666666667,0.5926026462809738,0.6010760413609993
turbine_1,2026-01-04T18:00:00Z,2026-01-05T19:00:00Z,25.0,0.375,0.608678800246844,0.6466475855259258
turbine_1,2026-01-04T18:00:00Z,2026-01-05T20:00:00Z,26.0,0.3183333333333333,0.6421525771429375,0.6411475010726623
turbine_1,2026-01-04T18:00:00Z,2026-01-05T21:00:00Z,27.0,0.8166666666666668,0.715422508029805,0.7516433538818836
turbine_1,2026-01-04T18:00:00Z,2026-01-05T22:00:00Z,28.0,0.9866666666666668,0.7271192829960267,0.7395842268321802
turbine_1,2026-01-04T18:00:00Z,2026-01-05T23:00:00Z,29.0,0.8433333333333333,0.7583174511104788,0.8026889226272143
turbine_1,2026-01-04T18:00:00Z,2026-01-06T00:00:00Z,30.0,0.97,0.7944535596804451,0.8623851368357235
turbine_1,2026-01-04T18:00:00Z,2026-01-06T01:00:00Z,31.0,0.8766666666666666,0.7917818116599937,0.833315810207389
turbine_1,2026-01-04T18:00:00Z,2026-01-06T02:00:00Z,32.0,0.9733333333333332,0.7544953885863012,0.7946363352192549
turbine_1,2026-01-04T18:00:00Z,2026-01-06T03:00:00Z,33.0,0.99,0.8054331566605231,0.7948112701532812
turbine_1,2026-01-04T18:00:00Z,2026-01-06T04:00:00Z,34.0,0.9783333333333334,0.8418728607481188,0.765948321705995
turbine_1,2026-01-04T18:00:00Z,2026-01-06T05:00:00Z,35.0,0.9683333333333332,0.9633337170529707,0.8747217998037731
turbine_1,2026-01-04T18:00:00Z,2026-01-06T06:00:00Z,36.0,0.9866666666666668,0.963170986265459,0.9545743496543789
turbine_1,2026-01-04T18:00:00Z,2026-01-06T07:00:00Z,37.0,0.9766666666666666,0.9697770612870809,0.9698009184117605
turbine_1,2026-01-04T18:00:00Z,2026-01-06T08:00:00Z,38.0,0.9683333333333332,0.971190122405401,0.9574373142151755
turbine_1,2026-01-04T18:00:00Z,2026-01-06T09:00:00Z,39.0,0.9866666666666668,0.9623049708457632,0.9386513835452395
turbine_1,2026-01-04T18:00:00Z,2026-01-06T10:00:00Z,40.0,0.99,0.9500391376148384,0.8876069047230961
turbine_1,2026-01-04T18:00:00Z,2026-01-06T11:00:00Z,41.0,0.9883333333333332,0.8866691328399102,0.8692101151361341
turbine_1,2026-01-04T18:00:00Z,2026-01-06T12:00:00Z,42.0,0.9883333333333332,0.8287892808243128,0.8646531027076283
turbine_1,2026-01-04T18:00:00Z,2026-01-06T13:00:00Z,43.0,0.99,0.8177047601915836,0.7869340713440439
turbine_1,2026-01-04T18:00:00Z,2026-01-06T14:00:00Z,44.0,0.855,0.8042640338992161,0.7816960642103962
turbine_1,2026-01-04T18:00:00Z,2026-01-06T15:00:00Z,45.0,0.6966666666666667,0.7403496509198207,0.6830634804359479
turbine_1,2026-01-04T18:00:00Z,2026-01-06T16:00:00Z,46.0,0.4633333333333333,0.6020680878324494,0.6244883449347745
turbine_1,2026-01-04T18:00:00Z,2026-01-06T17:00:00Z,47.0,0.2299999999999999,0.5576709163291863,0.5847328615860717
turbine_1,2026-01-04T18:00:00Z,2026-01-06T18:00:00Z,48.0,0.02,0.5213411892971734,0.49564674745946213
turbine_1,2026-01-05T18:00:00Z,2026-01-05T19:00:00Z,1.0,0.375,0.6004399747940309,0.6484590489387392
turbine_1,2026-01-05T18:00:00Z,2026-01-05T20:00:00Z,2.0,0.3183333333333333,0.6287821336335795,0.6332646242609958
turbine_1,2026-01-05T18:00:00Z,2026-01-05T21:00:00Z,3.0,0.8166666666666668,0.6688061785248258,0.6926292358086305
turbine_1,2026-01-05T18:00:00Z,2026-01-05T22:00:00Z,4.0,0.9866666666666668,0.7435930603214597,0.7707364412200173
turbine_1,2026-01-05T18:00:00Z,2026-01-05T23:00:00Z,5.0,0.8433333333333333,0.7680815380952521,0.8158413423195283
turbine_1,2026-01-05T18:00:00Z,2026-01-06T00:00:00Z,6.0,0.97,0.7944535596804451,0.8505648525686513
turbine_1,2026-01-05T18:00:00Z,2026-01-06T01:00:00Z,7.0,0.8766666666666666,0.8384685572318864,0.8491157569030012
turbine_1,2026-01-05T18:00:00Z,2026-01-06T02:00:00Z,8.0,0.9733333333333332,0.8465635417968348,0.853639574385295
turbine_1,2026-01-05T18:00:00Z,2026-01-06T03:00:00Z,9.0,0.99,0.8113536580814755,0.7930164679153116
turbine_1,2026-01-05T18:00:00Z,2026-01-06T04:00:00Z,10.0,0.9783333333333334,0.9220123677821972,0.9034879903300896
turbine_1,2026-01-05T18:00:00Z,2026-01-06T05:00:00Z,11.0,0.9683333333333332,0.9681251586608773,0.9138286829130498
turbine_1,2026-01-05T18:00:00Z,2026-01-06T06:00:00Z,12.0,0.9866666666666668,0.9754106435807307,0.9777291503351725
turbine_1,2026-01-05T18:00:00Z,2026-01-06T07:00:00Z,13.0,0.9766666666666666,0.982692353791925,0.9770102692699698
turbine_1,2026-01-05T18:00:00Z,2026-01-06T08:00:00Z,14.0,0.9683333333333332,0.9851630861693308,0.9790528143599276
turbine_1,2026-01-05T18:00:00Z,2026-01-06T09:00:00Z,15.0,0.9866666666666668,0.9861157336702276,0.9775757299126392
turbine_1,2026-01-05T18:00:00Z,2026-01-06T10:00:00Z,16.0,0.99,0.9858904251526702,0.9818516597412001
turbine_1,2026-01-05T18:00:00Z,2026-01-06T11:00:00Z,17.0,0.9883333333333332,0.980606852409455,0.9763480195470424
turbine_1,2026-01-05T18:00:00Z,2026-01-06T12:00:00Z,18.0,0.9883333333333332,0.8675424360195142,0.9213946920241938
turbine_1,2026-01-05T18:00:00Z,2026-01-06T13:00:00Z,19.0,0.99,0.8274246489229721,0.8731377909202334
turbine_1,2026-01-05T18:00:00Z,2026-01-06T14:00:00Z,20.0,0.855,0.8282075396456179,0.8520778998048637
turbine_1,2026-01-05T18:00:00Z,2026-01-06T15:00:00Z,21.0,0.6966666666666667,0.7293756222360087,0.639843442246958
turbine_1,2026-01-05T18:00:00Z,2026-01-06T16:00:00Z,22.0,0.4633333333333333,0.5820200972078727,0.5250666676706254
turbine_1,2026-01-05T18:00:00Z,2026-01-06T17:00:00Z,23.0,0.2299999999999999,0.29930165265260733,0.26120950796249737
turbine_1,2026-01-05T18:00:00Z,2026-01-06T18:00:00Z,24.0,0.02,0.14756943558289515,0.14567514432046527
turbine_1,2026-01-05T18:00:00Z,2026-01-06T19:00:00Z,25.0,0.01,0.12458865947484589,0.1520413669097276
turbine_1,2026-01-05T18:00:00Z,2026-01-06T20:00:00Z,26.0,0.0283333333333333,0.11260616468034314,0.14712345723858344
turbine_1,2026-01-05T18:00:00Z,2026-01-06T21:00:00Z,27.0,0.0283333333333333,0.10044800631048664,0.12336880678633994
turbine_1,2026-01-05T18:00:00Z,2026-01-06T22:00:00Z,28.0,0.01,0.07527122968822433,0.09490031968235044
turbine_1,2026-01-05T18:00:00Z,2026-01-06T23:00:00Z,29.0,0.01,0.068896507025381,0.09264351205695529
turbine_1,2026-01-05T18:00:00Z,2026-01-07T00:00:00Z,30.0,0.01,0.05138902397876763,0.07079522941009245
turbine_1,2026-01-05T18:00:00Z,2026-01-07T01:00:00Z,31.0,0.01,0.0777594901799315,0.1112309149273317
turbine_1,2026-01-05T18:00:00Z,2026-01-07T02:00:00Z,32.0,0.01,0.0896302422942051,0.10814633052816716
turbine_1,2026-01-05T18:00:00Z,2026-01-07T03:00:00Z,33.0,0.01,0.13212933697028711,0.1474661638280327
turbine_1,2026-01-05T18:00:00Z,2026-01-07T04:00:00Z,34.0,0.01,0.23473445881995422,0.32181958642709013
turbine_1,2026-01-05T18:00:00Z,2026-01-07T05:00:00Z,35.0,0.01,0.23309267879717244,0.30859283151689115
turbine_1,2026-01-05T18:00:00Z,2026-01-07T06:00:00Z,36.0,0.01,0.2112349764084054,0.22584883468213252
turbine_1,2026-01-05T18:00:00Z,2026-01-07T07:00:00Z,37.0,0.01,0.24709676205892744,0.25840616906833347
turbine_1,2026-01-05T18:00:00Z,2026-01-07T08:00:00Z,38.0,0.01,0.24139842035386086,0.14436534520576857
turbine_1,2026-01-05T18:00:00Z,2026-01-07T09:00:00Z,39.0,0.01,0.23932463275728125,0.3823874539126273
turbine_1,2026-01-05T18:00:00Z,2026-01-07T10:00:00Z,40.0,0.01,0.19028736922230127,0.14449078874722004
turbine_1,2026-01-05T18:00:00Z,2026-01-07T11:00:00Z,41.0,0.0116666666666666,0.20949847901500107,0.1573822828385421
turbine_1,2026-01-05T18:00:00Z,2026-01-07T12:00:00Z,42.0,0.0283333333333333,0.2534223483624634,0.17972093285143703
turbine_1,2026-01-05T18:00:00Z,2026-01-07T13:00:00Z,43.0,0.02,0.25731394853008954,0.1681683961822527
turbine_1,2026-01-05T18:00:00Z,2026-01-07T14:00:00Z,44.0,0.0116666666666666,0.32598141765596345,0.24375795380591375
turbine_1,2026-01-05T18:00:00Z,2026-01-07T15:00:00Z,45.0,0.01,0.3929404566114438,0.3173921531645737
turbine_1,2026-01-05T18:00:00Z,2026-01-07T16:00:00Z,46.0,0.01,0.35763630686839865,0.3149776682026195
turbine_1,2026-01-05T18:00:00Z,2026-01-07T17:00:00Z,47.0,0.01,0.38897197333178496,0.3654287575216054
turbine_1,2026-01-05T18:00:00Z,2026-01-07T18:00:00Z,48.0,0.01,0.42013067806017523,0.3902593639125973
turbine_1,2026-01-06T18:00:00Z,2026-01-06T19:00:00Z,1.0,0.01,0.10664216178664188,0.1238408889153707
turbine_1,2026-01-06T18:00:00Z,2026-01-06T20:00:00Z,2.0,0.0283333333333333,0.05318474596764264,0.09779049723889013
turbine_1,2026-01-06T18:00:00Z,2026-01-06T21:00:00Z,3.0,0.0283333333333333,0.04686967022086683,0.05857905487875206
turbine_1,2026-01-06T18:00:00Z,2026-01-06T22:00:00Z,4.0,0.01,0.037819467693035264,0.039123918090411575
turbine_1,2026-01-06T18:00:00Z,2026-01-06T23:00:00Z,5.0,0.01,0.030934425898145934,0.04120026247927136
turbine_1,2026-01-06T18:00:00Z,2026-01-07T00:00:00Z,6.0,0.01,0.03992446915442943,0.04884244959811593
turbine_1,2026-01-06T18:00:00Z,2026-01-07T01:00:00Z,7.0,0.01,0.07472241483211195,0.09883371190776277
turbine_1,2026-01-06T18:00:00Z,2026-01-07T02:00:00Z,8.0,0.01,0.0896302422942051,0.08316048297607109
turbine_1,2026-01-06T18:00:00Z,2026-01-07T03:00:00Z,9.0,0.01,0.11997196520167348,0.167803207813308
turbine_1,2026-01-06T18:00:00Z,2026-01-07T04:00:00Z,10.0,0.01,0.20119538775865492,0.20759271428101417
turbine_1,2026-01-06T18:00:00Z,2026-01-07T05:00:00Z,11.0,0.01,0.22727087524214126,0.2660193384905304
turbine_1,2026-01-06T18:00:00Z,2026-01-07T06:00:00Z,12.0,0.01,0.1815033338775789,0.3140672846133705
turbine_1,2026-01-06T18:00:00Z,2026-01-07T07:00:00Z,13.0,0.01,0.18583191851996808,0.2633715759411978
turbine_1,2026-01-06T18:00:00Z,2026-01-07T08:00:00Z,14.0,0.01,0.12900568194598788,0.1423150558381593
turbine_1,2026-01-06T18:00:00Z,2026-01-07T09:00:00Z,15.0,0.01,0.1523709141885793,0.12648436169609045
turbine_1,2026-01-06T18:00:00Z,2026-01-07T10:00:00Z,16.0,0.01,0.18965047233213253,0.16994643767171455
turbine_1,2026-01-06T18:00:00Z,2026-01-07T11:00:00Z,17.0,0.0116666666666666,0.16800291080154844,0.12304244469877118
turbine_1,2026-01-06T18:00:00Z,2026-01-07T12:00:00Z,18.0,0.0283333333333333,0.16014218779103118,0.14563277511261213
turbine_1,2026-01-06T18:00:00Z,2026-01-07T13:00:00Z,19.0,0.02,0.16443247410863354,0.1484893861128576
turbine_1,2026-01-06T18:00:00Z,2026-01-07T14:00:00Z,20.0,0.0116666666666666,0.17382793078391273,0.12826888104056194
turbine_1,2026-01-06T18:00:00Z,2026-01-07T15:00:00Z,21.0,0.01,0.1935098035977913,0.13268525664377395
turbine_1,2026-01-06T18:00:00Z,2026-01-07T16:00:00Z,22.0,0.01,0.23439622512660632,0.17316280446235063
turbine_1,2026-01-06T18:00:00Z,2026-01-07T17:00:00Z,23.0,0.01,0.23629475798135013,0.16992499880398837
turbine_1,2026-01-06T18:00:00Z,2026-01-07T18:00:00Z,24.0,0.01,0.23381288405211964,0.17353922276927147
turbine_1,2026-01-06T18:00:00Z,2026-01-07T19:00:00Z,25.0,0.01,0.20810425602643323,0.17244053012620733
turbine_1,2026-01-06T18:00:00Z,2026-01-07T20:00:00Z,26.0,0.01,0.1973169321052388,0.18181536031117485
turbine_1,2026-01-06T18:00:00Z,2026-01-07T21:00:00Z,27.0,0.01,0.17920016420064025,0.16622456747552886
turbine_1,2026-01-06T18:00:00Z,2026-01-07T22:00:00Z,28.0,0.01,0.14927418489866356,0.16200783964695198
turbine_1,2026-01-06T18:00:00Z,2026-01-07T23:00:00Z,29.0,0.01,0.13923465558835013,0.15034907853303248
turbine_1,2026-01-06T18:00:00Z,2026-01-08T00:00:00Z,30.0,0.01,0.13307504404570725,0.130723044038062
turbine_1,2026-01-06T18:00:00Z,2026-01-08T01:00:00Z,31.0,0.01,0.13937174600562108,0.13907288230523324
turbine_1,2026-01-06T18:00:00Z,2026-01-08T02:00:00Z,32.0,0.01,0.34300477480660185,0.4638533832382842
turbine_1,2026-01-06T18:00:00Z,2026-01-08T03:00:00Z,33.0,0.01,0.21403149996462983,0.2650310205312282
turbine_1,2026-01-06T18:00:00Z,2026-01-08T04:00:00Z,34.0,0.01,0.4269923609079339,0.404501556508067
turbine_1,2026-01-06T18:00:00Z,2026-01-08T05:00:00Z,35.0,0.01,0.5939499796888716,0.44735500388216787
turbine_1,2026-01-06T18:00:00Z,2026-01-08T06:00:00Z,36.0,0.01,0.6984349173081816,0.5723362631803994
turbine_1,2026-01-06T18:00:00Z,2026-01-08T07:00:00Z,37.0,0.01,0.7042958200206517,0.476720189176322
turbine_1,2026-01-06T18:00:00Z,2026-01-08T08:00:00Z,38.0,0.0083333333333333,0.687367130120929,0.4996050095231887
turbine_1,2026-01-06T18:00:00Z,2026-01-08T09:00:00Z,39.0,0.01,0.7885928617425293,0.6028342619832923
turbine_1,2026-01-06T18:00:00Z,2026-01-08T10:00:00Z,40.0,0.1833333333333333,0.6637626881953518,0.5482075907811942
turbine_1,2026-01-06T18:00:00Z,2026-01-08T11:00:00Z,41.0,0.1383333333333333,0.8065486066491296,0.7131593464102113
turbine_1,2026-01-06T18:00:00Z,2026-01-08T12:00:00Z,42.0,0.135,0.8210767239151008,0.7791747993541835
turbine_1,2026-01-06T18:00:00Z,2026-01-08T13:00:00Z,43.0,0.12,0.8255557579474612,0.7952349407975691
turbine_1,2026-01-06T18:00:00Z,2026-01-08T14:00:00Z,44.0,0.01,0.8524898131686768,0.8593630356402725
turbine_1,2026-01-06T18:00:00Z,2026-01-08T15:00:00Z,45.0,0.0133333333333333,0.8670666701778621,0.8722910194642943
turbine_1,2026-01-06T18:00:00Z,2026-01-08T16:00:00Z,46.0,0.0133333333333333,0.8548350638436883,0.852791396771946
turbine_1,2026-01-06T18:00:00Z,2026-01-08T17:00:00Z,47.0,0.01,0.8224434702679636,0.8502150880375489
turbine_1,2026-01-06T18:00:00Z,2026-01-08T18:00:00Z,48.0,0.01,0.8054924419440296,0.7942144884502038
turbine_1,2026-01-07T18:00:00Z,2026-01-07T19:00:00Z,1.0,0.01,0.18483611394250316,0.15261441377296386
turbine_1,2026-01-07T18:00:00Z,2026-01-07T20:00:00Z,2.0,0.01,0.1427501402816918,0.14746879636630703
turbine_1,2026-01-07T18:00:00Z,2026-01-07T21:00:00Z,3.0,0.01,0.11248477580312059,0.09860464315488152
turbine_1,2026-01-07T18:00:00Z,2026-01-07T22:00:00Z,4.0,0.01,0.13108437193154104,0.11863147505574945
turbine_1,2026-01-07T18:00:00Z,2026-01-07T23:00:00Z,5.0,0.01,0.09816951501558491,0.08442993568647308
turbine_1,2026-01-07T18:00:00Z,2026-01-08T00:00:00Z,6.0,0.01,0.09242265582744011,0.09727494402296513
turbine_1,2026-01-07T18:00:00Z,2026-01-08T01:00:00Z,7.0,0.01,0.13187283682396944,0.15117005371096373
turbine_1,2026-01-07T18:00:00Z,2026-01-08T02:00:00Z,8.0,0.01,0.08596944553435631,0.08621647126067516
turbine_1,2026-01-07T18:00:00Z,2026-01-08T03:00:00Z,9.0,0.01,0.10375968468466057,0.10393318160713369
turbine_1,2026-01-07T18:00:00Z,2026-01-08T04:00:00Z,10.0,0.01,0.1629994980195449,0.06514616073301266
turbine_1,2026-01-07T18:00:00Z,2026-01-08T05:00:00Z,11.0,0.01,0.24234608848906214,0.2665096867891876
turbine_1,2026-01-07T18:00:00Z,2026-01-08T06:00:00Z,12.0,0.01,0.28873253994220327,0.441893726366419
turbine_1,2026-01-07T18:00:00Z,2026-01-08T07:00:00Z,13.0,0.01,0.3069191030707948,0.38396115061912156
turbine_1,2026-01-07T18:00:00Z,2026-01-08T08:00:00Z,14.0,0.0083333333333333,0.3319214880627975,0.3435898896970081
turbine_1,2026-01-07T18:00:00Z,2026-01-08T09:00:00Z,15.0,0.01,0.3238683939105765,0.25945208034829176
turbine_1,2026-01-07T18:00:00Z,2026-01-08T10:00:00Z,16.0,0.1833333333333333,0.376802611406575,0.27577673330986996
turbine_1,2026-01-07T18:00:00Z,2026-01-08T11:00:00Z,17.0,0.1383333333333333,0.3650104333958441,0.27472830974648377
turbine_1,2026-01-07T18:00:00Z,2026-01-08T12:00:00Z,18.0,0.135,0.4288743329749505,0.381036733763233
turbine_1,2026-01-07T18:00:00Z,2026-01-08T13:00:00Z,19.0,0.12,0.4010299190620854,0.3764227203679791
turbine_1,2026-01-07T18:00:00Z,2026-01-08T14:00:00Z,20.0,0.01,0.4539083947714898,0.40656915579019004
turbine_1,2026-01-07T18:00:00Z,2026-01-08T15:00:00Z,21.0,0.0133333333333333,0.6077751279973603,0.5533636490292947
turbine_1,2026-01-07T18:00:00Z,2026-01-08T16:00:00Z,22.0,0.0133333333333333,0.6561297094485652,0.636408703329723
turbine_1,2026-01-07T18:00:00Z,2026-01-08T17:00:00Z,23.0,0.01,0.6855849903311367,0.6565749642425373
turbine_1,2026-01-07T18:00:00Z,2026-01-08T18:00:00Z,24.0,0.01,0.759398029657254,0.6980034627591937
turbine_1,2026-01-07T18:00:00Z,2026-01-08T19:00:00Z,25.0,0.0116666666666666,0.7983318985012616,0.7192814222088271
turbine_1,2026-01-07T18:00:00Z,2026-01-08T20:00:00Z,26.0,0.01,0.7355528397016812,0.6936409243769686
turbine_1,2026-01-07T18:00:00Z,2026-01-08T21:00:00Z,27.0,0.0133333333333333,0.788700296520276,0.7440064535685071
turbine_1,2026-01-07T18:00:00Z,2026-01-08T22:00:00Z,28.0,0.01,0.7524580233685167,0.7315774221192635
turbine_1,2026-01-07T18:00:00Z,2026-01-08T23:00:00Z,29.0,0.01,0.7502214594365662,0.715042488052507
turbine_1,2026-01-07T18:00:00Z,2026-01-09T00:00:00Z,30.0,0.01,0.7344682956182491,0.7036430824097308
turbine_1,2026-01-07T18:00:00Z,2026-01-09T01:00:00Z,31.0,0.01,0.7505678859212466,0.7455876235130421
turbine_1,2026-01-07T18:00:00Z,2026-01-09T02:00:00Z,32.0,0.01,0.7446084003379118,0.690463842501155
turbine_1,2026-01-07T18:00:00Z,2026-01-09T03:00:00Z,33.0,0.01,0.745568409990437,0.6607064512367029
turbine_1,2026-01-07T18:00:00Z,2026-01-09T04:00:00Z,34.0,0.01,0.7444313080322166,0.688471156421536
turbine_1,2026-01-07T18:00:00Z,2026-01-09T05:00:00Z,35.0,0.01,0.7772963183746283,0.5768992935200685
turbine_1,2026-01-07T18:00:00Z,2026-01-09T06:00:00Z,36.0,0.01,0.8231523096689529,0.611601772246686
turbine_1,2026-01-07T18:00:00Z,2026-01-09T07:00:00Z,37.0,0.01,0.876574354775722,0.677733600269443
turbine_1,2026-01-07T18:00:00Z,2026-01-09T08:00:00Z,38.0,0.0116666666666666,0.8614969372421207,0.6801806189618548
turbine_1,2026-01-07T18:00:00Z,2026-01-09T09:00:00Z,39.0,0.01,0.7579199792887428,0.5173910286412968
turbine_1,2026-01-07T18:00:00Z,2026-01-09T10:00:00Z,40.0,0.01,0.5731974623882926,0.5070554093493709
turbine_1,2026-01-07T18:00:00Z,2026-01-09T11:00:00Z,41.0,0.0266666666666666,0.4390598389606687,0.41157420107155174
turbine_1,2026-01-07T18:00:00Z,2026-01-09T12:00:00Z,42.0,0.03,0.3413112058460681,0.27788171970421083
turbine_1,2026-01-07T18:00:00Z,2026-01-09T13:00:00Z,43.0,0.0116666666666666,0.2815263310309859,0.3055800299449221
turbine_1,2026-01-07T18:00:00Z,2026-01-09T14:00:00Z,44.0,0.0083333333333333,0.21444229098213274,0.2563429718046611
turbine_1,2026-01-07T18:00:00Z,2026-01-09T15:00:00Z,45.0,0.01,0.18269734019783773,0.22678446277713518
turbine_1,2026-01-07T18:00:00Z,2026-01-09T16:00:00Z,46.0,0.01,0.15533187460724948,0.19496019259839592
turbine_1,2026-01-07T18:00:00Z,2026-01-09T17:00:00Z,47.0,0.01,0.1550204027315078,0.20817197102500953
turbine_1,2026-01-07T18:00:00Z,2026-01-09T18:00:00Z,48.0,0.01,0.17850100127918028,0.22249766484033778
turbine_1,2026-01-08T18:00:00Z,2026-01-08T19:00:00Z,1.0,0.0116666666666666,0.759755505935201,0.6996377216535815
turbine_1,2026-01-08T18:00:00Z,2026-01-08T20:00:00Z,2.0,0.01,0.7260950319453492,0.6730550084842346
turbine_1,2026-01-08T18:00:00Z,2026-01-08T21:00:00Z,3.0,0.0133333333333333,0.715422508029805,0.6672152321029092
turbine_1,2026-01-08T18:00:00Z,2026-01-08T22:00:00Z,4.0,0.01,0.7173993942646382,0.6670546563900466
turbine_1,2026-01-08T18:00:00Z,2026-01-08T23:00:00Z,5.0,0.01,0.6889897797532881,0.6569209778020653
turbine_1,2026-01-08T18:00:00Z,2026-01-09T00:00:00Z,6.0,0.01,0.6776375117227599,0.6615093466150267
turbine_1,2026-01-08T18:00:00Z,2026-01-09T01:00:00Z,7.0,0.01,0.6158484115469194,0.5590564778285063
turbine_1,2026-01-08T18:00:00Z,2026-01-09T02:00:00Z,8.0,0.01,0.5641882674026578,0.5516644279163546
turbine_1,2026-01-08T18:00:00Z,2026-01-09T03:00:00Z,9.0,0.01,0.514288358038227,0.5150842696743873
turbine_1,2026-01-08T18:00:00Z,2026-01-09T04:00:00Z,10.0,0.01,0.36423963310085944,0.4770947374762519
turbine_1,2026-01-08T18:00:00Z,2026-01-09T05:00:00Z,11.0,0.01,0.3718782652318717,0.2838838711398332
turbine_1,2026-01-08T18:00:00Z,2026-01-09T06:00:00Z,12.0,0.01,0.4592071639264825,0.3421903421392959
turbine_1,2026-01-08T18:00:00Z,2026-01-09T07:00:00Z,13.0,0.01,0.5304862170515146,0.3856861240298153
turbine_1,2026-01-08T18:00:00Z,2026-01-09T08:00:00Z,14.0,0.0116666666666666,0.5283988550291212,0.44263603325790035
turbine_1,2026-01-08T18:00:00Z,2026-01-09T09:00:00Z,15.0,0.01,0.45740756335446564,0.3406624303237277
turbine_1,2026-01-08T18:00:00Z,2026-01-09T10:00:00Z,16.0,0.01,0.3668279659702115,0.2843461388939286
turbine_1,2026-01-08T18:00:00Z,2026-01-09T11:00:00Z,17.0,0.0266666666666666,0.2896446415364105,0.24775612379343626
turbine_1,2026-01-08T18:00:00Z,2026-01-09T12:00:00Z,18.0,0.03,0.26127799276613184,0.2089296656422999
turbine_1,2026-01-08T18:00:00Z,2026-01-09T13:00:00Z,19.0,0.0116666666666666,0.22163274953089776,0.2244711481810484
turbine_1,2026-01-08T18:00:00Z,2026-01-09T14:00:00Z,20.0,0.0083333333333333,0.20415558432909348,0.18154838613085822
turbine_1,2026-01-08T18:00:00Z,2026-01-09T15:00:00Z,21.0,0.01,0.2059375389021057,0.22127539853766673
turbine_1,2026-01-08T18:00:00Z,2026-01-09T16:00:00Z,22.0,0.01,0.22374081864084155,0.21956999830889962
turbine_1,2026-01-08T18:00:00Z,2026-01-09T17:00:00Z,23.0,0.01,0.2829124592197283,0.32900930676664336
turbine_1,2026-01-08T18:00:00Z,2026-01-09T18:00:00Z,24.0,0.01,0.40759225032811475,0.34983465968984806
turbine_1,2026-01-08T18:00:00Z,2026-01-09T19:00:00Z,25.0,0.01,0.5243196388310114,0.4700156972375171
turbine_1,2026-01-08T18:00:00Z,2026-01-09T20:00:00Z,26.0,0.01,0.575833449332651,0.5435841802857251
turbine_1,2026-01-08T18:00:00Z,2026-01-09T21:00:00Z,27.0,0.01,0.5770311347216511,0.5485107193271294
turbine_1,2026-01-08T18:00:00Z,2026-01-09T22:00:00Z,28.0,0.01,0.6237902828715387,0.5626224197024956
turbine_1,2026-01-08T18:00:00Z,2026-01-09T23:00:00Z,29.0,0.01,0.674704092788587,0.6480970853652067
turbine_1,2026-01-08T18:00:00Z,2026-01-10T00:00:00Z,30.0,0.0283333333333333,0.6740195400222483,0.6048170891605699
turbine_1,2026-01-08T18:00:00Z,2026-01-10T01:00:00Z,31.0,0.0616666666666666,0.678707821751146,0.6317107256333706
turbine_1,2026-01-08T18:00:00Z,2026-01-10T02:00:00Z,32.0,0.0583333333333333,0.6799119865376587,0.6048392270128194
turbine_1,2026-01-08T18:00:00Z,2026-01-10T03:00:00Z,33.0,0.0516666666666666,0.6470703871887583,0.5808860552577189
turbine_1,2026-01-08T18:00:00Z,2026-01-10T04:00:00Z,34.0,0.1149999999999999,0.6418832960663831,0.5612747401852922
turbine_1,2026-01-08T18:00:00Z,2026-01-10T05:00:00Z,35.0,0.07,0.6872849367697502,0.5423817482561748
turbine_1,2026-01-08T18:00:00Z,2026-01-10T06:00:00Z,36.0,0.09,0.7628149528273906,0.505816737097901
turbine_1,2026-01-08T18:00:00Z,2026-01-10T07:00:00Z,37.0,0.0533333333333333,0.7766736808536537,0.5178719932362326
turbine_1,2026-01-08T18:00:00Z,2026-01-10T08:00:00Z,38.0,0.2133333333333333,0.7505942223969148,0.48034247505992234
turbine_1,2026-01-08T18:00:00Z,2026-01-10T09:00:00Z,39.0,0.1916666666666666,0.6403706562954445,0.46449079320243436
turbine_1,2026-01-08T18:00:00Z,2026-01-10T10:00:00Z,40.0,0.1883333333333333,0.5333135759703205,0.4798279941324462
turbine_1,2026-01-08T18:00:00Z,2026-01-10T11:00:00Z,41.0,0.18,0.49656658389222097,0.4729933714067377
turbine_1,2026-01-08T18:00:00Z,2026-01-10T12:00:00Z,42.0,0.1516666666666666,0.5707717107033029,0.4924444000554703
turbine_1,2026-01-08T18:00:00Z,2026-01-10T13:00:00Z,43.0,0.4166666666666667,0.59200895335801,0.5104023484109246
turbine_1,2026-01-08T18:00:00Z,2026-01-10T14:00:00Z,44.0,0.3883333333333333,0.5918299045880285,0.4930681508365391
turbine_1,2026-01-08T18:00:00Z,2026-01-10T15:00:00Z,45.0,0.54,0.5901005095312608,0.48764849842299524
turbine_1,2026-01-08T18:00:00Z,2026-01-10T16:00:00Z,46.0,0.5750000000000001,0.6087132829546273,0.49413502051271735
turbine_1,2026-01-08T18:00:00Z,2026-01-10T17:00:00Z,47.0,0.345,0.5847014102954787,0.5573069191138289
turbine_1,2026-01-08T18:00:00Z,2026-01-10T18:00:00Z,48.0,0.4083333333333334,0.733580531755561,0.6621300728816059
turbine_1,2026-01-09T18:00:00Z,2026-01-09T19:00:00Z,1.0,0.01,0.5243196388310114,0.4733008089189001
turbine_1,2026-01-09T18:00:00Z,2026-01-09T20:00:00Z,2.0,0.01,0.4868304739165864,0.4788754924279174
turbine_1,2026-01-09T18:00:00Z,2026-01-09T21:00:00Z,3.0,0.01,0.47615795000104194,0.47264242981557847
turbine_1,2026-01-09T18:00:00Z,2026-01-09T22:00:00Z,4.0,0.01,0.5148315598542078,0.4968091238770992
turbine_1,2026-01-09T18:00:00Z,2026-01-09T23:00:00Z,5.0,0.01,0.5389958888918641,0.5538199955027665
turbine_1,2026-01-09T18:00:00Z,2026-01-10T00:00:00Z,6.0,0.0283333333333333,0.5823446525361685,0.5347648902239099
turbine_1,2026-01-09T18:00:00Z,2026-01-10T01:00:00Z,7.0,0.0616666666666666,0.5754906701400577,0.5591494556798913
turbine_1,2026-01-09T18:00:00Z,2026-01-10T02:00:00Z,8.0,0.0583333333333333,0.5205030418985906,0.5527917681295523
turbine_1,2026-01-09T18:00:00Z,2026-01-10T03:00:00Z,9.0,0.0516666666666666,0.49087983261027346,0.45471202483091355
turbine_1,2026-01-09T18:00:00Z,2026-01-10T04:00:00Z,10.0,0.1149999999999999,0.4351205328972097,0.47364706814022656
turbine_1,2026-01-09T18:00:00Z,2026-01-10T05:00:00Z,11.0,0.07,0.5034727829359826,0.5186595141688253
turbine_1,2026-01-09T18:00:00Z,2026-01-10T06:00:00Z,12.0,0.09,0.5300105216876995,0.4495201810354915
turbine_1,2026-01-09T18:00:00Z,2026-01-10T07:00:00Z,13.0,0.0533333333333333,0.565525494505279,0.4369881422462373
turbine_1,2026-01-09T18:00:00Z,2026-01-10T08:00:00Z,14.0,0.2133333333333333,0.5885709959412491,0.4434689842460582
turbine_1,2026-01-09T18:00:00Z,2026-01-10T09:00:00Z,15.0,0.1916666666666666,0.6107460737137631,0.4763337983806285
turbine_1,2026-01-09T18:00:00Z,2026-01-10T10:00:00Z,16.0,0.1883333333333333,0.5226465976616953,0.45327305488716113
turbine_1,2026-01-09T18:00:00Z,2026-01-10T11:00:00Z,17.0,0.18,0.500326136079184,0.46342825181888236
turbine_1,2026-01-09T18:00:00Z,2026-01-10T12:00:00Z,18.0,0.1516666666666666,0.509932847905199,0.4956822686887018
turbine_1,2026-01-09T18:00:00Z,2026-01-10T13:00:00Z,19.0,0.4166666666666667,0.59200895335801,0.5489461235919316
turbine_1,2026-01-09T18:00:00Z,2026-01-10T14:00:00Z,20.0,0.3883333333333333,0.6165405228575371,0.5078409806970954
turbine_1,2026-01-09T18:00:00Z,2026-01-10T15:00:00Z,21.0,0.54,0.6633027889473939,0.5668772889629277
turbine_1,2026-01-09T18:00:00Z,2026-01-10T16:00:00Z,22.0,0.5750000000000001,0.6280933286811321,0.5710592375622505
turbine_1,2026-01-09T18:00:00Z,2026-01-10T17:00:00Z,23.0,0.345,0.739023702934102,0.6495204775402276
turbine_1,2026-01-09T18:00:00Z,2026-01-10T18:00:00Z,24.0,0.4083333333333334,0.7647525587276168,0.7117869376502077
turbine_1,2026-01-09T18:00:00Z,2026-01-10T19:00:00Z,25.0,0.84,0.8097601868090967,0.7304841266244775
turbine_1,2026-01-09T18:00:00Z,2026-01-10T20:00:00Z,26.0,0.8983333333333333,0.8134559611288017,0.7645203504251713
turbine_1,2026-01-09T18:00:00Z,2026-01-10T21:00:00Z,27.0,0.7116666666666666,0.8201651873215664,0.7586716902508065
turbine_1,2026-01-09T18:00:00Z,2026-01-10T22:00:00Z,28.0,0.7716666666666666,0.7984317891469467,0.7812673706501676
turbine_1,2026-01-09T18:00:00Z,2026-01-10T23:00:00Z,29.0,0.85,0.830010617057315,0.7841171284105544
turbine_1,2026-01-09T18:00:00Z,2026-01-11T00:00:00Z,30.0,0.4683333333333333,0.8677319241706541,0.7994794437289128
turbine_1,2026-01-09T18:00:00Z,2026-01-11T01:00:00Z,31.0,0.5533333333333333,0.9074708373405516,0.8710103118833918
turbine_1,2026-01-09T18:00:00Z,2026-01-11T02:00:00Z,32.0,0.4866666666666666,0.9291241966158195,0.8681482305016264
turbine_1,2026-01-09T18:00:00Z,2026-01-11T03:00:00Z,33.0,0.21,0.8928519061919752,0.865398568419775
turbine_1,2026-01-09T18:00:00Z,2026-01-11T04:00:00Z,34.0,0.325,0.9625870572004562,0.9333934469405675
turbine_1,2026-01-09T18:00:00Z,2026-01-11T05:00:00Z,35.0,0.2799999999999999,0.9313218610658935,0.9190768210436645
turbine_1,2026-01-09T18:00:00Z,2026-01-11T06:00:00Z,36.0,0.4033333333333333,0.9687485089463119,0.8484616673027201
turbine_1,2026-01-09T18:00:00Z,2026-01-11T07:00:00Z,37.0,0.5966666666666667,0.9787134100242814,0.8650239671777938
turbine_1,2026-01-09T18:00:00Z,2026-01-11T08:00:00Z,38.0,0.6,0.9677902479450785,0.8519635022033311
turbine_1,2026-01-09T18:00:00Z,2026-01-11T09:00:00Z,39.0,0.3133333333333333,0.8688473770347194,0.7969051451095315
turbine_1,2026-01-09T18:00:00Z,2026-01-11T10:00:00Z,40.0,0.2183333333333333,0.9029445400488845,0.8256063663377894
turbine_1,2026-01-09T18:00:00Z,2026-01-11T11:00:00Z,41.0,0.2799999999999999,0.8607276688119955,0.8253632384467964
turbine_1,2026-01-09T18:00:00Z,2026-01-11T12:00:00Z,42.0,0.2316666666666667,0.8430605406358708,0.8005003014482587
turbine_1,2026-01-09T18:00:00Z,2026-01-11T13:00:00Z,43.0,0.445,0.8267564936391277,0.7517732765538403
turbine_1,2026-01-09T18:00:00Z,2026-01-11T14:00:00Z,44.0,0.4516666666666666,0.834119598871778,0.7631673016680814
turbine_1,2026-01-09T18:00:00Z,2026-01-11T15:00:00Z,45.0,0.2749999999999999,0.8409290865512407,0.7409781797954049
turbine_1,2026-01-09T18:00:00Z,2026-01-11T16:00:00Z,46.0,0.6066666666666667,0.8601974582592739,0.8039606062059168
turbine_1,2026-01-09T18:00:00Z,2026-01-11T17:00:00Z,47.0,0.5499999999999999,0.821323520582629,0.813233456648935
turbine_1,2026-01-09T18:00:00Z,2026-01-11T18:00:00Z,48.0,0.3316666666666666,0.8525486009978642,0.759611881079252
turbine_1,2026-01-10T18:00:00Z,2026-01-10T19:00:00Z,1.0,0.84,0.8722451686619218,0.7909092864176401
turbine_1,2026-01-10T18:00:00Z,2026-01-10T20:00:00Z,2.0,0.8983333333333333,0.8128080321226695,0.744844789277607
turbine_1,2026-01-10T18:00:00Z,2026-01-10T21:00:00Z,3.0,0.7116666666666666,0.841764412435282,0.7727393256741542
turbine_1,2026-01-10T18:00:00Z,2026-01-10T22:00:00Z,4.0,0.7716666666666666,0.8000311377167847,0.7406822311172566
turbine_1,2026-01-10T18:00:00Z,2026-01-10T23:00:00Z,5.0,0.85,0.8586468757657958,0.7863565466541533
turbine_1,2026-01-10T18:00:00Z,2026-01-11T00:00:00Z,6.0,0.4683333333333333,0.8469612415597746,0.7806923915253905
turbine_1,2026-01-10T18:00:00Z,2026-01-11T01:00:00Z,7.0,0.5533333333333333,0.8664596034043199,0.7861141174530077
turbine_1,2026-01-10T18:00:00Z,2026-01-11T02:00:00Z,8.0,0.4866666666666666,0.9029787693903574,0.852768011274846
turbine_1,2026-01-10T18:00:00Z,2026-01-11T03:00:00Z,9.0,0.21,0.8422836932655018,0.8014295099010066
turbine_1,2026-01-10T18:00:00Z,2026-01-11T04:00:00Z,10.0,0.325,0.9047332673627412,0.8360030836744327
turbine_1,2026-01-10T18:00:00Z,2026-01-11T05:00:00Z,11.0,0.2799999999999999,0.9476178546601003,0.8883898743265818
turbine_1,2026-01-10T18:00:00Z,2026-01-11T06:00:00Z,12.0,0.4033333333333333,0.9597060738234914,0.8362457835332022
turbine_1,2026-01-10T18:00:00Z,2026-01-11T07:00:00Z,13.0,0.5966666666666667,0.9765752915465475,0.9083451880741306
turbine_1,2026-01-10T18:00:00Z,2026-01-11T08:00:00Z,14.0,0.6,0.9193838202426751,0.8116464044709314
turbine_1,2026-01-10T18:00:00Z,2026-01-11T09:00:00Z,15.0,0.3133333333333333,0.8843843640931575,0.7423248435583507
turbine_1,2026-01-10T18:00:00Z,2026-01-11T10:00:00Z,16.0,0.2183333333333333,0.8636748702843814,0.7544704204177832
turbine_1,2026-01-10T18:00:00Z,2026-01-11T11:00:00Z,17.0,0.2799999999999999,0.8664987234583096,0.735877333093386
turbine_1,2026-01-10T18:00:00Z,2026-01-11T12:00:00Z,18.0,0.2316666666666667,0.8171499503010106,0.7898059724536668
turbine_1,2026-01-10T18:00:00Z,2026-01-11T13:00:00Z,19.0,0.445,0.8270185746141844,0.7445107416184518
turbine_1,2026-01-10T18:00:00Z,2026-01-11T14:00:00Z,20.0,0.4516666666666666,0.8348229164262154,0.7514897328204504
turbine_1,2026-01-10T18:00:00Z,2026-01-11T15:00:00Z,21.0,0.2749999999999999,0.8481791121551612,0.7556791590088361
turbine_1,2026-01-10T18:00:00Z,2026-01-11T16:00:00Z,22.0,0.6066666666666667,0.7966072947383244,0.6932738224551532
turbine_1,2026-01-10T18:00:00Z,2026-01-11T17:00:00Z,23.0,0.5499999999999999,0.5836624914844678,0.5149532239692696
turbine_1,2026-01-10T18:00:00Z,2026-01-11T18:00:00Z,24.0,0.3316666666666666,0.2608718491669436,0.21183384676536907
turbine_1,2026-01-10T18:00:00Z,2026-01-11T19:00:00Z,25.0,0.58,0.16035088227030958,0.14517989150825472
turbine_1,2026-01-10T18:00:00Z,2026-01-11T20:00:00Z,26.0,0.4033333333333333,0.08940025392102208,0.08377445378220513
turbine_1,2026-01-10T18:00:00Z,2026-01-11T21:00:00Z,27.0,0.0683333333333333,0.09591320354065724,0.09680810933356132
turbine_1,2026-01-10T18:00:00Z,2026-01-11T22:00:00Z,28.0,0.015,0.08667013692207581,0.13444814696518315
turbine_1,2026-01-10T18:00:00Z,2026-01-11T23:00:00Z,29.0,0.0233333333333333,0.05472202775428975,0.06490225263452468
turbine_1,2026-01-10T18:00:00Z,2026-01-12T00:00:00Z,30.0,0.01,0.03111532497328004,0.02898829451087412
turbine_1,2026-01-10T18:00:00Z,2026-01-12T01:00:00Z,31.0,0.01,0.01736169333126858,0.026572475555186076
turbine_1,2026-01-10T18:00:00Z,2026-01-12T02:00:00Z,32.0,0.01,0.014162523009868588,0.022296440737465673
turbine_1,2026-01-10T18:00:00Z,2026-01-12T03:00:00Z,33.0,0.01,0.015127044214567231,0.016750466473237302
turbine_1,2026-01-10T18:00:00Z,2026-01-12T04:00:00Z,34.0,0.01,0.014005150358404717,0.0180543041447514
turbine_1,2026-01-10T18:00:00Z,2026-01-12T05:00:00Z,35.0,0.01,0.014819094868610494,0.02076405313251145
turbine_1,2026-01-10T18:00:00Z,2026-01-12T06:00:00Z,36.0,0.01,0.018410241149095175,0.0331320454199088
turbine_1,2026-01-10T18:00:00Z,2026-01-12T07:00:00Z,37.0,0.0116666666666666,0.1286266751123334,0.09422702766912386
turbine_1,2026-01-10T18:00:00Z,2026-01-12T08:00:00Z,38.0,0.0966666666666666,0.28417166446072356,0.2395615608509011
turbine_1,2026-01-10T18:00:00Z,2026-01-12T09:00:00Z,39.0,0.1633333333333333,0.6167009770848251,0.611793224695045
turbine_1,2026-01-10T18:00:00Z,2026-01-12T10:00:00Z,40.0,0.0566666666666666,0.8509923250256316,0.8088774240734026
turbine_1,2026-01-10T18:00:00Z,2026-01-12T11:00:00Z,41.0,0.1533333333333333,0.4674711283032628,0.45981381410014954
turbine_1,2026-01-10T18:00:00Z,2026-01-12T12:00:00Z,42.0,0.545,0.31680496566267674,0.30359570834813804
turbine_1,2026-01-10T18:00:00Z,2026-01-12T13:00:00Z,43.0,0.615,0.23818883110074487,0.24426671522671567
turbine_1,2026-01-10T18:00:00Z,2026-01-12T14:00:00Z,44.0,0.58,0.16807476046641917,0.19505214186691883
turbine_1,2026-01-10T18:00:00Z,2026-01-12T15:00:00Z,45.0,0.5633333333333334,0.10404351518682778,0.13720044598144254
turbine_1,2026-01-10T18:00:00Z,2026-01-12T16:00:00Z,46.0,0.285,0.03116470219516443,0.038010176936146
turbine_1,2026-01-10T18:00:00Z,2026-01-12T17:00:00Z,47.0,0.2633333333333333,0.06443350153643732,0.0484207272872319
turbine_1,2026-01-10T18:00:00Z,2026-01-12T18:00:00Z,48.0,0.1183333333333333,0.19215342614897843,0.3102185522691595
turbine_1,2026-01-11T18:00:00Z,2026-01-11T19:00:00Z,1.0,0.58,0.09448325476148106,0.13749509100259868
turbine_1,2026-01-11T18:00:00Z,2026-01-11T20:00:00Z,2.0,0.4033333333333333,0.05138007408510753,0.04049827033075476
turbine_1,2026-01-11T18:00:00Z,2026-01-11T21:00:00Z,3.0,0.0683333333333333,0.03616933864700991,0.04453900582710421
turbine_1,2026-01-11T18:00:00Z,2026-01-11T22:00:00Z,4.0,0.015,0.013448092652006777,0.021135373544019814
turbine_1,2026-01-11T18:00:00Z,2026-01-11T23:00:00Z,5.0,0.0233333333333333,0.014439459284160877,0.016480867873887667
turbine_1,2026-01-11T18:00:00Z,2026-01-12T00:00:00Z,6.0,0.01,0.021734255338788783,0.01727126280396013
turbine_1,2026-01-11T18:00:00Z,2026-01-12T01:00:00Z,7.0,0.01,0.017392072038008882,0.015393845424632402
turbine_1,2026-01-11T18:00:00Z,2026-01-12T02:00:00Z,8.0,0.01,0.014751771498458688,0.018893454708729523
turbine_1,2026-01-11T18:00:00Z,2026-01-12T03:00:00Z,9.0,0.01,0.0169662499228542,0.03036723845897879
turbine_1,2026-01-11T18:00:00Z,2026-01-12T04:00:00Z,10.0,0.01,0.019321247633812322,0.05552375257508005
turbine_1,2026-01-11T18:00:00Z,2026-01-12T05:00:00Z,11.0,0.01,0.043827587569492676,0.04674741943005445
turbine_1,2026-01-11T18:00:00Z,2026-01-12T06:00:00Z,12.0,0.01,0.0867508312968154,0.06645160673897416
turbine_1,2026-01-11T18:00:00Z,2026-01-12T07:00:00Z,13.0,0.0116666666666666,0.15965880744316274,0.14078101706956042
turbine_1,2026-01-11T18:00:00Z,2026-01-12T08:00:00Z,14.0,0.0966666666666666,0.378700815387666,0.3882592810146861
turbine_1,2026-01-11T18:00:00Z,2026-01-12T09:00:00Z,15.0,0.1633333333333333,0.4834207405943036,0.4283656564634837
turbine_1,2026-01-11T18:00:00Z,2026-01-12T10:00:00Z,16.0,0.0566666666666666,0.4067298102307342,0.3582362687205204
turbine_1,2026-01-11T18:00:00Z,2026-01-12T11:00:00Z,17.0,0.1533333333333333,0.25361776174689143,0.2674961575159741
turbine_1,2026-01-11T18:00:00Z,2026-01-12T12:00:00Z,18.0,0.545,0.21983027009414952,0.1856821115712343
turbine_1,2026-01-11T18:00:00Z,2026-01-12T13:00:00Z,19.0,0.615,0.16506688319387902,0.179509913743684
turbine_1,2026-01-11T18:00:00Z,2026-01-12T14:00:00Z,20.0,0.58,0.12465584045450513,0.15575249809026526
turbine_1,2026-01-11T18:00:00Z,2026-01-12T15:00:00Z,21.0,0.5633333333333334,0.1698518327066353,0.21011441141788187
turbine_1,2026-01-11T18:00:00Z,2026-01-12T16:00:00Z,22.0,0.285,0.10775369938655206,0.13618768377096416
turbine_1,2026-01-11T18:00:00Z,2026-01-12T17:00:00Z,23.0,0.2633333333333333,0.03059782135539696,0.07431052710841016
turbine_1,2026-01-11T18:00:00Z,2026-01-12T18:00:00Z,24.0,0.1183333333333333,0.024245227422207694,0.03196447614324191
turbine_1,2026-01-11T18:00:00Z,2026-01-12T19:00:00Z,25.0,0.2233333333333333,0.03058875238050232,0.02165674026689962
turbine_1,2026-01-11T18:00:00Z,2026-01-12T20:00:00Z,26.0,0.1383333333333333,0.028829695595689098,0.035378980607498334
turbine_1,2026-01-11T18:00:00Z,2026-01-12T21:00:00Z,27.0,0.1483333333333333,0.017622500751425907,0.034270555697954425
turbine_1,2026-01-11T18:00:00Z,2026-01-12T22:00:00Z,28.0,0.2283333333333333,0.06301125969178739,0.05943044211641371
turbine_1,2026-01-11T18:00:00Z,2026-01-12T23:00:00Z,29.0,0.1766666666666666,0.07478314982945819,0.07048766283189872
turbine_1,2026-01-11T18:00:00Z,2026-01-13T00:00:00Z,30.0,0.045,0.03284057238926549,0.036895481195872604
turbine_1,2026-01-11T18:00:00Z,2026-01-13T01:00:00Z,31.0,0.01,0.013570965621241743,0.018651410355543574
turbine_1,2026-01-11T18:00:00Z,2026-01-13T02:00:00Z,32.0,0.0216666666666666,0.021517730429062243,0.0260748058655432
turbine_1,2026-01-11T18:00:00Z,2026-01-13T03:00:00Z,33.0,0.1133333333333333,0.03884187406760442,0.03986038349087673
turbine_1,2026-01-11T18:00:00Z,2026-01-13T04:00:00Z,34.0,0.1483333333333333,0.04175465449740404,0.07510662170944116
turbine_1,2026-01-11T18:00:00Z,2026-01-13T05:00:00Z,35.0,0.18,0.07702250052925005,0.09064868947238672
turbine_1,2026-01-11T18:00:00Z,2026-01-13T06:00:00Z,36.0,0.2333333333333333,0.12782171844354523,0.22176348299265541
turbine_1,2026-01-11T18:00:00Z,2026-01-13T07:00:00Z,37.0,0.515,0.1950353503658481,0.3077325974596968
turbine_1,2026-01-11T18:00:00Z,2026-01-13T08:00:00Z,38.0,0.64,0.2752089355411773,0.3926264277567937
turbine_1,2026-01-11T18:00:00Z,2026-01-13T09:00:00Z,39.0,0.7833333333333333,0.3633053221921285,0.5145777589241325
turbine_1,2026-01-11T18:00:00Z,2026-01-13T10:00:00Z,40.0,0.985,0.606728412863772,0.5409888393215788
turbine_1,2026-01-11T18:00:00Z,2026-01-13T11:00:00Z,41.0,0.99,0.8573278319188977,0.7033855519546941
turbine_1,2026-01-11T18:00:00Z,2026-01-13T12:00:00Z,42.0,0.99,0.9786146403068221,0.9610394646541198
turbine_1,2026-01-11T18:00:00Z,2026-01-13T13:00:00Z,43.0,0.99,0.9828233823818072,0.992941381967747
turbine_1,2026-01-11T18:00:00Z,2026-01-13T14:00:00Z,44.0,0.99,0.9842014978086027,0.9965926912043246
turbine_1,2026-01-11T18:00:00Z,2026-01-13T15:00:00Z,45.0,0.99,0.9778313295809723,0.996219165170634
turbine_1,2026-01-11T18:00:00Z,2026-01-13T16:00:00Z,46.0,0.9266666666666666,0.9759429218558631,0.958198653760595
turbine_1,2026-01-11T18:00:00Z,2026-01-13T17:00:00Z,47.0,0.9516666666666668,0.9069224893735509,0.8910581828795823
turbine_1,2026-01-11T18:00:00Z,2026-01-13T18:00:00Z,48.0,0.9183333333333332,0.8733379319349528,0.8785916206783458
turbine_1,2026-01-12T18:00:00Z,2026-01-12T19:00:00Z,1.0,0.2233333333333333,0.03971841521188568,0.04259859172733932
turbine_1,2026-01-12T18:00:00Z,2026-01-12T20:00:00Z,2.0,0.1383333333333333,0.03512001057148442,0.03697026543420878
turbine_1,2026-01-12T18:00:00Z,2026-01-12T21:00:00Z,3.0,0.1483333333333333,0.012493189534366511,0.01586278446216302
turbine_1,2026-01-12T18:00:00Z,2026-01-12T22:00:00Z,4.0,0.2283333333333333,0.012047344014118277,0.011917282870499174
turbine_1,2026-01-12T18:00:00Z,2026-01-12T23:00:00Z,5.0,0.1766666666666666,0.013766431483514807,0.010731800904056288
turbine_1,2026-01-12T18:00:00Z,2026-01-13T00:00:00Z,6.0,0.045,0.013136194211602142,0.02282052736686513
turbine_1,2026-01-12T18:00:00Z,2026-01-13T01:00:00Z,7.0,0.01,0.016133263055493757,0.020715171583792158
turbine_1,2026-01-12T18:00:00Z,2026-01-13T02:00:00Z,8.0,0.0216666666666666,0.03862585487586598,0.04728316687600859
turbine_1,2026-01-12T18:00:00Z,2026-01-13T03:00:00Z,9.0,0.1133333333333333,0.060556456603911846,0.1038328732254328
turbine_1,2026-01-12T18:00:00Z,2026-01-13T04:00:00Z,10.0,0.1483333333333333,0.11707862511263843,0.08038111349207722
turbine_1,2026-01-12T18:00:00Z,2026-01-13T05:00:00Z,11.0,0.18,0.23360197841038075,0.35097430994166645
turbine_1,2026-01-12T18:00:00Z,2026-01-13T06:00:00Z,12.0,0.2333333333333333,0.3625618160161773,0.5210045413235053
turbine_1,2026-01-12T18:00:00Z,2026-01-13T07:00:00Z,13.0,0.515,0.38379716693970256,0.5417499109822417
turbine_1,2026-01-12T18:00:00Z,2026-01-13T08:00:00Z,14.0,0.64,0.45947701852603895,0.46288603813034723
turbine_1,2026-01-12T18:00:00Z,2026-01-13T09:00:00Z,15.0,0.7833333333333333,0.6410652684640537,0.5905513969271405
turbine_1,2026-01-12T18:00:00Z,2026-01-13T10:00:00Z,16.0,0.985,0.7923554033003781,0.5939237495258599
turbine_1,2026-01-12T18:00:00Z,2026-01-13T11:00:00Z,17.0,0.99,0.908425210803394,0.8601400663320344
turbine_1,2026-01-12T18:00:00Z,2026-01-13T12:00:00Z,18.0,0.99,0.979243295347513,0.9697820571517384
turbine_1,2026-01-12T18:00:00Z,2026-01-13T13:00:00Z,19.0,0.99,0.9802087911885766,0.9859655772219565
turbine_1,2026-01-12T18:00:00Z,2026-01-13T14:00:00Z,20.0,0.99,0.9586162842402024,0.9631789896676138
turbine_1,2026-01-12T18:00:00Z,2026-01-13T15:00:00Z,21.0,0.99,0.9315277875380238,0.9218737361075329
turbine_1,2026-01-12T18:00:00Z,2026-01-13T16:00:00Z,22.0,0.9266666666666666,0.8288169395452256,0.8032301215641191
turbine_1,2026-01-12T18:00:00Z,2026-01-13T17:00:00Z,23.0,0.9516666666666668,0.6402559940469573,0.6199907399865744
turbine_1,2026-01-12T18:00:00Z,2026-01-13T18:00:00Z,24.0,0.9183333333333332,0.46774092880279955,0.48503424148726293
turbine_1,2026-01-12T18:00:00Z,2026-01-13T19:00:00Z,25.0,0.7583333333333333,0.4122263852178312,0.40146774353452597
turbine_1,2026-01-12T18:00:00Z,2026-01-13T20:00:00Z,26.0,0.8383333333333334,0.3632382702574002,0.36151038135225727
turbine_1,2026-01-12T18:00:00Z,2026-01-13T21:00:00Z,27.0,0.935,0.39073133023239187,0.3587651473753477
turbine_1,2026-01-12T18:00:00Z,2026-01-13T22:00:00Z,28.0,0.8633333333333333,0.4071988612354317,0.3999565051305074
turbine_1,2026-01-12T18:00:00Z,2026-01-13T23:00:00Z,29.0,0.57,0.37257189976714916,0.40249496684303665
turbine_1,2026-01-12T18:00:00Z,2026-01-14T00:00:00Z,30.0,0.36,0.3812798024541236,0.3871367712534317
turbine_1,2026-01-12T18:00:00Z,2026-01-14T01:00:00Z,31.0,0.0916666666666666,0.3093550761259671,0.30952766360029105
turbine_1,2026-01-12T18:00:00Z,2026-01-14T02:00:00Z,32.0,0.0366666666666666,0.19168148401228463,0.21338946308072074
turbine_1,2026-01-12T18:00:00Z,2026-01-14T03:00:00Z,33.0,0.3166666666666666,0.15155226654914195,0.1545660462899532
turbine_1,2026-01-12T18:00:00Z,2026-01-14T04:00:00Z,34.0,0.26,0.13516965218057203,0.09940631652737472
turbine_1,2026-01-12T18:00:00Z,2026-01-14T05:00:00Z,35.0,0.045,0.14831651220299563,0.06260241296880376
turbine_1,2026-01-12T18:00:00Z,2026-01-14T06:00:00Z,36.0,0.015,0.10161482125441962,0.07114930077192838
turbine_1,2026-01-12T18:00:00Z,2026-01-14T07:00:00Z,37.0,0.0633333333333333,0.08688686901251577,0.07878383373022313
turbine_1,2026-01-12T18:00:00Z,2026-01-14T08:00:00Z,38.0,0.1133333333333333,0.06927357322614192,0.05015337343617812
turbine_1,2026-01-12T18:00:00Z,2026-01-14T09:00:00Z,39.0,0.1366666666666667,0.04437458973606251,0.04069030090161227
turbine_1,2026-01-12T18:00:00Z,2026-01-14T10:00:00Z,40.0,0.17,0.03114008162934262,0.02720452539258625
turbine_1,2026-01-12T18:00:00Z,2026-01-14T11:00:00Z,41.0,0.1149999999999999,0.03089985721655486,0.02914803926570897
turbine_1,2026-01-12T18:00:00Z,2026-01-14T12:00:00Z,42.0,0.155,0.030759566914568104,0.025751250090857353
turbine_1,2026-01-12T18:00:00Z,2026-01-14T13:00:00Z,43.0,0.14,0.036786855238708754,0.02797055447320093
turbine_1,2026-01-12T18:00:00Z,2026-01-14T14:00:00Z,44.0,0.1333333333333333,0.049345300497980416,0.03845549951876073
turbine_1,2026-01-12T18:00:00Z,2026-01-14T15:00:00Z,45.0,0.2,0.13179998441534546,0.1653031842541935
turbine_1,2026-01-12T18:00:00Z,2026-01-14T16:00:00Z,46.0,0.3616666666666666,0.259394236047112,0.31490127022889225
turbine_1,2026-01-12T18:00:00Z,2026-01-14T17:00:00Z,47.0,0.24,0.2479441749538403,0.3144509561690224
turbine_1,2026-01-12T18:00:00Z,2026-01-14T18:00:00Z,48.0,0.1083333333333333,0.23321094167593856,0.3123464801132665
turbine_1,2026-01-13T18:00:00Z,2026-01-13T19:00:00Z,1.0,0.7583333333333333,0.5218562408052543,0.43213820414212856
turbine_1,2026-01-13T18:00:00Z,2026-01-13T20:00:00Z,2.0,0.8383333333333334,0.4903850084509257,0.43464974814638335
turbine_1,2026-01-13T18:00:00Z,2026-01-13T21:00:00Z,3.0,0.935,0.5029372686080761,0.503109038047201
turbine_1,2026-01-13T18:00:00Z,2026-01-13T22:00:00Z,4.0,0.8633333333333333,0.4484903652952408,0.39294150173292147
turbine_1,2026-01-13T18:00:00Z,2026-01-13T23:00:00Z,5.0,0.57,0.47710155270650706,0.44914407773897747
turbine_1,2026-01-13T18:00:00Z,2026-01-14T00:00:00Z,6.0,0.36,0.4123847567840755,0.4230487073389548
turbine_1,2026-01-13T18:00:00Z,2026-01-14T01:00:00Z,7.0,0.0916666666666666,0.3220198510152206,0.3320132441899313
turbine_1,2026-01-13T18:00:00Z,2026-01-14T02:00:00Z,8.0,0.0366666666666666,0.362552744119258,0.3583068920805608
turbine_1,2026-01-13T18:00:00Z,2026-01-14T03:00:00Z,9.0,0.3166666666666666,0.21855804448751945,0.2545699749578775
turbine_1,2026-01-13T18:00:00Z,2026-01-14T04:00:00Z,10.0,0.26,0.20877054661400832,0.16825139444280265
turbine_1,2026-01-13T18:00:00Z,2026-01-14T05:00:00Z,11.0,0.045,0.1932555560825276,0.08758309117994786
turbine_1,2026-01-13T18:00:00Z,2026-01-14T06:00:00Z,12.0,0.015,0.11562238063262527,0.08004042265651087
turbine_1,2026-01-13T18:00:00Z,2026-01-14T07:00:00Z,13.0,0.0633333333333333,0.06819404790044084,0.05645764869310288
turbine_1,2026-01-13T18:00:00Z,2026-01-14T08:00:00Z,14.0,0.1133333333333333,0.053757439947293206,0.047285023450126334
turbine_1,2026-01-13T18:00:00Z,2026-01-14T09:00:00Z,15.0,0.1366666666666667,0.02630528730418774,0.029716176394164767
turbine_1,2026-01-13T18:00:00Z,2026-01-14T10:00:00Z,16.0,0.17,0.03135433116118863,0.027580990965583668
turbine_1,2026-01-13T18:00:00Z,2026-01-14T11:00:00Z,17.0,0.1149999999999999,0.030742829895141266,0.021532003823392543
turbine_1,2026-01-13T18:00:00Z,2026-01-14T12:00:00Z,18.0,0.155,0.028015285767978015,0.019752782947022318
turbine_1,2026-01-13T18:00:00Z,2026-01-14T13:00:00Z,19.0,0.14,0.02777775629571591,0.020949186003770826
turbine_1,2026-01-13T18:00:00Z,2026-01-14T14:00:00Z,20.0,0.1333333333333333,0.03013015524958007,0.030604704465244464
turbine_1,2026-01-13T18:00:00Z,2026-01-14T15:00:00Z,21.0,0.2,0.12479963412722482,0.15121152315569503
turbine_1,2026-01-13T18:00:00Z,2026-01-14T16:00:00Z,22.0,0.3616666666666666,0.22674349852688686,0.27875172954538835
turbine_1,2026-01-13T18:00:00Z,2026-01-14T17:00:00Z,23.0,0.24,0.24620214317668146,0.3125950728946142
turbine_1,2026-01-13T18:00:00Z,2026-01-14T18:00:00Z,24.0,0.1083333333333333,0.21271245050141963,0.26056052789043005
turbine_1,2026-01-13T18:00:00Z,2026-01-14T19:00:00Z,25.0,0.0466666666666666,0.2014855802378376,0.20758861518178384
turbine_1,2026-01-13T18:00:00Z,2026-01-14T20:00:00Z,26.0,0.02,0.11809792626888645,0.15559564684702862
turbine_1,2026-01-13T18:00:00Z,2026-01-14T21:00:00Z,27.0,0.02,0.101070174781026,0.11028247507676955
turbine_1,2026-01-13T18:00:00Z,2026-01-14T22:00:00Z,28.0,0.0116666666666666,0.06782014944066966,0.08934356741643745
turbine_1,2026-01-13T18:00:00Z,2026-01-14T23:00:00Z,29.0,0.01,0.0641113163484594,0.0722265449986631
turbine_1,2026-01-13T18:00:00Z,2026-01-15T00:00:00Z,30.0,0.01,0.074254985146536,0.07686961090238456
turbine_1,2026-01-13T18:00:00Z,2026-01-15T01:00:00Z,31.0,0.01,0.06652415416928173,0.053092717865936806
turbine_1,2026-01-13T18:00:00Z,2026-01-15T02:00:00Z,32.0,0.01,0.042669922765217805,0.030594096968716872
turbine_1,2026-01-13T18:00:00Z,2026-01-15T03:00:00Z,33.0,0.01,0.01598330227227715,0.01848505632735037
turbine_1,2026-01-13T18:00:00Z,2026-01-15T04:00:00Z,34.0,0.01,0.014025038926905015,0.019226419385233784
turbine_1,2026-01-13T18:00:00Z,2026-01-15T05:00:00Z,35.0,0.01,0.021391965767582205,0.036005420803003174
turbine_1,2026-01-13T18:00:00Z,2026-01-15T06:00:00Z,36.0,0.01,0.04020170299247322,0.06231536836615492
turbine_1,2026-01-13T18:00:00Z,2026-01-15T07:00:00Z,37.0,0.01,0.08266350795521774,0.09201302599894767
turbine_1,2026-01-13T18:00:00Z,2026-01-15T08:00:00Z,38.0,0.01,0.09830238598892097,0.1672539480909524
turbine_1,2026-01-13T18:00:00Z,2026-01-15T09:00:00Z,39.0,0.01,0.11130472850597799,0.09612427512989333
turbine_1,2026-01-13T18:00:00Z,2026-01-15T10:00:00Z,40.0,0.02,0.12614070793447024,0.0664639645573539
turbine_1,2026-01-13T18:00:00Z,2026-01-15T11:00:00Z,41.0,0.04,0.061052485941255175,0.04441930655750434
turbine_1,2026-01-13T18:00:00Z,2026-01-15T12:00:00Z,42.0,0.0833333333333333,0.03059201982284912,0.062273267015409195
turbine_1,2026-01-13T18:00:00Z,2026-01-15T13:00:00Z,43.0,0.0916666666666666,0.08847633150431022,0.10929105130506422
turbine_1,2026-01-13T18:00:00Z,2026-01-15T14:00:00Z,44.0,0.0633333333333333,0.09932624769400553,0.11194441867706181
turbine_1,2026-01-13T18:00:00Z,2026-01-15T15:00:00Z,45.0,0.1133333333333333,0.079101383997071,0.11212256997803084
turbine_1,2026-01-13T18:00:00Z,2026-01-15T16:00:00Z,46.0,0.2083333333333333,0.050877472974692306,0.050902692340556915
turbine_1,2026-01-13T18:00:00Z,2026-01-15T17:00:00Z,47.0,0.045,0.017985892834110756,0.03610724657113509
turbine_1,2026-01-13T18:00:00Z,2026-01-15T18:00:00Z,48.0,0.01,0.01625545165323844,0.035616393259893825
turbine_1,2026-01-14T18:00:00Z,2026-01-14T19:00:00Z,1.0,0.0466666666666666,0.16829177836484588,0.16790223957256534
turbine_1,2026-01-14T18:00:00Z,2026-01-14T20:00:00Z,2.0,0.02,0.1150059941346764,0.13470541795411056
turbine_1,2026-01-14T18:00:00Z,2026-01-14T21:00:00Z,3.0,0.02,0.07243348156399138,0.10375218473112238
turbine_1,2026-01-14T18:00:00Z,2026-01-14T22:00:00Z,4.0,0.0116666666666666,0.035561122341996654,0.050796962915241495
turbine_1,2026-01-14T18:00:00Z,2026-01-14T23:00:00Z,5.0,0.01,0.028849771231972687,0.04147768487703371
turbine_1,2026-01-14T18:00:00Z,2026-01-15T00:00:00Z,6.0,0.01,0.04317972761474581,0.025674550256561707
turbine_1,2026-01-14T18:00:00Z,2026-01-15T01:00:00Z,7.0,0.01,0.023423349174595348,0.024762097526817434
turbine_1,2026-01-14T18:00:00Z,2026-01-15T02:00:00Z,8.0,0.01,0.014212279342619594,0.01757214117047526
turbine_1,2026-01-14T18:00:00Z,2026-01-15T03:00:00Z,9.0,0.01,0.014000126928053719,0.028146179212402728
turbine_1,2026-01-14T18:00:00Z,2026-01-15T04:00:00Z,10.0,0.01,0.020224767968574697,0.02773475620157395
turbine_1,2026-01-14T18:00:00Z,2026-01-15T05:00:00Z,11.0,0.01,0.02213937483419462,0.028887444955079333
turbine_1,2026-01-14T18:00:00Z,2026-01-15T06:00:00Z,12.0,0.01,0.028463634527638615,0.02977101519074976
turbine_1,2026-01-14T18:00:00Z,2026-01-15T07:00:00Z,13.0,0.01,0.11426867153798852,0.09996030037119133
turbine_1,2026-01-14T18:00:00Z,2026-01-15T08:00:00Z,14.0,0.01,0.2589392623689653,0.3745338372659892
turbine_1,2026-01-14T18:00:00Z,2026-01-15T09:00:00Z,15.0,0.01,0.42307539983960324,0.30330701175274866
turbine_1,2026-01-14T18:00:00Z,2026-01-15T10:00:00Z,16.0,0.02,0.5600955103569156,0.3850877240613355
turbine_1,2026-01-14T18:00:00Z,2026-01-15T11:00:00Z,17.0,0.04,0.661792997044516,0.5543861059008295
turbine_1,2026-01-14T18:00:00Z,2026-01-15T12:00:00Z,18.0,0.0833333333333333,0.7135911983887445,0.6255725021431651
turbine_1,2026-01-14T18:00:00Z,2026-01-15T13:00:00Z,19.0,0.0916666666666666,0.8876680866079472,0.8230439650690724
turbine_1,2026-01-14T18:00:00Z,2026-01-15T14:00:00Z,20.0,0.0633333333333333,0.8256785332031306,0.796577675768172
turbine_1,2026-01-14T18:00:00Z,2026-01-15T15:00:00Z,21.0,0.1133333333333333,0.3932844896436381,0.32201437735660915
turbine_1,2026-01-14T18:00:00Z,2026-01-15T16:00:00Z,22.0,0.2083333333333333,0.17659807039321074,0.16831386313752889
turbine_1,2026-01-14T18:00:00Z,2026-01-15T17:00:00Z,23.0,0.045,0.14419897529343234,0.1545508941072683
turbine_1,2026-01-14T18:00:00Z,2026-01-15T18:00:00Z,24.0,0.01,0.03370772937762406,0.06535294874183789
turbine_1,2026-01-14T18:00:00Z,2026-01-15T19:00:00Z,25.0,0.095,0.014705630732800262,0.023837219050352215
turbine_1,2026-01-14T18:00:00Z,2026-01-15T20:00:00Z,26.0,0.1383333333333333,0.013401917072709713,0.018135781012000363
turbine_1,2026-01-14T18:00:00Z,2026-01-15T21:00:00Z,27.0,0.0733333333333333,0.01285585234780881,0.013908841405863515
turbine_1,2026-01-14T18:00:00Z,2026-01-15T22:00:00Z,28.0,0.0499999999999999,0.014622053021525555,0.015994120854160937
turbine_1,2026-01-14T18:00:00Z,2026-01-15T23:00:00Z,29.0,0.04,0.037482554766093995,0.03849435674769519
turbine_1,2026-01-14T18:00:00Z,2026-01-16T00:00:00Z,30.0,0.0133333333333333,0.07497283948824754,0.08626023210239928
turbine_1,2026-01-14T18:00:00Z,2026-01-16T01:00:00Z,31.0,0.0316666666666666,0.17472712118204628,0.16673829503870108
turbine_1,2026-01-14T18:00:00Z,2026-01-16T02:00:00Z,32.0,0.02,0.2989724628051788,0.26142221718755404
turbine_1,2026-01-14T18:00:00Z,2026-01-16T03:00:00Z,33.0,0.03,0.41511781160120065,0.3589779384694807
turbine_1,2026-01-14T18:00:00Z,2026-01-16T04:00:00Z,34.0,0.0716666666666666,0.6093789109953112,0.6061507131321651
turbine_1,2026-01-14T18:00:00Z,2026-01-16T05:00:00Z,35.0,0.0166666666666666,0.6061112152384185,0.6154861643889329
turbine_1,2026-01-14T18:00:00Z,2026-01-16T06:00:00Z,36.0,0.0483333333333333,0.641640774122606,0.5767635490105483
turbine_1,2026-01-14T18:00:00Z,2026-01-16T07:00:00Z,37.0,0.04,0.7197708601211004,0.6243661320120477
turbine_1,2026-01-14T18:00:00Z,2026-01-16T08:00:00Z,38.0,0.09,0.7418472173499884,0.6725770419713253
turbine_1,2026-01-14T18:00:00Z,2026-01-16T09:00:00Z,39.0,0.2299999999999999,0.8574688727726667,0.7500001283329394
turbine_1,2026-01-14T18:00:00Z,2026-01-16T10:00:00Z,40.0,0.3833333333333333,0.938378670642808,0.8947446674078068
turbine_1,2026-01-14T18:00:00Z,2026-01-16T11:00:00Z,41.0,0.375,0.9191573263715604,0.8953727078454388
turbine_1,2026-01-14T18:00:00Z,2026-01-16T12:00:00Z,42.0,0.4466666666666667,0.9439740452410001,0.9423114118355325
turbine_1,2026-01-14T18:00:00Z,2026-01-16T13:00:00Z,43.0,0.605,0.9787286244753397,0.928964421485316
turbine_1,2026-01-14T18:00:00Z,2026-01-16T14:00:00Z,44.0,0.7666666666666666,0.981721162447571,0.9144010722043306
turbine_1,2026-01-14T18:00:00Z,2026-01-16T15:00:00Z,45.0,0.9716666666666668,0.9815705303088251,0.9327206546772246
turbine_1,2026-01-14T18:00:00Z,2026-01-16T16:00:00Z,46.0,0.9283333333333332,0.9529088769057268,0.9251158104233163
turbine_1,2026-01-14T18:00:00Z,2026-01-16T17:00:00Z,47.0,0.8766666666666666,0.9859355552990787,0.9658115279884552
turbine_1,2026-01-14T18:00:00Z,2026-01-16T18:00:00Z,48.0,0.85,0.9853267567544659,0.9651179891931403
turbine_1,2026-01-15T18:00:00Z,2026-01-15T19:00:00Z,1.0,0.095,0.2820108832733451,0.30089957992158417
turbine_1,2026-01-15T18:00:00Z,2026-01-15T20:00:00Z,2.0,0.1383333333333333,0.10789702074338657,0.1152667762959825
turbine_1,2026-01-15T18:00:00Z,2026-01-15T21:00:00Z,3.0,0.0733333333333333,0.02966352823929283,0.05468876976917986
turbine_1,2026-01-15T18:00:00Z,2026-01-15T22:00:00Z,4.0,0.0499999999999999,0.012367971163433772,0.015248642966426529
turbine_1,2026-01-15T18:00:00Z,2026-01-15T23:00:00Z,5.0,0.04,0.014083072937404711,0.022656768434140412
turbine_1,2026-01-15T18:00:00Z,2026-01-16T00:00:00Z,6.0,0.0133333333333333,0.014262825228469389,0.014041126966919198
turbine_1,2026-01-15T18:00:00Z,2026-01-16T01:00:00Z,7.0,0.0316666666666666,0.014643038787351875,0.01637546470651849
turbine_1,2026-01-15T18:00:00Z,2026-01-16T02:00:00Z,8.0,0.02,0.014004362431846273,0.017949242988140574
turbine_1,2026-01-15T18:00:00Z,2026-01-16T03:00:00Z,9.0,0.03,0.014608866105216778,0.02010977862758906
turbine_1,2026-01-15T18:00:00Z,2026-01-16T04:00:00Z,10.0,0.0716666666666666,0.06974972700876281,0.06330306577211961
turbine_1,2026-01-15T18:00:00Z,2026-01-16T05:00:00Z,11.0,0.0166666666666666,0.2193145894980327,0.14900828482432985
turbine_1,2026-01-15T18:00:00Z,2026-01-16T06:00:00Z,12.0,0.0483333333333333,0.33282985368809137,0.18501493304142203
turbine_1,2026-01-15T18:00:00Z,2026-01-16T07:00:00Z,13.0,0.04,0.45737557157262765,0.41332282273709825
turbine_1,2026-01-15T18:00:00Z,2026-01-16T08:00:00Z,14.0,0.09,0.5521001931061313,0.5183319676823045
turbine_1,2026-01-15T18:00:00Z,2026-01-16T09:00:00Z,15.0,0.2299999999999999,0.5864852530781093,0.5549065847564144
turbine_1,2026-01-15T18:00:00Z,2026-01-16T10:00:00Z,16.0,0.3833333333333333,0.5623425164629012,0.5459329814625768
turbine_1,2026-01-15T18:00:00Z,2026-01-16T11:00:00Z,17.0,0.375,0.8873760963814921,0.8601295560710419
turbine_1,2026-01-15T18:00:00Z,2026-01-16T12:00:00Z,18.0,0.4466666666666667,0.9352910935010785,0.9303950869521487
turbine_1,2026-01-15T18:00:00Z,2026-01-16T13:00:00Z,19.0,0.605,0.9821803115850329,0.9190031575130927
turbine_1,2026-01-15T18:00:00Z,2026-01-16T14:00:00Z,20.0,0.7666666666666666,0.9816048888014581,0.9183505866671223
turbine_1,2026-01-15T18:00:00Z,2026-01-16T15:00:00Z,21.0,0.9716666666666668,0.9812585273696606,0.9306425184498979
turbine_1,2026-01-15T18:00:00Z,2026-01-16T16:00:00Z,22.0,0.9283333333333332,0.9836755555887946,0.9296943653604728
turbine_1,2026-01-15T18:00:00Z,2026-01-16T17:00:00Z,23.0,0.8766666666666666,0.9833199311759655,0.96518692789139
turbine_1,2026-01-15T18:00:00Z,2026-01-16T18:00:00Z,24.0,0.85,0.9824880051548823,0.9682098577180174
turbine_1,2026-01-15T18:00:00Z,2026-01-16T19:00:00Z,25.0,0.9683333333333334,0.982663196014173,0.9621324785926254
turbine_1,2026-01-15T18:00:00Z,2026-01-16T20:00:00Z,26.0,0.96,0.9687689059820206,0.9407746834233047
turbine_1,2026-01-15T18:00:00Z,2026-01-16T21:00:00Z,27.0,0.895,0.9689398569486611,0.938691838568669
turbine_1,2026-01-15T18:00:00Z,2026-01-16T22:00:00Z,28.0,0.8250000000000001,0.968840405014123,0.9395435060674909
turbine_1,2026-01-15T18:00:00Z,2026-01-16T23:00:00Z,29.0,0.8166666666666665,0.9669666625697011,0.940858380825539
turbine_1,2026-01-15T18:00:00Z,2026-01-17T00:00:00Z,30.0,0.9033333333333332,0.9669982310526899,0.942191778745861
turbine_1,2026-01-15T18:00:00Z,2026-01-17T01:00:00Z,31.0,0.7000000000000001,0.9676621627769539,0.9431193941116586
turbine_1,2026-01-15T18:00:00Z,2026-01-17T02:00:00Z,32.0,0.62,0.966409217757978,0.9350775771351142
turbine_1,2026-01-15T18:00:00Z,2026-01-17T03:00:00Z,33.0,0.4083333333333334,0.9691176489919415,0.93312185532252
turbine_1,2026-01-15T18:00:00Z,2026-01-17T04:00:00Z,34.0,0.4183333333333333,0.9705741566349781,0.9368486404492478
turbine_1,2026-01-15T18:00:00Z,2026-01-17T05:00:00Z,35.0,0.2833333333333333,0.9527668834824807,0.9194507646882254
turbine_1,2026-01-15T18:00:00Z,2026-01-17T06:00:00Z,36.0,0.1316666666666666,0.9174367874126266,0.8668282662053312
turbine_1,2026-01-15T18:00:00Z,2026-01-17T07:00:00Z,37.0,0.0516666666666666,0.7663831766851024,0.7262501778994557
turbine_1,2026-01-15T18:00:00Z,2026-01-17T08:00:00Z,38.0,0.0633333333333333,0.6313491226355663,0.6625492562794205
turbine_1,2026-01-15T18:00:00Z,2026-01-17T09:00:00Z,39.0,0.0883333333333333,0.4983907088448089,0.5229076757452967
turbine_1,2026-01-15T18:00:00Z,2026-01-17T10:00:00Z,40.0,0.0533333333333333,0.4007338541596076,0.34581006185590824
turbine_1,2026-01-15T18:00:00Z,2026-01-17T11:00:00Z,41.0,0.0333333333333333,0.2751428702648788,0.26948248945733033
turbine_1,2026-01-15T18:00:00Z,2026-01-17T12:00:00Z,42.0,0.01,0.2567888542638552,0.31315762325023694
turbine_1,2026-01-15T18:00:00Z,2026-01-17T13:00:00Z,43.0,0.01,0.18477517845905228,0.2236807604730916
turbine_1,2026-01-15T18:00:00Z,2026-01-17T14:00:00Z,44.0,0.0283333333333333,0.07373824536597046,0.13405734356415672
turbine_1,2026-01-15T18:00:00Z,2026-01-17T15:00:00Z,45.0,0.0133333333333333,0.02392984530272174,0.09158763280550253
turbine_1,2026-01-15T18:00:00Z,2026-01-17T16:00:00Z,46.0,0.01,0.020640144088361068,0.068945240470526
turbine_1,2026-01-15T18:00:00Z,2026-01-17T17:00:00Z,47.0,0.01,0.016198411245706368,0.023830799694042837
turbine_1,2026-01-15T18:00:00Z,2026-01-17T18:00:00Z,48.0,0.01,0.014518859654193778,0.018768221681107478
turbine_1,2026-01-16T18:00:00Z,2026-01-16T19:00:00Z,1.0,0.9683333333333334,0.9835266529859443,0.9651144947892977
turbine_1,2026-01-16T18:00:00Z,2026-01-16T20:00:00Z,2.0,0.96,0.9688151409331329,0.9439456401417935
turbine_1,2026-01-16T18:00:00Z,2026-01-16T21:00:00Z,3.0,0.895,0.9689398569486611,0.9453378236153834
turbine_1,2026-01-16T18:00:00Z,2026-01-16T22:00:00Z,4.0,0.8250000000000001,0.968840405014123,0.9434184361195767
turbine_1,2026-01-16T18:00:00Z,2026-01-16T23:00:00Z,5.0,0.8166666666666665,0.9669666625697011,0.9447333108776247
turbine_1,2026-01-16T18:00:00Z,2026-01-17T00:00:00Z,6.0,0.9033333333333332,0.9669982310526899,0.9465411949325128
turbine_1,2026-01-16T18:00:00Z,2026-01-17T01:00:00Z,7.0,0.7000000000000001,0.9684242333640387,0.9471037236479823
turbine_1,2026-01-16T18:00:00Z,2026-01-17T02:00:00Z,8.0,0.62,0.9664109946749109,0.9389525071871999
turbine_1,2026-01-16T18:00:00Z,2026-01-17T03:00:00Z,9.0,0.4083333333333334,0.9716644960594816,0.9464471160075356
turbine_1,2026-01-16T18:00:00Z,2026-01-17T04:00:00Z,10.0,0.4183333333333333,0.9703443985607727,0.9516158344635468
turbine_1,2026-01-16T18:00:00Z,2026-01-17T05:00:00Z,11.0,0.2833333333333333,0.9711626228940848,0.9481610640780017
turbine_1,2026-01-16T18:00:00Z,2026-01-17T06:00:00Z,12.0,0.1316666666666666,0.9132938655604117,0.8633063640386979
turbine_1,2026-01-16T18:00:00Z,2026-01-17T07:00:00Z,13.0,0.0516666666666666,0.8240927048284825,0.7585079071648133
turbine_1,2026-01-16T18:00:00Z,2026-01-17T08:00:00Z,14.0,0.0633333333333333,0.6734862037410083,0.6973376393881487
turbine_1,2026-01-16T18:00:00Z,2026-01-17T09:00:00Z,15.0,0.0883333333333333,0.4983907088448089,0.58296607416057
turbine_1,2026-01-16T18:00:00Z,2026-01-17T10:00:00Z,16.0,0.0533333333333333,0.45661244927714073,0.4243011038398492
turbine_1,2026-01-16T18:00:00Z,2026-01-17T11:00:00Z,17.0,0.0333333333333333,0.2848254984791655,0.26823297805011503
turbine_1,2026-01-16T18:00:00Z,2026-01-17T12:00:00Z,18.0,0.01,0.1602553512027777,0.18711160311758565
turbine_1,2026-01-16T18:00:00Z,2026-01-17T13:00:00Z,19.0,0.01,0.139094172582987,0.18124875474417107
turbine_1,2026-01-16T18:00:00Z,2026-01-17T14:00:00Z,20.0,0.0283333333333333,0.14884382035944704,0.1280804412559764
turbine_1,2026-01-16T18:00:00Z,2026-01-17T15:00:00Z,21.0,0.0133333333333333,0.11527506536969997,0.0977694766099485
turbine_1,2026-01-16T18:00:00Z,2026-01-17T16:00:00Z,22.0,0.01,0.028962660987309485,0.0863975249353589
turbine_1,2026-01-16T18:00:00Z,2026-01-17T17:00:00Z,23.0,0.01,0.016486238559507427,0.04977109534866625
turbine_1,2026-01-16T18:00:00Z,2026-01-17T18:00:00Z,24.0,0.01,0.014548737972948783,0.020308989035674407
turbine_1,2026-01-16T18:00:00Z,2026-01-17T19:00:00Z,25.0,0.01,0.012196939614106311,0.018431592849756318
turbine_1,2026-01-16T18:00:00Z,2026-01-17T20:00:00Z,26.0,0.01,0.011972463202722633,0.01387417383054651
turbine_1,2026-01-16T18:00:00Z,2026-01-17T21:00:00Z,27.0,0.01,0.011208442472703611,0.022295691686349234
turbine_1,2026-01-16T18:00:00Z,2026-01-17T22:00:00Z,28.0,0.01,0.011460789194216364,0.014990376566456076
turbine_1,2026-01-16T18:00:00Z,2026-01-17T23:00:00Z,29.0,0.01,0.011724492626354693,0.019814784936354413
turbine_1,2026-01-16T18:00:00Z,2026-01-18T00:00:00Z,30.0,0.01,0.011133292581839455,0.026307152655657223
turbine_1,2026-01-16T18:00:00Z,2026-01-18T01:00:00Z,31.0,0.0133333333333333,0.018578197897606563,0.031310502888434955
turbine_1,2026-01-16T18:00:00Z,2026-01-18T02:00:00Z,32.0,0.01,0.061342657037489534,0.04511751056521676
turbine_1,2026-01-16T18:00:00Z,2026-01-18T03:00:00Z,33.0,0.0116666666666666,0.10977167476635816,0.08206675544873965
turbine_1,2026-01-16T18:00:00Z,2026-01-18T04:00:00Z,34.0,0.0966666666666666,0.24070238508722905,0.15299641332953814
turbine_1,2026-01-16T18:00:00Z,2026-01-18T05:00:00Z,35.0,0.0516666666666666,0.3329064342239652,0.270061287981881
turbine_1,2026-01-16T18:00:00Z,2026-01-18T06:00:00Z,36.0,0.1533333333333333,0.36952764272309435,0.33737132395894937
turbine_1,2026-01-16T18:00:00Z,2026-01-18T07:00:00Z,37.0,0.2333333333333333,0.3830339400628735,0.3626747146321754
turbine_1,2026-01-16T18:00:00Z,2026-01-18T08:00:00Z,38.0,0.3516666666666666,0.34981304579750383,0.30845826852286073
turbine_1,2026-01-16T18:00:00Z,2026-01-18T09:00:00Z,39.0,0.375,0.3240002497361066,0.267770734598446
turbine_1,2026-01-16T18:00:00Z,2026-01-18T10:00:00Z,40.0,0.2316666666666666,0.3301809314416836,0.2259566850262047
turbine_1,2026-01-16T18:00:00Z,2026-01-18T11:00:00Z,41.0,0.1683333333333333,0.2731865575670286,0.20727418486597998
turbine_1,2026-01-16T18:00:00Z,2026-01-18T12:00:00Z,42.0,0.12,0.24016843144643327,0.17956574347623433
turbine_1,2026-01-16T18:00:00Z,2026-01-18T13:00:00Z,43.0,0.1916666666666666,0.27081994104798546,0.15665199355257137
turbine_1,2026-01-16T18:00:00Z,2026-01-18T14:00:00Z,44.0,0.2033333333333333,0.30727049084114394,0.20911633724328477
turbine_1,2026-01-16T18:00:00Z,2026-01-18T15:00:00Z,45.0,0.2916666666666667,0.3829000355510206,0.2904785275753576
turbine_1,2026-01-16T18:00:00Z,2026-01-18T16:00:00Z,46.0,0.3066666666666667,0.4621181794905179,0.37682187062510497
turbine_1,2026-01-16T18:00:00Z,2026-01-18T17:00:00Z,47.0,0.3166666666666666,0.45091624186258616,0.46685302147277685
turbine_1,2026-01-16T18:00:00Z,2026-01-18T18:00:00Z,48.0,0.225,0.5674613133051418,0.5507467617824584
turbine_1,2026-01-17T18:00:00Z,2026-01-17T19:00:00Z,1.0,0.01,0.012196939614106311,0.01970104884452567
turbine_1,2026-01-17T18:00:00Z,2026-01-17T20:00:00Z,2.0,0.01,0.011758213670876622,0.014135521272649665
turbine_1,2026-01-17T18:00:00Z,2026-01-17T21:00:00Z,3.0,0.01,0.010687054811800017,0.017394272910082498
turbine_1,2026-01-17T18:00:00Z,2026-01-17T22:00:00Z,4.0,0.01,0.01149066751297137,0.011267699672468462
turbine_1,2026-01-17T18:00:00Z,2026-01-17T23:00:00Z,5.0,0.01,0.011724492626354693,0.018085541103092018
turbine_1,2026-01-17T18:00:00Z,2026-01-18T00:00:00Z,6.0,0.01,0.012050054127926119,0.018154272104763197
turbine_1,2026-01-17T18:00:00Z,2026-01-18T01:00:00Z,7.0,0.0133333333333333,0.016449164285459117,0.020601120298202324
turbine_1,2026-01-17T18:00:00Z,2026-01-18T02:00:00Z,8.0,0.01,0.040845588015846285,0.04165303755762609
turbine_1,2026-01-17T18:00:00Z,2026-01-18T03:00:00Z,9.0,0.0116666666666666,0.08961468864199923,0.05342496886484854
turbine_1,2026-01-17T18:00:00Z,2026-01-18T04:00:00Z,10.0,0.0966666666666666,0.1600850857379473,0.05715921302403654
turbine_1,2026-01-17T18:00:00Z,2026-01-18T05:00:00Z,11.0,0.0516666666666666,0.22700135714944478,0.15853925810466912
turbine_1,2026-01-17T18:00:00Z,2026-01-18T06:00:00Z,12.0,0.1533333333333333,0.2935833077186779,0.2710993327364562
turbine_1,2026-01-17T18:00:00Z,2026-01-18T07:00:00Z,13.0,0.2333333333333333,0.32165992531229964,0.3336437531568446
turbine_1,2026-01-17T18:00:00Z,2026-01-18T08:00:00Z,14.0,0.3516666666666666,0.3286195614510323,0.3952650452887422
turbine_1,2026-01-17T18:00:00Z,2026-01-18T09:00:00Z,15.0,0.375,0.28811208489713436,0.2761475990569663
turbine_1,2026-01-17T18:00:00Z,2026-01-18T10:00:00Z,16.0,0.2316666666666666,0.29725093652897727,0.21023927698853845
turbine_1,2026-01-17T18:00:00Z,2026-01-18T11:00:00Z,17.0,0.1683333333333333,0.2331318691823885,0.14850678309875742
turbine_1,2026-01-17T18:00:00Z,2026-01-18T12:00:00Z,18.0,0.12,0.20781928324692495,0.17935953740214572
turbine_1,2026-01-17T18:00:00Z,2026-01-18T13:00:00Z,19.0,0.1916666666666666,0.2490193463537161,0.15229155516162957
turbine_1,2026-01-17T18:00:00Z,2026-01-18T14:00:00Z,20.0,0.2033333333333333,0.21971156620066834,0.17121154771583585
turbine_1,2026-01-17T18:00:00Z,2026-01-18T15:00:00Z,21.0,0.2916666666666667,0.1999109087087138,0.15632978751897478
turbine_1,2026-01-17T18:00:00Z,2026-01-18T16:00:00Z,22.0,0.3066666666666667,0.17285672534166363,0.14516176668138298
turbine_1,2026-01-17T18:00:00Z,2026-01-18T17:00:00Z,23.0,0.3166666666666666,0.15192994391470818,0.15835039989794486
turbine_1,2026-01-17T18:00:00Z,2026-01-18T18:00:00Z,24.0,0.225,0.20459476699364823,0.18102856044927546
turbine_1,2026-01-17T18:00:00Z,2026-01-18T19:00:00Z,25.0,0.3566666666666667,0.30768979572889893,0.2597132656158456
turbine_1,2026-01-17T18:00:00Z,2026-01-18T20:00:00Z,26.0,0.6150000000000001,0.3852819187268467,0.4841288568731434
turbine_1,2026-01-17T18:00:00Z,2026-01-18T21:00:00Z,27.0,0.535,0.5622525847650679,0.5848927453902795
turbine_1,2026-01-17T18:00:00Z,2026-01-18T22:00:00Z,28.0,0.3916666666666666,0.6791068337126882,0.6637216548380571
turbine_1,2026-01-17T18:00:00Z,2026-01-18T23:00:00Z,29.0,0.3383333333333333,0.6960959199754073,0.6840336559052633
turbine_1,2026-01-17T18:00:00Z,2026-01-19T00:00:00Z,30.0,0.47,0.6380718239373215,0.6642754234663203
turbine_1,2026-01-17T18:00:00Z,2026-01-19T01:00:00Z,31.0,0.3483333333333333,0.6271849820420863,0.613156506478038
turbine_1,2026-01-17T18:00:00Z,2026-01-19T02:00:00Z,32.0,0.135,0.5930895130920686,0.6009824796867667
turbine_1,2026-01-17T18:00:00Z,2026-01-19T03:00:00Z,33.0,0.2666666666666666,0.5683016828132273,0.5356833663545268
turbine_1,2026-01-17T18:00:00Z,2026-01-19T04:00:00Z,34.0,0.315,0.556164380583281,0.37559577166295466
turbine_1,2026-01-17T18:00:00Z,2026-01-19T05:00:00Z,35.0,0.3316666666666666,0.6350896053409678,0.4498678301473695
turbine_1,2026-01-17T18:00:00Z,2026-01-19T06:00:00Z,36.0,0.2866666666666667,0.661148009713912,0.46655076439012605
turbine_1,2026-01-17T18:00:00Z,2026-01-19T07:00:00Z,37.0,0.3699999999999999,0.7533616602975908,0.5917675496354389
turbine_1,2026-01-17T18:00:00Z,2026-01-19T08:00:00Z,38.0,0.3566666666666667,0.7715095855761046,0.5503109507763395
turbine_1,2026-01-17T18:00:00Z,2026-01-19T09:00:00Z,39.0,0.3133333333333333,0.7179095955028858,0.5995326612864118
turbine_1,2026-01-17T18:00:00Z,2026-01-19T10:00:00Z,40.0,0.2883333333333333,0.6607217827950287,0.5074047154194665
turbine_1,2026-01-17T18:00:00Z,2026-01-19T11:00:00Z,41.0,0.2633333333333333,0.5126345257581861,0.5168975047814508
turbine_1,2026-01-17T18:00:00Z,2026-01-19T12:00:00Z,42.0,0.2283333333333333,0.4673230861155192,0.5157104578554546
turbine_1,2026-01-17T18:00:00Z,2026-01-19T13:00:00Z,43.0,0.4216666666666667,0.3070592852600532,0.23430194060198112
turbine_1,2026-01-17T18:00:00Z,2026-01-19T14:00:00Z,44.0,0.3616666666666666,0.2594004572194299,0.18637480307545204
turbine_1,2026-01-17T18:00:00Z,2026-01-19T15:00:00Z,45.0,0.3266666666666666,0.27158081719056737,0.21167671481422823
turbine_1,2026-01-17T18:00:00Z,2026-01-19T16:00:00Z,46.0,0.0333333333333333,0.2787980909497354,0.25409671657787614
turbine_1,2026-01-17T18:00:00Z,2026-01-19T17:00:00Z,47.0,0.07,0.2877072464301386,0.24822297542054197
turbine_1,2026-01-17T18:00:00Z,2026-01-19T18:00:00Z,48.0,0.015,0.35958089589596987,0.3274812350793668
turbine_1,2026-01-18T18:00:00Z,2026-01-18T19:00:00Z,1.0,0.3566666666666667,0.35415548004497427,0.38025172620473413
turbine_1,2026-01-18T18:00:00Z,2026-01-18T20:00:00Z,2.0,0.6150000000000001,0.4119865084954143,0.47989675547558847
turbine_1,2026-01-18T18:00:00Z,2026-01-18T21:00:00Z,3.0,0.535,0.5208701978080119,0.5110362726769155
turbine_1,2026-01-18T18:00:00Z,2026-01-18T22:00:00Z,4.0,0.3916666666666666,0.6137555155562289,0.5705530722162608
turbine_1,2026-01-18T18:00:00Z,2026-01-18T23:00:00Z,5.0,0.3383333333333333,0.6420463478807907,0.6329682725035211
turbine_1,2026-01-18T18:00:00Z,2026-01-19T00:00:00Z,6.0,0.47,0.6438183225406431,0.6289739578153479
turbine_1,2026-01-18T18:00:00Z,2026-01-19T01:00:00Z,7.0,0.3483333333333333,0.6760773192607372,0.6578378704143437
turbine_1,2026-01-18T18:00:00Z,2026-01-19T02:00:00Z,8.0,0.135,0.6914275301095638,0.6461536406660691
turbine_1,2026-01-18T18:00:00Z,2026-01-19T03:00:00Z,9.0,0.2666666666666666,0.6316829733087169,0.5875191805526548
turbine_1,2026-01-18T18:00:00Z,2026-01-19T04:00:00Z,10.0,0.315,0.5831635312400141,0.5159731815726095
turbine_1,2026-01-18T18:00:00Z,2026-01-19T05:00:00Z,11.0,0.3316666666666666,0.6350770452451426,0.4430068453826433
turbine_1,2026-01-18T18:00:00Z,2026-01-19T06:00:00Z,12.0,0.2866666666666667,0.7883335427675899,0.5207608931607894
turbine_1,2026-01-18T18:00:00Z,2026-01-19T07:00:00Z,13.0,0.3699999999999999,0.8315566813091042,0.6116328803769192
turbine_1,2026-01-18T18:00:00Z,2026-01-19T08:00:00Z,14.0,0.3566666666666667,0.8420154153048655,0.6076741176014271
turbine_1,2026-01-18T18:00:00Z,2026-01-19T09:00:00Z,15.0,0.3133333333333333,0.7788160843466172,0.5795155107967176
turbine_1,2026-01-18T18:00:00Z,2026-01-19T10:00:00Z,16.0,0.2883333333333333,0.6807643206771897,0.5510632660256101
turbine_1,2026-01-18T18:00:00Z,2026-01-19T11:00:00Z,17.0,0.2633333333333333,0.6229261884676632,0.5835074669293528
turbine_1,2026-01-18T18:00:00Z,2026-01-19T12:00:00Z,18.0,0.2283333333333333,0.5064255796453233,0.5211695855003193
turbine_1,2026-01-18T18:00:00Z,2026-01-19T13:00:00Z,19.0,0.4216666666666667,0.378792186818544,0.28508005933391234
turbine_1,2026-01-18T18:00:00Z,2026-01-19T14:00:00Z,20.0,0.3616666666666666,0.27475271752510294,0.19690355061759393
turbine_1,2026-01-18T18:00:00Z,2026-01-19T15:00:00Z,21.0,0.3266666666666666,0.2863204089686683,0.25314635347304537
turbine_1,2026-01-18T18:00:00Z,2026-01-19T16:00:00Z,22.0,0.0333333333333333,0.28448278626430956,0.2856907653043112
turbine_1,2026-01-18T18:00:00Z,2026-01-19T17:00:00Z,23.0,0.07,0.29087221927293955,0.3617716000972202
turbine_1,2026-01-18T18:00:00Z,2026-01-19T18:00:00Z,24.0,0.015,0.34625292156976206,0.33410077844006447
turbine_1,2026-01-18T18:00:00Z,2026-01-19T19:00:00Z,25.0,0.01,0.3576381146011952,0.34990139064715664
turbine_1,2026-01-18T18:00:00Z,2026-01-19T20:00:00Z,26.0,0.01,0.39266548870235807,0.4457778040879752
turbine_1,2026-01-18T18:00:00Z,2026-01-19T21:00:00Z,27.0,0.01,0.447904228599891,0.5289096708202242
turbine_1,2026-01-18T18:00:00Z,2026-01-19T22:00:00Z,28.0,0.01,0.4069352810754795,0.508764322706658
turbine_1,2026-01-18T18:00:00Z,2026-01-19T23:00:00Z,29.0,0.0133333333333333,0.45438590771319975,0.5496975074094744
turbine_1,2026-01-18T18:00:00Z,2026-01-20T00:00:00Z,30.0,0.1083333333333333,0.3724422454019537,0.4062935801603733
turbine_1,2026-01-18T18:00:00Z,2026-01-20T01:00:00Z,31.0,0.0349999999999999,0.33031044410396426,0.37231036768961523
turbine_1,2026-01-18T18:00:00Z,2026-01-20T02:00:00Z,32.0,0.01,0.2667635746851477,0.28799852147760674
turbine_1,2026-01-18T18:00:00Z,2026-01-20T03:00:00Z,33.0,0.01,0.1441866615062383,0.17824990723238754
turbine_1,2026-01-18T18:00:00Z,2026-01-20T04:00:00Z,34.0,0.01,0.11010330960151768,0.1311187195196963
turbine_1,2026-01-18T18:00:00Z,2026-01-20T05:00:00Z,35.0,0.0183333333333333,0.08903694543945503,0.08775622421213028
turbine_1,2026-01-18T18:00:00Z,2026-01-20T06:00:00Z,36.0,0.0516666666666666,0.07265618211818556,0.08748346940418394
turbine_1,2026-01-18T18:00:00Z,2026-01-20T07:00:00Z,37.0,0.0183333333333333,0.05928371564810847,0.08684972790224754
turbine_1,2026-01-18T18:00:00Z,2026-01-20T08:00:00Z,38.0,0.03,0.04847006949175067,0.04522468336337446
turbine_1,2026-01-18T18:00:00Z,2026-01-20T09:00:00Z,39.0,0.0933333333333333,0.05484763753573196,0.048377973672342395
turbine_1,2026-01-18T18:00:00Z,2026-01-20T10:00:00Z,40.0,0.0349999999999999,0.021872979197290754,0.020036932416989756
turbine_1,2026-01-18T18:00:00Z,2026-01-20T11:00:00Z,41.0,0.0133333333333333,0.024065820187980758,0.01900743604107888
turbine_1,2026-01-18T18:00:00Z,2026-01-20T12:00:00Z,42.0,0.01,0.04784906634151043,0.03490474588055459
turbine_1,2026-01-18T18:00:00Z,2026-01-20T13:00:00Z,43.0,0.01,0.02480729029193704,0.03463139672290505
turbine_1,2026-01-18T18:00:00Z,2026-01-20T14:00:00Z,44.0,0.01,0.023032878622441355,0.02348873180489708
turbine_1,2026-01-18T18:00:00Z,2026-01-20T15:00:00Z,45.0,0.01,0.021054548693532182,0.026666504198202295
turbine_1,2026-01-18T18:00:00Z,2026-01-20T16:00:00Z,46.0,0.01,0.020138067242713997,0.020255560316058158
turbine_1,2026-01-18T18:00:00Z,2026-01-20T17:00:00Z,47.0,0.0416666666666666,0.016127939900431654,0.02628344169478153
turbine_1,2026-01-18T18:00:00Z,2026-01-20T18:00:00Z,48.0,0.1833333333333333,0.016811256184694284,0.023668239699452226
turbine_1,2026-01-19T18:00:00Z,2026-01-19T19:00:00Z,1.0,0.01,0.22229701020994175,0.2448436321820509
turbine_1,2026-01-19T18:00:00Z,2026-01-19T20:00:00Z,2.0,0.01,0.2756122258149732,0.34260416658651915
turbine_1,2026-01-19T18:00:00Z,2026-01-19T21:00:00Z,3.0,0.01,0.38125654344081705,0.39244558803091906
turbine_1,2026-01-19T18:00:00Z,2026-01-19T22:00:00Z,4.0,0.01,0.35742959172683486,0.34312948757341505
turbine_1,2026-01-19T18:00:00Z,2026-01-19T23:00:00Z,5.0,0.0133333333333333,0.41811632349233574,0.4884136989641108
turbine_1,2026-01-19T18:00:00Z,2026-01-20T00:00:00Z,6.0,0.1083333333333333,0.33383497206478663,0.39082309969781126
turbine_1,2026-01-19T18:00:00Z,2026-01-20T01:00:00Z,7.0,0.0349999999999999,0.19368110993093818,0.2419322072049674
turbine_1,2026-01-19T18:00:00Z,2026-01-20T02:00:00Z,8.0,0.01,0.12647556546265382,0.14547868756842924
turbine_1,2026-01-19T18:00:00Z,2026-01-20T03:00:00Z,9.0,0.01,0.08645724813838787,0.10590847605450238
turbine_1,2026-01-19T18:00:00Z,2026-01-20T04:00:00Z,10.0,0.01,0.08152422794159953,0.08406872157078299
turbine_1,2026-01-19T18:00:00Z,2026-01-20T05:00:00Z,11.0,0.0183333333333333,0.03528724950929532,0.07150790081863526
turbine_1,2026-01-19T18:00:00Z,2026-01-20T06:00:00Z,12.0,0.0516666666666666,0.02243189687968067,0.04059006851947264
turbine_1,2026-01-19T18:00:00Z,2026-01-20T07:00:00Z,13.0,0.0183333333333333,0.010864376303251266,0.01989906621309573
turbine_1,2026-01-19T18:00:00Z,2026-01-20T08:00:00Z,14.0,0.03,0.01552157594402373,0.025749799963379283
turbine_1,2026-01-19T18:00:00Z,2026-01-20T09:00:00Z,15.0,0.0933333333333333,0.017093628787569204,0.021385352601950763
turbine_1,2026-01-19T18:00:00Z,2026-01-20T10:00:00Z,16.0,0.0349999999999999,0.021307330826181137,0.028041347481290613
turbine_1,2026-01-19T18:00:00Z,2026-01-20T11:00:00Z,17.0,0.0133333333333333,0.02204450731181537,0.030962437380772312
turbine_1,2026-01-19T18:00:00Z,2026-01-20T12:00:00Z,18.0,0.01,0.022383772686855596,0.020770391426648577
turbine_1,2026-01-19T18:00:00Z,2026-01-20T13:00:00Z,19.0,0.01,0.02245338134365102,0.01916601322297809
turbine_1,2026-01-19T18:00:00Z,2026-01-20T14:00:00Z,20.0,0.01,0.02185891825292252,0.026144981691974267
turbine_1,2026-01-19T18:00:00Z,2026-01-20T15:00:00Z,21.0,0.01,0.02157593635443572,0.02322495976629832
turbine_1,2026-01-19T18:00:00Z,2026-01-20T16:00:00Z,22.0,0.01,0.03328707085978044,0.04156137876461677
turbine_1,2026-01-19T18:00:00Z,2026-01-20T17:00:00Z,23.0,0.0416666666666666,0.06897736347462533,0.09728675219221547
turbine_1,2026-01-19T18:00:00Z,2026-01-20T18:00:00Z,24.0,0.1833333333333333,0.11997990215941873,0.1423722144079723
turbine_1,2026-01-19T18:00:00Z,2026-01-20T19:00:00Z,25.0,0.2733333333333333,0.19257607752181083,0.22854138524560674
turbine_1,2026-01-19T18:00:00Z,2026-01-20T20:00:00Z,26.0,0.26,0.5429273565435131,0.5671208047963449
turbine_1,2026-01-19T18:00:00Z,2026-01-20T21:00:00Z,27.0,0.3916666666666666,0.6395772068542919,0.594280028475842
turbine_1,2026-01-19T18:00:00Z,2026-01-20T22:00:00Z,28.0,0.6733333333333333,0.7293242812389562,0.6929181718721595
turbine_1,2026-01-19T18:00:00Z,2026-01-20T23:00:00Z,29.0,0.8016666666666667,0.7365455250633376,0.6972212647717517
turbine_1,2026-01-19T18:00:00Z,2026-01-21T00:00:00Z,30.0,0.9466666666666668,0.7346601972453111,0.7017816017992544
turbine_1,2026-01-19T18:00:00Z,2026-01-21T01:00:00Z,31.0,0.8866666666666667,0.7499351772989891,0.7020966827653945
turbine_1,2026-01-19T18:00:00Z,2026-01-21T02:00:00Z,32.0,0.9933333333333332,0.7468133985808413,0.6877989858895085
turbine_1,2026-01-19T18:00:00Z,2026-01-21T03:00:00Z,33.0,0.99,0.7367432790982628,0.6512349392954913
turbine_1,2026-01-19T18:00:00Z,2026-01-21T04:00:00Z,34.0,0.99,0.7702673347132232,0.6696417028467898
turbine_1,2026-01-19T18:00:00Z,2026-01-21T05:00:00Z,35.0,0.9466666666666668,0.7764930869845739,0.6923148392503602
turbine_1,2026-01-19T18:00:00Z,2026-01-21T06:00:00Z,36.0,0.99,0.8169311420775163,0.714626887637136
turbine_1,2026-01-19T18:00:00Z,2026-01-21T07:00:00Z,37.0,0.99,0.9178464709933478,0.8676702005703782
turbine_1,2026-01-19T18:00:00Z,2026-01-21T08:00:00Z,38.0,0.9883333333333332,0.852359014184737,0.7937493901542862
turbine_1,2026-01-19T18:00:00Z,2026-01-21T09:00:00Z,39.0,0.9883333333333332,0.85803369098283,0.8056636703887761
turbine_1,2026-01-19T18:00:00Z,2026-01-21T10:00:00Z,40.0,0.9583333333333334,0.798501793895239,0.7695053575035964
turbine_1,2026-01-19T18:00:00Z,2026-01-21T11:00:00Z,41.0,0.9883333333333332,0.8189297823432774,0.7531109829725453
turbine_1,2026-01-19T18:00:00Z,2026-01-21T12:00:00Z,42.0,0.98,0.7432004134608656,0.7106191336889796
turbine_1,2026-01-19T18:00:00Z,2026-01-21T13:00:00Z,43.0,0.3616666666666666,0.794190690946177,0.6769757532266591
turbine_1,2026-01-19T18:00:00Z,2026-01-21T14:00:00Z,44.0,0.06,0.7971480844753672,0.7569304283281826
turbine_1,2026-01-19T18:00:00Z,2026-01-21T15:00:00Z,45.0,0.2166666666666666,0.8174457192164372,0.7020220730401765
turbine_1,2026-01-19T18:00:00Z,2026-01-21T16:00:00Z,46.0,0.1866666666666666,0.8509777404917043,0.7580992098354311
turbine_1,2026-01-19T18:00:00Z,2026-01-21T17:00:00Z,47.0,0.1783333333333333,0.7948634905378644,0.7516370894103408
turbine_1,2026-01-19T18:00:00Z,2026-01-21T18:00:00Z,48.0,0.3283333333333333,0.8203863825015718,0.7760487426632054
turbine_1,2026-01-20T18:00:00Z,2026-01-20T19:00:00Z,1.0,0.2733333333333333,0.5941489972171385,0.6033674926500046
turbine_1,2026-01-20T18:00:00Z,2026-01-20T20:00:00Z,2.0,0.26,0.6540774641172558,0.6156479031225283
turbine_1,2026-01-20T18:00:00Z,2026-01-20T21:00:00Z,3.0,0.3916666666666666,0.7176275062727346,0.6897111745760275
turbine_1,2026-01-20T18:00:00Z,2026-01-20T22:00:00Z,4.0,0.6733333333333333,0.7387820889952879,0.6656998355996468
turbine_1,2026-01-20T18:00:00Z,2026-01-20T23:00:00Z,5.0,0.8016666666666667,0.7365455250633376,0.6972212647717517
turbine_1,2026-01-20T18:00:00Z,2026-01-21T00:00:00Z,6.0,0.9466666666666668,0.7477034229962826,0.7125065298165862
turbine_1,2026-01-20T18:00:00Z,2026-01-21T01:00:00Z,7.0,0.8866666666666667,0.7499351772989891,0.7231925645453373
turbine_1,2026-01-20T18:00:00Z,2026-01-21T02:00:00Z,8.0,0.9933333333333332,0.7218693016848767,0.7151985444992259
turbine_1,2026-01-20T18:00:00Z,2026-01-21T03:00:00Z,9.0,0.99,0.7338594404725062,0.6957885474288164
turbine_1,2026-01-20T18:00:00Z,2026-01-21T04:00:00Z,10.0,0.99,0.782044518313864,0.6725937716147501
turbine_1,2026-01-20T18:00:00Z,2026-01-21T05:00:00Z,11.0,0.9466666666666668,0.7764930869845739,0.6649697355438737
turbine_1,2026-01-20T18:00:00Z,2026-01-21T06:00:00Z,12.0,0.99,0.8169311420775163,0.684895079249034
turbine_1,2026-01-20T18:00:00Z,2026-01-21T07:00:00Z,13.0,0.99,0.9344804232777132,0.8956678158594314
turbine_1,2026-01-20T18:00:00Z,2026-01-21T08:00:00Z,14.0,0.9883333333333332,0.9387001310009688,0.9038078078341126
turbine_1,2026-01-20T18:00:00Z,2026-01-21T09:00:00Z,15.0,0.9883333333333332,0.9402573808328577,0.8657934265406909
turbine_1,2026-01-20T18:00:00Z,2026-01-21T10:00:00Z,16.0,0.9583333333333334,0.8737220340039302,0.8187383598242068
turbine_1,2026-01-20T18:00:00Z,2026-01-21T11:00:00Z,17.0,0.9883333333333332,0.8418704695890142,0.7880484166931105
turbine_1,2026-01-20T18:00:00Z,2026-01-21T12:00:00Z,18.0,0.98,0.8273850008439991,0.7634156186098682
turbine_1,2026-01-20T18:00:00Z,2026-01-21T13:00:00Z,19.0,0.3616666666666666,0.7353481686756835,0.6336235380484551
turbine_1,2026-01-20T18:00:00Z,2026-01-21T14:00:00Z,20.0,0.06,0.7126180267382465,0.635845365849352
turbine_1,2026-01-20T18:00:00Z,2026-01-21T15:00:00Z,21.0,0.2166666666666666,0.7268341695984488,0.5700626909109487
turbine_1,2026-01-20T18:00:00Z,2026-01-21T16:00:00Z,22.0,0.1866666666666666,0.7350105308843646,0.6160192164297912
turbine_1,2026-01-20T18:00:00Z,2026-01-21T17:00:00Z,23.0,0.1783333333333333,0.7075859267401436,0.6477013289465463
turbine_1,2026-01-20T18:00:00Z,2026-01-21T18:00:00Z,24.0,0.3283333333333333,0.74721065914369,0.6797645507504233
turbine_1,2026-01-20T18:00:00Z,2026-01-21T19:00:00Z,25.0,0.44,0.7743095958323878,0.7211975880677148
turbine_1,2026-01-20T18:00:00Z,2026-01-21T20:00:00Z,26.0,0.5483333333333333,0.7347409065223037,0.7192591427839021
turbine_1,2026-01-20T18:00:00Z,2026-01-21T21:00:00Z,27.0,0.3983333333333334,0.7510673831895882,0.7126565816249442
turbine_1,2026-01-20T18:00:00Z,2026-01-21T22:00:00Z,28.0,0.4566666666666667,0.7718656301085532,0.7279181626241262
turbine_1,2026-01-20T18:00:00Z,2026-01-21T23:00:00Z,29.0,0.2749999999999999,0.7054443609369241,0.6490138416143962
turbine_1,2026-01-20T18:00:00Z,2026-01-22T00:00:00Z,30.0,0.4316666666666666,0.5755727862962354,0.4507564491788348
turbine_1,2026-01-20T18:00:00Z,2026-01-22T01:00:00Z,31.0,0.0949999999999999,0.450656996554536,0.41277406645317316
turbine_1,2026-01-20T18:00:00Z,2026-01-22T02:00:00Z,32.0,0.0333333333333333,0.336833166114076,0.4142919952982237
turbine_1,2026-01-20T18:00:00Z,2026-01-22T03:00:00Z,33.0,0.01,0.12705265643124916,0.18557483462137955
turbine_1,2026-01-20T18:00:00Z,2026-01-22T04:00:00Z,34.0,0.0333333333333333,0.48411164530483997,0.6148872335611204
turbine_1,2026-01-20T18:00:00Z,2026-01-22T05:00:00Z,35.0,0.0166666666666666,0.7415167314885975,0.6705571883179489
turbine_1,2026-01-20T18:00:00Z,2026-01-22T06:00:00Z,36.0,0.0116666666666666,0.654884623034365,0.5090989502676475
turbine_1,2026-01-20T18:00:00Z,2026-01-22T07:00:00Z,37.0,0.01,0.5916107477704895,0.5320610185030497
turbine_1,2026-01-20T18:00:00Z,2026-01-22T08:00:00Z,38.0,0.1566666666666666,0.10356574228533477,0.1343714076635461
turbine_1,2026-01-20T18:00:00Z,2026-01-22T09:00:00Z,39.0,0.32,0.021860501100053942,0.04472872553050583
turbine_1,2026-01-20T18:00:00Z,2026-01-22T10:00:00Z,40.0,0.3016666666666667,0.021521580358027148,0.02403721398712383
turbine_1,2026-01-20T18:00:00Z,2026-01-22T11:00:00Z,41.0,0.5083333333333333,0.26031404493054855,0.306343789492797
turbine_1,2026-01-20T18:00:00Z,2026-01-22T12:00:00Z,42.0,0.4716666666666667,0.7154138725379177,0.7056944521351894
turbine_1,2026-01-20T18:00:00Z,2026-01-22T13:00:00Z,43.0,0.4516666666666666,0.6920982908720319,0.7535179755748648
turbine_1,2026-01-20T18:00:00Z,2026-01-22T14:00:00Z,44.0,0.7066666666666667,0.9232805795227119,0.9091163288933956
turbine_1,2026-01-20T18:00:00Z,2026-01-22T15:00:00Z,45.0,0.7583333333333333,0.9377588568740958,0.9493033538173612
turbine_1,2026-01-20T18:00:00Z,2026-01-22T16:00:00Z,46.0,0.6983333333333333,0.9376838441481314,0.954618284005867
turbine_1,2026-01-20T18:00:00Z,2026-01-22T17:00:00Z,47.0,0.97,0.9082074580521544,0.9461793343603486
turbine_1,2026-01-20T18:00:00Z,2026-01-22T18:00:00Z,48.0,0.9883333333333332,0.9057516241353292,0.9227047439958838
turbine_1,2026-01-21T18:00:00Z,2026-01-21T19:00:00Z,1.0,0.44,0.7675313896139332,0.7088767901857811
turbine_1,2026-01-21T18:00:00Z,2026-01-21T20:00:00Z,2.0,0.5483333333333333,0.6887312449985346,0.6536036138199038
turbine_1,2026-01-21T18:00:00Z,2026-01-21T21:00:00Z,3.0,0.3983333333333334,0.5307232519936649,0.4243495657036875
turbine_1,2026-01-21T18:00:00Z,2026-01-21T22:00:00Z,4.0,0.4566666666666667,0.3012192308527417,0.32680867014022635
turbine_1,2026-01-21T18:00:00Z,2026-01-21T23:00:00Z,5.0,0.2749999999999999,0.21458430329667513,0.2349930869678098
turbine_1,2026-01-21T18:00:00Z,2026-01-22T00:00:00Z,6.0,0.4316666666666666,0.08208896753540326,0.08611695199151392
turbine_1,2026-01-21T18:00:00Z,2026-01-22T01:00:00Z,7.0,0.0949999999999999,0.012000464249078913,0.05419850735338083
turbine_1,2026-01-21T18:00:00Z,2026-01-22T02:00:00Z,8.0,0.0333333333333333,0.0181502072982129,0.04510138167615679
turbine_1,2026-01-21T18:00:00Z,2026-01-22T03:00:00Z,9.0,0.01,0.1586515725980501,0.25975324228507274
turbine_1,2026-01-21T18:00:00Z,2026-01-22T04:00:00Z,10.0,0.0333333333333333,0.7299744352795259,0.6537326163254985
turbine_1,2026-01-21T18:00:00Z,2026-01-22T05:00:00Z,11.0,0.0166666666666666,0.7975075243422183,0.704537238529424
turbine_1,2026-01-21T18:00:00Z,2026-01-22T06:00:00Z,12.0,0.0116666666666666,0.5257252928701203,0.4480537005107806
turbine_1,2026-01-21T18:00:00Z,2026-01-22T07:00:00Z,13.0,0.01,0.24785766206374032,0.21777983596735956
turbine_1,2026-01-21T18:00:00Z,2026-01-22T08:00:00Z,14.0,0.1566666666666666,0.05698626130362744,0.0523639113139209
turbine_1,2026-01-21T18:00:00Z,2026-01-22T09:00:00Z,15.0,0.32,0.12306367355507265,0.08030135963710056
turbine_1,2026-01-21T18:00:00Z,2026-01-22T10:00:00Z,16.0,0.3016666666666667,0.4010962565170466,0.3489278598179144
turbine_1,2026-01-21T18:00:00Z,2026-01-22T11:00:00Z,17.0,0.5083333333333333,0.4601071707823874,0.38671558570195425
turbine_1,2026-01-21T18:00:00Z,2026-01-22T12:00:00Z,18.0,0.4716666666666667,0.5547649862532366,0.5634807720329497
turbine_1,2026-01-21T18:00:00Z,2026-01-22T13:00:00Z,19.0,0.4516666666666666,0.7383123453405156,0.77354490340778
turbine_1,2026-01-21T18:00:00Z,2026-01-22T14:00:00Z,20.0,0.7066666666666667,0.7408526006868543,0.7805937813071121
turbine_1,2026-01-21T18:00:00Z,2026-01-22T15:00:00Z,21.0,0.7583333333333333,0.7503769754935397,0.7844913078528979
turbine_1,2026-01-21T18:00:00Z,2026-01-22T16:00:00Z,22.0,0.6983333333333333,0.8109672198290752,0.8086173896269834
turbine_1,2026-01-21T18:00:00Z,2026-01-22T17:00:00Z,23.0,0.97,0.898966313881302,0.9069381188408728
turbine_1,2026-01-21T18:00:00Z,2026-01-22T18:00:00Z,24.0,0.9883333333333332,0.9069531383079057,0.9355719203478359
turbine_1,2026-01-21T18:00:00Z,2026-01-22T19:00:00Z,25.0,0.99,0.725699129418182,0.7831449355218901
turbine_1,2026-01-21T18:00:00Z,2026-01-22T20:00:00Z,26.0,0.99,0.5315782603263279,0.5625457702367447
turbine_1,2026-01-21T18:00:00Z,2026-01-22T21:00:00Z,27.0,0.985,0.5811216124477625,0.6373418666322013
turbine_1,2026-01-21T18:00:00Z,2026-01-22T22:00:00Z,28.0,0.8333333333333334,0.2978311180086366,0.32400594547004435
turbine_1,2026-01-21T18:00:00Z,2026-01-22T23:00:00Z,29.0,0.4566666666666667,0.3074507487690698,0.3539646768990807
turbine_1,2026-01-21T18:00:00Z,2026-01-23T00:00:00Z,30.0,0.4233333333333333,0.18415714898800406,0.12584842642450675
turbine_1,2026-01-21T18:00:00Z,2026-01-23T01:00:00Z,31.0,0.4566666666666667,0.05671719837229047,0.043034561111412795
turbine_1,2026-01-21T18:00:00Z,2026-01-23T02:00:00Z,32.0,0.3,0.015682706912868855,0.02263558202468488
turbine_1,2026-01-21T18:00:00Z,2026-01-23T03:00:00Z,33.0,0.7200000000000001,0.017816093212473516,0.021164577047527333
turbine_1,2026-01-21T18:00:00Z,2026-01-23T04:00:00Z,34.0,0.8333333333333334,0.012488606513734513,0.032031806540513574
turbine_1,2026-01-21T18:00:00Z,2026-01-23T05:00:00Z,35.0,0.905,0.014288592679496226,0.021374584862640683
turbine_1,2026-01-21T18:00:00Z,2026-01-23T06:00:00Z,36.0,0.5033333333333333,0.014949816734674354,0.02168235578465172
turbine_1,2026-01-21T18:00:00Z,2026-01-23T07:00:00Z,37.0,0.2333333333333333,0.011972309652729746,0.017505368489914658
turbine_1,2026-01-21T18:00:00Z,2026-01-23T08:00:00Z,38.0,0.125,0.01687965752763662,0.0250873391816529
turbine_1,2026-01-21T18:00:00Z,2026-01-23T09:00:00Z,39.0,0.1716666666666666,0.018778625759683476,0.022093043659632994
turbine_1,2026-01-21T18:00:00Z,2026-01-23T10:00:00Z,40.0,0.3016666666666667,0.021274575372553506,0.030786379532183605
turbine_1,2026-01-21T18:00:00Z,2026-01-23T11:00:00Z,41.0,0.65,0.02425727841235864,0.034497278198942105
turbine_1,2026-01-21T18:00:00Z,2026-01-23T12:00:00Z,42.0,0.5233333333333333,0.02421893431306657,0.06564325472195925
turbine_1,2026-01-21T18:00:00Z,2026-01-23T13:00:00Z,43.0,0.3633333333333333,0.02193199368274748,0.045027389134052714
turbine_1,2026-01-21T18:00:00Z,2026-01-23T14:00:00Z,44.0,0.1516666666666666,0.024167274576314873,0.07207856407302843
turbine_1,2026-01-21T18:00:00Z,2026-01-23T15:00:00Z,45.0,0.0733333333333333,0.022912501627211285,0.07298619779627452
turbine_1,2026-01-21T18:00:00Z,2026-01-23T16:00:00Z,46.0,0.0233333333333333,0.025405738111116544,0.09625936617000697
turbine_1,2026-01-21T18:00:00Z,2026-01-23T17:00:00Z,47.0,0.0383333333333333,0.05577404929332161,0.11065450967882541
turbine_1,2026-01-21T18:00:00Z,2026-01-23T18:00:00Z,48.0,0.01,0.030701352347539596,0.0874438434597658
turbine_1,2026-01-22T18:00:00Z,2026-01-22T19:00:00Z,1.0,0.99,0.845584251419504,0.8727625493961557
turbine_1,2026-01-22T18:00:00Z,2026-01-22T20:00:00Z,2.0,0.99,0.8099330801348517,0.8202942941272877
turbine_1,2026-01-22T18:00:00Z,2026-01-22T21:00:00Z,3.0,0.985,0.7493253607707664,0.790664698840017
turbine_1,2026-01-22T18:00:00Z,2026-01-22T22:00:00Z,4.0,0.8333333333333334,0.6865507523194578,0.7458866195179905
turbine_1,2026-01-22T18:00:00Z,2026-01-22T23:00:00Z,5.0,0.4566666666666667,0.57454238588476,0.5826228187314417
turbine_1,2026-01-22T18:00:00Z,2026-01-23T00:00:00Z,6.0,0.4233333333333333,0.19038668191683641,0.19833939790510124
turbine_1,2026-01-22T18:00:00Z,2026-01-23T01:00:00Z,7.0,0.4566666666666667,0.08437688457050885,0.07993187727766862
turbine_1,2026-01-22T18:00:00Z,2026-01-23T02:00:00Z,8.0,0.3,0.034942719709632364,0.05520690841228043
turbine_1,2026-01-22T18:00:00Z,2026-01-23T03:00:00Z,9.0,0.7200000000000001,0.013836766985567434,0.026431197568131864
turbine_1,2026-01-22T18:00:00Z,2026-01-23T04:00:00Z,10.0,0.8333333333333334,0.013974149337545289,0.022181502035326678
turbine_1,2026-01-22T18:00:00Z,2026-01-23T05:00:00Z,11.0,0.905,0.013974149337545289,0.022281212225618546
turbine_1,2026-01-22T18:00:00Z,2026-01-23T06:00:00Z,12.0,0.5033333333333333,0.030705321502166844,0.0747440900284019
turbine_1,2026-01-22T18:00:00Z,2026-01-23T07:00:00Z,13.0,0.2333333333333333,0.5447233255726167,0.5837572599148513
turbine_1,2026-01-22T18:00:00Z,2026-01-23T08:00:00Z,14.0,0.125,0.6835537304797081,0.730073930098923
turbine_1,2026-01-22T18:00:00Z,2026-01-23T09:00:00Z,15.0,0.1716666666666666,0.692451786060962,0.7060100057388123
turbine_1,2026-01-22T18:00:00Z,2026-01-23T10:00:00Z,16.0,0.3016666666666667,0.7125243350910346,0.7381306976624641
turbine_1,2026-01-22T18:00:00Z,2026-01-23T11:00:00Z,17.0,0.65,0.6048934372797985,0.6152309787968087
turbine_1,2026-01-22T18:00:00Z,2026-01-23T12:00:00Z,18.0,0.5233333333333333,0.47715913524310255,0.4889513046754791
turbine_1,2026-01-22T18:00:00Z,2026-01-23T13:00:00Z,19.0,0.3633333333333333,0.4160566722004927,0.43658333128308935
turbine_1,2026-01-22T18:00:00Z,2026-01-23T14:00:00Z,20.0,0.1516666666666666,0.4236392740026192,0.46260340318663196
turbine_1,2026-01-22T18:00:00Z,2026-01-23T15:00:00Z,21.0,0.0733333333333333,0.3154437504983319,0.3615790478438321
turbine_1,2026-01-22T18:00:00Z,2026-01-23T16:00:00Z,22.0,0.0233333333333333,0.25631990698084545,0.3173565113123241
turbine_1,2026-01-22T18:00:00Z,2026-01-23T17:00:00Z,23.0,0.0383333333333333,0.22112720046289266,0.27254117308409287
turbine_1,2026-01-22T18:00:00Z,2026-01-23T18:00:00Z,24.0,0.01,0.15176819333694497,0.18766455824429892
turbine_1,2026-01-22T18:00:00Z,2026-01-23T19:00:00Z,25.0,0.01,0.06098524384318721,0.10407592417972128
turbine_1,2026-01-22T18:00:00Z,2026-01-23T20:00:00Z,26.0,0.01,0.011921573613362907,0.013637490191279966
turbine_1,2026-01-22T18:00:00Z,2026-01-23T21:00:00Z,27.0,0.01,0.03392792453399304,0.028165184025615825
turbine_1,2026-01-22T18:00:00Z,2026-01-23T22:00:00Z,28.0,0.01,0.14736928495226978,0.1749547817326093
turbine_1,2026-01-22T18:00:00Z,2026-01-23T23:00:00Z,29.0,0.01,0.46211989122432817,0.5421300749194563
turbine_1,2026-01-22T18:00:00Z,2026-01-24T00:00:00Z,30.0,0.01,0.5296055863391439,0.5927846486037566
turbine_1,2026-01-22T18:00:00Z,2026-01-24T01:00:00Z,31.0,0.0333333333333333,0.7274341437916865,0.7121327048690902
turbine_1,2026-01-22T18:00:00Z,2026-01-24T02:00:00Z,32.0,0.1083333333333333,0.73377017282987,0.7681679784753406
turbine_1,2026-01-22T18:00:00Z,2026-01-24T03:00:00Z,33.0,0.71,0.7821092181206352,0.7286514469344022
turbine_1,2026-01-22T18:00:00Z,2026-01-24T04:00:00Z,34.0,0.9716666666666668,0.9515056736580169,0.8854883580012007
turbine_1,2026-01-22T18:00:00Z,2026-01-24T05:00:00Z,35.0,0.99,0.9697004798297069,0.9478539542378671
turbine_1,2026-01-22T18:00:00Z,2026-01-24T06:00:00Z,36.0,0.99,0.9755655008739469,0.9514246915617138
turbine_1,2026-01-22T18:00:00Z,2026-01-24T07:00:00Z,37.0,0.8533333333333334,0.9839087181942133,0.9793494970628842
turbine_1,2026-01-22T18:00:00Z,2026-01-24T08:00:00Z,38.0,0.99,0.9803155611416937,0.9790398404119929
turbine_1,2026-01-22T18:00:00Z,2026-01-24T09:00:00Z,39.0,0.99,0.9693398515835909,0.9851960136658893
turbine_1,2026-01-22T18:00:00Z,2026-01-24T10:00:00Z,40.0,0.9866666666666668,0.9752251457510697,0.9895477818262479
turbine_1,2026-01-22T18:00:00Z,2026-01-24T11:00:00Z,41.0,0.9883333333333332,0.8974870156292892,0.9822525193674501
turbine_1,2026-01-22T18:00:00Z,2026-01-24T12:00:00Z,42.0,0.99,0.810956982726817,0.9728536654580161
turbine_1,2026-01-22T18:00:00Z,2026-01-24T13:00:00Z,43.0,0.99,0.5954530363511907,0.6901539663215221
turbine_1,2026-01-22T18:00:00Z,2026-01-24T14:00:00Z,44.0,0.9483333333333333,0.5575372750534803,0.5621892684991197
turbine_1,2026-01-22T18:00:00Z,2026-01-24T15:00:00Z,45.0,0.97,0.5424110795575142,0.5551485460985629
turbine_1,2026-01-22T18:00:00Z,2026-01-24T16:00:00Z,46.0,0.99,0.32833777240870676,0.27209647788402946
turbine_1,2026-01-22T18:00:00Z,2026-01-24T17:00:00Z,47.0,0.96,0.608595793327177,0.5299229726837574
turbine_1,2026-01-22T18:00:00Z,2026-01-24T18:00:00Z,48.0,0.9716666666666668,0.6605586551709621,0.5115123389952487
turbine_1,2026-01-23T18:00:00Z,2026-01-23T19:00:00Z,1.0,0.01,0.012196939614106311,0.022336664901304842
turbine_1,2026-01-23T18:00:00Z,2026-01-23T20:00:00Z,2.0,0.01,0.01699163462285272,0.012525459215952717
turbine_1,2026-01-23T18:00:00Z,2026-01-23T21:00:00Z,3.0,0.01,0.035206049861492644,0.03780736836906082
turbine_1,2026-01-23T18:00:00Z,2026-01-23T22:00:00Z,4.0,0.01,0.18368754588690872,0.24081423034318258
turbine_1,2026-01-23T18:00:00Z,2026-01-23T23:00:00Z,5.0,0.01,0.3289844602972501,0.3986072219783978
turbine_1,2026-01-23T18:00:00Z,2026-01-24T00:00:00Z,6.0,0.01,0.4729201073131478,0.5596891331849326
turbine_1,2026-01-23T18:00:00Z,2026-01-24T01:00:00Z,7.0,0.0333333333333333,0.5406928886578218,0.567100887903996
turbine_1,2026-01-23T18:00:00Z,2026-01-24T02:00:00Z,8.0,0.1083333333333333,0.718246894583821,0.6729455567760823
turbine_1,2026-01-23T18:00:00Z,2026-01-24T03:00:00Z,9.0,0.71,0.7618561686207689,0.7507960202367019
turbine_1,2026-01-23T18:00:00Z,2026-01-24T04:00:00Z,10.0,0.9716666666666668,0.820765181643013,0.7914196790565042
turbine_1,2026-01-23T18:00:00Z,2026-01-24T05:00:00Z,11.0,0.99,0.9608276936030574,0.9331721904562524
turbine_1,2026-01-23T18:00:00Z,2026-01-24T06:00:00Z,12.0,0.99,0.9681307073411611,0.9494495647349485
turbine_1,2026-01-23T18:00:00Z,2026-01-24T07:00:00Z,13.0,0.8533333333333334,0.9842717008005496,0.9760812561592249
turbine_1,2026-01-23T18:00:00Z,2026-01-24T08:00:00Z,14.0,0.99,0.9791578973618738,0.9797252614270977
turbine_1,2026-01-23T18:00:00Z,2026-01-24T09:00:00Z,15.0,0.99,0.9807404432424008,0.9862612281722802
turbine_1,2026-01-23T18:00:00Z,2026-01-24T10:00:00Z,16.0,0.9866666666666668,0.9806932929874489,0.9903551676557398
turbine_1,2026-01-23T18:00:00Z,2026-01-24T11:00:00Z,17.0,0.9883333333333332,0.939862623676769,0.9877690955974372
turbine_1,2026-01-23T18:00:00Z,2026-01-24T12:00:00Z,18.0,0.99,0.7298875028817144,0.9457846139100112
turbine_1,2026-01-23T18:00:00Z,2026-01-24T13:00:00Z,19.0,0.99,0.6277586587238644,0.7740461051259704
turbine_1,2026-01-23T18:00:00Z,2026-01-24T14:00:00Z,20.0,0.9483333333333333,0.7661757081301219,0.7436817873648026
turbine_1,2026-01-23T18:00:00Z,2026-01-24T15:00:00Z,21.0,0.97,0.6851869595295828,0.601403279410577
turbine_1,2026-01-23T18:00:00Z,2026-01-24T16:00:00Z,22.0,0.99,0.7391657675686009,0.6268625234934666
turbine_1,2026-01-23T18:00:00Z,2026-01-24T17:00:00Z,23.0,0.96,0.5652347006714646,0.5222089247329023
turbine_1,2026-01-23T18:00:00Z,2026-01-24T18:00:00Z,24.0,0.9716666666666668,0.5762213880665223,0.468343017403903
turbine_1,2026-01-23T18:00:00Z,2026-01-24T19:00:00Z,25.0,0.9766666666666666,0.5439853735357367,0.4588714430233327
turbine_1,2026-01-23T18:00:00Z,2026-01-24T20:00:00Z,26.0,0.6383333333333333,0.48531448770568153,0.43273101888609916
turbine_1,2026-01-23T18:00:00Z,2026-01-24T21:00:00Z,27.0,0.295,0.4246414608875807,0.4780014785770009
turbine_1,2026-01-23T18:00:00Z,2026-01-24T22:00:00Z,28.0,0.495,0.4698484074280288,0.4762329929891698
turbine_1,2026-01-23T18:00:00Z,2026-01-24T23:00:00Z,29.0,0.5533333333333333,0.7199595098152471,0.6857281621917783
turbine_1,2026-01-23T18:00:00Z,2026-01-25T00:00:00Z,30.0,0.1316666666666666,0.7154825007575911,0.7000412912051921
turbine_1,2026-01-23T18:00:00Z,2026-01-25T01:00:00Z,31.0,0.0233333333333333,0.5639653299625613,0.5387564451471394
turbine_1,2026-01-23T18:00:00Z,2026-01-25T02:00:00Z,32.0,0.3583333333333333,0.11962918379100435,0.13950595093521995
turbine_1,2026-01-23T18:00:00Z,2026-01-25T03:00:00Z,33.0,0.3533333333333333,0.027604132153849548,0.0620316353843767
turbine_1,2026-01-23T18:00:00Z,2026-01-25T04:00:00Z,34.0,0.1466666666666666,0.014286315036973807,0.04625851342412385
turbine_1,2026-01-23T18:00:00Z,2026-01-25T05:00:00Z,35.0,0.0666666666666666,0.01959197960182049,0.029413466257999288
turbine_1,2026-01-23T18:00:00Z,2026-01-25T06:00:00Z,36.0,0.0083333333333333,0.02407560028151376,0.038893974886010124
turbine_1,2026-01-23T18:00:00Z,2026-01-25T07:00:00Z,37.0,0.01,0.024467083175136933,0.03307993251359084
turbine_1,2026-01-23T18:00:00Z,2026-01-25T08:00:00Z,38.0,0.01,0.015166757777159562,0.019865144380516953
turbine_1,2026-01-23T18:00:00Z,2026-01-25T09:00:00Z,39.0,0.01,0.01784926922082314,0.023791199723702444
turbine_1,2026-01-23T18:00:00Z,2026-01-25T10:00:00Z,40.0,0.01,0.022197919045399916,0.021105329959888564
turbine_1,2026-01-23T18:00:00Z,2026-01-25T11:00:00Z,41.0,0.01,0.02368821071364846,0.028524417290192006
turbine_1,2026-01-23T18:00:00Z,2026-01-25T12:00:00Z,42.0,0.01,0.030511864966559332,0.042953270977980795
turbine_1,2026-01-23T18:00:00Z,2026-01-25T13:00:00Z,43.0,0.01,0.02571932109180322,0.09172563507308024
turbine_1,2026-01-23T18:00:00Z,2026-01-25T14:00:00Z,44.0,0.0366666666666666,0.06485311534316707,0.12260204544751914
turbine_1,2026-01-23T18:00:00Z,2026-01-25T15:00:00Z,45.0,0.1483333333333333,0.02934641188946302,0.10780334487299749
turbine_1,2026-01-23T18:00:00Z,2026-01-25T16:00:00Z,46.0,0.2016666666666666,0.021781770644547088,0.01921724075292522
turbine_1,2026-01-23T18:00:00Z,2026-01-25T17:00:00Z,47.0,0.3366666666666666,0.02184352426324157,0.03186623078368325
turbine_1,2026-01-23T18:00:00Z,2026-01-25T18:00:00Z,48.0,0.61,0.04991709961013724,0.05681297115441408
turbine_1,2026-01-24T18:00:00Z,2026-01-24T19:00:00Z,1.0,0.9766666666666666,0.29205761210016945,0.2779647095071875
turbine_1,2026-01-24T18:00:00Z,2026-01-24T20:00:00Z,2.0,0.6383333333333333,0.4912938525326494,0.47509759919881256
turbine_1,2026-01-24T18:00:00Z,2026-01-24T21:00:00Z,3.0,0.295,0.34529760296292156,0.32395247542735367
turbine_1,2026-01-24T18:00:00Z,2026-01-24T22:00:00Z,4.0,0.495,0.5473980894793633,0.46592491802991454
turbine_1,2026-01-24T18:00:00Z,2026-01-24T23:00:00Z,5.0,0.5533333333333333,0.5279296158721587,0.5599088945123225
turbine_1,2026-01-24T18:00:00Z,2026-01-25T00:00:00Z,6.0,0.1316666666666666,0.18896651697758388,0.24968756158854188
turbine_1,2026-01-24T18:00:00Z,2026-01-25T01:00:00Z,7.0,0.0233333333333333,0.06104897037856363,0.10750330831005264
turbine_1,2026-01-24T18:00:00Z,2026-01-25T02:00:00Z,8.0,0.3583333333333333,0.015569228515089989,0.04023151604297723
turbine_1,2026-01-24T18:00:00Z,2026-01-25T03:00:00Z,9.0,0.3533333333333333,0.011597822558156223,0.047831266505840575
turbine_1,2026-01-24T18:00:00Z,2026-01-25T04:00:00Z,10.0,0.1466666666666666,0.01927045908131189,0.022847216846535734
turbine_1,2026-01-24T18:00:00Z,2026-01-25T05:00:00Z,11.0,0.0666666666666666,0.014346559447413615,0.017117419604627593
turbine_1,2026-01-24T18:00:00Z,2026-01-25T06:00:00Z,12.0,0.0083333333333333,0.014949816734674354,0.021681191258887067
turbine_1,2026-01-24T18:00:00Z,2026-01-25T07:00:00Z,13.0,0.01,0.012293830173238346,0.02393308648941156
turbine_1,2026-01-24T18:00:00Z,2026-01-25T08:00:00Z,14.0,0.01,0.015510357833116883,0.023029810046207272
turbine_1,2026-01-24T18:00:00Z,2026-01-25T09:00:00Z,15.0,0.01,0.020605950783615157,0.020888315000221286
turbine_1,2026-01-24T18:00:00Z,2026-01-25T10:00:00Z,16.0,0.01,0.025302970413868697,0.02880336186014687
turbine_1,2026-01-24T18:00:00Z,2026-01-25T11:00:00Z,17.0,0.01,0.02368821071364846,0.032241766209886835
turbine_1,2026-01-24T18:00:00Z,2026-01-25T12:00:00Z,18.0,0.01,0.05145475947337361,0.036873467782872205
turbine_1,2026-01-24T18:00:00Z,2026-01-25T13:00:00Z,19.0,0.01,0.05286671435508203,0.052389202674659296
turbine_1,2026-01-24T18:00:00Z,2026-01-25T14:00:00Z,20.0,0.0366666666666666,0.023924999887407483,0.029709053598262508
turbine_1,2026-01-24T18:00:00Z,2026-01-25T15:00:00Z,21.0,0.1483333333333333,0.02136168682258971,0.022913971735924438
turbine_1,2026-01-24T18:00:00Z,2026-01-25T16:00:00Z,22.0,0.2016666666666666,0.059592442898355885,0.05360385830081446
turbine_1,2026-01-24T18:00:00Z,2026-01-25T17:00:00Z,23.0,0.3366666666666666,0.12111814389350607,0.15282245494981908
turbine_1,2026-01-24T18:00:00Z,2026-01-25T18:00:00Z,24.0,0.61,0.13423950426853207,0.19967418666112172
turbine_1,2026-01-24T18:00:00Z,2026-01-25T19:00:00Z,25.0,0.2683333333333333,0.1555899052254444,0.19449469806473468
turbine_1,2026-01-24T18:00:00Z,2026-01-25T20:00:00Z,26.0,0.2283333333333333,0.1566494531461118,0.18546245782761056
turbine_1,2026-01-24T18:00:00Z,2026-01-25T21:00:00Z,27.0,0.295,0.19686776221736943,0.1867613527431376
turbine_1,2026-01-24T18:00:00Z,2026-01-25T22:00:00Z,28.0,0.3066666666666666,0.2593296076196686,0.2699148780806738
turbine_1,2026-01-24T18:00:00Z,2026-01-25T23:00:00Z,29.0,0.2766666666666666,0.24415792395360797,0.23775996951209552
turbine_1,2026-01-24T18:00:00Z,2026-01-26T00:00:00Z,30.0,0.6033333333333334,0.5215178114799573,0.5197791596121702
turbine_1,2026-01-24T18:00:00Z,2026-01-26T01:00:00Z,31.0,0.2916666666666667,0.5776629804851722,0.5872491762437196
turbine_1,2026-01-24T18:00:00Z,2026-01-26T02:00:00Z,32.0,0.2733333333333334,0.5129917365742709,0.5469957671520529
turbine_1,2026-01-24T18:00:00Z,2026-01-26T03:00:00Z,33.0,0.3133333333333333,0.7172917993343306,0.6293255766759349
turbine_1,2026-01-24T18:00:00Z,2026-01-26T04:00:00Z,34.0,0.2383333333333333,0.7144511570334768,0.637608342778305
turbine_1,2026-01-24T18:00:00Z,2026-01-26T05:00:00Z,35.0,0.2433333333333333,0.66122844212034,0.5092795535605482
turbine_1,2026-01-24T18:00:00Z,2026-01-26T06:00:00Z,36.0,0.4766666666666666,0.7874934029003714,0.643930070549056
turbine_1,2026-01-24T18:00:00Z,2026-01-26T07:00:00Z,37.0,0.7983333333333333,0.8027747762042224,0.6750631210712446
turbine_1,2026-01-24T18:00:00Z,2026-01-26T08:00:00Z,38.0,0.7933333333333333,0.8173031156837635,0.662363248533544
turbine_1,2026-01-24T18:00:00Z,2026-01-26T09:00:00Z,39.0,0.7600000000000001,0.7881055020755207,0.647192149738069
turbine_1,2026-01-24T18:00:00Z,2026-01-26T10:00:00Z,40.0,0.6716666666666667,0.6740525362926145,0.5686979829183697
turbine_1,2026-01-24T18:00:00Z,2026-01-26T11:00:00Z,41.0,0.6133333333333333,0.49969371171986376,0.4757009212821147
turbine_1,2026-01-24T18:00:00Z,2026-01-26T12:00:00Z,42.0,0.3999999999999999,0.4015505488548671,0.3224062772113588
turbine_1,2026-01-24T18:00:00Z,2026-01-26T13:00:00Z,43.0,0.5,0.44423214856165605,0.4510486179853046
turbine_1,2026-01-24T18:00:00Z,2026-01-26T14:00:00Z,44.0,0.775,0.4250581470031733,0.4664021295345167
turbine_1,2026-01-24T18:00:00Z,2026-01-26T15:00:00Z,45.0,0.2983333333333333,0.5206059273081012,0.5243760919770784
turbine_1,2026-01-24T18:00:00Z,2026-01-26T16:00:00Z,46.0,0.1683333333333333,0.5210693807158873,0.5429914665727928
turbine_1,2026-01-24T18:00:00Z,2026-01-26T17:00:00Z,47.0,0.6983333333333333,0.4871085218033322,0.5248495559618204
turbine_1,2026-01-24T18:00:00Z,2026-01-26T18:00:00Z,48.0,0.9,0.4938065884930294,0.5032190433917073
turbine_1,2026-01-25T18:00:00Z,2026-01-25T19:00:00Z,1.0,0.2683333333333333,0.37635392884561913,0.48037743196588123
turbine_1,2026-01-25T18:00:00Z,2026-01-25T20:00:00Z,2.0,0.2283333333333333,0.42469779873372826,0.4544130959590448
turbine_1,2026-01-25T18:00:00Z,2026-01-25T21:00:00Z,3.0,0.295,0.4318529280839676,0.44837236760221444
turbine_1,2026-01-25T18:00:00Z,2026-01-25T22:00:00Z,4.0,0.3066666666666666,0.4115191749066861,0.4413837966705514
turbine_1,2026-01-25T18:00:00Z,2026-01-25T23:00:00Z,5.0,0.2766666666666666,0.3305192455107173,0.3628812307515572
turbine_1,2026-01-25T18:00:00Z,2026-01-26T00:00:00Z,6.0,0.6033333333333334,0.559648962604884,0.5827053334543971
turbine_1,2026-01-25T18:00:00Z,2026-01-26T01:00:00Z,7.0,0.2916666666666667,0.5043462675504691,0.590257899902592
turbine_1,2026-01-25T18:00:00Z,2026-01-26T02:00:00Z,8.0,0.2733333333333334,0.6680159173850642,0.6039927126906819
turbine_1,2026-01-25T18:00:00Z,2026-01-26T03:00:00Z,9.0,0.3133333333333333,0.5931365038114612,0.537149691587017
turbine_1,2026-01-25T18:00:00Z,2026-01-26T04:00:00Z,10.0,0.2383333333333333,0.658390735255153,0.5563703546423573
turbine_1,2026-01-25T18:00:00Z,2026-01-26T05:00:00Z,11.0,0.2433333333333333,0.7628090113268807,0.6082331269594291
turbine_1,2026-01-25T18:00:00Z,2026-01-26T06:00:00Z,12.0,0.4766666666666666,0.7752097934919165,0.6101203501586212
turbine_1,2026-01-25T18:00:00Z,2026-01-26T07:00:00Z,13.0,0.7983333333333333,0.792872055623932,0.6591045493994223
turbine_1,2026-01-25T18:00:00Z,2026-01-26T08:00:00Z,14.0,0.7933333333333333,0.7952125974388039,0.6731609741260638
turbine_1,2026-01-25T18:00:00Z,2026-01-26T09:00:00Z,15.0,0.7600000000000001,0.7613745061217896,0.6139557812423012
turbine_1,2026-01-25T18:00:00Z,2026-01-26T10:00:00Z,16.0,0.6716666666666667,0.57128526318947,0.5074196206088527
turbine_1,2026-01-25T18:00:00Z,2026-01-26T11:00:00Z,17.0,0.6133333333333333,0.4289344477991279,0.38457607723580745
turbine_1,2026-01-25T18:00:00Z,2026-01-26T12:00:00Z,18.0,0.3999999999999999,0.33236355793069505,0.28407403449985025
turbine_1,2026-01-25T18:00:00Z,2026-01-26T13:00:00Z,19.0,0.5,0.30429681966739375,0.35618952360979717
turbine_1,2026-01-25T18:00:00Z,2026-01-26T14:00:00Z,20.0,0.775,0.3783295294820234,0.3367760682337539
turbine_1,2026-01-25T18:00:00Z,2026-01-26T15:00:00Z,21.0,0.2983333333333333,0.3482178300873401,0.39137319951170446
turbine_1,2026-01-25T18:00:00Z,2026-01-26T16:00:00Z,22.0,0.1683333333333333,0.4282471392725329,0.49416614272920456
turbine_1,2026-01-25T18:00:00Z,2026-01-26T17:00:00Z,23.0,0.6983333333333333,0.51182817079366,0.5354190344811852
turbine_1,2026-01-25T18:00:00Z,2026-01-26T18:00:00Z,24.0,0.9,0.559687338802791,0.5185493224004578
turbine_1,2026-01-25T18:00:00Z,2026-01-26T19:00:00Z,25.0,0.65,0.603869698364504,0.48690422177841874
turbine_1,2026-01-25T18:00:00Z,2026-01-26T20:00:00Z,26.0,0.6233333333333334,0.6464214046588723,0.6304637857999075
turbine_1,2026-01-25T18:00:00Z,2026-01-26T21:00:00Z,27.0,0.48,0.7350379433170185,0.7209554271573241
turbine_1,2026-01-25T18:00:00Z,2026-01-26T22:00:00Z,28.0,0.935,0.6706663061505913,0.6533603896476177
turbine_1,2026-01-25T18:00:00Z,2026-01-26T23:00:00Z,29.0,0.6849999999999999,0.6342560092605776,0.6367267812570285
turbine_1,2026-01-25T18:00:00Z,2026-01-27T00:00:00Z,30.0,0.4066666666666667,0.49573458296660877,0.5080143092895588
turbine_1,2026-01-25T18:00:00Z,2026-01-27T01:00:00Z,31.0,0.0316666666666666,0.4098655578320123,0.42754473059871967
turbine_1,2026-01-25T18:00:00Z,2026-01-27T02:00:00Z,32.0,0.0133333333333333,0.13792378472580838,0.1860816169460287
turbine_1,2026-01-25T18:00:00Z,2026-01-27T03:00:00Z,33.0,0.01,0.15313188395491098,0.2082272132618087
turbine_1,2026-01-25T18:00:00Z,2026-01-27T04:00:00Z,34.0,0.01,0.1466015879551172,0.17537522219218277
turbine_1,2026-01-25T18:00:00Z,2026-01-27T05:00:00Z,35.0,0.01,0.12534112296338745,0.20772049897245742
turbine_1,2026-01-25T18:00:00Z,2026-01-27T06:00:00Z,36.0,0.01,0.08700022191457579,0.15090339482190596
turbine_1,2026-01-25T18:00:00Z,2026-01-27T07:00:00Z,37.0,0.01,0.09725536137683655,0.12989491995445435
turbine_1,2026-01-25T18:00:00Z,2026-01-27T08:00:00Z,38.0,0.01,0.10712312646343182,0.13133709359406923
turbine_1,2026-01-25T18:00:00Z,2026-01-27T09:00:00Z,39.0,0.01,0.10326252104915515,0.12397386670522323
turbine_1,2026-01-25T18:00:00Z,2026-01-27T10:00:00Z,40.0,0.01,0.1024525355097824,0.1496774346559251
turbine_1,2026-01-25T18:00:00Z,2026-01-27T11:00:00Z,41.0,0.01,0.09389120404582207,0.10356549040986829
turbine_1,2026-01-25T18:00:00Z,2026-01-27T12:00:00Z,42.0,0.01,0.09867832633090315,0.14658448441368557
turbine_1,2026-01-25T18:00:00Z,2026-01-27T13:00:00Z,43.0,0.01,0.10507416802565067,0.16930442376819033
turbine_1,2026-01-25T18:00:00Z,2026-01-27T14:00:00Z,44.0,0.01,0.10469395446676819,0.12332928448684827
turbine_1,2026-01-25T18:00:00Z,2026-01-27T15:00:00Z,45.0,0.0166666666666666,0.11193993424238298,0.09137878422980691
turbine_1,2026-01-25T18:00:00Z,2026-01-27T16:00:00Z,46.0,0.0083333333333333,0.09757233540711432,0.13440610608528608
turbine_1,2026-01-25T18:00:00Z,2026-01-27T17:00:00Z,47.0,0.01,0.0963725502116402,0.13510639180052758
turbine_1,2026-01-25T18:00:00Z,2026-01-27T18:00:00Z,48.0,0.01,0.08717293137506049,0.10722624731238437
turbine_1,2026-01-26T18:00:00Z,2026-01-26T19:00:00Z,1.0,0.65,0.5372355099083719,0.49491219994615526
turbine_1,2026-01-26T18:00:00Z,2026-01-26T20:00:00Z,2.0,0.6233333333333334,0.5219302730580808,0.5368596548086002
turbine_1,2026-01-26T18:00:00Z,2026-01-26T21:00:00Z,3.0,0.48,0.5646416328172976,0.6202791246663858
turbine_1,2026-01-26T18:00:00Z,2026-01-26T22:00:00Z,4.0,0.935,0.5428616817147512,0.5274175245874773
turbine_1,2026-01-26T18:00:00Z,2026-01-26T23:00:00Z,5.0,0.6849999999999999,0.49277866025189954,0.44010598793452416
turbine_1,2026-01-26T18:00:00Z,2026-01-27T00:00:00Z,6.0,0.4066666666666667,0.2578975578691375,0.3198818566325838
turbine_1,2026-01-26T18:00:00Z,2026-01-27T01:00:00Z,7.0,0.0316666666666666,0.1761788646425625,0.19391666075888453
turbine_1,2026-01-26T18:00:00Z,2026-01-27T02:00:00Z,8.0,0.0133333333333333,0.1263707774949723,0.15340190934447837
turbine_1,2026-01-26T18:00:00Z,2026-01-27T03:00:00Z,9.0,0.01,0.10351796599533855,0.14064399356054139
turbine_1,2026-01-26T18:00:00Z,2026-01-27T04:00:00Z,10.0,0.01,0.12710060969327364,0.1717787646713807
turbine_1,2026-01-26T18:00:00Z,2026-01-27T05:00:00Z,11.0,0.01,0.11784671781166033,0.2006612962810246
turbine_1,2026-01-26T18:00:00Z,2026-01-27T06:00:00Z,12.0,0.01,0.09933799427409268,0.09909332099769202
turbine_1,2026-01-26T18:00:00Z,2026-01-27T07:00:00Z,13.0,0.01,0.09381405102413393,0.106844977748283
turbine_1,2026-01-26T18:00:00Z,2026-01-27T08:00:00Z,14.0,0.01,0.11714726060099352,0.15412982294730682
turbine_1,2026-01-26T18:00:00Z,2026-01-27T09:00:00Z,15.0,0.01,0.1169995714067026,0.1634120395829994
turbine_1,2026-01-26T18:00:00Z,2026-01-27T10:00:00Z,16.0,0.01,0.13574990308560098,0.16442221570746424
turbine_1,2026-01-26T18:00:00Z,2026-01-27T11:00:00Z,17.0,0.01,0.13238923932023888,0.1291776805373994
turbine_1,2026-01-26T18:00:00Z,2026-01-27T12:00:00Z,18.0,0.01,0.13129220728355767,0.12998979930608567
turbine_1,2026-01-26T18:00:00Z,2026-01-27T13:00:00Z,19.0,0.01,0.09895742305859617,0.11411752477766501
turbine_1,2026-01-26T18:00:00Z,2026-01-27T14:00:00Z,20.0,0.01,0.08632265230359484,0.09737890494271859
turbine_1,2026-01-26T18:00:00Z,2026-01-27T15:00:00Z,21.0,0.0166666666666666,0.062257538481557656,0.1022321525067387
turbine_1,2026-01-26T18:00:00Z,2026-01-27T16:00:00Z,22.0,0.0083333333333333,0.047468776852188393,0.07635008383301906
turbine_1,2026-01-26T18:00:00Z,2026-01-27T17:00:00Z,23.0,0.01,0.03878610559607157,0.05705911908882039
turbine_1,2026-01-26T18:00:00Z,2026-01-27T18:00:00Z,24.0,0.01,0.036548928453680296,0.05763988026003866
turbine_1,2026-01-26T18:00:00Z,2026-01-27T19:00:00Z,25.0,0.01,0.036290811513522925,0.0517253742049667
turbine_1,2026-01-26T18:00:00Z,2026-01-27T20:00:00Z,26.0,0.01,0.025225172701217324,0.030853032369717037
turbine_1,2026-01-26T18:00:00Z,2026-01-27T21:00:00Z,27.0,0.01,0.01156698194415215,0.03461485898031871
turbine_1,2026-01-26T18:00:00Z,2026-01-27T22:00:00Z,28.0,0.01,0.011075909815758261,0.012754121420330528
turbine_1,2026-01-26T18:00:00Z,2026-01-27T23:00:00Z,29.0,0.01,0.011881519947768288,0.024867977702337174
turbine_1,2026-01-26T18:00:00Z,2026-01-28T00:00:00Z,30.0,0.01,0.012619121826636298,0.017383072580161002
turbine_1,2026-01-26T18:00:00Z,2026-01-28T01:00:00Z,31.0,0.01,0.01329271145381844,0.03305945778011221
turbine_1,2026-01-26T18:00:00Z,2026-01-28T02:00:00Z,32.0,0.0366666666666666,0.017221021773462825,0.046614672664228946
turbine_1,2026-01-26T18:00:00Z,2026-01-28T03:00:00Z,33.0,0.04,0.025428812845150334,0.04844472098236602
turbine_1,2026-01-26T18:00:00Z,2026-01-28T04:00:00Z,34.0,0.01,0.028537460333895565,0.039729785779572674
turbine_1,2026-01-26T18:00:00Z,2026-01-28T05:00:00Z,35.0,0.01,0.03537686059314296,0.03312672238744663
turbine_1,2026-01-26T18:00:00Z,2026-01-28T06:00:00Z,36.0,0.01,0.017993796652051308,0.019354609396998762
turbine_1,2026-01-26T18:00:00Z,2026-01-28T07:00:00Z,37.0,0.01,0.012960015744732822,0.02205585866697221
turbine_1,2026-01-26T18:00:00Z,2026-01-28T08:00:00Z,38.0,0.01,0.01554175673390365,0.025512494567331984
turbine_1,2026-01-26T18:00:00Z,2026-01-28T09:00:00Z,39.0,0.01,0.019452089803471545,0.02036849103430935
turbine_1,2026-01-26T18:00:00Z,2026-01-28T10:00:00Z,40.0,0.01,0.047896279351598015,0.0337734423047559
turbine_1,2026-01-26T18:00:00Z,2026-01-28T11:00:00Z,41.0,0.01,0.07948767853366284,0.05840894510522887
turbine_1,2026-01-26T18:00:00Z,2026-01-28T12:00:00Z,42.0,0.0783333333333333,0.11477743560578389,0.14843696314669452
turbine_1,2026-01-26T18:00:00Z,2026-01-28T13:00:00Z,43.0,0.1716666666666666,0.15595377769341545,0.17483899054652188
turbine_1,2026-01-26T18:00:00Z,2026-01-28T14:00:00Z,44.0,0.495,0.2447777760422432,0.2570054600516727
turbine_1,2026-01-26T18:00:00Z,2026-01-28T15:00:00Z,45.0,0.7183333333333333,0.4103203330733277,0.37250741853087527
turbine_1,2026-01-26T18:00:00Z,2026-01-28T16:00:00Z,46.0,0.4583333333333333,0.5949597254280679,0.6192328213185352
turbine_1,2026-01-26T18:00:00Z,2026-01-28T17:00:00Z,47.0,0.3183333333333333,0.6258983238438987,0.6119283234524033
turbine_1,2026-01-26T18:00:00Z,2026-01-28T18:00:00Z,48.0,0.2283333333333333,0.4941361533480483,0.5665732366548517
turbine_1,2026-01-27T18:00:00Z,2026-01-27T19:00:00Z,1.0,0.01,0.017264050624372584,0.03209273218214026
turbine_1,2026-01-27T18:00:00Z,2026-01-27T20:00:00Z,2.0,0.01,0.01370905520176724,0.024248608716194553
turbine_1,2026-01-27T18:00:00Z,2026-01-27T21:00:00Z,3.0,0.01,0.012637896342690691,0.023848079956118484
turbine_1,2026-01-27T18:00:00Z,2026-01-27T22:00:00Z,4.0,0.01,0.012890243064203444,0.012593473873392547
turbine_1,2026-01-27T18:00:00Z,2026-01-27T23:00:00Z,5.0,0.01,0.01339807434694279,0.02274267038826383
turbine_1,2026-01-27T18:00:00Z,2026-01-28T00:00:00Z,6.0,0.01,0.01575983916424417,0.017114502777950263
turbine_1,2026-01-27T18:00:00Z,2026-01-28T01:00:00Z,7.0,0.01,0.01835448712652285,0.03745075132533204
turbine_1,2026-01-27T18:00:00Z,2026-01-28T02:00:00Z,8.0,0.0366666666666666,0.033126272211936925,0.048500366876202794
turbine_1,2026-01-27T18:00:00Z,2026-01-28T03:00:00Z,9.0,0.04,0.035399531709065485,0.056794686367794445
turbine_1,2026-01-27T18:00:00Z,2026-01-28T04:00:00Z,10.0,0.01,0.031993862676012425,0.031530820951009314
turbine_1,2026-01-27T18:00:00Z,2026-01-28T05:00:00Z,11.0,0.01,0.01839844356199763,0.022626344398910897
turbine_1,2026-01-27T18:00:00Z,2026-01-28T06:00:00Z,12.0,0.01,0.015755213500679266,0.02397172727679353
turbine_1,2026-01-27T18:00:00Z,2026-01-28T07:00:00Z,13.0,0.01,0.012530159240533079,0.02301101326499458
turbine_1,2026-01-27T18:00:00Z,2026-01-28T08:00:00Z,14.0,0.01,0.015782053759294312,0.019676287976775092
turbine_1,2026-01-27T18:00:00Z,2026-01-28T09:00:00Z,15.0,0.01,0.019452089803471545,0.0206437210270303
turbine_1,2026-01-27T18:00:00Z,2026-01-28T10:00:00Z,16.0,0.01,0.07025657700054644,0.03367674429402248
turbine_1,2026-01-27T18:00:00Z,2026-01-28T11:00:00Z,17.0,0.01,0.14002595261239748,0.15723741801824404
turbine_1,2026-01-27T18:00:00Z,2026-01-28T12:00:00Z,18.0,0.0783333333333333,0.17177596601971742,0.1700797331342467
turbine_1,2026-01-27T18:00:00Z,2026-01-28T13:00:00Z,19.0,0.1716666666666666,0.2617195668917432,0.2553119488120391
turbine_1,2026-01-27T18:00:00Z,2026-01-28T14:00:00Z,20.0,0.495,0.3285910649581573,0.3530952888910816
turbine_1,2026-01-27T18:00:00Z,2026-01-28T15:00:00Z,21.0,0.7183333333333333,0.4287046995503757,0.36812752195160847
turbine_1,2026-01-27T18:00:00Z,2026-01-28T16:00:00Z,22.0,0.4583333333333333,0.46526839849549495,0.4701975118478667
turbine_1,2026-01-27T18:00:00Z,2026-01-28T17:00:00Z,23.0,0.3183333333333333,0.5617395763932092,0.7527653316094659
turbine_1,2026-01-27T18:00:00Z,2026-01-28T18:00:00Z,24.0,0.2283333333333333,0.2024028510274777,0.20344006940278545
turbine_1,2026-01-27T18:00:00Z,2026-01-28T19:00:00Z,25.0,0.2716666666666666,0.24294692541588972,0.19458768330267187
turbine_1,2026-01-27T18:00:00Z,2026-01-28T20:00:00Z,26.0,0.1399999999999999,0.31404346645872017,0.3539021170606149
turbine_1,2026-01-27T18:00:00Z,2026-01-28T21:00:00Z,27.0,0.1999999999999999,0.3275147164996797,0.33389006483595196
turbine_1,2026-01-27T18:00:00Z,2026-01-28T22:00:00Z,28.0,0.2366666666666666,0.2977765135982985,0.3099018974682527
turbine_1,2026-01-27T18:00:00Z,2026-01-28T23:00:00Z,29.0,0.17,0.2129558919214344,0.20332753848604201
turbine_1,2026-01-27T18:00:00Z,2026-01-29T00:00:00Z,30.0,0.0433333333333333,0.14429989742253974,0.1498735746200378
turbine_1,2026-01-27T18:00:00Z,2026-01-29T01:00:00Z,31.0,0.015,0.14617636280973828,0.1478824123566141
turbine_1,2026-01-27T18:00:00Z,2026-01-29T02:00:00Z,32.0,0.0116666666666666,0.20749831425347048,0.21977302244660507
turbine_1,2026-01-27T18:00:00Z,2026-01-29T03:00:00Z,33.0,0.01,0.2942015847872932,0.30677581560537137
turbine_1,2026-01-27T18:00:00Z,2026-01-29T04:00:00Z,34.0,0.0249999999999999,0.3281724980722493,0.38814942725275364
turbine_1,2026-01-27T18:00:00Z,2026-01-29T05:00:00Z,35.0,0.0383333333333333,0.4550166532362252,0.3415084984957796
turbine_1,2026-01-27T18:00:00Z,2026-01-29T06:00:00Z,36.0,0.0166666666666666,0.4946271560434328,0.38985123167411034
turbine_1,2026-01-27T18:00:00Z,2026-01-29T07:00:00Z,37.0,0.2133333333333333,0.5984645808493958,0.4920175704835606
turbine_1,2026-01-27T18:00:00Z,2026-01-29T08:00:00Z,38.0,0.655,0.5848845893770942,0.5839137518203639
turbine_1,2026-01-27T18:00:00Z,2026-01-29T09:00:00Z,39.0,0.8666666666666667,0.45620029199011913,0.4313728695262125
turbine_1,2026-01-27T18:00:00Z,2026-01-29T10:00:00Z,40.0,0.8333333333333334,0.380839922941994,0.3081701766610577
turbine_1,2026-01-27T18:00:00Z,2026-01-29T11:00:00Z,41.0,0.9366666666666666,0.32636811314402814,0.28491601549869383
turbine_1,2026-01-27T18:00:00Z,2026-01-29T12:00:00Z,42.0,0.9583333333333334,0.32791586552278246,0.29062440302691095
turbine_1,2026-01-27T18:00:00Z,2026-01-29T13:00:00Z,43.0,0.8883333333333333,0.3617663500076893,0.29703492281312455
turbine_1,2026-01-27T18:00:00Z,2026-01-29T14:00:00Z,44.0,0.9116666666666666,0.49878452652960054,0.4480052133357042
turbine_1,2026-01-27T18:00:00Z,2026-01-29T15:00:00Z,45.0,0.9816666666666666,0.6441816607259434,0.5860198990595629
turbine_1,2026-01-27T18:00:00Z,2026-01-29T16:00:00Z,46.0,0.99,0.7417163855380186,0.6507093851701753
turbine_1,2026-01-27T18:00:00Z,2026-01-29T17:00:00Z,47.0,0.99,0.7638961923454485,0.6935614788814457
turbine_1,2026-01-27T18:00:00Z,2026-01-29T18:00:00Z,48.0,0.99,0.7360610030198407,0.6530121141034282
turbine_1,2026-01-28T18:00:00Z,2026-01-28T19:00:00Z,1.0,0.2716666666666666,0.19241070388526527,0.15985827785723355
turbine_1,2026-01-28T18:00:00Z,2026-01-28T20:00:00Z,2.0,0.1399999999999999,0.11346784291910274,0.12195078919830729
turbine_1,2026-01-28T18:00:00Z,2026-01-28T21:00:00Z,3.0,0.1999999999999999,0.11627774765133982,0.11058965487487316
turbine_1,2026-01-28T18:00:00Z,2026-01-28T22:00:00Z,4.0,0.2366666666666666,0.0816411276926057,0.056033400867462
turbine_1,2026-01-28T18:00:00Z,2026-01-28T23:00:00Z,5.0,0.17,0.07380515502225585,0.08242474375256639
turbine_1,2026-01-28T18:00:00Z,2026-01-29T00:00:00Z,6.0,0.0433333333333333,0.09023080761498783,0.0824597845321278
turbine_1,2026-01-28T18:00:00Z,2026-01-29T01:00:00Z,7.0,0.015,0.08966060915532242,0.0877627009299076
turbine_1,2026-01-28T18:00:00Z,2026-01-29T02:00:00Z,8.0,0.0116666666666666,0.13651359910090444,0.13664026543399005
turbine_1,2026-01-28T18:00:00Z,2026-01-29T03:00:00Z,9.0,0.01,0.11864285740685003,0.12546508800585526
turbine_1,2026-01-28T18:00:00Z,2026-01-29T04:00:00Z,10.0,0.0249999999999999,0.2350103130316401,0.2707767146275388
turbine_1,2026-01-28T18:00:00Z,2026-01-29T05:00:00Z,11.0,0.0383333333333333,0.25743782358242084,0.36983893260094003
turbine_1,2026-01-28T18:00:00Z,2026-01-29T06:00:00Z,12.0,0.0166666666666666,0.42312268533132646,0.4606418143378618
turbine_1,2026-01-28T18:00:00Z,2026-01-29T07:00:00Z,13.0,0.2133333333333333,0.6820651613438828,0.63475383545025
turbine_1,2026-01-28T18:00:00Z,2026-01-29T08:00:00Z,14.0,0.655,0.7393554880265195,0.7849636381190076
turbine_1,2026-01-28T18:00:00Z,2026-01-29T09:00:00Z,15.0,0.8666666666666667,0.7179602806509302,0.7788449592475014
turbine_1,2026-01-28T18:00:00Z,2026-01-29T10:00:00Z,16.0,0.8333333333333334,0.6812593930922146,0.7233922683470297
turbine_1,2026-01-28T18:00:00Z,2026-01-29T11:00:00Z,17.0,0.9366666666666666,0.6824576497544903,0.6950181338066012
turbine_1,2026-01-28T18:00:00Z,2026-01-29T12:00:00Z,18.0,0.9583333333333334,0.5264679885043811,0.5907545277740417
turbine_1,2026-01-28T18:00:00Z,2026-01-29T13:00:00Z,19.0,0.8883333333333333,0.599078927786164,0.6131903681217116
turbine_1,2026-01-28T18:00:00Z,2026-01-29T14:00:00Z,20.0,0.9116666666666666,0.739947330784029,0.6376411500141963
turbine_1,2026-01-28T18:00:00Z,2026-01-29T15:00:00Z,21.0,0.9816666666666666,0.8288244056790209,0.811612113522469
turbine_1,2026-01-28T18:00:00Z,2026-01-29T16:00:00Z,22.0,0.99,0.8967144085240996,0.9080680130258252
turbine_1,2026-01-28T18:00:00Z,2026-01-29T17:00:00Z,23.0,0.99,0.8766104732119337,0.8612257523210061
turbine_1,2026-01-28T18:00:00Z,2026-01-29T18:00:00Z,24.0,0.99,0.8544225158999464,0.8245013088084181
turbine_1,2026-01-28T18:00:00Z,2026-01-29T19:00:00Z,25.0,0.8466666666666667,0.8240164732468135,0.7468066325571603
turbine_1,2026-01-28T18:00:00Z,2026-01-29T20:00:00Z,26.0,0.6749999999999999,0.8086760210172586,0.7895369582352305
turbine_1,2026-01-28T18:00:00Z,2026-01-29T21:00:00Z,27.0,0.6966666666666667,0.8310953952752461,0.780060702026159
turbine_1,2026-01-28T18:00:00Z,2026-01-29T22:00:00Z,28.0,0.4666666666666666,0.850228345042067,0.8248583764220133
turbine_1,2026-01-28T18:00:00Z,2026-01-29T23:00:00Z,29.0,0.4016666666666666,0.8009002439749623,0.7856024127283187
turbine_1,2026-01-28T18:00:00Z,2026-01-30T00:00:00Z,30.0,0.7016666666666667,0.7258350981112373,0.6882242225330835
turbine_1,2026-01-28T18:00:00Z,2026-01-30T01:00:00Z,31.0,0.7133333333333334,0.7920666385128938,0.7640908103378209
turbine_1,2026-01-28T18:00:00Z,2026-01-30T02:00:00Z,32.0,0.5516666666666666,0.8567389282757788,0.7976098152739686
turbine_1,2026-01-28T18:00:00Z,2026-01-30T03:00:00Z,33.0,0.5716666666666667,0.8958835121150627,0.8545492262867729
turbine_1,2026-01-28T18:00:00Z,2026-01-30T04:00:00Z,34.0,0.7983333333333333,0.932246745677446,0.8974845469957866
turbine_1,2026-01-28T18:00:00Z,2026-01-30T05:00:00Z,35.0,0.9416666666666668,0.9651866271382226,0.892649511644346
turbine_1,2026-01-28T18:00:00Z,2026-01-30T06:00:00Z,36.0,0.96,0.9753663656177737,0.8794808169500993
turbine_1,2026-01-28T18:00:00Z,2026-01-30T07:00:00Z,37.0,0.975,0.9841963814831891,0.9872860488154866
turbine_1,2026-01-28T18:00:00Z,2026-01-30T08:00:00Z,38.0,0.9833333333333334,0.9862406056007991,0.9819665778589273
turbine_1,2026-01-28T18:00:00Z,2026-01-30T09:00:00Z,39.0,0.945,0.9866320661776047,0.9919696930817632
turbine_1,2026-01-28T18:00:00Z,2026-01-30T10:00:00Z,40.0,0.9633333333333334,0.984272003049654,0.9818999499932086
turbine_1,2026-01-28T18:00:00Z,2026-01-30T11:00:00Z,41.0,0.93,0.9516325690615348,0.9280648408932126
turbine_1,2026-01-28T18:00:00Z,2026-01-30T12:00:00Z,42.0,0.9616666666666666,0.8767902544438482,0.9075745259161137
turbine_1,2026-01-28T18:00:00Z,2026-01-30T13:00:00Z,43.0,0.7466666666666667,0.8291282525606167,0.8208227072681584
turbine_1,2026-01-28T18:00:00Z,2026-01-30T14:00:00Z,44.0,0.75,0.8144149130200559,0.736388460820804
turbine_1,2026-01-28T18:00:00Z,2026-01-30T15:00:00Z,45.0,0.5399999999999999,0.6648979345864467,0.6225047380491329
turbine_1,2026-01-28T18:00:00Z,2026-01-30T16:00:00Z,46.0,0.4616666666666666,0.6240051519846539,0.5894464889288866
turbine_1,2026-01-28T18:00:00Z,2026-01-30T17:00:00Z,47.0,0.29,0.5470190292532758,0.5144734071770376
turbine_1,2026-01-28T18:00:00Z,2026-01-30T18:00:00Z,48.0,0.155,0.6224063280753965,0.5470151008036306
turbine_1,2026-01-29T18:00:00Z,2026-01-29T19:00:00Z,1.0,0.8466666666666667,0.9322077019919085,0.8821461711383014
turbine_1,2026-01-29T18:00:00Z,2026-01-29T20:00:00Z,2.0,0.6749999999999999,0.873666119921929,0.8917752907953429
turbine_1,2026-01-29T18:00:00Z,2026-01-29T21:00:00Z,3.0,0.6966666666666667,0.8411464460442405,0.8404757617189824
turbine_1,2026-01-29T18:00:00Z,2026-01-29T22:00:00Z,4.0,0.4666666666666666,0.7861788405777689,0.8137973513119618
turbine_1,2026-01-29T18:00:00Z,2026-01-29T23:00:00Z,5.0,0.4016666666666666,0.7541391884065645,0.7512531892521008
turbine_1,2026-01-29T18:00:00Z,2026-01-30T00:00:00Z,6.0,0.7016666666666667,0.7944535596804451,0.7834532515644735
turbine_1,2026-01-29T18:00:00Z,2026-01-30T01:00:00Z,7.0,0.7133333333333334,0.8407246204744196,0.8345881384999746
turbine_1,2026-01-29T18:00:00Z,2026-01-30T02:00:00Z,8.0,0.5516666666666666,0.8949235024625375,0.8448555111871148
turbine_1,2026-01-29T18:00:00Z,2026-01-30T03:00:00Z,9.0,0.5716666666666667,0.9297783196505817,0.904532276448493
turbine_1,2026-01-29T18:00:00Z,2026-01-30T04:00:00Z,10.0,0.7983333333333333,0.9649288081980106,0.9387320913030117
turbine_1,2026-01-29T18:00:00Z,2026-01-30T05:00:00Z,11.0,0.9416666666666668,0.975187757130546,0.8883618854518113
turbine_1,2026-01-29T18:00:00Z,2026-01-30T06:00:00Z,12.0,0.96,0.9763962692144863,0.9676959372371922
turbine_1,2026-01-29T18:00:00Z,2026-01-30T07:00:00Z,13.0,0.975,0.9834944443932998,0.9793233977048583
turbine_1,2026-01-29T18:00:00Z,2026-01-30T08:00:00Z,14.0,0.9833333333333334,0.9857984247068798,0.9710241153065142
turbine_1,2026-01-29T18:00:00Z,2026-01-30T09:00:00Z,15.0,0.945,0.9866320661776047,0.9724243972353706
turbine_1,2026-01-29T18:00:00Z,2026-01-30T10:00:00Z,16.0,0.9633333333333334,0.9818713488553266,0.9452160839962535
turbine_1,2026-01-29T18:00:00Z,2026-01-30T11:00:00Z,17.0,0.93,0.876330190677755,0.8123634561137074
turbine_1,2026-01-29T18:00:00Z,2026-01-30T12:00:00Z,18.0,0.9616666666666666,0.8414595156620904,0.8452125094368226
turbine_1,2026-01-29T18:00:00Z,2026-01-30T13:00:00Z,19.0,0.7466666666666667,0.8215198718129055,0.8435077390011316
turbine_1,2026-01-29T18:00:00Z,2026-01-30T14:00:00Z,20.0,0.75,0.6990475609927235,0.7213417992756338
turbine_1,2026-01-29T18:00:00Z,2026-01-30T15:00:00Z,21.0,0.5399999999999999,0.6393630697141646,0.6085871816884258
turbine_1,2026-01-29T18:00:00Z,2026-01-30T16:00:00Z,22.0,0.4616666666666666,0.5245187595003447,0.5366398310083822
turbine_1,2026-01-29T18:00:00Z,2026-01-30T17:00:00Z,23.0,0.29,0.6046851965536181,0.5081443547462132
turbine_1,2026-01-29T18:00:00Z,2026-01-30T18:00:00Z,24.0,0.155,0.5745988746284502,0.5460287838782212
turbine_1,2026-01-29T18:00:00Z,2026-01-30T19:00:00Z,25.0,0.1383333333333333,0.6103128657055302,0.5584813381611778
turbine_1,2026-01-29T18:00:00Z,2026-01-30T20:00:00Z,26.0,0.1433333333333333,0.7260950319453492,0.6843989934655383
turbine_1,2026-01-29T18:00:00Z,2026-01-30T21:00:00Z,27.0,0.1866666666666666,0.7490756913470367,0.6859698763700066
turbine_1,2026-01-29T18:00:00Z,2026-01-30T22:00:00Z,28.0,0.13,0.8129115595481379,0.7620366893984881
turbine_1,2026-01-29T18:00:00Z,2026-01-30T23:00:00Z,29.0,0.0783333333333333,0.7963388874984713,0.7643561484506495
turbine_1,2026-01-29T18:00:00Z,2026-01-31T00:00:00Z,30.0,0.1116666666666666,0.8680949067769904,0.7942723672619789
turbine_1,2026-01-29T18:00:00Z,2026-01-31T01:00:00Z,31.0,0.145,0.9688190698106052,0.9645830885522503
turbine_1,2026-01-29T18:00:00Z,2026-01-31T02:00:00Z,32.0,0.48,0.9552500996876685,0.9536874473116509
turbine_1,2026-01-29T18:00:00Z,2026-01-31T03:00:00Z,33.0,0.5016666666666666,0.9551737774057293,0.8767738421322241
turbine_1,2026-01-29T18:00:00Z,2026-01-31T04:00:00Z,34.0,0.5216666666666666,0.9560792908101209,0.9275451659076285
turbine_1,2026-01-29T18:00:00Z,2026-01-31T05:00:00Z,35.0,0.95,0.9753266333472387,0.9184676793765271
turbine_1,2026-01-29T18:00:00Z,2026-01-31T06:00:00Z,36.0,0.9583333333333334,0.9758580104397102,0.8962667063657047
turbine_1,2026-01-29T18:00:00Z,2026-01-31T07:00:00Z,37.0,0.9266666666666666,0.9838441320437225,0.8881089066649408
turbine_1,2026-01-29T18:00:00Z,2026-01-31T08:00:00Z,38.0,0.945,0.9861481123573025,0.9001817267702185
turbine_1,2026-01-29T18:00:00Z,2026-01-31T09:00:00Z,39.0,0.8783333333333333,0.9863629819826452,0.9036989455018192
turbine_1,2026-01-29T18:00:00Z,2026-01-31T10:00:00Z,40.0,0.875,0.8710212444580692,0.7536470171567173
turbine_1,2026-01-29T18:00:00Z,2026-01-31T11:00:00Z,41.0,0.8450000000000001,0.8330540694153704,0.6896683030622465
turbine_1,2026-01-29T18:00:00Z,2026-01-31T12:00:00Z,42.0,0.7983333333333333,0.6220306658496224,0.5941253386962728
turbine_1,2026-01-29T18:00:00Z,2026-01-31T13:00:00Z,43.0,0.81,0.5017836158367388,0.5672837257366456
turbine_1,2026-01-29T18:00:00Z,2026-01-31T14:00:00Z,44.0,0.8216666666666667,0.334652136473685,0.3587824349635851
turbine_1,2026-01-29T18:00:00Z,2026-01-31T15:00:00Z,45.0,0.3383333333333334,0.2343246671883501,0.2664195489645634
turbine_1,2026-01-29T18:00:00Z,2026-01-31T16:00:00Z,46.0,0.03,0.19756782385930652,0.29762897461251675
turbine_1,2026-01-29T18:00:00Z,2026-01-31T17:00:00Z,47.0,0.0166666666666666,0.1742152158923082,0.3130892602053894
turbine_1,2026-01-29T18:00:00Z,2026-01-31T18:00:00Z,48.0,0.1999999999999999,0.17812875544734058,0.2163986983791194
turbine_1,2026-01-30T18:00:00Z,2026-01-30T19:00:00Z,1.0,0.1383333333333333,0.5416153391442845,0.47097018880370556
turbine_1,2026-01-30T18:00:00Z,2026-01-30T20:00:00Z,2.0,0.1433333333333333,0.46808863212783847,0.428775964968938
turbine_1,2026-01-30T18:00:00Z,2026-01-30T21:00:00Z,3.0,0.1866666666666666,0.6228433155303916,0.5920290981915621
turbine_1,2026-01-30T18:00:00Z,2026-01-30T22:00:00Z,4.0,0.13,0.6935492177518131,0.6764217193388053
turbine_1,2026-01-30T18:00:00Z,2026-01-30T23:00:00Z,5.0,0.0783333333333333,0.7765634073697325,0.795236703722835
turbine_1,2026-01-30T18:00:00Z,2026-01-31T00:00:00Z,6.0,0.1116666666666666,0.8915750767649323,0.8673061302818501
turbine_1,2026-01-30T18:00:00Z,2026-01-31T01:00:00Z,7.0,0.145,0.9241786006420619,0.9098362430238135
turbine_1,2026-01-30T18:00:00Z,2026-01-31T02:00:00Z,8.0,0.48,0.9538904589070609,0.9177676765505224
turbine_1,2026-01-30T18:00:00Z,2026-01-31T03:00:00Z,9.0,0.5016666666666666,0.9343098060272396,0.915441476209298
turbine_1,2026-01-30T18:00:00Z,2026-01-31T04:00:00Z,10.0,0.5216666666666666,0.9697202498059171,0.9491310895228893
turbine_1,2026-01-30T18:00:00Z,2026-01-31T05:00:00Z,11.0,0.95,0.9756504648283356,0.9358858707523818
turbine_1,2026-01-30T18:00:00Z,2026-01-31T06:00:00Z,12.0,0.9583333333333334,0.9749810289410072,0.9485264546654562
turbine_1,2026-01-30T18:00:00Z,2026-01-31T07:00:00Z,13.0,0.9266666666666666,0.9833574115317649,0.9850052845113922
turbine_1,2026-01-30T18:00:00Z,2026-01-31T08:00:00Z,14.0,0.945,0.9861813927509069,0.9801713919160505
turbine_1,2026-01-30T18:00:00Z,2026-01-31T09:00:00Z,15.0,0.8783333333333333,0.985649476515789,0.9644722032010298
turbine_1,2026-01-30T18:00:00Z,2026-01-31T10:00:00Z,16.0,0.875,0.9838972774666486,0.9900885864368033
turbine_1,2026-01-30T18:00:00Z,2026-01-31T11:00:00Z,17.0,0.8450000000000001,0.8824370015410791,0.8662048948625468
turbine_1,2026-01-30T18:00:00Z,2026-01-31T12:00:00Z,18.0,0.7983333333333333,0.6591966562233528,0.6488643618687551
turbine_1,2026-01-30T18:00:00Z,2026-01-31T13:00:00Z,19.0,0.81,0.6391224286698513,0.5216377809793542
turbine_1,2026-01-30T18:00:00Z,2026-01-31T14:00:00Z,20.0,0.8216666666666667,0.3857857193945802,0.3424846649166517
turbine_1,2026-01-30T18:00:00Z,2026-01-31T15:00:00Z,21.0,0.3383333333333334,0.2751827174064152,0.22561973018901935
turbine_1,2026-01-30T18:00:00Z,2026-01-31T16:00:00Z,22.0,0.03,0.19345205229572038,0.18505759604699107
turbine_1,2026-01-30T18:00:00Z,2026-01-31T17:00:00Z,23.0,0.0166666666666666,0.14864152557829557,0.31910984644114493
turbine_1,2026-01-30T18:00:00Z,2026-01-31T18:00:00Z,24.0,0.1999999999999999,0.13594479158607686,0.31090383100582153
